particle_id,particle_type,process,vx,vy,vz,vt,px,py,pz,m,q
0,0,0,0,-2.729407787322998,65.135963439941406,0,1,0,-4.3711388286737929e-08,0,-1
