measurement_id,geometry_id,local_key,local0,local1,phi,theta,time,var_local0,var_local1,var_phi,var_theta,var_time
0,255,unknown,64.626800537109375,-92.887161254882812,-0.00088821456301957369,1.5692270994186401,0,0.0025000001769512892,0.0025000001769512892,0,0,0
1,511,unknown,64.602996826171875,-92.84600830078125,-0.00066561403218656778,1.5690209865570068,0,0.0025000001769512892,0.0025000001769512892,0,0,0
2,767,unknown,64.623222351074219,-92.783348083496094,-0.00053091032896190882,1.5680705308914185,0,0.0025000001769512892,0.0025000001769512892,0,0,0
3,1023,unknown,64.651679992675781,-92.7242431640625,-0.00045467098243534565,1.5691094398498535,0,0.0025000001769512892,0.0025000001769512892,0,0,0
4,1279,unknown,64.611503601074219,-92.679862976074219,-0.00015456118853762746,1.5695358514785767,0,0.0025000001769512892,0.0025000001769512892,0,0,0
5,1535,unknown,64.591484069824219,-92.685745239257812,-0.00013275002129375935,1.5717282295227051,0,0.0025000001769512892,0.0025000001769512892,0,0,0
6,1791,unknown,64.533828735351562,-92.671043395996094,5.3701831348007545e-05,1.5718339681625366,0,0.0025000001769512892,0.0025000001769512892,0,0,0
7,2047,unknown,64.586463928222656,-92.777030944824219,0.00049046252388507128,1.5710731744766235,0,0.0025000001769512892,0.0025000001769512892,0,0,0
8,2303,unknown,64.563957214355469,-92.810379028320312,0.00034425608464516699,1.5706032514572144,0,0.0025000001769512892,0.0025000001769512892,0,0,0
