particle_id,geometry_id,tx,ty,tz,tt,tpx,tpy,tpz,te,deltapx,deltapy,deltapz,deltae,index
0,255,20,344.619140625,140.73597717285156,0,0.99983066320419312,0.00016389624215662479,-0.00037537020398303866,0,0,0,0,0,0
0,511,40,344.62246704101562,140.72848510742188,0,0.99964421987533569,8.496611553709954e-05,0.00041608707397244871,0,0,0,0,0,0
0,767,60,344.62411499023438,140.73681640625,0,0.99946308135986328,0.0019143569516018033,0.0014624684117734432,0,0,0,0,0,0
0,1023,80,344.6622314453125,140.76631164550781,0,0.99931937456130981,0.0022429048549383879,0.0014051964972168207,0,0,0,0,0,0
0,1279,100,344.70693969726562,140.79470825195312,0,0.99916678667068481,0.0030087896157056093,0.0034871685784310102,0,0,0,0,0,0
0,1535,120,344.76675415039062,140.8648681640625,0,0.99891901016235352,0.0028538405895233154,0.0037892481777817011,0,0,0,0,0,0
0,1791,140,344.82342529296875,140.94107055664062,0,0.99876159429550171,0.0022990857250988483,0.003774238983169198,0,0,0,0,0,0
0,2047,160,344.8690185546875,141.01692199707031,0,0.99862766265869141,0.0022292174398899078,0.0037005180492997169,0,0,0,0,0,0
0,2303,180,344.9132080078125,141.09129333496094,0,0.99843800067901611,0.0033911974169313908,0.0016864058561623096,0,0,0,0,0,0
