particle_id,geometry_id,tx,ty,tz,tt,tpx,tpy,tpz,te,deltapx,deltapy,deltapz,deltae,index
0,255,20,65.795875549316406,-97.175888061523438,0,0.99984586238861084,0.00015838665422052145,-6.2416320361080579e-06,0,0,0,0,0,0
0,511,40,65.799041748046875,-97.175994873046875,0,0.99966484308242798,0.00017306591325905174,0.00032540777465328574,0,0,0,0,0,0
0,767,60,65.802467346191406,-97.169464111328125,0,0.9994884729385376,0.00064337853109464049,-0.00074519752524793148,0,0,0,0,0,0
0,1023,80,65.8154296875,-97.184295654296875,0,0.99934369325637817,0.00086393934907391667,-0.00084944855188950896,0,0,0,0,0,0
0,1279,100,65.83282470703125,-97.201194763183594,0,0.99918204545974731,0.00088272476568818092,-0.00058857526164501905,0,0,0,0,0,0
0,1535,120,65.850563049316406,-97.212867736816406,0,0.99766379594802856,0.0011683632619678974,-0.00057685840874910355,0,0,0,0,0,0
0,1791,140,65.874053955078125,-97.224288940429688,0,0.99749618768692017,0.0016142631648108363,-0.00099949061404913664,0,0,0,0,0,0
0,2047,160,65.906539916992188,-97.244132995605469,0,0.99735540151596069,0.0017352028517052531,-0.0013406954240053892,0,0,0,0,0,0
0,2303,180,65.941497802734375,-97.270805358886719,0,0.99720609188079834,0.00075340922921895981,-0.0014709007227793336,0,0,0,0,0,0
