particle_id,geometry_id,tx,ty,tz,tt,tpx,tpy,tpz,te,deltapx,deltapy,deltapz,deltae,index
0,255,20,-232.58735656738281,99.398628234863281,0,0.99978309869766235,1.0253977961838245e-05,1.0921174180111848e-05,0,0,0,0,0,0
0,511,40,-232.587158203125,99.398849487304688,0,0.99961483478546143,-0.00019930144480895251,0.00022815416741650552,0,0,0,0,0,0
0,767,60,-232.59117126464844,99.403388977050781,0,0.99948906898498535,-8.1137673987541348e-05,0.00010254306835122406,0,0,0,0,0,0
0,1023,80,-232.59280395507812,99.405433654785156,0,0.99933606386184692,-0.00032632992952130735,0.00061335752252489328,0,0,0,0,0,0
0,1279,100,-232.59941101074219,99.417671203613281,0,0.99919414520263672,-0.0002055617660516873,0.0010423165513202548,0,0,0,0,0,0
0,1535,120,-232.60365295410156,99.438507080078125,0,0.99856925010681152,-0.00011309830006211996,0.0010948750423267484,0,0,0,0,0,0
0,1791,140,-232.60604858398438,99.460418701171875,0,0.9983941912651062,-0.00012693973258137703,0.00098566256929188967,0,0,0,0,0,0
0,2047,160,-232.60870361328125,99.480148315429688,0,0.99816930294036865,-0.00015056664415169507,0.0011097864480689168,0,0,0,0,0,0
0,2303,180,-232.61184692382812,99.502365112304688,0,0.99802559614181519,-0.001177462050691247,0.0023377998732030392,0,0,0,0,0,0
