measurement_id,geometry_id,local_key,local0,local1,phi,theta,time,var_local0,var_local1,var_phi,var_theta,var_time
0,255,unknown,-257.7991943359375,165.59881591796875,7.6427757448982447e-05,1.5710030794143677,0,0.0025000001769512892,0.0025000001769512892,0,0,0
1,511,unknown,-257.79385375976562,165.59268188476562,-0.00033184917992912233,1.5707962512969971,0,0.0025000001769512892,0.0025000001769512892,0,0,0
2,767,unknown,-257.75836181640625,165.49673461914062,-0.00028068167739547789,1.5705524682998657,0,0.0025000001769512892,0.0025000001769512892,0,0,0
3,1023,unknown,-257.75048828125,165.54501342773438,-0.0012559258611872792,1.5706074237823486,0,0.0025000001769512892,0.0025000001769512892,0,0,0
4,1279,unknown,-257.75045776367188,165.55409240722656,-0.00068526971153914928,1.572323203086853,0,0.0025000001769512892,0.0025000001769512892,0,0,0
5,1535,unknown,-257.80462646484375,165.54901123046875,-0.00073325558332726359,1.5724477767944336,0,0.0025000001769512892,0.0025000001769512892,0,0,0
6,1791,unknown,-257.93649291992188,165.52130126953125,-0.00065686594462022185,1.5724486112594604,0,0.0025000001769512892,0.0025000001769512892,0,0,0
7,2047,unknown,-257.89138793945312,165.48748779296875,-0.00028604394174180925,1.5727715492248535,0,0.0025000001769512892,0.0025000001769512892,0,0,0
8,2303,unknown,-257.83590698242188,165.39152526855469,-0.00074814975960180163,1.5716357231140137,0,0.0025000001769512892,0.0025000001769512892,0,0,0
