particle_id,particle_type,process,vx,vy,vz,vt,px,py,pz,m,q
0,0,0,0,272.52798461914062,-208.49917602539062,0,1,0,-4.3711388286737929e-08,0,-1
