particle_id,geometry_id,tx,ty,tz,tt,tpx,tpy,tpz,te,deltapx,deltapy,deltapz,deltae,index
0,255,20,193.40415954589844,-129.18600463867188,0,0.99976503849029541,0.00075648474739864469,-1.7086629668483511e-05,0,0,0,0,0,0
0,511,40,193.41929626464844,-129.18624877929688,0,0.99959397315979004,-0.00024919718271121383,-0.00065507122781127691,0,0,0,0,0,0
0,767,60,193.41438293457031,-129.19938659667969,0,0.99941056966781616,-0.00054399913642555475,-0.00032457846100442111,0,0,0,0,0,0
0,1023,80,193.40353393554688,-129.20594787597656,0,0.99930292367935181,7.4150346335954964e-05,-0.00027451044297777116,0,0,0,0,0,0
0,1279,100,193.40504455566406,-129.21142578125,0,0.99916660785675049,0.00043830284266732633,0.00051903759595006704,0,0,0,0,0,0
0,1535,120,193.41375732421875,-129.20098876953125,0,0.9990009069442749,0.0010176171781495214,-2.4814440621412359e-05,0,0,0,0,0,0
0,1791,140,193.43412780761719,-129.20137023925781,0,0.99879986047744751,0.0023618561681360006,0.00068482727510854602,0,0,0,0,0,0
0,2047,160,193.48133850097656,-129.1873779296875,0,0.99858826398849487,0.0031466211657971144,0.0010062152286991477,0,0,0,0,0,0
0,2303,180,193.54423522949219,-129.16685485839844,0,0.99843853712081909,0.004479049239307642,0.0012101965257897973,0,0,0,0,0,0
