particle_id,particle_type,process,vx,vy,vz,vt,px,py,pz,m,q
0,0,0,0,189.86972045898438,-20.421041488647461,0,1,0,-4.3711388286737929e-08,0,-1
