particle_id,particle_type,process,vx,vy,vz,vt,px,py,pz,m,q
0,0,0,0,-6.981630802154541,-166.59907531738281,0,1,0,-4.3711388286737929e-08,0,-1
