particle_id,geometry_id,tx,ty,tz,tt,tpx,tpy,tpz,te,deltapx,deltapy,deltapz,deltae,index
0,255,20,-128.61640930175781,-143.48417663574219,0,0.99987035989761353,0.00016471838171128184,0.00039842131081968546,0,0,0,0,0,0
0,511,40,-128.6131591796875,-143.47618103027344,0,0.99966800212860107,-0.00034796010004356503,-0.00040450575761497021,0,0,0,0,0,0
0,767,60,-128.62007141113281,-143.48431396484375,0,0.99925559759140015,-0.0014257491566240788,0.00055922794854268432,0,0,0,0,0,0
0,1023,80,-128.648681640625,-143.47329711914062,0,0.99907714128494263,-0.00027941828011535108,0.0017620320431888103,0,0,0,0,0,0
0,1279,100,-128.65447998046875,-143.43806457519531,0,0.99887973070144653,-0.00018307202844880521,0.0017469184240326285,0,0,0,0,0,0
0,1535,120,-128.65835571289062,-143.40310668945312,0,0.99874269962310791,0.00021490175276994705,0.0014250983949750662,0,0,0,0,0,0
0,1791,140,-128.65422058105469,-143.37454223632812,0,0.99862629175186157,0.00049700948875397444,0.0014887411380186677,0,0,0,0,0,0
0,2047,160,-128.64443969726562,-143.34466552734375,0,0.99850118160247803,0.00090294569963589311,0.00089494819985702634,0,0,0,0,0,0
0,2303,180,-128.62646484375,-143.32662963867188,0,0.99825483560562134,0.0011741430498659611,0.0012027034536004066,0,0,0,0,0,0
