measurement_id,geometry_id,local_key,local0,local1,phi,theta,time,var_local0,var_local1,var_phi,var_theta,var_time
0,255,unknown,43.817710876464844,-48.190708160400391,-0.00083733891369774938,1.5717301368713379,0,0.0025000001769512892,0.0025000001769512892,0,0,0
1,511,unknown,43.780448913574219,-48.150787353515625,-0.0012705839471891522,1.5716674327850342,0,0.0025000001769512892,0.0025000001769512892,0,0,0
2,767,unknown,43.870353698730469,-48.214107513427734,-0.0014622401213273406,1.5725066661834717,0,0.0025000001769512892,0.0025000001769512892,0,0,0
3,1023,unknown,43.715000152587891,-48.167594909667969,-0.0011146902106702328,1.5723626613616943,0,0.0025000001769512892,0.0025000001769512892,0,0,0
4,1279,unknown,43.751220703125,-48.276386260986328,-0.0026017825584858656,1.5737659931182861,0,0.0025000001769512892,0.0025000001769512892,0,0,0
5,1535,unknown,43.645519256591797,-48.336204528808594,-0.0023193848319351673,1.5711842775344849,0,0.0025000001769512892,0.0025000001769512892,0,0,0
6,1791,unknown,43.630725860595703,-48.312088012695312,-0.0023387535475194454,1.5712343454360962,0,0.0025000001769512892,0.0025000001769512892,0,0,0
7,2047,unknown,43.484077453613281,-48.338123321533203,-0.0030349099542945623,1.5709899663925171,0,0.0025000001769512892,0.0025000001769512892,0,0,0
8,2303,unknown,43.54547119140625,-48.345050811767578,-0.0024562934413552284,1.5708804130554199,0,0.0025000001769512892,0.0025000001769512892,0,0,0
