particle_id,geometry_id,tx,ty,tz,tt,tpx,tpy,tpz,te,deltapx,deltapy,deltapz,deltae,index
0,255,20,-154.67294311523438,165.07342529296875,0,0.99978798627853394,0.00099385902285575867,0.00023534483625553548,0,0,0,0,0,0
0,511,40,-154.65309143066406,165.0782470703125,0,0.99963277578353882,0.0010456617455929518,0.00013234926154837012,0,0,0,0,0,0
0,767,60,-154.63218688964844,165.08102416992188,0,0.99922740459442139,0.0014163200976327062,-0.00059622584376484156,0,0,0,0,0,0
0,1023,80,-154.60377502441406,165.06925964355469,0,0.99901020526885986,-1.4195844414643943e-05,-0.0016880453331395984,0,0,0,0,0,0
0,1279,100,-154.60385131835938,165.03546142578125,0,0.99882054328918457,-0.00073420483386144042,-0.0022337767295539379,0,0,0,0,0,0
0,1535,120,-154.6182861328125,164.99064636230469,0,0.99864840507507324,-0.00045674983994103968,-0.0022179149091243744,0,0,0,0,0,0
0,1791,140,-154.62716674804688,164.9461669921875,0,0.99852389097213745,0.00020928721642121673,-0.0012931033270433545,0,0,0,0,0,0
0,2047,160,-154.62281799316406,164.9202880859375,0,0.99834680557250977,7.2304850618820637e-05,-0.0012077802093699574,0,0,0,0,0,0
0,2303,180,-154.62123107910156,164.89610290527344,0,0.99820363521575928,-0.00051052914932370186,-0.00085276312893256545,0,0,0,0,0,0
