particle_id,geometry_id,tx,ty,tz,tt,tpx,tpy,tpz,te,deltapx,deltapy,deltapz,deltae,index
0,255,20,-339.22097778320312,117.001708984375,0,0.99748915433883667,-0.00097520340932533145,0.001254695700481534,0,0,0,0,0,0
0,511,40,-339.24069213867188,117.02674865722656,0,0.99715101718902588,-0.0023172425571829081,0.0010189103195443749,0,0,0,0,0,0
0,767,60,-339.28729248046875,117.04690551757812,0,0.99701792001724243,-0.002328256843611598,0.00070583116030320525,0,0,0,0,0,0
0,1023,80,-339.33407592773438,117.06078338623047,0,0.99678212404251099,-0.0033871557097882032,-0.0014599454589188099,0,0,0,0,0,0
0,1279,100,-339.40185546875,117.03108215332031,0,0.99648493528366089,-0.0035046145785599947,-0.0016256998060271144,0,0,0,0,0,0
0,1535,120,-339.47198486328125,116.99803161621094,0,0.9963422417640686,-0.0031153098680078983,-0.00071185524575412273,0,0,0,0,0,0
0,1791,140,-339.534423828125,116.98336791992188,0,0.9962119460105896,-0.0029379334300756454,-0.00034266107832081616,0,0,0,0,0,0
0,2047,160,-339.59335327148438,116.97613525390625,0,0.99604856967926025,-0.0022856930736452341,0.00062618363881483674,0,0,0,0,0,0
0,2303,180,-339.63931274414062,116.98843383789062,0,0.9956287145614624,-0.0022575417533516884,0.00055767380399629474,0,0,0,0,0,0
