particle_id,particle_type,process,vx,vy,vz,vt,px,py,pz,m,q
0,0,0,0,143.80534362792969,-28.372499465942383,0,1,0,-4.3711388286737929e-08,0,-1
