measurement_id,geometry_id,local_key,local0,local1,phi,theta,time,var_local0,var_local1,var_phi,var_theta,var_time
0,255,unknown,137.95687866210938,-633.07086181640625,0.00043645148980431259,1.5711518526077271,0,0.0025000001769512892,0.0025000001769512892,0,0,0
1,511,unknown,137.9508056640625,-633.136962890625,3.7215206248220056e-05,1.571863055229187,0,0.0025000001769512892,0.0025000001769512892,0,0,0
2,767,unknown,138.03324890136719,-633.1473388671875,0.00035656834370456636,1.5714142322540283,0,0.0025000001769512892,0.0025000001769512892,0,0,0
3,1023,unknown,137.98236083984375,-633.160888671875,0.00082416168879717588,1.5713391304016113,0,0.0025000001769512892,0.0025000001769512892,0,0,0
4,1279,unknown,138.06625366210938,-633.15130615234375,0.0010294482344761491,1.5715707540512085,0,0.0025000001769512892,0.0025000001769512892,0,0,0
5,1535,unknown,138.05377197265625,-633.0882568359375,0.0013010184047743678,1.5712651014328003,0,0.0025000001769512892,0.0025000001769512892,0,0,0
6,1791,unknown,138.05026245117188,-633.212646484375,0.0018729384755715728,1.570120096206665,0,0.0025000001769512892,0.0025000001769512892,0,0,0
7,2047,unknown,138.11166381835938,-633.19012451171875,0.0018113694386556745,1.5698180198669434,0,0.0025000001769512892,0.0025000001769512892,0,0,0
8,2303,unknown,138.13951110839844,-633.1168212890625,0.0036128144711256027,1.5682306289672852,0,0.0025000001769512892,0.0025000001769512892,0,0,0
