particle_id,geometry_id,tx,ty,tz,tt,tpx,tpy,tpz,te,deltapx,deltapy,deltapz,deltae,index
0,255,20,164.47074890136719,11.513373374938965,0,0.99981266260147095,-0.00030595480347983539,-0.00076057587284594774,0,0,0,0,0,0
0,511,40,164.4647216796875,11.498122215270996,0,0.99969363212585449,7.2643626481294632e-05,-0.0013625468127429485,0,0,0,0,0,0
0,767,60,164.46633911132812,11.470871925354004,0,0.99947899580001831,-0.00015249996795319021,-0.0015333499759435654,0,0,0,0,0,0
0,1023,80,164.46347045898438,11.440171241760254,0,0.99926096200942993,0.00048684357898309827,-0.0021718647330999374,0,0,0,0,0,0
0,1279,100,164.47348022460938,11.396760940551758,0,0.99911534786224365,-0.00026188217452727258,-0.00096907280385494232,0,0,0,0,0,0
0,1535,120,164.46835327148438,11.377331733703613,0,0.99887865781784058,2.3139278710004874e-05,-0.00087703578174114227,0,0,0,0,0,0
0,1791,140,164.46891784667969,11.359774589538574,0,0.99869263172149658,0.00036474093212746084,-0.0018160869367420673,0,0,0,0,0,0
0,2047,160,164.4764404296875,11.323450088500977,0,0.99852448701858521,0.0001052596780937165,-0.001979452557861805,0,0,0,0,0,0
0,2303,180,164.47879028320312,11.283816337585449,0,0.99836117029190063,-2.3701391910435632e-05,-0.00066842592786997557,0,0,0,0,0,0
