particle_id,geometry_id,tx,ty,tz,tt,tpx,tpy,tpz,te,deltapx,deltapy,deltapz,deltae,index
0,255,20,412.62283325195312,126.52096557617188,0,0.99984836578369141,0.00026019007782451808,0.00037552785943262279,0,0,0,0,0,0
0,511,40,412.62799072265625,126.52851104736328,0,0.99969536066055298,-0.00064334413036704063,0.0010905088856816292,0,0,0,0,0,0
0,767,60,412.614990234375,126.55024719238281,0,0.99923151731491089,-0.00035780912730842829,0.0014474755153059959,0,0,0,0,0,0
0,1023,80,412.607666015625,126.57917785644531,0,0.99909049272537231,-0.0013412133557721972,0.0012960138265043497,0,0,0,0,0,0
0,1279,100,412.58065795898438,126.60495758056641,0,0.99880456924438477,-0.00029811178683303297,0.0033527708146721125,0,0,0,0,0,0
0,1535,120,412.57427978515625,126.67205810546875,0,0.99866503477096558,-0.00024501100415363908,0.0032002737279981375,0,0,0,0,0,0
0,1791,140,412.56900024414062,126.73611450195312,0,0.99830323457717896,-0.00039632242987863719,0.0033003902062773705,0,0,0,0,0,0
0,2047,160,412.5606689453125,126.80218505859375,0,0.99817162752151489,-0.00074140715878456831,0.0018731206655502319,0,0,0,0,0,0
0,2303,180,412.54559326171875,126.83962249755859,0,0.99801063537597656,0.00035439274506643414,0.0025592907331883907,0,0,0,0,0,0
