particle_id,particle_type,process,vx,vy,vz,vt,px,py,pz,m,q
0,0,0,0,34.442096710205078,0.04628400132060051,0,1,0,-4.3711388286737929e-08,0,-1
