measurement_id,geometry_id,local_key,local0,local1,phi,theta,time,var_local0,var_local1,var_phi,var_theta,var_time
0,255,unknown,314.10116577148438,30.487249374389648,0.00027319224318489432,1.5704114437103271,0,0.0025000001769512892,0.0025000001769512892,0,0,0
1,511,unknown,314.19500732421875,30.589157104492188,0.0010842516785487533,1.5690305233001709,0,0.0025000001769512892,0.0025000001769512892,0,0,0
2,767,unknown,314.28231811523438,30.512130737304688,0.00072378444019705057,1.569759726524353,0,0.0025000001769512892,0.0025000001769512892,0,0,0
3,1023,unknown,314.32278442382812,30.457218170166016,0.00081682880409061909,1.56946861743927,0,0.0025000001769512892,0.0025000001769512892,0,0,0
4,1279,unknown,314.278076171875,30.594776153564453,0.00094118027482181787,1.5690253973007202,0,0.0025000001769512892,0.0025000001769512892,0,0,0
5,1535,unknown,314.26068115234375,30.676567077636719,-0.0013069778215140104,1.5694903135299683,0,0.0025000001769512892,0.0025000001769512892,0,0,0
6,1791,unknown,314.229736328125,30.699722290039062,-0.0024621549528092146,1.5684820413589478,0,0.0025000001769512892,0.0025000001769512892,0,0,0
7,2047,unknown,314.24734497070312,30.785758972167969,-0.0021178245078772306,1.5673006772994995,0,0.0025000001769512892,0.0025000001769512892,0,0,0
8,2303,unknown,314.10061645507812,30.702262878417969,-0.0035382481291890144,1.5679519176483154,0,0.0025000001769512892,0.0025000001769512892,0,0,0
