particle_id,geometry_id,tx,ty,tz,tt,tpx,tpy,tpz,te,deltapx,deltapy,deltapz,deltae,index
0,255,20,146.48260498046875,-178.21505737304688,0,0.99986720085144043,-0.00066096388036385179,-0.0002027918235398829,0,0,0,0,0,0
0,511,40,146.46940612792969,-178.21919250488281,0,0.99973255395889282,-0.00075191853102296591,-0.00035209389170631766,0,0,0,0,0,0
0,767,60,146.45440673828125,-178.22633361816406,0,0.99962049722671509,0.00029775744769722223,-0.00086946482770144939,0,0,0,0,0,0
0,1023,80,146.46046447753906,-178.24369812011719,0,0.99948471784591675,0.00036973084206692874,-0.00081727909855544567,0,0,0,0,0,0
0,1279,100,146.46795654296875,-178.260009765625,0,0.99930518865585327,0.00020608254999388009,-0.0013459352776408195,0,0,0,0,0,0
0,1535,120,146.47224426269531,-178.28692626953125,0,0.99896913766860962,0.00021661396021954715,-0.0013194027123972774,0,0,0,0,0,0
0,1791,140,146.47674560546875,-178.31330871582031,0,0.99879711866378784,0.00066387309925630689,-0.0013379881856963038,0,0,0,0,0,0
0,2047,160,146.49020385742188,-178.34002685546875,0,0.99855494499206543,0.00030541751766577363,-0.0028396795969456434,0,0,0,0,0,0
0,2303,180,146.49665832519531,-178.39686584472656,0,0.99842536449432373,-4.8772606533020735e-05,-0.0032839798368513584,0,0,0,0,0,0
