measurement_id,geometry_id,local_key,local0,local1,phi,theta,time,var_local0,var_local1,var_phi,var_theta,var_time
0,255,unknown,6.7492318153381348,-78.515846252441406,0.00068974739406257868,1.5713372230529785,0,0.0025000001769512892,0.0025000001769512892,0,0,0
1,511,unknown,6.7354416847229004,-78.520965576171875,-0.00052417448023334146,1.5717595815658569,0,0.0025000001769512892,0.0025000001769512892,0,0,0
2,767,unknown,6.6281461715698242,-78.527214050292969,-0.0023673854302614927,1.572353720664978,0,0.0025000001769512892,0.0025000001769512892,0,0,0
3,1023,unknown,6.5466666221618652,-78.512298583984375,-0.0028531779535114765,1.5724637508392334,0,0.0025000001769512892,0.0025000001769512892,0,0,0
4,1279,unknown,6.5534477233886719,-78.659866333007812,-0.0027871914207935333,1.5728651285171509,0,0.0025000001769512892,0.0025000001769512892,0,0,0
5,1535,unknown,6.4772505760192871,-78.641410827636719,-0.0038074967451393604,1.5733070373535156,0,0.0025000001769512892,0.0025000001769512892,0,0,0
6,1791,unknown,6.425992488861084,-78.739730834960938,-0.0037540164776146412,1.5736550092697144,0,0.0025000001769512892,0.0025000001769512892,0,0,0
7,2047,unknown,6.3221440315246582,-78.771636962890625,-0.0019942570943385363,1.5746756792068481,0,0.0025000001769512892,0.0025000001769512892,0,0,0
8,2303,unknown,6.3036093711853027,-78.83612060546875,-0.0019808213692158461,1.5745049715042114,0,0.0025000001769512892,0.0025000001769512892,0,0,0
