particle_id,particle_type,process,vx,vy,vz,vt,px,py,pz,m,q
0,0,0,0,-71.585479736328125,45.669471740722656,0,1,0,-4.3711388286737929e-08,0,-1
