particle_id,geometry_id,tx,ty,tz,tt,tpx,tpy,tpz,te,deltapx,deltapy,deltapz,deltae,index
0,255,20,257.19540405273438,-121.07452392578125,0,0.99984169006347656,0.00010931082942988724,-4.8673395212972537e-05,0,0,0,0,0,0
0,511,40,257.19760131835938,-121.07548522949219,0,0.99969476461410522,0.0002759321650955826,-0.00020597448747139424,0,0,0,0,0,0
0,767,60,257.20315551757812,-121.07957458496094,0,0.99957078695297241,0.0008188641513697803,-0.00022429936507251114,0,0,0,0,0,0
0,1023,80,257.21957397460938,-121.08396148681641,0,0.99945443868637085,-0.00018489040667191148,0.0015513348625972867,0,0,0,0,0,0
0,1279,100,257.2156982421875,-121.05294036865234,0,0.99893540143966675,0.00017438262875657529,0.0011829212307929993,0,0,0,0,0,0
0,1535,120,257.21905517578125,-121.02923583984375,0,0.99876713752746582,-0.0010517368791624904,0.0018344715936109424,0,0,0,0,0,0
0,1791,140,257.19778442382812,-120.99263000488281,0,0.99860662221908569,-0.0010653381468728185,0.0019004842033609748,0,0,0,0,0,0
0,2047,160,257.17620849609375,-120.95469665527344,0,0.99848425388336182,-0.00073317368514835835,-0.00014109257608652115,0,0,0,0,0,0
0,2303,180,257.16152954101562,-120.95761108398438,0,0.99827790260314941,-0.0023394920863211155,0.0010902744252234697,0,0,0,0,0,0
