measurement_id,geometry_id,local_key,local0,local1,phi,theta,time,var_local0,var_local1,var_phi,var_theta,var_time
0,255,unknown,-53.075462341308594,-81.787956237792969,-0.00060558260884135962,1.5712951421737671,0,0.0025000001769512892,0.0025000001769512892,0,0,0
1,511,unknown,-53.045597076416016,-81.89373779296875,-0.0011175661347806454,1.5705817937850952,0,0.0025000001769512892,0.0025000001769512892,0,0,0
2,767,unknown,-53.130439758300781,-81.92279052734375,-0.0014879489317536354,1.5705114603042603,0,0.0025000001769512892,0.0025000001769512892,0,0,0
3,1023,unknown,-53.053092956542969,-81.810127258300781,-0.0020258480217307806,1.5706412792205811,0,0.0025000001769512892,0.0025000001769512892,0,0,0
4,1279,unknown,-53.108512878417969,-81.849853515625,-0.0024864000733941793,1.5703352689743042,0,0.0025000001769512892,0.0025000001769512892,0,0,0
5,1535,unknown,-53.289875030517578,-81.88116455078125,-0.0028931377455592155,1.5711019039154053,0,0.0025000001769512892,0.0025000001769512892,0,0,0
6,1791,unknown,-53.343372344970703,-81.813819885253906,-0.0019397836877033114,1.5714406967163086,0,0.0025000001769512892,0.0025000001769512892,0,0,0
7,2047,unknown,-53.332630157470703,-81.901664733886719,-0.0021593375131487846,1.5714530944824219,0,0.0025000001769512892,0.0025000001769512892,0,0,0
8,2303,unknown,-53.327381134033203,-81.935989379882812,-0.0028811970259994268,1.5714163780212402,0,0.0025000001769512892,0.0025000001769512892,0,0,0
