particle_id,geometry_id,tx,ty,tz,tt,tpx,tpy,tpz,te,deltapx,deltapy,deltapz,deltae,index
0,255,20,58.154136657714844,259.57965087890625,0,0.99983960390090942,0.00029719079611822963,-0.00018741066742222756,0,0,0,0,0,0
0,511,40,58.160102844238281,259.575927734375,0,0.99953001737594604,-0.00057011545868590474,0.00011553498916327953,0,0,0,0,0,0
0,767,60,58.148681640625,259.57818603515625,0,0.99938070774078369,-0.0011718414025381207,4.3321655539330095e-05,0,0,0,0,0,0
0,1023,80,58.125225067138672,259.57891845703125,0,0.99916785955429077,-0.0020952492486685514,0.0008430195739492774,0,0,0,0,0,0
0,1279,100,58.083183288574219,259.59555053710938,0,0.99871736764907837,-0.0016883694333955646,0.00055333133786916733,0,0,0,0,0,0
0,1535,120,58.049304962158203,259.60641479492188,0,0.99848520755767822,-0.0017143321456387639,0.00058522145263850689,0,0,0,0,0,0
0,1791,140,58.014896392822266,259.617919921875,0,0.99626344442367554,-0.0039933784864842892,0.00038819864857941866,0,0,0,0,0,0
0,2047,160,57.934684753417969,259.625244140625,0,0.99607986211776733,-0.0056347926147282124,0.00059426960069686174,0,0,0,0,0,0
0,2303,180,57.821475982666016,259.63650512695312,0,0.99581831693649292,-0.0053499774076044559,0.00091249978868290782,0,0,0,0,0,0
