particle_id,geometry_id,tx,ty,tz,tt,tpx,tpy,tpz,te,deltapx,deltapy,deltapz,deltae,index
0,255,20,-163.6448974609375,-209.32974243164062,0,0.99985110759735107,0.0011459183879196644,0.00090187950991094112,0,0,0,0,0,0
0,511,40,-163.62208557128906,-209.31156921386719,0,0.9996790885925293,0.0024504829198122025,0.0009555920260027051,0,0,0,0,0,0
0,767,60,-163.57318115234375,-209.29216003417969,0,0.99928575754165649,0.0019134500762447715,0.00059974752366542816,0,0,0,0,0,0
0,1023,80,-163.53495788574219,-209.27992248535156,0,0.99914610385894775,0.0020430954173207283,0.00075593334622681141,0,0,0,0,0,0
0,1279,100,-163.49415588378906,-209.26454162597656,0,0.99896973371505737,0.0022143686655908823,9.6178438980132341e-05,0,0,0,0,0,0
0,1535,120,-163.4498291015625,-209.26234436035156,0,0.99875557422637939,0.002267609816044569,-0.00027519420837052166,0,0,0,0,0,0
0,1791,140,-163.40438842773438,-209.267578125,0,0.99859428405761719,0.0022689320612698793,-0.00018551111861597747,0,0,0,0,0,0
0,2047,160,-163.35891723632812,-209.27102661132812,0,0.99840009212493896,0.0021809139288961887,-0.00076009816257283092,0,0,0,0,0,0
0,2303,180,-163.31513977050781,-209.28599548339844,0,0.99822211265563965,0.0021888958290219307,-0.00074080406920984387,0,0,0,0,0,0
