measurement_id,geometry_id,local_key,local0,local1,phi,theta,time,var_local0,var_local1,var_phi,var_theta,var_time
0,255,unknown,-92.476364135742188,109.433837890625,0.0002549018245190382,1.5711408853530884,0,0.0025000001769512892,0.0025000001769512892,0,0,0
1,511,unknown,-92.42431640625,109.44240570068359,-0.00014115702651906759,1.5717668533325195,0,0.0025000001769512892,0.0025000001769512892,0,0,0
2,767,unknown,-92.407913208007812,109.41825866699219,-0.00010932372970273718,1.5713783502578735,0,0.0025000001769512892,0.0025000001769512892,0,0,0
3,1023,unknown,-92.462310791015625,109.42308044433594,0.0013741463189944625,1.5733293294906616,0,0.0025000001769512892,0.0025000001769512892,0,0,0
4,1279,unknown,-92.403831481933594,109.41895294189453,0.00092286372091621161,1.5746039152145386,0,0.0025000001769512892,0.0025000001769512892,0,0,0
5,1535,unknown,-92.4185791015625,109.24502563476562,0.0020354902371764183,1.5748900175094604,0,0.0025000001769512892,0.0025000001769512892,0,0,0
6,1791,unknown,-92.324409484863281,109.13301086425781,0.0022666656877845526,1.575681209564209,0,0.0025000001769512892,0.0025000001769512892,0,0,0
7,2047,unknown,-92.371955871582031,109.13041687011719,0.0028517004102468491,1.5752143859863281,0,0.0025000001769512892,0.0025000001769512892,0,0,0
8,2303,unknown,-92.272384643554688,109.02101898193359,0.0037700771354138851,1.5746828317642212,0,0.0025000001769512892,0.0025000001769512892,0,0,0
