measurement_id,geometry_id,local_key,local0,local1,phi,theta,time,var_local0,var_local1,var_phi,var_theta,var_time
0,255,unknown,107.81084442138672,-49.404792785644531,0.00024533702526241541,1.5707736015319824,0,0.0025000001769512892,0.0025000001769512892,0,0,0
1,511,unknown,107.88536834716797,-49.408634185791016,-0.001095563406124711,1.5720100402832031,0,0.0025000001769512892,0.0025000001769512892,0,0,0
2,767,unknown,107.76451110839844,-49.385211944580078,0.00059415854047983885,1.5709295272827148,0,0.0025000001769512892,0.0025000001769512892,0,0,0
3,1023,unknown,107.87144470214844,-49.447696685791016,0.00058864359743893147,1.5709506273269653,0,0.0025000001769512892,0.0025000001769512892,0,0,0
4,1279,unknown,107.80094909667969,-49.4737548828125,0.0015860693529248238,1.5698432922363281,0,0.0025000001769512892,0.0025000001769512892,0,0,0
5,1535,unknown,107.90433502197266,-49.389595031738281,0.0026044994592666626,1.5703703165054321,0,0.0025000001769512892,0.0025000001769512892,0,0,0
6,1791,unknown,107.88730621337891,-49.424346923828125,0.00081022130325436592,1.5695233345031738,0,0.0025000001769512892,0.0025000001769512892,0,0,0
7,2047,unknown,107.88729858398438,-49.369846343994141,0.0011924052378162742,1.5689890384674072,0,0.0025000001769512892,0.0025000001769512892,0,0,0
8,2303,unknown,108.04680633544922,-49.407997131347656,0.0014878023648634553,1.5677629709243774,0,0.0025000001769512892,0.0025000001769512892,0,0,0
