measurement_id,geometry_id,local_key,local0,local1,phi,theta,time,var_local0,var_local1,var_phi,var_theta,var_time
0,255,unknown,-546.4588623046875,440.60464477539062,0.0013606051215901971,1.571164608001709,0,0.0025000001769512892,0.0025000001769512892,0,0,0
1,511,unknown,-546.47186279296875,440.55267333984375,0.0013525501126423478,1.5711212158203125,0,0.0025000001769512892,0.0025000001769512892,0,0,0
2,767,unknown,-546.4580078125,440.53228759765625,0.001182523206807673,1.5707844495773315,0,0.0025000001769512892,0.0025000001769512892,0,0,0
3,1023,unknown,-546.3818359375,440.58688354492188,0.001627423451282084,1.570763111114502,0,0.0025000001769512892,0.0025000001769512892,0,0,0
4,1279,unknown,-546.3580322265625,440.52236938476562,0.0013980183284729719,1.5721148252487183,0,0.0025000001769512892,0.0025000001769512892,0,0,0
5,1535,unknown,-546.37225341796875,440.50213623046875,0.0016916273161768913,1.5720727443695068,0,0.0025000001769512892,0.0025000001769512892,0,0,0
6,1791,unknown,-546.2926025390625,440.5330810546875,0.0017507809679955244,1.5723030567169189,0,0.0025000001769512892,0.0025000001769512892,0,0,0
7,2047,unknown,-546.2899169921875,440.4849853515625,0.0024010795168578625,1.5722154378890991,0,0.0025000001769512892,0.0025000001769512892,0,0,0
8,2303,unknown,-546.12359619140625,440.43963623046875,0.0017146638128906488,1.5698889493942261,0,0.0025000001769512892,0.0025000001769512892,0,0,0
