particle_id,particle_type,process,vx,vy,vz,vt,px,py,pz,m,q
0,0,0,0,-182.89183044433594,-423.13027954101562,0,1,0,-4.3711388286737929e-08,0,-1
