particle_id,particle_type,process,vx,vy,vz,vt,px,py,pz,m,q
0,0,0,0,-133.622314453125,-5.9124655723571777,0,1,0,-4.3711388286737929e-08,0,-1
