measurement_id,geometry_id,local_key,local0,local1,phi,theta,time,var_local0,var_local1,var_phi,var_theta,var_time
0,255,unknown,-156.46798706054688,-28.578575134277344,5.5490495469712187e-06,1.5707926750183105,0,0.0025000001769512892,0.0025000001769512892,0,0,0
1,511,unknown,-156.52302551269531,-28.641544342041016,-2.9164162697270513e-05,1.5709376335144043,0,0.0025000001769512892,0.0025000001769512892,0,0,0
2,767,unknown,-156.56402587890625,-28.675046920776367,-0.00070713006425648928,1.5719693899154663,0,0.0025000001769512892,0.0025000001769512892,0,0,0
3,1023,unknown,-156.60520935058594,-28.749238967895508,-0.00025407882640138268,1.5728327035903931,0,0.0025000001769512892,0.0025000001769512892,0,0,0
4,1279,unknown,-156.59954833984375,-28.841796875,1.1371471373422537e-05,1.5728212594985962,0,0.0025000001769512892,0.0025000001769512892,0,0,0
5,1535,unknown,-156.54945373535156,-28.826372146606445,0.00049517035949975252,1.5726021528244019,0,0.0025000001769512892,0.0025000001769512892,0,0,0
6,1791,unknown,-156.55381774902344,-28.713813781738281,0.00046188628766685724,1.5727419853210449,0,0.0025000001769512892,0.0025000001769512892,0,0,0
7,2047,unknown,-156.54264831542969,-28.764732360839844,0.0018051366787403822,1.5719584226608276,0,0.0025000001769512892,0.0025000001769512892,0,0,0
8,2303,unknown,-156.44084167480469,-28.816274642944336,0.000731537991669029,1.5719447135925293,0,0.0025000001769512892,0.0025000001769512892,0,0,0
