particle_id,geometry_id,tx,ty,tz,tt,tpx,tpy,tpz,te,deltapx,deltapy,deltapz,deltae,index
0,255,20,43.835517883300781,-48.173042297363281,0,0.99975764751434326,-0.00083713617641478777,-0.00093358434969559312,0,0,0,0,0,0
0,511,40,43.818881988525391,-48.191818237304688,0,0.99960809946060181,-0.0012700867373496294,-0.00087076553609222174,0,0,0,0,0,0
0,767,60,43.793575286865234,-48.209392547607422,0,0.99945032596588135,-0.0014614374376833439,-0.001709402771666646,0,0,0,0,0,0
0,1023,80,43.764537811279297,-48.2437744140625,0,0.99916106462478638,-0.0011137555120512843,-0.001565022743307054,0,0,0,0,0,0
0,1279,100,43.742431640625,-48.275234222412109,0,0.99897527694702148,-0.0025991222355514765,-0.0029666421469300985,0,0,0,0,0,0
0,1535,120,43.690753936767578,-48.334938049316406,0,0.99881881475448608,-0.002316649304702878,-0.00038749355007894337,0,0,0,0,0,0
0,1791,140,43.644412994384766,-48.342975616455078,0,0.99865388870239258,-0.0023356096353381872,-0.00043743025162257254,0,0,0,0,0,0
0,2047,160,43.597690582275391,-48.352016448974609,0,0.99852341413497925,-0.0030304379761219025,-0.00019335455726832151,0,0,0,0,0,0
0,2303,180,43.537017822265625,-48.356254577636719,0,0.99839186668395996,-0.0024523483589291573,-8.3951294072903693e-05,0,0,0,0,0,0
