measurement_id,geometry_id,local_key,local0,local1,phi,theta,time,var_local0,var_local1,var_phi,var_theta,var_time
0,255,unknown,161.63356018066406,27.068471908569336,-0.0002685186336748302,1.5711351633071899,0,0.0025000001769512892,0.0025000001769512892,0,0,0
1,511,unknown,161.59535217285156,27.001237869262695,-0.00019280012929812074,1.5698016881942749,0,0.0025000001769512892,0.0025000001769512892,0,0,0
2,767,unknown,161.68167114257812,27.041109085083008,0.00072157831164076924,1.5710967779159546,0,0.0025000001769512892,0.0025000001769512892,0,0,0
3,1023,unknown,161.59202575683594,27.052249908447266,0.0012288169236853719,1.5701913833618164,0,0.0025000001769512892,0.0025000001769512892,0,0,0
4,1279,unknown,161.59089660644531,27.082344055175781,0.0014587349724024534,1.5691092014312744,0,0.0025000001769512892,0.0025000001769512892,0,0,0
5,1535,unknown,161.63240051269531,27.082603454589844,0.0011628890642896295,1.5692239999771118,0,0.0025000001769512892,0.0025000001769512892,0,0,0
6,1791,unknown,161.58326721191406,27.135622024536133,0.00061009236378595233,1.5689579248428345,0,0.0025000001769512892,0.0025000001769512892,0,0,0
7,2047,unknown,161.69268798828125,27.157342910766602,0.0014828407438471913,1.5685909986495972,0,0.0025000001769512892,0.0025000001769512892,0,0,0
8,2303,unknown,161.72628784179688,27.183988571166992,0.0013193560298532248,1.568888783454895,0,0.0025000001769512892,0.0025000001769512892,0,0,0
