measurement_id,geometry_id,local_key,local0,local1,phi,theta,time,var_local0,var_local1,var_phi,var_theta,var_time
0,255,unknown,-269.53549194335938,-49.882686614990234,0.00038805819349363446,1.5704876184463501,0,0.0025000001769512892,0.0025000001769512892,0,0,0
1,511,unknown,-269.53652954101562,-49.782402038574219,0.001821818994358182,1.5702214241027832,0,0.0025000001769512892,0.0025000001769512892,0,0,0
2,767,unknown,-269.50888061523438,-49.791748046875,0.00094715849263593554,1.5712106227874756,0,0.0025000001769512892,0.0025000001769512892,0,0,0
3,1023,unknown,-269.45468139648438,-49.754844665527344,0.0012756589567288756,1.5712727308273315,0,0.0025000001769512892,0.0025000001769512892,0,0,0
4,1279,unknown,-269.40484619140625,-49.793670654296875,0.0011051620822399855,1.5712494850158691,0,0.0025000001769512892,0.0025000001769512892,0,0,0
5,1535,unknown,-269.45965576171875,-49.899814605712891,0.0011219069128856063,1.5716049671173096,0,0.0025000001769512892,0.0025000001769512892,0,0,0
6,1791,unknown,-269.42819213867188,-49.944061279296875,0.0013164354022592306,1.5712577104568481,0,0.0025000001769512892,0.0025000001769512892,0,0,0
7,2047,unknown,-269.40927124023438,-49.824462890625,-0.0008304711664095521,1.5721560716629028,0,0.0025000001769512892,0.0025000001769512892,0,0,0
8,2303,unknown,-269.39370727539062,-49.964084625244141,-0.00024678724003024399,1.5718916654586792,0,0.0025000001769512892,0.0025000001769512892,0,0,0
