particle_id,geometry_id,tx,ty,tz,tt,tpx,tpy,tpz,te,deltapx,deltapy,deltapz,deltae,index
0,255,20,-149.55317687988281,258.709228515625,0,0.99981772899627686,-0.0013983038952574134,0.0010256858076900244,0,0,0,0,0,0
0,511,40,-149.58126831054688,258.72958374023438,0,0.99968546628952026,-0.00051153585081920028,0.0019903664942830801,0,0,0,0,0,0
0,767,60,-149.59173583984375,258.76934814453125,0,0.99947667121887207,-0.0013969020219519734,0.0015971234533935785,0,0,0,0,0,0
0,1023,80,-149.619873046875,258.8011474609375,0,0.99930667877197266,-0.0014301962219178677,0.0015967327635735273,0,0,0,0,0,0
0,1279,100,-149.648681640625,258.83294677734375,0,0.99917584657669067,-0.0017046675784513354,0.0017693552654236555,0,0,0,0,0,0
0,1535,120,-149.68301391601562,258.8681640625,0,0.99906778335571289,-0.0016844915226101875,0.0013451727572828531,0,0,0,0,0,0
0,1791,140,-149.71688842773438,258.8948974609375,0,0.9988524317741394,-0.0021420035045593977,0.0018380846595391631,0,0,0,0,0,0
0,2047,160,-149.75999450683594,258.93145751953125,0,0.99870216846466064,-0.0017223608447238803,0.0022581908851861954,0,0,0,0,0,0
0,2303,180,-149.79475402832031,258.97647094726562,0,0.99852192401885986,-0.0019845934584736824,0.001769745722413063,0,0,0,0,0,0
