measurement_id,geometry_id,local_key,local0,local1,phi,theta,time,var_local0,var_local1,var_phi,var_theta,var_time
0,255,unknown,132.19508361816406,398.45834350585938,4.4738691940438002e-05,1.5706523656845093,0,0.0025000001769512892,0.0025000001769512892,0,0,0
1,511,unknown,132.05946350097656,398.582763671875,-0.00055676349438726902,1.5696233510971069,0,0.0025000001769512892,0.0025000001769512892,0,0,0
2,767,unknown,132.10452270507812,398.58944702148438,-0.00011686034122249112,1.5695970058441162,0,0.0025000001769512892,0.0025000001769512892,0,0,0
3,1023,unknown,132.17337036132812,398.71633911132812,-0.00012517973664216697,1.5695966482162476,0,0.0025000001769512892,0.0025000001769512892,0,0,0
4,1279,unknown,132.07135009765625,398.62106323242188,-0.00028407928766682744,1.569676399230957,0,0.0025000001769512892,0.0025000001769512892,0,0,0
5,1535,unknown,132.11335754394531,398.7208251953125,0.0001868335239123553,1.5693238973617554,0,0.0025000001769512892,0.0025000001769512892,0,0,0
6,1791,unknown,132.11004638671875,398.65847778320312,-0.00083809421630576253,1.5698190927505493,0,0.0025000001769512892,0.0025000001769512892,0,0,0
7,2047,unknown,132.13970947265625,398.69491577148438,-0.0034162143711000681,1.5685192346572876,0,0.0025000001769512892,0.0025000001769512892,0,0,0
8,2303,unknown,131.96659851074219,398.63229370117188,-0.0027203306090086699,1.5682762861251831,0,0.0025000001769512892,0.0025000001769512892,0,0,0
