measurement_id,geometry_id,local_key,local0,local1,phi,theta,time,var_local0,var_local1,var_phi,var_theta,var_time
0,255,unknown,261.23870849609375,169.77682495117188,0.001366640324704349,1.5705872774124146,0,0.0025000001769512892,0.0025000001769512892,0,0,0
1,511,unknown,261.09991455078125,169.7298583984375,0.0011104425648227334,1.5699847936630249,0,0.0025000001769512892,0.0025000001769512892,0,0,0
2,767,unknown,261.23919677734375,169.76838684082031,0.0016338663408532739,1.5711477994918823,0,0.0025000001769512892,0.0025000001769512892,0,0,0
3,1023,unknown,261.23388671875,169.736572265625,0.001653972314670682,1.5721708536148071,0,0.0025000001769512892,0.0025000001769512892,0,0,0
4,1279,unknown,261.212158203125,169.75904846191406,0.0017810886492952704,1.5722419023513794,0,0.0025000001769512892,0.0025000001769512892,0,0,0
5,1535,unknown,261.28421020507812,169.64724731445312,0.0022985613904893398,1.5725114345550537,0,0.0025000001769512892,0.0025000001769512892,0,0,0
6,1791,unknown,261.4053955078125,169.67411804199219,0.0017514575738459826,1.5737746953964233,0,0.0025000001769512892,0.0025000001769512892,0,0,0
7,2047,unknown,261.37130737304688,169.58113098144531,0.0020787597168236971,1.5737826824188232,0,0.0025000001769512892,0.0025000001769512892,0,0,0
8,2303,unknown,261.39227294921875,169.55082702636719,0.0018569050589576364,1.5750452280044556,0,0.0025000001769512892,0.0025000001769512892,0,0,0
