measurement_id,geometry_id,local_key,local0,local1,phi,theta,time,var_local0,var_local1,var_phi,var_theta,var_time
0,255,unknown,257.13043212890625,316.23471069335938,-0.0011949684703722596,1.5708544254302979,0,0.0025000001769512892,0.0025000001769512892,0,0,0
1,511,unknown,257.2672119140625,316.2576904296875,-0.0020299647003412247,1.5697458982467651,0,0.0025000001769512892,0.0025000001769512892,0,0,0
2,767,unknown,257.13589477539062,316.17910766601562,-0.0020413182210177183,1.5697698593139648,0,0.0025000001769512892,0.0025000001769512892,0,0,0
3,1023,unknown,257.13644409179688,316.35275268554688,-0.0033273734152317047,1.5689955949783325,0,0.0025000001769512892,0.0025000001769512892,0,0,0
4,1279,unknown,257.05447387695312,316.39129638671875,-0.0033476473763585091,1.5689646005630493,0,0.0025000001769512892,0.0025000001769512892,0,0,0
5,1535,unknown,257.03555297851562,316.40994262695312,-0.0043148268014192581,1.5693050622940063,0,0.0025000001769512892,0.0025000001769512892,0,0,0
6,1791,unknown,256.93426513671875,316.3336181640625,-0.0053565222769975662,1.5700771808624268,0,0.0025000001769512892,0.0025000001769512892,0,0,0
7,2047,unknown,256.79010009765625,316.4549560546875,-0.0054529570043087006,1.5695192813873291,0,0.0025000001769512892,0.0025000001769512892,0,0,0
8,2303,unknown,256.71600341796875,316.35360717773438,-0.004300225991755724,1.5698388814926147,0,0.0025000001769512892,0.0025000001769512892,0,0,0
