particle_id,geometry_id,tx,ty,tz,tt,tpx,tpy,tpz,te,deltapx,deltapy,deltapz,deltae,index
0,255,20,-126.27578735351562,-143.19955444335938,0,0.99983936548233032,0.00026228238129988313,-0.00070457678521052003,0,0,0,0,0,0
0,511,40,-126.27045440673828,-143.213623046875,0,0.99963885545730591,-0.00090516294585540891,-0.0014507750747725368,0,0,0,0,0,0
0,767,60,-126.28839111328125,-143.24275207519531,0,0.99949741363525391,-0.0016579662915319204,-0.0017999185947701335,0,0,0,0,0,0
0,1023,80,-126.32135009765625,-143.27896118164062,0,0.9993441104888916,-0.0028792261146008968,-0.0024196112062782049,0,0,0,0,0,0
0,1279,100,-126.37867736816406,-143.32772827148438,0,0.99921518564224243,-0.0019833797123283148,-0.0015290174633264542,0,0,0,0,0,0
0,1535,120,-126.41819000244141,-143.35856628417969,0,0.99899142980575562,-0.0019653302151709795,-0.001547371968626976,0,0,0,0,0,0
0,1791,140,-126.45735168457031,-143.38978576660156,0,0.99884289503097534,-0.0024459161795675755,-0.0012212437577545643,0,0,0,0,0,0
0,2047,160,-126.50617980957031,-143.41453552246094,0,0.99866271018981934,-0.0022807721979916096,-5.0997132348129526e-05,0,0,0,0,0,0
0,2303,180,-126.55184936523438,-143.41583251953125,0,0.98936581611633301,-0.00343086919747293,0.0024299270007759333,0,0,0,0,0,0
