particle_id,geometry_id,tx,ty,tz,tt,tpx,tpy,tpz,te,deltapx,deltapy,deltapz,deltae,index
0,255,20,126.71881866455078,-197.05807495117188,0,0.99955892562866211,0.00050992809701710939,-0.0012496409472078085,0,0,0,0,0,0
0,511,40,126.72917175292969,-197.08302307128906,0,0.99944669008255005,0.0012559556635096669,-0.0012529565719887614,0,0,0,0,0,0
0,767,60,126.75445556640625,-197.10794067382812,0,0.99891471862792969,0.0011148585472255945,-0.00084825058002024889,0,0,0,0,0,0
0,1023,80,126.77687835693359,-197.12478637695312,0,0.99874413013458252,0.0010100791696459055,-0.0030570286326110363,0,0,0,0,0,0
0,1279,100,126.79747009277344,-197.18588256835938,0,0.99841636419296265,0.0017130408668890595,-0.0020812421571463346,0,0,0,0,0,0
0,1535,120,126.83203125,-197.22737121582031,0,0.99824929237365723,0.0024962965399026871,-0.0035278417635709047,0,0,0,0,0,0
0,1791,140,126.88246917724609,-197.29774475097656,0,0.99810463190078735,0.0027063225861638784,-0.0030647185631096363,0,0,0,0,0,0
0,2047,160,126.93706512451172,-197.35882568359375,0,0.99796700477600098,0.002737442497164011,-0.0018810392357409,0,0,0,0,0,0
0,2303,180,126.99214935302734,-197.39619445800781,0,0.99757927656173706,0.0030655816663056612,-0.0018973159603774548,0,0,0,0,0,0
