particle_id,particle_type,process,vx,vy,vz,vt,px,py,pz,m,q
0,0,0,0,536.1856689453125,-369.85150146484375,0,1,0,-4.3711388286737929e-08,0,-1
