particle_id,geometry_id,tx,ty,tz,tt,tpx,tpy,tpz,te,deltapx,deltapy,deltapz,deltae,index
0,255,20,110.61972045898438,24.77006721496582,0,0.9997219443321228,-0.00063336861785501242,0.00057092937640845776,0,0,0,0,0,0
0,511,40,110.60697937011719,24.781412124633789,0,0.99953669309616089,-0.0016952279256656766,0.00027341526583768427,0,0,0,0,0,0
0,767,60,110.57302856445312,24.786680221557617,0,0.99934530258178711,-0.0025930188130587339,0.0011430248850956559,0,0,0,0,0,0
0,1023,80,110.52099609375,24.809244155883789,0,0.99922335147857666,-0.00016939292254392058,0.0013664640719071031,0,0,0,0,0,0
0,1279,100,110.51744079589844,24.836574554443359,0,0.99903231859207153,-2.5919312975020148e-05,0.00092186272377148271,0,0,0,0,0,0
0,1535,120,110.51680755615234,24.855026245117188,0,0.99866992235183716,-0.00083207956049591303,0.00036068022018298507,0,0,0,0,0,0
0,1791,140,110.50009918212891,24.862148284912109,0,0.99843466281890869,-0.0010980573715642095,0.00061244750395417213,0,0,0,0,0,0
0,2047,160,110.47802734375,24.874284744262695,0,0.99827998876571655,-0.0011067133164033294,0.00059890514239668846,0,0,0,0,0,0
0,2303,180,110.45578002929688,24.886150360107422,0,0.99815601110458374,-0.0011261299951002002,0.00058812176575884223,0,0,0,0,0,0
