particle_id,geometry_id,tx,ty,tz,tt,tpx,tpy,tpz,te,deltapx,deltapy,deltapz,deltae,index
0,255,20,113.56006622314453,102.63204956054688,0,0.99987423419952393,0.00044823857024312019,-0.0010990157024934888,0,0,0,0,0,0
0,511,40,113.56916046142578,102.61012268066406,0,0.99970012903213501,0.00090997188817709684,-0.0019755868706852198,0,0,0,0,0,0
0,767,60,113.58760070800781,102.57070922851562,0,0.99955862760543823,0.0014855609042569995,-0.0022553286980837584,0,0,0,0,0,0
0,1023,80,113.61759185791016,102.52576446533203,0,0.99861568212509155,0.00083890638779848814,-0.0011185844196006656,0,0,0,0,0,0
0,1279,100,113.63452911376953,102.50346374511719,0,0.99845945835113525,0.0015604444779455662,-0.0018938651774078608,0,0,0,0,0,0
0,1535,120,113.666015625,102.46571350097656,0,0.99831193685531616,0.0014156844699755311,-0.0021738503128290176,0,0,0,0,0,0
0,1791,140,113.69464111328125,102.42233276367188,0,0.99763196706771851,0.0031590955331921577,-0.0021962830796837807,0,0,0,0,0,0
0,2047,160,113.75823974609375,102.37868499755859,0,0.9975159764289856,0.0026706012431532145,-0.00046416340046562254,0,0,0,0,0,0
0,2303,180,113.81183624267578,102.36969757080078,0,0.99713331460952759,0.0047294767573475838,-0.0018294379115104675,0,0,0,0,0,0
