particle_id,geometry_id,tx,ty,tz,tt,tpx,tpy,tpz,te,deltapx,deltapy,deltapz,deltae,index
0,255,20,89.238372802734375,-131.52151489257812,0,0.9998244047164917,-0.00077123352093622088,0.00010949042916763574,0,0,0,0,0,0
0,511,40,89.222930908203125,-131.51942443847656,0,0.99965143203735352,-0.0010843886993825436,-0.0011720596812665462,0,0,0,0,0,0
0,767,60,89.201377868652344,-131.54299926757812,0,0.99830341339111328,-0.0013222792185842991,-0.00088331493316218257,0,0,0,0,0,0
0,1023,80,89.174995422363281,-131.56085205078125,0,0.99797630310058594,0.00026418987545184791,-0.001751731033436954,0,0,0,0,0,0
0,1279,100,89.180503845214844,-131.59593200683594,0,0.99775987863540649,0.0013763335300609469,-0.0029095008503645658,0,0,0,0,0,0
0,1535,120,89.208442687988281,-131.65408325195312,0,0.99761795997619629,0.001987536670640111,-0.0031134060118347406,0,0,0,0,0,0
0,1791,140,89.248664855957031,-131.71626281738281,0,0.99746251106262207,0.0021997955627739429,-0.0040508736856281757,0,0,0,0,0,0
0,2047,160,89.293258666992188,-131.79722595214844,0,0.99718093872070312,0.002959786681458354,-0.0043200617656111717,0,0,0,0,0,0
0,2303,180,89.353141784667969,-131.88351440429688,0,0.9970129132270813,0.0023420301731675863,-0.0031880626920610666,0,0,0,0,0,0
