measurement_id,geometry_id,local_key,local0,local1,phi,theta,time,var_local0,var_local1,var_phi,var_theta,var_time
0,255,unknown,162.11041259765625,-71.868301391601562,-0.00013117666821926832,1.569049596786499,0,0.0025000001769512892,0.0025000001769512892,0,0,0
1,511,unknown,162.103515625,-71.848472595214844,-0.00046770658809691668,1.5686647891998291,0,0.0025000001769512892,0.0025000001769512892,0,0,0
2,767,unknown,162.09671020507812,-71.784858703613281,-0.0010539023205637932,1.5673815011978149,0,0.0025000001769512892,0.0025000001769512892,0,0,0
3,1023,unknown,162.08430480957031,-71.685897827148438,-0.0010796014685183764,1.5675356388092041,0,0.0025000001769512892,0.0025000001769512892,0,0,0
4,1279,unknown,162.12664794921875,-71.64080810546875,0.00042830096208490431,1.5665854215621948,0,0.0025000001769512892,0.0025000001769512892,0,0,0
5,1535,unknown,162.05830383300781,-71.496986389160156,0.0004140493692830205,1.5663248300552368,0,0.0025000001769512892,0.0025000001769512892,0,0,0
6,1791,unknown,162.03106689453125,-71.494743347167969,-0.0023739149328321218,1.5658341646194458,0,0.0025000001769512892,0.0025000001769512892,0,0,0
7,2047,unknown,162.02920532226562,-71.328224182128906,-0.0025652092881500721,1.5663038492202759,0,0.0025000001769512892,0.0025000001769512892,0,0,0
8,2303,unknown,161.97267150878906,-71.206817626953125,-0.00045019481331110001,1.565727710723877,0,0.0025000001769512892,0.0025000001769512892,0,0,0
