particle_id,particle_type,process,vx,vy,vz,vt,px,py,pz,m,q
0,0,0,0,49.184219360351562,119.29444122314453,0,1,0,-4.3711388286737929e-08,0,-1
