particle_id,geometry_id,tx,ty,tz,tt,tpx,tpy,tpz,te,deltapx,deltapy,deltapz,deltae,index
0,255,20,-18.412328720092773,-36.610408782958984,0,0.99979192018508911,0.00019087530381511897,4.6319062676047906e-05,0,0,0,0,0,0
0,511,40,-18.408515930175781,-36.609458923339844,0,0.99961394071578979,0.001190688693895936,0.0015723180258646607,0,0,0,0,0,0
0,767,60,-18.384881973266602,-36.577857971191406,0,0.99947541952133179,0.00092510919785127044,0.0005543464794754982,0,0,0,0,0,0
0,1023,80,-18.366437911987305,-36.566654205322266,0,0.99929285049438477,0.0011160140857100487,-8.6528474639635533e-05,0,0,0,0,0,0
0,1279,100,-18.344091415405273,-36.568252563476562,0,0.99906075000762939,0.00069763208739459515,-0.00034959442564286292,0,0,0,0,0,0
0,1535,120,-18.330083847045898,-36.575168609619141,0,0.99892967939376831,0.00016361898451577872,0.00023490452440455556,0,0,0,0,0,0
0,1791,140,-18.326835632324219,-36.570446014404297,0,0.99847084283828735,-0.0015512533718720078,0.00010398607264505699,0,0,0,0,0,0
0,2047,160,-18.357919692993164,-36.568550109863281,0,0.99829119443893433,-0.0018322388641536236,-0.00067837670212611556,0,0,0,0,0,0
0,2303,180,-18.39454460144043,-36.582359313964844,0,0.9981311559677124,-0.0024805020075291395,-0.0014466871507465839,0,0,0,0,0,0
