particle_id,geometry_id,tx,ty,tz,tt,tpx,tpy,tpz,te,deltapx,deltapy,deltapz,deltae,index
0,255,20,81.009086608886719,108.4915771484375,0,0.99981957674026489,-0.00023127012536861002,-0.00051767629338428378,0,0,0,0,0,0
0,511,40,81.004524230957031,108.48119354248047,0,0.99968945980072021,0.00054426037240773439,0.00016858508752193302,0,0,0,0,0,0
0,767,60,81.015396118164062,108.48463439941406,0,0.99952620267868042,0.0013288554036989808,0.0015569286188110709,0,0,0,0,0,0
0,1023,80,81.041801452636719,108.51594543457031,0,0.99935293197631836,0.00080631545279175043,0.00020462540851440281,0,0,0,0,0,0
0,1279,100,81.057914733886719,108.52013397216797,0,0.99923801422119141,0.00082448002649471164,0.0001744649198371917,0,0,0,0,0,0
0,1535,120,81.074394226074219,108.52372741699219,0,0.99903386831283569,-0.0009039549040608108,0.00065580802038311958,0,0,0,0,0,0
0,1791,140,81.056221008300781,108.53675079345703,0,0.9988706111907959,0.0010222607525065541,0.0013844390632584691,0,0,0,0,0,0
0,2047,160,81.076522827148438,108.56459045410156,0,0.99866634607315063,0.00034247114672325552,0.003076702356338501,0,0,0,0,0,0
0,2303,180,81.0830078125,108.62624359130859,0,0.99854433536529541,0.00025934007135219872,0.003201434388756752,0,0,0,0,0,0
