particle_id,particle_type,process,vx,vy,vz,vt,px,py,pz,m,q
0,0,0,0,-239.62733459472656,327.49465942382812,0,1,0,-4.3711388286737929e-08,0,-1
