particle_id,geometry_id,tx,ty,tz,tt,tpx,tpy,tpz,te,deltapx,deltapy,deltapz,deltae,index
0,255,20,37.597263336181641,-305.691162109375,0,0.99978959560394287,-0.0020101442933082581,-0.0032183926086872816,0,0,0,0,0,0
0,511,40,37.557437896728516,-305.75579833984375,0,0.99966847896575928,-0.0020464225672185421,-0.0029470075387507677,0,0,0,0,0,0
0,767,60,37.516849517822266,-305.81500244140625,0,0.99952214956283569,-0.00070669141132384539,-0.0033365602139383554,0,0,0,0,0,0
0,1023,80,37.503108978271484,-305.8818359375,0,0.99940228462219238,-0.00079943769378587604,-0.0034050229005515575,0,0,0,0,0,0
0,1279,100,37.487518310546875,-305.9500732421875,0,0.9988863468170166,-0.001392240752466023,-0.0033887398894876242,0,0,0,0,0,0
0,1535,120,37.460048675537109,-306.01809692382812,0,0.99868232011795044,-0.0024795711506158113,-0.0041732182726264,0,0,0,0,0,0
0,1791,140,37.410896301269531,-306.10195922851562,0,0.99853873252868652,-0.002854079706594348,-0.0048519722186028957,0,0,0,0,0,0
0,2047,160,37.354316711425781,-306.19949340820312,0,0.99831455945968628,-0.003660732414573431,-0.0054256059229373932,0,0,0,0,0,0
0,2303,180,37.281631469726562,-306.30862426757812,0,0.99809616804122925,-0.0040420861914753914,-0.0068465699441730976,0,0,0,0,0,0
