particle_id,geometry_id,tx,ty,tz,tt,tpx,tpy,tpz,te,deltapx,deltapy,deltapz,deltae,index
0,255,20,446.58102416992188,-169.411376953125,0,0.99977660179138184,0.00099628756288439035,0.0017922278493642807,0,0,0,0,0,0
0,511,40,446.60073852539062,-169.37541198730469,0,0.99961268901824951,0.00051322259241715074,0.0013362524332478642,0,0,0,0,0,0
0,767,60,446.61083984375,-169.34861755371094,0,0.99940735101699829,0.00049171311547979712,0.0013461047783493996,0,0,0,0,0,0
0,1023,80,446.62051391601562,-169.32162475585938,0,0.99925374984741211,8.7500215158797801e-05,0.0016400065505877137,0,0,0,0,0,0
0,1279,100,446.6220703125,-169.28878784179688,0,0.99897027015686035,-0.00019647438602987677,0.001615247456356883,0,0,0,0,0,0
0,1535,120,446.61795043945312,-169.2564697265625,0,0.99866461753845215,1.2554452951007988e-05,0.0016042769420892,0,0,0,0,0,0
0,1791,140,446.61801147460938,-169.22433471679688,0,0.99849331378936768,6.0098140238551423e-05,0.0026359937619417906,0,0,0,0,0,0
0,2047,160,446.618896484375,-169.17152404785156,0,0.99833488464355469,-0.00030487109324894845,0.0039486363530158997,0,0,0,0,0,0
0,2303,180,446.6123046875,-169.09245300292969,0,0.99819487333297729,-0.0015268541174009442,0.0023855573963373899,0,0,0,0,0,0
