measurement_id,geometry_id,local_key,local0,local1,phi,theta,time,var_local0,var_local1,var_phi,var_theta,var_time
0,255,unknown,-111.6463623046875,-204.22572326660156,-0.00031611544545739889,1.5703257322311401,0,0.0025000001769512892,0.0025000001769512892,0,0,0
1,511,unknown,-111.63419342041016,-204.16696166992188,-0.0012586542870849371,1.5717376470565796,0,0.0025000001769512892,0.0025000001769512892,0,0,0
2,767,unknown,-111.70151519775391,-204.25608825683594,-0.0014909844612702727,1.5717493295669556,0,0.0025000001769512892,0.0025000001769512892,0,0,0
3,1023,unknown,-111.70973968505859,-204.28462219238281,-0.0017256197752431035,1.5701229572296143,0,0.0025000001769512892,0.0025000001769512892,0,0,0
4,1279,unknown,-111.798583984375,-204.28068542480469,-0.0017348646651953459,1.5723499059677124,0,0.0025000001769512892,0.0025000001769512892,0,0,0
5,1535,unknown,-111.83221435546875,-204.31086730957031,-0.00083243311382830143,1.5716128349304199,0,0.0025000001769512892,0.0025000001769512892,0,0,0
6,1791,unknown,-111.81422424316406,-204.37153625488281,-0.00078056444181129336,1.5714346170425415,0,0.0025000001769512892,0.0025000001769512892,0,0,0
7,2047,unknown,-111.79378509521484,-204.34628295898438,-0.00061897607520222664,1.5696250200271606,0,0.0025000001769512892,0.0025000001769512892,0,0,0
8,2303,unknown,-111.76101684570312,-204.225341796875,-0.0026247892528772354,1.5701417922973633,0,0.0025000001769512892,0.0025000001769512892,0,0,0
