measurement_id,geometry_id,local_key,local0,local1,phi,theta,time,var_local0,var_local1,var_phi,var_theta,var_time
0,255,unknown,278.79852294921875,-88.780967712402344,0.00064530246891081333,1.5716249942779541,0,0.0025000001769512892,0.0025000001769512892,0,0,0
1,511,unknown,278.942626953125,-88.750801086425781,0.00078850961290299892,1.5714583396911621,0,0.0025000001769512892,0.0025000001769512892,0,0,0
2,767,unknown,278.87493896484375,-88.78955078125,0.0015150452964007854,1.5716335773468018,0,0.0025000001769512892,0.0025000001769512892,0,0,0
3,1023,unknown,278.96444702148438,-88.771865844726562,0.0010272014187648892,1.5719640254974365,0,0.0025000001769512892,0.0025000001769512892,0,0,0
4,1279,unknown,278.94918823242188,-88.818374633789062,0.0015594280557706952,1.5722026824951172,0,0.0025000001769512892,0.0025000001769512892,0,0,0
5,1535,unknown,279.02871704101562,-88.912918090820312,0.0017872770549729466,1.5720168352127075,0,0.0025000001769512892,0.0025000001769512892,0,0,0
6,1791,unknown,279.06814575195312,-88.977005004882812,0.00187700055539608,1.5712933540344238,0,0.0025000001769512892,0.0025000001769512892,0,0,0
7,2047,unknown,279.1107177734375,-88.961402893066406,0.0015109198866412044,1.5711722373962402,0,0.0025000001769512892,0.0025000001769512892,0,0,0
8,2303,unknown,279.06802368164062,-88.840156555175781,0.0019669611938297749,1.5699124336242676,0,0.0025000001769512892,0.0025000001769512892,0,0,0
