particle_id,geometry_id,tx,ty,tz,tt,tpx,tpy,tpz,te,deltapx,deltapy,deltapz,deltae,index
0,255,20,205.16644287109375,-299.5150146484375,0,0.99985182285308838,0.00028409832157194614,-0.00091424380661919713,0,0,0,0,0,0
0,511,40,205.1722412109375,-299.53326416015625,0,0.99974608421325684,-0.0012624106602743268,-0.0012186507228761911,0,0,0,0,0,0
0,767,60,205.14714050292969,-299.55780029296875,0,0.99960547685623169,-0.001326944911852479,-0.0012500575976446271,0,0,0,0,0,0
0,1023,80,205.12074279785156,-299.58297729492188,0,0.99945014715194702,-0.0006954963319003582,-0.0022851061075925827,0,0,0,0,0,0
0,1279,100,205.10710144042969,-299.6287841796875,0,0.99913585186004639,-0.00065156177151948214,-0.0022311466746032238,0,0,0,0,0,0
0,1535,120,205.09432983398438,-299.67352294921875,0,0.99864166975021362,0.0015648327535018325,-0.0030236216261982918,0,0,0,0,0,0
0,1791,140,205.12603759765625,-299.73388671875,0,0.99843758344650269,0.0011726572411134839,-0.003737863153219223,0,0,0,0,0,0
0,2047,160,205.14997863769531,-299.80862426757812,0,0.99824947118759155,0.001215366879478097,-0.0040144352242350578,0,0,0,0,0,0
0,2303,180,205.1748046875,-299.888916015625,0,0.9981229305267334,0.0015103735495358706,-0.0034783654846251011,0,0,0,0,0,0
