measurement_id,geometry_id,local_key,local0,local1,phi,theta,time,var_local0,var_local1,var_phi,var_theta,var_time
0,255,unknown,232.58523559570312,353.97091674804688,1.8355702195549384e-05,1.5699548721313477,0,0.0025000001769512892,0.0025000001769512892,0,0,0
1,511,unknown,232.58474731445312,353.94091796875,-0.00022370598162524402,1.5704745054244995,0,0.0025000001769512892,0.0025000001769512892,0,0,0
2,767,unknown,232.44821166992188,354.039306640625,5.4891464969841763e-05,1.5705883502960205,0,0.0025000001769512892,0.0025000001769512892,0,0,0
3,1023,unknown,232.51634216308594,353.990478515625,0.00031252935878001153,1.5703175067901611,0,0.0025000001769512892,0.0025000001769512892,0,0,0
4,1279,unknown,232.47872924804688,354.06076049804688,0.0016029567923396826,1.5685864686965942,0,0.0025000001769512892,0.0025000001769512892,0,0,0
5,1535,unknown,232.55351257324219,354.08462524414062,0.0019224159186705947,1.5676231384277344,0,0.0025000001769512892,0.0025000001769512892,0,0,0
6,1791,unknown,232.54298400878906,354.0543212890625,0.0013865832006558776,1.5675128698348999,0,0.0025000001769512892,0.0025000001769512892,0,0,0
7,2047,unknown,232.64398193359375,354.12393188476562,-0.0001176652149297297,1.5685768127441406,0,0.0025000001769512892,0.0025000001769512892,0,0,0
8,2303,unknown,232.65133666992188,354.28399658203125,-0.0015989904059097171,1.5693957805633545,0,0.0025000001769512892,0.0025000001769512892,0,0,0
