particle_id,particle_type,process,vx,vy,vz,vt,px,py,pz,m,q
0,0,0,0,-55.039222717285156,29.236423492431641,0,1,0,-4.3711388286737929e-08,0,-1
