particle_id,geometry_id,tx,ty,tz,tt,tpx,tpy,tpz,te,deltapx,deltapy,deltapz,deltae,index
0,255,20,-278.379638671875,64.575790405273438,0,0.99986255168914795,0.00016123401292134076,-8.7769687524996698e-05,0,0,0,0,0,0
0,511,40,-278.37640380859375,64.574050903320312,0,0.99934631586074829,0.0016800177982077003,7.5247444328851998e-05,0,0,0,0,0,0
0,767,60,-278.34280395507812,64.575759887695312,0,0.9991835355758667,-0.00050068041309714317,0.00038302046596072614,0,0,0,0,0,0
0,1023,80,-278.35287475585938,64.583366394042969,0,0.99896705150604248,-4.3074760469608009e-05,-0.00013699274859391153,0,0,0,0,0,0
0,1279,100,-278.35372924804688,64.580619812011719,0,0.99877363443374634,-2.1190709958318621e-05,-0.0001503012899775058,0,0,0,0,0,0
0,1535,120,-278.3541259765625,64.577606201171875,0,0.99859160184860229,0.001300669158808887,-0.0034458325244486332,0,0,0,0,0,0
0,1791,140,-278.32766723632812,64.508750915527344,0,0.99842697381973267,0.0028939957264810801,-0.0030479752458631992,0,0,0,0,0,0
0,2047,160,-278.26931762695312,64.448043823242188,0,0.99826586246490479,0.0020369994454085827,-0.0039695221930742264,0,0,0,0,0,0
0,2303,180,-278.22802734375,64.368759155273438,0,0.9981224536895752,0.0023627455811947584,-0.003957175649702549,0,0,0,0,0,0
