particle_id,geometry_id,tx,ty,tz,tt,tpx,tpy,tpz,te,deltapx,deltapy,deltapz,deltae,index
0,255,20,-336.75668334960938,-243.88949584960938,0,0.99976581335067749,-0.00046463351463899016,2.4865208615665324e-05,0,0,0,0,0,0
0,511,40,-336.7659912109375,-243.88905334472656,0,0.99959594011306763,-0.0014093894278630614,0.00025603381800465286,0,0,0,0,0,0
0,767,60,-336.79421997070312,-243.88409423828125,0,0.99935418367385864,-0.0014425881672650576,0.00039130635559558868,0,0,0,0,0,0
0,1023,80,-336.82315063476562,-243.87643432617188,0,0.99914002418518066,-0.0035490214359015226,0.00054332491708919406,0,0,0,0,0,0
0,1279,100,-336.89425659179688,-243.86598205566406,0,0.99885237216949463,-0.0045759053900837898,0.0019536016043275595,0,0,0,0,0,0
0,1535,120,-336.98611450195312,-243.82742309570312,0,0.99872863292694092,-0.0041037611663341522,0.0018490597140043974,0,0,0,0,0,0
0,1791,140,-337.06851196289062,-243.7908935546875,0,0.99852663278579712,-0.0041088140569627285,0.0017900014063343406,0,0,0,0,0,0
0,2047,160,-337.15103149414062,-243.75553894042969,0,0.99821555614471436,-0.0043345866724848747,0.0017063849372789264,0,0,0,0,0,0
0,2303,180,-337.23806762695312,-243.72187805175781,0,0.99791598320007324,-0.0033871186897158623,0.0026567308232188225,0,0,0,0,0,0
