measurement_id,geometry_id,local_key,local0,local1,phi,theta,time,var_local0,var_local1,var_phi,var_theta,var_time
0,255,unknown,166.18447875976562,-355.98858642578125,0.0020916401408612728,1.5668045282363892,0,0.0025000001769512892,0.0025000001769512892,0,0,0
1,511,unknown,166.26666259765625,-355.94439697265625,0.0024781906977295876,1.5662530660629272,0,0.0025000001769512892,0.0025000001769512892,0,0,0
2,767,unknown,166.23628234863281,-355.84829711914062,0.0020432309247553349,1.5654191970825195,0,0.0025000001769512892,0.0025000001769512892,0,0,0
3,1023,unknown,166.31101989746094,-355.8099365234375,0.0022014901041984558,1.5641026496887207,0,0.0025000001769512892,0.0025000001769512892,0,0,0
4,1279,unknown,166.31254577636719,-355.67425537109375,0.0045042736455798149,1.5655529499053955,0,0.0025000001769512892,0.0025000001769512892,0,0,0
5,1535,unknown,166.43246459960938,-355.52816772460938,0.0045658200979232788,1.5647073984146118,0,0.0025000001769512892,0.0025000001769512892,0,0,0
6,1791,unknown,166.52456665039062,-355.4222412109375,0.0048826979473233223,1.5655052661895752,0,0.0025000001769512892,0.0025000001769512892,0,0,0
7,2047,unknown,166.66258239746094,-355.3199462890625,0.0048393132165074348,1.5653810501098633,0,0.0025000001769512892,0.0025000001769512892,0,0,0
8,2303,unknown,166.70919799804688,-355.23736572265625,0.0054234052076935768,1.5658752918243408,0,0.0025000001769512892,0.0025000001769512892,0,0,0
