measurement_id,geometry_id,local_key,local0,local1,phi,theta,time,var_local0,var_local1,var_phi,var_theta,var_time
0,255,unknown,-66.894554138183594,164.85009765625,0.0011740194167941809,1.5719001293182373,0,0.0025000001769512892,0.0025000001769512892,0,0,0
1,511,unknown,-66.870025634765625,164.69496154785156,-0.00045194392441771924,1.571306586265564,0,0.0025000001769512892,0.0025000001769512892,0,0,0
2,767,unknown,-66.84381103515625,164.74771118164062,-0.00019821165187750012,1.5711971521377563,0,0.0025000001769512892,0.0025000001769512892,0,0,0
3,1023,unknown,-66.829154968261719,164.69041442871094,-0.00046623742673546076,1.5702458620071411,0,0.0025000001769512892,0.0025000001769512892,0,0,0
4,1279,unknown,-66.929191589355469,164.79345703125,0.00011524812725838274,1.5708026885986328,0,0.0025000001769512892,0.0025000001769512892,0,0,0
5,1535,unknown,-66.9215087890625,164.64106750488281,0.00011686463403748348,1.5708050727844238,0,0.0025000001769512892,0.0025000001769512892,0,0,0
6,1791,unknown,-66.853302001953125,164.73374938964844,0.0003608560364227742,1.5719866752624512,0,0.0025000001769512892,0.0025000001769512892,0,0,0
7,2047,unknown,-66.893318176269531,164.69552612304688,0.00026874241302721202,1.5721219778060913,0,0.0025000001769512892,0.0025000001769512892,0,0,0
8,2303,unknown,-67.014579772949219,164.72053527832031,0.00029105113935656846,1.5721030235290527,0,0.0025000001769512892,0.0025000001769512892,0,0,0
