particle_id,geometry_id,tx,ty,tz,tt,tpx,tpy,tpz,te,deltapx,deltapy,deltapz,deltae,index
0,255,20,-312.2445068359375,-114.36807250976562,0,0.9998583197593689,-0.00028149606077931821,-0.00019087074906565249,0,0,0,0,0,0
0,511,40,-312.2501220703125,-114.37192535400391,0,0.99953484535217285,-0.0005380412912927568,-6.2718623667024076e-05,0,0,0,0,0,0
0,767,60,-312.26089477539062,-114.37324523925781,0,0.99936485290527344,-0.00055592047283425927,8.5970772488508373e-05,0,0,0,0,0,0
0,1023,80,-312.27203369140625,-114.37158966064453,0,0.99921739101409912,-0.0012193243019282818,0.0006645050598308444,0,0,0,0,0,0
0,1279,100,-312.2965087890625,-114.35843658447266,0,0.99906474351882935,-0.0011557698016986251,0.00028376659611240029,0,0,0,0,0,0
0,1535,120,-312.31967163085938,-114.35289764404297,0,0.9988982081413269,-0.0010499925119802356,0.00023644526663701981,0,0,0,0,0,0
0,1791,140,-312.34072875976562,-114.34828948974609,0,0.99873942136764526,-0.00083928869571536779,-0.00044032407458871603,0,0,0,0,0,0
0,2047,160,-312.35748291015625,-114.35720825195312,0,0.99858981370925903,-0.0014539491385221481,-0.0023393288720399141,0,0,0,0,0,0
0,2303,180,-312.38632202148438,-114.40423583984375,0,0.99841195344924927,-0.0021800945978611708,-0.0014330485137179494,0,0,0,0,0,0
