measurement_id,geometry_id,local_key,local0,local1,phi,theta,time,var_local0,var_local1,var_phi,var_theta,var_time
0,255,unknown,108.51380920410156,1.9211344718933105,8.4782688645645976e-05,1.5708140134811401,0,0.0025000001769512892,0.0025000001769512892,0,0,0
1,511,unknown,108.43777465820312,1.976479172706604,0.0010057293111458421,1.5710657835006714,0,0.0025000001769512892,0.0025000001769512892,0,0,0
2,767,unknown,108.45744323730469,1.9402095079421997,0.0014810814755037427,1.5718117952346802,0,0.0025000001769512892,0.0025000001769512892,0,0,0
3,1023,unknown,108.36955261230469,1.9234075546264648,0.0027553362306207418,1.5709209442138672,0,0.0025000001769512892,0.0025000001769512892,0,0,0
4,1279,unknown,108.56629180908203,1.9870619773864746,0.0030075199902057648,1.5690876245498657,0,0.0025000001769512892,0.0025000001769512892,0,0,0
5,1535,unknown,108.61319732666016,1.9190301895141602,0.0032800422050058842,1.5694721937179565,0,0.0025000001769512892,0.0025000001769512892,0,0,0
6,1791,unknown,108.64736938476562,1.8898756504058838,0.0051935422234237194,1.570313572883606,0,0.0025000001769512892,0.0025000001769512892,0,0,0
7,2047,unknown,108.86100769042969,2.0181629657745361,0.0045378496870398521,1.5695756673812866,0,0.0025000001769512892,0.0025000001769512892,0,0,0
8,2303,unknown,108.90359497070312,1.9903563261032104,0.0046989391557872295,1.5693199634552002,0,0.0025000001769512892,0.0025000001769512892,0,0,0
