particle_id,geometry_id,tx,ty,tz,tt,tpx,tpy,tpz,te,deltapx,deltapy,deltapz,deltae,index
0,255,20,-30.407793045043945,50.940208435058594,0,0.99972784519195557,0.0002050322073046118,0.0015697550261393189,0,0,0,0,0,0
0,511,40,-30.403879165649414,50.971637725830078,0,0.99949783086776733,-0.0001845156803028658,0.0015707045095041394,0,0,0,0,0,0
0,767,60,-30.407760620117188,51.003044128417969,0,0.99925965070724487,0.00018822670972440392,0.0019518760964274406,0,0,0,0,0,0
0,1023,80,-30.404228210449219,51.042133331298828,0,0.99912065267562866,0.0003146159288007766,0.0019329051719978452,0,0,0,0,0,0
0,1279,100,-30.398162841796875,51.080863952636719,0,0.99893039464950562,-0.00060724379727616906,0.00060644000768661499,0,0,0,0,0,0
0,1535,120,-30.410392761230469,51.092933654785156,0,0.99868834018707275,-0.0013035420561209321,0.0010326226474717259,0,0,0,0,0,0
0,1791,140,-30.436620712280273,51.113456726074219,0,0.9983401894569397,-0.0016301881987601519,0.0010329772485420108,0,0,0,0,0,0
0,2047,160,-30.469402313232422,51.133953094482422,0,0.99814802408218384,-0.0012494042748585343,0.0011816327460110188,0,0,0,0,0,0
0,2303,180,-30.494579315185547,51.157478332519531,0,0.99799472093582153,0.001313823857344687,0.0021952008828520775,0,0,0,0,0,0
