particle_id,geometry_id,tx,ty,tz,tt,tpx,tpy,tpz,te,deltapx,deltapy,deltapz,deltae,index
0,255,20,216.36712646484375,205.69967651367188,0,0.99984604120254517,0.0014948362950235605,-0.0019036466255784035,0,0,0,0,0,0
0,511,40,216.39726257324219,205.66177368164062,0,0.99963581562042236,0.0024429999757558107,-0.0013724820455536246,0,0,0,0,0,0
0,767,60,216.44630432128906,205.63461303710938,0,0.99931806325912476,0.0008413209579885006,-0.0024686199612915516,0,0,0,0,0,0
0,1023,80,216.46343994140625,205.58531188964844,0,0.99911379814147949,0.00072574883233755827,-0.0024658520705997944,0,0,0,0,0,0
0,1279,100,216.47825622558594,205.53604125976562,0,0.99893456697463989,-0.00038682264857925475,-0.00092055002460256219,0,0,0,0,0,0
0,1535,120,216.47062683105469,205.51756286621094,0,0.99872386455535889,-0.0012232938315719366,-0.00068569451104849577,0,0,0,0,0,0
0,1791,140,216.44621276855469,205.50367736816406,0,0.99856942892074585,0.000101633915619459,-0.0028168652206659317,0,0,0,0,0,0
0,2047,160,216.44859313964844,205.447265625,0,0.99830371141433716,0.0010568095603957772,-0.0027040117420256138,0,0,0,0,0,0
0,2303,180,216.4700927734375,205.39321899414062,0,0.9981880784034729,-1.7736359950504266e-05,-0.0030911420471966267,0,0,0,0,0,0
