particle_id,particle_type,process,vx,vy,vz,vt,px,py,pz,m,q
0,0,0,0,-54.926216125488281,-322.30130004882812,0,1,0,-4.3711388286737929e-08,0,-1
