particle_id,particle_type,process,vx,vy,vz,vt,px,py,pz,m,q
0,0,0,0,136.7615966796875,-211.18550109863281,0,1,0,-4.3711388286737929e-08,0,-1
