particle_id,geometry_id,tx,ty,tz,tt,tpx,tpy,tpz,te,deltapx,deltapy,deltapz,deltae,index
0,255,20,-55.623245239257812,51.591266632080078,0,0.99978309869766235,4.8915750085143372e-05,8.1716127169784158e-05,0,0,0,0,0,0
0,511,40,-55.622276306152344,51.592906951904297,0,0.99963629245758057,0.00069085642462596297,0.00011781143984990194,0,0,0,0,0,0
0,767,60,-55.608467102050781,51.595348358154297,0,0.99946725368499756,-0.001754188328050077,0.0011490004835650325,0,0,0,0,0,0
0,1023,80,-55.643707275390625,51.618129730224609,0,0.99922722578048706,-0.0013047669781371951,0.0012386573944240808,0,0,0,0,0,0
0,1279,100,-55.669971466064453,51.642765045166016,0,0.99897980690002441,-0.00095936754951253533,0.00079998787259683013,0,0,0,0,0,0
0,1535,120,-55.689273834228516,51.658664703369141,0,0.99881374835968018,-6.3760970078874379e-05,0.00048801561933942139,0,0,0,0,0,0
0,1791,140,-55.690608978271484,51.668430328369141,0,0.99870407581329346,0.00016211875481531024,-0.0010893956059589982,0,0,0,0,0,0
0,2047,160,-55.687232971191406,51.646633148193359,0,0.99857330322265625,0.00031901846523396671,-0.0010502079967409372,0,0,0,0,0,0
0,2303,180,-55.680717468261719,51.625637054443359,0,0.99840849637985229,0.00079999264562502503,-0.00030033010989427567,0,0,0,0,0,0
