particle_id,geometry_id,tx,ty,tz,tt,tpx,tpy,tpz,te,deltapx,deltapy,deltapz,deltae,index
0,255,20,-524.84271240234375,-53.516620635986328,0,0.99981206655502319,-6.3861596572678536e-05,0.00016693712677806616,0,0,0,0,0,0
0,511,40,-524.843994140625,-53.513290405273438,0,0.99966216087341309,-8.7497654021717608e-05,0.00016131115262396634,0,0,0,0,0,0
0,767,60,-524.84576416015625,-53.510074615478516,0,0.99948042631149292,0.00048778761993162334,0.0015455371467396617,0,0,0,0,0,0
0,1023,80,-524.836181640625,-53.479091644287109,0,0.99911963939666748,0.0017609575297683477,0.0026506339199841022,0,0,0,0,0,0
0,1279,100,-524.80126953125,-53.425823211669922,0,0.99898433685302734,0.0016724099405109882,0.0032126146834343672,0,0,0,0,0,0
0,1535,120,-524.7681884765625,-53.361305236816406,0,0.99883455038070679,-0.00015863936278037727,0.0035851802676916122,0,0,0,0,0,0
0,1791,140,-524.77178955078125,-53.289539337158203,0,0.99862194061279297,-0.00069111096672713757,0.0029165681917220354,0,0,0,0,0,0
0,2047,160,-524.7860107421875,-53.231212615966797,0,0.99846571683883667,-0.00031055189901962876,0.0029384884983301163,0,0,0,0,0,0
0,2303,180,-524.7926025390625,-53.172389984130859,0,0.99801385402679443,3.3071290090447292e-05,0.0020126171875745058,0,0,0,0,0,0
