particle_id,geometry_id,tx,ty,tz,tt,tpx,tpy,tpz,te,deltapx,deltapy,deltapz,deltae,index
0,255,20,-113.25087738037109,282.11285400390625,0,0.99986648559570312,-1.847207204264123e-05,7.8230568760773167e-06,0,0,0,0,0,0
0,511,40,-113.25125122070312,282.11300659179688,0,0.99970877170562744,0.0022427283693104982,0.0032860960345715284,0,0,0,0,0,0
0,767,60,-113.20677947998047,282.17901611328125,0,0.99955743551254272,0.002398523036390543,0.0029226443730294704,0,0,0,0,0,0
0,1023,80,-113.15914154052734,282.23779296875,0,0.99931073188781738,0.002166444668546319,0.0027828987222164869,0,0,0,0,0,0
0,1279,100,-113.11611938476562,282.29376220703125,0,0.99917101860046387,0.0020488176960498095,0.0031596168410032988,0,0,0,0,0,0
0,1535,120,-113.07549285888672,282.35723876953125,0,0.99897277355194092,0.0014602300943806767,0.0025324651505798101,0,0,0,0,0,0
0,1791,140,-113.04656219482422,282.40811157226562,0,0.99881255626678467,0.0012938779545947909,0.0030670345295220613,0,0,0,0,0,0
0,2047,160,-113.02102661132812,282.46966552734375,0,0.99855965375900269,0.00067115691490471363,0.0022212020121514797,0,0,0,0,0,0
0,2303,180,-113.00785064697266,282.51422119140625,0,0.99841815233230591,-9.7093970907735638e-06,0.0023168176412582397,0,0,0,0,0,0
