particle_id,particle_type,process,vx,vy,vz,vt,px,py,pz,m,q
0,0,0,0,-179.16488647460938,55.974693298339844,0,1,0,-4.3711388286737929e-08,0,-1
