measurement_id,geometry_id,local_key,local0,local1,phi,theta,time,var_local0,var_local1,var_phi,var_theta,var_time
0,255,unknown,-127.82431030273438,-40.345191955566406,0.00059084210079163313,1.5709465742111206,0,0.0025000001769512892,0.0025000001769512892,0,0,0
1,511,unknown,-127.80828094482422,-40.377342224121094,0.0021736524067819118,1.5724010467529297,0,0.0025000001769512892,0.0025000001769512892,0,0,0
2,767,unknown,-127.71712493896484,-40.3785400390625,0.0030216085724532604,1.5718032121658325,0,0.0025000001769512892,0.0025000001769512892,0,0,0
3,1023,unknown,-127.70979309082031,-40.377239227294922,0.0032787991221994162,1.5717051029205322,0,0.0025000001769512892,0.0025000001769512892,0,0,0
4,1279,unknown,-127.60673522949219,-40.435840606689453,0.0031510337721556425,1.5718036890029907,0,0.0025000001769512892,0.0025000001769512892,0,0,0
5,1535,unknown,-127.55412292480469,-40.412654876708984,0.0028334958478808403,1.5710582733154297,0,0.0025000001769512892,0.0025000001769512892,0,0,0
6,1791,unknown,-127.55056762695312,-40.459590911865234,0.0038601970300078392,1.5711386203765869,0,0.0025000001769512892,0.0025000001769512892,0,0,0
7,2047,unknown,-127.45654296875,-40.542686462402344,0.0029161230195313692,1.5734831094741821,0,0.0025000001769512892,0.0025000001769512892,0,0,0
8,2303,unknown,-127.38768005371094,-40.521785736083984,0.0033409418538212776,1.5749309062957764,0,0.0025000001769512892,0.0025000001769512892,0,0,0
