particle_id,geometry_id,tx,ty,tz,tt,tpx,tpy,tpz,te,deltapx,deltapy,deltapz,deltae,index
0,255,20,109.23869323730469,69.130302429199219,0,0.99988037347793579,-0.0017191029619425535,-0.0019575890619307756,0,0,0,0,0,0
0,511,40,109.20454406738281,69.0909423828125,0,0.9997328519821167,3.7941343180136755e-05,-0.0017134594963863492,0,0,0,0,0,0
0,767,60,109.20550537109375,69.056671142578125,0,0.99958103895187378,-0.00023639446590095758,-0.0020108604803681374,0,0,0,0,0,0
0,1023,80,109.20101928710938,69.016410827636719,0,0.99922847747802734,-0.00012083901674486697,-0.0012019380228593946,0,0,0,0,0,0
0,1279,100,109.19874572753906,68.992340087890625,0,0.99582183361053467,-0.00079038384137675166,-0.001965666888281703,0,0,0,0,0,0
0,1535,120,109.18311309814453,68.952766418457031,0,0.99108904600143433,-0.00024750060401856899,-0.0016621373360976577,0,0,0,0,0,0
0,1791,140,109.17832183837891,68.919197082519531,0,0.99088156223297119,4.4600551518669818e-06,-0.0027285569813102484,0,0,0,0,0,0
0,2047,160,109.17874145507812,68.864128112792969,0,0.99071097373962402,0.00021635173470713198,-0.0026610048953443766,0,0,0,0,0,0
0,2303,180,109.18343353271484,68.810440063476562,0,0.99055308103561401,0.00016555403999518603,-0.002856127917766571,0,0,0,0,0,0
