measurement_id,geometry_id,local_key,local0,local1,phi,theta,time,var_local0,var_local1,var_phi,var_theta,var_time
0,255,unknown,-18.11772346496582,55.058135986328125,-0.0010182288242504001,1.5694762468338013,0,0.0025000001769512892,0.0025000001769512892,0,0,0
1,511,unknown,-18.045372009277344,55.162796020507812,-0.0010381373576819897,1.5694413185119629,0,0.0025000001769512892,0.0025000001769512892,0,0,0
2,767,unknown,-17.903158187866211,55.151950836181641,-0.0010559366783127189,1.5690939426422119,0,0.0025000001769512892,0.0025000001769512892,0,0,0
3,1023,unknown,-18.18663215637207,55.225963592529297,-0.0012912913225591183,1.5693771839141846,0,0.0025000001769512892,0.0025000001769512892,0,0,0
4,1279,unknown,-18.111721038818359,55.219554901123047,-0.0020076942164450884,1.5680986642837524,0,0.0025000001769512892,0.0025000001769512892,0,0,0
5,1535,unknown,-18.15583610534668,55.268379211425781,-0.0022270770277827978,1.5679653882980347,0,0.0025000001769512892,0.0025000001769512892,0,0,0
6,1791,unknown,-18.246137619018555,55.329494476318359,-0.0030890121124684811,1.5690401792526245,0,0.0025000001769512892,0.0025000001769512892,0,0,0
7,2047,unknown,-18.266696929931641,55.362461090087891,-0.0031381389126181602,1.5691193342208862,0,0.0025000001769512892,0.0025000001769512892,0,0,0
8,2303,unknown,-18.281457901000977,55.273818969726562,-0.0050394521094858646,1.5693141222000122,0,0.0025000001769512892,0.0025000001769512892,0,0,0
