measurement_id,geometry_id,local_key,local0,local1,phi,theta,time,var_local0,var_local1,var_phi,var_theta,var_time
0,255,unknown,86.865562438964844,-242.16926574707031,-3.9573751564603299e-06,1.5708304643630981,0,0.0025000001769512892,0.0025000001769512892,0,0,0
1,511,unknown,86.77886962890625,-242.10787963867188,-0.00054151006042957306,1.569057822227478,0,0.0025000001769512892,0.0025000001769512892,0,0,0
2,767,unknown,86.9083251953125,-242.03338623046875,-0.00079570285743102431,1.5687663555145264,0,0.0025000001769512892,0.0025000001769512892,0,0,0
3,1023,unknown,86.836143493652344,-242.03907775878906,-0.0011614024406298995,1.5691251754760742,0,0.0025000001769512892,0.0025000001769512892,0,0,0
4,1279,unknown,86.843948364257812,-241.95994567871094,-0.0017331595299765468,1.5682257413864136,0,0.0025000001769512892,0.0025000001769512892,0,0,0
5,1535,unknown,86.808868408203125,-241.93836975097656,-0.0018830035114660859,1.5683493614196777,0,0.0025000001769512892,0.0025000001769512892,0,0,0
6,1791,unknown,86.789390563964844,-241.92692565917969,-0.0022732610814273357,1.5687530040740967,0,0.0025000001769512892,0.0025000001769512892,0,0,0
7,2047,unknown,86.647430419921875,-241.90658569335938,-0.0019877040758728981,1.5677680969238281,0,0.0025000001769512892,0.0025000001769512892,0,0,0
8,2303,unknown,86.606163024902344,-241.75279235839844,-0.0012873354135081172,1.5677603483200073,0,0.0025000001769512892,0.0025000001769512892,0,0,0
