measurement_id,geometry_id,local_key,local0,local1,phi,theta,time,var_local0,var_local1,var_phi,var_theta,var_time
0,255,unknown,-37.759223937988281,138.11161804199219,-0.00024286493135150522,1.5707288980484009,0,0.0025000001769512892,0.0025000001769512892,0,0,0
1,511,unknown,-37.810825347900391,138.18791198730469,7.1504313382320106e-05,1.5716674327850342,0,0.0025000001769512892,0.0025000001769512892,0,0,0
2,767,unknown,-37.824508666992188,138.10940551757812,2.9087777875247411e-05,1.5717387199401855,0,0.0025000001769512892,0.0025000001769512892,0,0,0
3,1023,unknown,-37.831279754638672,138.117919921875,-0.00032524912967346609,1.5716478824615479,0,0.0025000001769512892,0.0025000001769512892,0,0,0
4,1279,unknown,-37.787349700927734,138.09271240234375,-0.0011105781886726618,1.5714712142944336,0,0.0025000001769512892,0.0025000001769512892,0,0,0
5,1535,unknown,-37.8043212890625,138.06578063964844,-0.0018851329805329442,1.5720897912979126,0,0.0025000001769512892,0.0025000001769512892,0,0,0
6,1791,unknown,-37.823631286621094,138.07820129394531,-0.0025500236079096794,1.5718251466751099,0,0.0025000001769512892,0.0025000001769512892,0,0,0
7,2047,unknown,-37.884296417236328,138.01853942871094,-0.0022448126692324877,1.5724122524261475,0,0.0025000001769512892,0.0025000001769512892,0,0,0
8,2303,unknown,-37.940380096435547,138.01167297363281,-0.0017851223237812519,1.5728132724761963,0,0.0025000001769512892,0.0025000001769512892,0,0,0
