particle_id,geometry_id,tx,ty,tz,tt,tpx,tpy,tpz,te,deltapx,deltapy,deltapz,deltae,index
0,255,20,72.535690307617188,116.05345153808594,0,0.99982047080993652,0.00020952803606633097,0.00038672101800329983,0,0,0,0,0,0
0,511,40,72.539833068847656,116.06121063232422,0,0.99964982271194458,0.00056693382794037461,0.0001474857417633757,0,0,0,0,0,0
0,767,60,72.551155090332031,116.06423187255859,0,0.99950110912322998,0.00083931413246318698,4.7497105697402731e-05,0,0,0,0,0,0
0,1023,80,72.567947387695312,116.06528472900391,0,0.99936801195144653,0.00082763464888557792,0.00017913384363055229,0,0,0,0,0,0
0,1279,100,72.584487915039062,116.0689697265625,0,0.99919378757476807,0.0010279847774654627,6.5468608227092773e-05,0,0,0,0,0,0
0,1535,120,72.605056762695312,116.07040405273438,0,0.99905794858932495,0.00085447996389120817,0.0001795546559151262,0,0,0,0,0,0
0,1791,140,72.622138977050781,116.07410430908203,0,0.99890929460525513,0.001064521842636168,0.00060940446564927697,0,0,0,0,0,0
0,2047,160,72.643379211425781,116.08643341064453,0,0.99874824285507202,0.0020256906282156706,0.00094529561465606093,0,0,0,0,0,0
0,2303,180,72.683830261230469,116.10560607910156,0,0.99850314855575562,0.0027583939954638481,0.0010733811650425196,0,0,0,0,0,0
