particle_id,geometry_id,tx,ty,tz,tt,tpx,tpy,tpz,te,deltapx,deltapy,deltapz,deltae,index
0,255,20,-185.62657165527344,76.276573181152344,0,0.99970799684524536,-0.00013690699415747076,0.00013986714475322515,0,0,0,0,0,0
0,511,40,-185.62933349609375,76.27935791015625,0,0.9986412525177002,-0.00026402276125736535,5.5670494475634769e-05,0,0,0,0,0,0
0,767,60,-185.63462829589844,76.280441284179688,0,0.99845856428146362,-0.0011332279536873102,-0.0013774089748039842,0,0,0,0,0,0
0,1023,80,-185.65716552734375,76.252716064453125,0,0.99823969602584839,-0.00031310817576013505,-0.0011881347745656967,0,0,0,0,0,0
0,1279,100,-185.66329956054688,76.228874206542969,0,0.99811094999313354,0.00046005519106984138,-0.0017794528976082802,0,0,0,0,0,0
0,1535,120,-185.65386962890625,76.193275451660156,0,0.99793845415115356,5.6082794799294788e-06,-0.00099564972333610058,0,0,0,0,0,0
0,1791,140,-185.65364074707031,76.173324584960938,0,0.99777930974960327,-0.001328206155449152,-0.00093019119231030345,0,0,0,0,0,0
0,2047,160,-185.68014526367188,76.154518127441406,0,0.99757951498031616,-0.00038089396548457444,0.00041130330646410584,0,0,0,0,0,0
0,2303,180,-185.68783569335938,76.1627197265625,0,0.99739110469818115,-0.00038595832302235067,0.00040694526978768408,0,0,0,0,0,0
