particle_id,particle_type,process,vx,vy,vz,vt,px,py,pz,m,q
0,0,0,0,-335.5081787109375,-204.46560668945312,0,1,0,-4.3711388286737929e-08,0,-1
