particle_id,geometry_id,tx,ty,tz,tt,tpx,tpy,tpz,te,deltapx,deltapy,deltapz,deltae,index
0,255,20,-147.46902465820312,-227.22723388671875,0,0.9998435378074646,-0.00034242501715198159,-0.00017847209528554231,0,0,0,0,0,0
0,511,40,-147.47584533691406,-227.23085021972656,0,0.99969732761383057,-0.00042403931729495525,-0.00044956512283533812,0,0,0,0,0,0
0,767,60,-147.48426818847656,-227.23989868164062,0,0.99952578544616699,-0.00031636966741643846,-0.00034701655386015773,0,0,0,0,0,0
0,1023,80,-147.49055480957031,-227.24688720703125,0,0.99940735101699829,-0.0003480995655991137,-0.00047207102761603892,0,0,0,0,0,0
0,1279,100,-147.49746704101562,-227.25637817382812,0,0.99909830093383789,-0.00070085644256323576,-0.0011849883012473583,0,0,0,0,0,0
0,1535,120,-147.5113525390625,-227.28018188476562,0,0.99894428253173828,-0.0019809298682957888,-0.00053663476137444377,0,0,0,0,0,0
0,1791,140,-147.55094909667969,-227.29116821289062,0,0.99812251329421997,-0.0022959650959819555,-0.00084091635653749108,0,0,0,0,0,0
0,2047,160,-147.59684753417969,-227.30828857421875,0,0.99788755178451538,-0.0011969670886173844,0.00010154612391488627,0,0,0,0,0,0
0,2303,180,-147.620849609375,-227.306396484375,0,0.99762147665023804,-0.0012864278396591544,-0.0013621022226288915,0,0,0,0,0,0
