particle_id,geometry_id,tx,ty,tz,tt,tpx,tpy,tpz,te,deltapx,deltapy,deltapz,deltae,index
0,255,20,200.16204833984375,-22.032604217529297,0,0.99987143278121948,0.00061643694061785936,0.0012150203110650182,0,0,0,0,0,0
0,511,40,200.17424011230469,-22.00822639465332,0,0.99970012903213501,0.00011076797818532214,0.0035555139183998108,0,0,0,0,0,0
0,767,60,200.176025390625,-21.937082290649414,0,0.99950182437896729,1.2376218364806846e-05,0.0019997709896415472,0,0,0,0,0,0
0,1023,80,200.176025390625,-21.897066116333008,0,0.9992220401763916,-0.00050053559243679047,0.0027972972020506859,0,0,0,0,0,0
0,1279,100,200.16566467285156,-21.84113883972168,0,0.99905931949615479,-0.00052532233530655503,0.0025630518794059753,0,0,0,0,0,0
0,1535,120,200.15484619140625,-21.789894104003906,0,0.99880290031433105,-0.0014002891257405281,0.0035581605043262243,0,0,0,0,0,0
0,1791,140,200.12637329101562,-21.718814849853516,0,0.99860316514968872,-0.00041772561962716281,0.0027452087961137295,0,0,0,0,0,0
0,2047,160,200.11767578125,-21.663885116577148,0,0.99846136569976807,-0.0012273453176021576,0.002272523008286953,0,0,0,0,0,0
0,2303,180,200.09281921386719,-21.618513107299805,0,0.99830305576324463,-0.0014371656579896808,0.0020974599756300449,0,0,0,0,0,0
