measurement_id,geometry_id,local_key,local0,local1,phi,theta,time,var_local0,var_local1,var_phi,var_theta,var_time
0,255,unknown,-174.68247985839844,-2.1985046863555908,0.00037914299173280597,1.5712898969650269,0,0.0025000001769512892,0.0025000001769512892,0,0,0
1,511,unknown,-174.52928161621094,-2.1780283451080322,0.00030101969605311751,1.570963978767395,0,0.0025000001769512892,0.0025000001769512892,0,0,0
2,767,unknown,-174.615234375,-2.2705495357513428,0.00027451987261883914,1.5712618827819824,0,0.0025000001769512892,0.0025000001769512892,0,0,0
3,1023,unknown,-174.69303894042969,-2.2340428829193115,0.00013539846986532211,1.571308970451355,0,0.0025000001769512892,0.0025000001769512892,0,0,0
4,1279,unknown,-174.73469543457031,-2.1815853118896484,0.00013595577911473811,1.5713167190551758,0,0.0025000001769512892,0.0025000001769512892,0,0,0
5,1535,unknown,-174.68724060058594,-2.2055580615997314,-0.00022688113676849753,1.5712970495223999,0,0.0025000001769512892,0.0025000001769512892,0,0,0
6,1791,unknown,-174.65194702148438,-2.2760829925537109,-0.00023267438518814743,1.5712705850601196,0,0.0025000001769512892,0.0025000001769512892,0,0,0
7,2047,unknown,-174.5858154296875,-2.2476131916046143,-0.00048592156963422894,1.5707187652587891,0,0.0025000001769512892,0.0025000001769512892,0,0,0
8,2303,unknown,-174.64846801757812,-2.3041868209838867,0.0010233437642455101,1.5705994367599487,0,0.0025000001769512892,0.0025000001769512892,0,0,0
