particle_id,geometry_id,tx,ty,tz,tt,tpx,tpy,tpz,te,deltapx,deltapy,deltapz,deltae,index
0,255,20,-183.08976745605469,340.6552734375,0,0.99980247020721436,0.0023598610423505306,-0.00068643642589449883,0,0,0,0,0,0
0,511,40,-183.04248046875,340.64181518554688,0,0.99964725971221924,0.0017778711626306176,-0.00073220854392275214,0,0,0,0,0,0
0,767,60,-183.00682067871094,340.62738037109375,0,0.9995187520980835,0.0015020939754322171,-0.00061617902247235179,0,0,0,0,0,0
0,1023,80,-182.9766845703125,340.615234375,0,0.99936079978942871,0.0015984942438080907,-0.00082647113595157862,0,0,0,0,0,0
0,1279,100,-182.94459533691406,340.598876953125,0,0.9992375373840332,0.0024002469144761562,-0.00098432216327637434,0,0,0,0,0,0
0,1535,120,-182.89643859863281,340.5794677734375,0,0.99910491704940796,0.0022800371516495943,-0.00096739770378917456,0,0,0,0,0,0
0,1791,140,-182.85067749023438,340.56036376953125,0,0.99888342618942261,0.00074990588473156095,-0.0012339120730757713,0,0,0,0,0,0
0,2047,160,-182.83551025390625,340.53573608398438,0,0.99869686365127563,5.9249690821161494e-05,-0.00048006919678300619,0,0,0,0,0,0
0,2303,180,-182.83425903320312,340.526123046875,0,0.99854201078414917,0.00025440147146582603,0.00051978440023958683,0,0,0,0,0,0
