measurement_id,geometry_id,local_key,local0,local1,phi,theta,time,var_local0,var_local1,var_phi,var_theta,var_time
0,255,unknown,-111.96354675292969,105.77944946289062,0.00054427055874839425,1.5707864761352539,0,0.0025000001769512892,0.0025000001769512892,0,0,0
1,511,unknown,-112.06455230712891,105.71475219726562,-8.0055171565618366e-05,1.5699732303619385,0,0.0025000001769512892,0.0025000001769512892,0,0,0
2,767,unknown,-111.96706390380859,105.80740356445312,0.00048867985606193542,1.5698083639144897,0,0.0025000001769512892,0.0025000001769512892,0,0,0
3,1023,unknown,-111.928466796875,105.76272583007812,0.00065056915627792478,1.5691908597946167,0,0.0025000001769512892,0.0025000001769512892,0,0,0
4,1279,unknown,-111.93479919433594,105.78404235839844,0.00070836208760738373,1.5694707632064819,0,0.0025000001769512892,0.0025000001769512892,0,0,0
5,1535,unknown,-111.97484588623047,105.87621307373047,0.002075236989185214,1.5667709112167358,0,0.0025000001769512892,0.0025000001769512892,0,0,0
6,1791,unknown,-111.88628387451172,105.82720947265625,0.0023138765245676041,1.5663046836853027,0,0.0025000001769512892,0.0025000001769512892,0,0,0
7,2047,unknown,-111.84609222412109,106.05968475341797,0.0031243367120623589,1.5670596361160278,0,0.0025000001769512892,0.0025000001769512892,0,0,0
8,2303,unknown,-111.81429290771484,106.21610260009766,0.003178679384291172,1.5669119358062744,0,0.0025000001769512892,0.0025000001769512892,0,0,0
