particle_id,geometry_id,tx,ty,tz,tt,tpx,tpy,tpz,te,deltapx,deltapy,deltapz,deltae,index
0,255,20,279.36453247070312,18.539054870605469,0,0.99981933832168579,0.0023721735924482346,-0.0018524670740589499,0,0,0,0,0,0
0,511,40,279.41220092773438,18.502285003662109,0,0.99963212013244629,0.00403941934928298,-0.001971416175365448,0,0,0,0,0,0
0,767,60,279.49325561523438,18.463327407836914,0,0.99947226047515869,0.0052252043969929218,-0.0024075531400740147,0,0,0,0,0,0
0,1023,80,279.59811401367188,18.415779113769531,0,0.99929523468017578,0.0053660641424357891,-0.0023858046624809504,0,0,0,0,0,0
0,1279,100,279.70578002929688,18.368675231933594,0,0.99911409616470337,0.0055260453373193741,-0.0029954370111227036,0,0,0,0,0,0
0,1535,120,279.81674194335938,18.309379577636719,0,0.99892032146453857,0.0056416774168610573,-0.0021424600854516029,0,0,0,0,0,0
0,1791,140,279.92996215820312,18.267162322998047,0,0.99877816438674927,0.0063155810348689556,-0.0018864087760448456,0,0,0,0,0,0
0,2047,160,280.056640625,18.230148315429688,0,0.99827593564987183,0.0063867117278277874,-0.0018289329018443823,0,0,0,0,0,0
0,2303,180,280.184814453125,18.194276809692383,0,0.99815130233764648,0.0061937733553349972,-0.0014714897843077779,0,0,0,0,0,0
