particle_id,geometry_id,tx,ty,tz,tt,tpx,tpy,tpz,te,deltapx,deltapy,deltapz,deltae,index
0,255,20,170.39222717285156,-112.83773040771484,0,0.99982625246047974,0.0010724117746576667,-0.0002435461210552603,0,0,0,0,0,0
0,511,40,170.41371154785156,-112.84247589111328,0,0.99964028596878052,0.00076964567415416241,0.00050474540330469608,0,0,0,0,0,0
0,767,60,170.42904663085938,-112.83228302001953,0,0.99948430061340332,0.0014503364218398929,0.00052420730935409665,0,0,0,0,0,0
0,1023,80,170.4580078125,-112.82161712646484,0,0.9989655613899231,0.00054903101408854127,0.00052715011406689882,0,0,0,0,0,0
0,1279,100,170.46893310546875,-112.81099700927734,0,0.99863606691360474,-0.00082277698675170541,-0.0015476524131372571,0,0,0,0,0,0
0,1535,120,170.45263671875,-112.84208679199219,0,0.99564623832702637,-0.00062598241493105888,-0.0015554811106994748,0,0,0,0,0,0
0,1791,140,170.44024658203125,-112.87340545654297,0,0.99548274278640747,-0.00060307048261165619,-0.0018130982061848044,0,0,0,0,0,0
0,2047,160,170.4283447265625,-112.90990447998047,0,0.99524837732315063,-0.0023699048906564713,-0.0021328956354409456,0,0,0,0,0,0
0,2303,180,170.3809814453125,-112.95304870605469,0,0.99496465921401978,-0.0029715329874306917,-0.0023539732210338116,0,0,0,0,0,0
