measurement_id,geometry_id,local_key,local0,local1,phi,theta,time,var_local0,var_local1,var_phi,var_theta,var_time
0,255,unknown,107.19965362548828,108.97383880615234,-8.6747233581263572e-05,1.5703109502792358,0,0.0025000001769512892,0.0025000001769512892,0,0,0
1,511,unknown,107.12574005126953,108.87486267089844,-2.0317153030191548e-05,1.5703015327453613,0,0.0025000001769512892,0.0025000001769512892,0,0,0
2,767,unknown,107.28815460205078,108.79582977294922,0.0022223016712814569,1.5707515478134155,0,0.0025000001769512892,0.0025000001769512892,0,0,0
3,1023,unknown,107.34022521972656,108.87743377685547,0.0022456548176705837,1.5707287788391113,0,0.0025000001769512892,0.0025000001769512892,0,0,0
4,1279,unknown,107.39395904541016,108.95086669921875,0.0026422177907079458,1.5709472894668579,0,0.0025000001769512892,0.0025000001769512892,0,0,0
5,1535,unknown,107.33448028564453,108.86615753173828,0.0023729442618787289,1.5709642171859741,0,0.0025000001769512892,0.0025000001769512892,0,0,0
6,1791,unknown,107.44463348388672,108.83846282958984,0.0016988093266263604,1.5710338354110718,0,0.0025000001769512892,0.0025000001769512892,0,0,0
7,2047,unknown,107.46757507324219,108.91815185546875,0.0011194507824257016,1.5694453716278076,0,0.0025000001769512892,0.0025000001769512892,0,0,0
8,2303,unknown,107.49842834472656,108.85185241699219,0.0013817064464092255,1.5691951513290405,0,0.0025000001769512892,0.0025000001769512892,0,0,0
