particle_id,particle_type,process,vx,vy,vz,vt,px,py,pz,m,q
0,0,0,0,102.28788757324219,209.39910888671875,0,1,0,-4.3711388286737929e-08,0,-1
