particle_id,geometry_id,tx,ty,tz,tt,tpx,tpy,tpz,te,deltapx,deltapy,deltapz,deltae,index
0,255,20,-146.27354431152344,153.993408203125,0,0.99986064434051514,0.00040650152368471026,-0.0011656294809654355,0,0,0,0,0,0
0,511,40,-146.26527404785156,153.97013854980469,0,0.99972957372665405,-7.3169554525520653e-05,-0.0023301977198570967,0,0,0,0,0,0
0,767,60,-146.26646423339844,153.92350769042969,0,0.99960476160049438,0.00030179801979102194,-0.0017844992689788342,0,0,0,0,0,0
0,1023,80,-146.26020812988281,153.88784790039062,0,0.99936598539352417,-2.6145094125240576e-06,-0.0029225212056189775,0,0,0,0,0,0
0,1279,100,-146.25990295410156,153.82936096191406,0,0.99921220541000366,-9.0077643108088523e-05,-0.003222006605938077,0,0,0,0,0,0
0,1535,120,-146.26132202148438,153.76486206054688,0,0.99903464317321777,0.0018560431199148297,-0.0049222558736801147,0,0,0,0,0,0
0,1791,140,-146.22357177734375,153.66654968261719,0,0.99882715940475464,0.00098521856125444174,-0.0044225533492863178,0,0,0,0,0,0
0,2047,160,-146.20330810546875,153.57810974121094,0,0.99861705303192139,0.0012032624799758196,-0.005650671198964119,0,0,0,0,0,0
0,2303,180,-146.17852783203125,153.465087890625,0,0.99848800897598267,0.0012409270275384188,-0.005469487514346838,0,0,0,0,0,0
