measurement_id,geometry_id,local_key,local0,local1,phi,theta,time,var_local0,var_local1,var_phi,var_theta,var_time
0,255,unknown,36.600147247314453,353.19436645507812,5.3168656449997798e-05,1.5707962512969971,0,0.0025000001769512892,0.0025000001769512892,0,0,0
1,511,unknown,36.594314575195312,353.16339111328125,-0.00039763515815138817,1.5704450607299805,0,0.0025000001769512892,0.0025000001769512892,0,0,0
2,767,unknown,36.5067138671875,353.21807861328125,-0.00092763325665146112,1.568844199180603,0,0.0025000001769512892,0.0025000001769512892,0,0,0
3,1023,unknown,36.483577728271484,353.20364379882812,-2.3833619707147591e-05,1.5692158937454224,0,0.0025000001769512892,0.0025000001769512892,0,0,0
4,1279,unknown,36.537548065185547,353.20050048828125,-0.00044828574755229056,1.5677189826965332,0,0.0025000001769512892,0.0025000001769512892,0,0,0
5,1535,unknown,36.424205780029297,353.32415771484375,-0.00043077411828562617,1.5676583051681519,0,0.0025000001769512892,0.0025000001769512892,0,0,0
6,1791,unknown,36.520462036132812,353.33038330078125,0.00044610467739403248,1.5667170286178589,0,0.0025000001769512892,0.0025000001769512892,0,0,0
7,2047,unknown,36.4779052734375,353.47396850585938,0.00038188125472515821,1.5666615962982178,0,0.0025000001769512892,0.0025000001769512892,0,0,0
8,2303,unknown,36.409503936767578,353.4605712890625,-0.00041039261850528419,1.5657044649124146,0,0.0025000001769512892,0.0025000001769512892,0,0,0
