particle_id,geometry_id,tx,ty,tz,tt,tpx,tpy,tpz,te,deltapx,deltapy,deltapz,deltae,index
0,255,20,-6.7959942817687988,124.0596923828125,0,0.99980109930038452,-0.00031752203358337283,-0.00037488239468075335,0,0,0,0,0,0
0,511,40,-6.8023009300231934,124.05215454101562,0,0.99966162443161011,-0.00053977116476744413,-0.00075640931027010083,0,0,0,0,0,0
0,767,60,-6.8130087852478027,124.03695678710938,0,0.99948740005493164,-0.00087832496501505375,-0.00067251635482534766,0,0,0,0,0,0
0,1023,80,-6.830502986907959,124.02339172363281,0,0.99932748079299927,-0.0026450634468346834,0.00019235051877330989,0,0,0,0,0,0
0,1279,100,-6.8834614753723145,124.02692413330078,0,0.99914747476577759,-0.0037965034134685993,0.00050521473167464137,0,0,0,0,0,0
0,1535,120,-6.9595150947570801,124.03658294677734,0,0.99899870157241821,-0.0041779032908380032,0.00075928051955997944,0,0,0,0,0,0
0,1791,140,-7.0432462692260742,124.05128479003906,0,0.99881696701049805,-0.0048165773041546345,0.00096513517200946808,0,0,0,0,0,0
0,2047,160,-7.139805793762207,124.07003021240234,0,0.99868977069854736,-0.0032374744769185781,0.00091071758652105927,0,0,0,0,0,0
0,2303,180,-7.2047481536865234,124.08787536621094,0,0.99854165315628052,-0.003714404534548521,0.0019527487456798553,0,0,0,0,0,0
