measurement_id,geometry_id,local_key,local0,local1,phi,theta,time,var_local0,var_local1,var_phi,var_theta,var_time
0,255,unknown,-439.9234619140625,-355.15322875976562,-0.00022906088270246983,1.5711292028427124,0,0.0025000001769512892,0.0025000001769512892,0,0,0
1,511,unknown,-439.94110107421875,-355.10269165039062,0.00013745455362368375,1.5726994276046753,0,0.0025000001769512892,0.0025000001769512892,0,0,0
2,767,unknown,-439.97702026367188,-355.08389282226562,0.00014262471813708544,1.5726966857910156,0,0.0025000001769512892,0.0025000001769512892,0,0,0
3,1023,unknown,-439.9473876953125,-355.27041625976562,-0.00019647198496386409,1.5739827156066895,0,0.0025000001769512892,0.0025000001769512892,0,0,0
4,1279,unknown,-439.92288208007812,-355.23965454101562,-0.00036491730134002864,1.5742033720016479,0,0.0025000001769512892,0.0025000001769512892,0,0,0
5,1535,unknown,-439.96746826171875,-355.39382934570312,-0.00051496364176273346,1.5749752521514893,0,0.0025000001769512892,0.0025000001769512892,0,0,0
6,1791,unknown,-440.05270385742188,-355.46908569335938,-0.0016948644770309329,1.5757154226303101,0,0.0025000001769512892,0.0025000001769512892,0,0,0
7,2047,unknown,-440.04763793945312,-355.5792236328125,-0.0023103705607354641,1.5753425359725952,0,0.0025000001769512892,0.0025000001769512892,0,0,0
8,2303,unknown,-440.05215454101562,-355.52023315429688,-0.002094753785058856,1.5752310752868652,0,0.0025000001769512892,0.0025000001769512892,0,0,0
