measurement_id,geometry_id,local_key,local0,local1,phi,theta,time,var_local0,var_local1,var_phi,var_theta,var_time
0,255,unknown,-212.66777038574219,-352.23544311523438,2.871542847060482e-06,1.5713514089584351,0,0.0025000001769512892,0.0025000001769512892,0,0,0
1,511,unknown,-212.62611389160156,-352.25259399414062,-0.0005927778547629714,1.5719074010848999,0,0.0025000001769512892,0.0025000001769512892,0,0,0
2,767,unknown,-212.63597106933594,-352.35455322265625,-0.0010145234409719706,1.5724029541015625,0,0.0025000001769512892,0.0025000001769512892,0,0,0
3,1023,unknown,-212.76176452636719,-352.242919921875,-0.00078988925088196993,1.571514368057251,0,0.0025000001769512892,0.0025000001769512892,0,0,0
4,1279,unknown,-212.66932678222656,-352.33120727539062,-0.00025478636962361634,1.5718268156051636,0,0.0025000001769512892,0.0025000001769512892,0,0,0
5,1535,unknown,-212.71372985839844,-352.3614501953125,-0.00032047618879005313,1.5712785720825195,0,0.0025000001769512892,0.0025000001769512892,0,0,0
6,1791,unknown,-212.73867797851562,-352.27203369140625,-7.7120945206843317e-05,1.5718092918395996,0,0.0025000001769512892,0.0025000001769512892,0,0,0
7,2047,unknown,-212.72604370117188,-352.2857666015625,-0.00056160811800509691,1.5733301639556885,0,0.0025000001769512892,0.0025000001769512892,0,0,0
8,2303,unknown,-212.7071533203125,-352.40423583984375,-0.0012517260620370507,1.5733017921447754,0,0.0025000001769512892,0.0025000001769512892,0,0,0
