particle_id,geometry_id,tx,ty,tz,tt,tpx,tpy,tpz,te,deltapx,deltapy,deltapz,deltae,index
0,255,20,80.282356262207031,-197.77531433105469,0,0.99983298778533936,5.1121060096193105e-05,1.6249472309937119e-06,0,0,0,0,0,0
0,511,40,80.283378601074219,-197.7752685546875,0,0.99701440334320068,-0.0011164610041305423,-0.001032642787322402,0,0,0,0,0,0
0,767,60,80.2611083984375,-197.79611206054688,0,0.99686914682388306,-3.4046133805532008e-05,-0.0013704620068892837,0,0,0,0,0,0
0,1023,80,80.260589599609375,-197.8236083984375,0,0.9966920018196106,0.00078769301762804389,-0.00087701715528964996,0,0,0,0,0,0
0,1279,100,80.276504516601562,-197.84111022949219,0,0.99655967950820923,0.0005095974775031209,-0.0012953117256984115,0,0,0,0,0,0
0,1535,120,80.286888122558594,-197.86705017089844,0,0.99636244773864746,0.00077733432408422232,-0.0022685443982481956,0,0,0,0,0,0
0,1791,140,80.302764892578125,-197.91249084472656,0,0.99621248245239258,0.00059045921079814434,-0.0020148912444710732,0,0,0,0,0,0
0,2047,160,80.314865112304688,-197.95286560058594,0,0.99608767032623291,0.00032128902967087924,-0.0025840136222541332,0,0,0,0,0,0
0,2303,180,80.321624755859375,-198.00471496582031,0,0.99594098329544067,0.00055181817151606083,-0.0032004176173359156,0,0,0,0,0,0
