particle_id,particle_type,process,vx,vy,vz,vt,px,py,pz,m,q
0,0,0,0,-29.226503372192383,-34.781829833984375,0,1,0,-4.3711388286737929e-08,0,-1
