measurement_id,geometry_id,local_key,local0,local1,phi,theta,time,var_local0,var_local1,var_phi,var_theta,var_time
0,255,unknown,72.988845825195312,221.24746704101562,0.0013311889488250017,1.5704621076583862,0,0.0025000001769512892,0.0025000001769512892,0,0,0
1,511,unknown,73.026420593261719,221.22245788574219,0.0019556356128305197,1.5706744194030762,0,0.0025000001769512892,0.0025000001769512892,0,0,0
2,767,unknown,73.042861938476562,221.28903198242188,0.0017622202867642045,1.5703350305557251,0,0.0025000001769512892,0.0025000001769512892,0,0,0
3,1023,unknown,72.990928649902344,221.27804565429688,0.0017586670583114028,1.5703167915344238,0,0.0025000001769512892,0.0025000001769512892,0,0,0
4,1279,unknown,73.028076171875,221.32710266113281,0.0019285393645986915,1.5687626600265503,0,0.0025000001769512892,0.0025000001769512892,0,0,0
5,1535,unknown,73.1202392578125,221.31352233886719,0.0019251700723543763,1.5684813261032104,0,0.0025000001769512892,0.0025000001769512892,0,0,0
6,1791,unknown,73.073753356933594,221.43222045898438,0.0014655521372333169,1.5677193403244019,0,0.0025000001769512892,0.0025000001769512892,0,0,0
7,2047,unknown,73.138137817382812,221.53472900390625,-0.0010204196441918612,1.5669819116592407,0,0.0025000001769512892,0.0025000001769512892,0,0,0
8,2303,unknown,73.182769775390625,221.55680847167969,-0.0013030720874667168,1.5675157308578491,0,0.0025000001769512892,0.0025000001769512892,0,0,0
