particle_id,geometry_id,tx,ty,tz,tt,tpx,tpy,tpz,te,deltapx,deltapy,deltapz,deltae,index
0,255,20,-289.87832641601562,-103.83565521240234,0,0.9998553991317749,0.00072205252945423126,-0.0018164138309657574,0,0,0,0,0,0
0,511,40,-289.86367797851562,-103.87190246582031,0,0.99971765279769897,0.00042024182039313018,-0.0019710920751094818,0,0,0,0,0,0
0,767,60,-289.85504150390625,-103.91128540039062,0,0.9994170069694519,0.0013895921874791384,-0.0011499825632199645,0,0,0,0,0,0
0,1023,80,-289.82708740234375,-103.93412780761719,0,0.9992821216583252,0.0014643165050074458,-0.0011375576723366976,0,0,0,0,0,0
0,1279,100,-289.79763793945312,-103.95671844482422,0,0.99907207489013672,0.0016958076739683747,0.0011809410061687231,0,0,0,0,0,0
0,1535,120,-289.76382446289062,-103.93287658691406,0,0.99891954660415649,0.0026877515483647585,0.0012588804820552468,0,0,0,0,0,0
0,1791,140,-289.71017456054688,-103.9073486328125,0,0.99869930744171143,0.0030464509036391973,0.0010897843167185783,0,0,0,0,0,0
0,2047,160,-289.6492919921875,-103.88516235351562,0,0.99848711490631104,0.0028690202161669731,0.0027688262052834034,0,0,0,0,0,0
0,2303,180,-289.5921630859375,-103.82936096191406,0,0.99835878610610962,0.002162126824259758,0.002640286460518837,0,0,0,0,0,0
