measurement_id,geometry_id,local_key,local0,local1,phi,theta,time,var_local0,var_local1,var_phi,var_theta,var_time
0,255,unknown,-64.563102722167969,382.03326416015625,0.0022203805856406689,1.5710239410400391,0,0.0025000001769512892,0.0025000001769512892,0,0,0
1,511,unknown,-64.441932678222656,382.05282592773438,0.0027001982089132071,1.5713273286819458,0,0.0025000001769512892,0.0025000001769512892,0,0,0
2,767,unknown,-64.455177307128906,382.02713012695312,0.0027813052292913198,1.5715807676315308,0,0.0025000001769512892,0.0025000001769512892,0,0,0
3,1023,unknown,-64.370925903320312,381.97055053710938,0.0023418979253619909,1.5710102319717407,0,0.0025000001769512892,0.0025000001769512892,0,0,0
4,1279,unknown,-64.314689636230469,382.04510498046875,0.0034598063211888075,1.5706682205200195,0,0.0025000001769512892,0.0025000001769512892,0,0,0
5,1535,unknown,-64.295433044433594,382.03543090820312,0.0020451701711863279,1.5718095302581787,0,0.0025000001769512892,0.0025000001769512892,0,0,0
6,1791,unknown,-64.235374450683594,382.00909423828125,0.00076130579691380262,1.5713189840316772,0,0.0025000001769512892,0.0025000001769512892,0,0,0
7,2047,unknown,-64.245956420898438,381.95953369140625,0.00053149915765970945,1.572388768196106,0,0.0025000001769512892,0.0025000001769512892,0,0,0
8,2303,unknown,-64.230415344238281,381.92498779296875,-2.8018035663990304e-05,1.5719655752182007,0,0.0025000001769512892,0.0025000001769512892,0,0,0
