particle_id,geometry_id,tx,ty,tz,tt,tpx,tpy,tpz,te,deltapx,deltapy,deltapz,deltae,index
0,255,20,-87.804306030273438,325.19525146484375,0,0.99962157011032104,-0.00029720956808887422,0.00048304794472642243,0,0,0,0,0,0
0,511,40,-87.810310363769531,325.20489501953125,0,0.99948084354400635,-0.00024188119277823716,0.00039183214539662004,0,0,0,0,0,0
0,767,60,-87.815200805664062,325.21270751953125,0,0.99933391809463501,0.00015592951967846602,0.00022594571055378765,0,0,0,0,0,0
0,1023,80,-87.812110900878906,325.21725463867188,0,0.99913853406906128,0.00050817237934097648,-0.0015169865218922496,0,0,0,0,0,0
0,1279,100,-87.8017578125,325.18695068359375,0,0.99894917011260986,0.0005066766170784831,-0.0015105067286640406,0,0,0,0,0,0
0,1535,120,-87.791435241699219,325.15676879882812,0,0.99871677160263062,0.0010960138170048594,-0.0014175298856571317,0,0,0,0,0,0
0,1791,140,-87.769317626953125,325.12850952148438,0,0.99842393398284912,0.00053029297851026058,-0.00049541087355464697,0,0,0,0,0,0
0,2047,160,-87.758636474609375,325.11865234375,0,0.99830883741378784,0.00034357598633505404,0.00021262311202008277,0,0,0,0,0,0
0,2303,180,-87.751777648925781,325.12295532226562,0,0.99816876649856567,0.00014872312021907419,0.0010618322994560003,0,0,0,0,0,0
