measurement_id,geometry_id,local_key,local0,local1,phi,theta,time,var_local0,var_local1,var_phi,var_theta,var_time
0,255,unknown,-342.32803344726562,-24.507081985473633,-0.00029773754067718983,1.570081353187561,0,0.0025000001769512892,0.0025000001769512892,0,0,0
1,511,unknown,-342.41891479492188,-24.437318801879883,-0.00040980480844154954,1.5702437162399292,0,0.0025000001769512892,0.0025000001769512892,0,0,0
2,767,unknown,-342.29922485351562,-24.379867553710938,-0.00049727619625627995,1.5701656341552734,0,0.0025000001769512892,0.0025000001769512892,0,0,0
3,1023,unknown,-342.36361694335938,-24.451543807983398,-0.00094354926841333508,1.5704513788223267,0,0.0025000001769512892,0.0025000001769512892,0,0,0
4,1279,unknown,-342.42672729492188,-24.491792678833008,-0.0011388378916308284,1.5711734294891357,0,0.0025000001769512892,0.0025000001769512892,0,0,0
5,1535,unknown,-342.4097900390625,-24.414548873901367,-0.0016917895991355181,1.571287989616394,0,0.0025000001769512892,0.0025000001769512892,0,0,0
6,1791,unknown,-342.41827392578125,-24.440361022949219,-0.0019373437389731407,1.5709553956985474,0,0.0025000001769512892,0.0025000001769512892,0,0,0
7,2047,unknown,-342.46347045898438,-24.461633682250977,-0.0039296932518482208,1.5704153776168823,0,0.0025000001769512892,0.0025000001769512892,0,0,0
8,2303,unknown,-342.5947265625,-24.415597915649414,-0.00410444475710392,1.5707149505615234,0,0.0025000001769512892,0.0025000001769512892,0,0,0
