particle_id,geometry_id,tx,ty,tz,tt,tpx,tpy,tpz,te,deltapx,deltapy,deltapz,deltae,index
0,255,20,-84.785049438476562,155.71279907226562,0,0.99984616041183472,-7.3785377026069909e-05,0.00060580397257581353,0,0,0,0,0,0
0,511,40,-84.786598205566406,155.72491455078125,0,0.9988742470741272,-0.00042836676584556699,0.00097863492555916309,0,0,0,0,0,0
0,767,60,-84.795295715332031,155.74446105957031,0,0.99867773056030273,0.0002448792802169919,0.00095356057863682508,0,0,0,0,0,0
0,1023,80,-84.790504455566406,155.76358032226562,0,0.99853700399398804,0.00024292871239595115,0.0010260374983772635,0,0,0,0,0,0
0,1279,100,-84.785758972167969,155.78416442871094,0,0.99760204553604126,0.0010485148523002863,0.0011430494487285614,0,0,0,0,0,0
0,1535,120,-84.764877319335938,155.80720520019531,0,0.99747556447982788,0.0011079064570367336,0.0011797663755714893,0,0,0,0,0,0
0,1791,140,-84.742805480957031,155.83099365234375,0,0.99724328517913818,-0.00078543636482208967,0.0018409451004117727,0,0,0,0,0,0
0,2047,160,-84.758781433105469,155.86781311035156,0,0.997078537940979,-0.0017016064375638962,0.0019889823161065578,0,0,0,0,0,0
0,2303,180,-84.79315185546875,155.90750122070312,0,0.9968751072883606,0.00017857564671430737,0.0020905360579490662,0,0,0,0,0,0
