measurement_id,geometry_id,local_key,local0,local1,phi,theta,time,var_local0,var_local1,var_phi,var_theta,var_time
0,255,unknown,-226.36874389648438,-167.99392700195312,-0.00083338108379393816,1.5718039274215698,0,0.0025000001769512892,0.0025000001769512892,0,0,0
1,511,unknown,-226.32955932617188,-168.02775573730469,-0.00093463622033596039,1.5721842050552368,0,0.0025000001769512892,0.0025000001769512892,0,0,0
2,767,unknown,-226.34736633300781,-168.11761474609375,-0.00052396906539797783,1.5718256235122681,0,0.0025000001769512892,0.0025000001769512892,0,0,0
3,1023,unknown,-226.42292785644531,-168.08148193359375,-0.0005481546395458281,1.5703282356262207,0,0.0025000001769512892,0.0025000001769512892,0,0,0
4,1279,unknown,-226.50633239746094,-168.0870361328125,-0.0010101369116455317,1.5704144239425659,0,0.0025000001769512892,0.0025000001769512892,0,0,0
5,1535,unknown,-226.40390014648438,-168.07933044433594,-0.000176787274540402,1.5719847679138184,0,0.0025000001769512892,0.0025000001769512892,0,0,0
6,1791,unknown,-226.45062255859375,-168.14801025390625,-0.00016404599591623992,1.572034478187561,0,0.0025000001769512892,0.0025000001769512892,0,0,0
7,2047,unknown,-226.53799438476562,-168.09370422363281,-0.0015086170751601458,1.5727685689926147,0,0.0025000001769512892,0.0025000001769512892,0,0,0
8,2303,unknown,-226.57504272460938,-168.11544799804688,-0.0010726343607529998,1.5727593898773193,0,0.0025000001769512892,0.0025000001769512892,0,0,0
