measurement_id,geometry_id,local_key,local0,local1,phi,theta,time,var_local0,var_local1,var_phi,var_theta,var_time
0,255,unknown,36.415401458740234,-171.49916076660156,5.5103391787270084e-05,1.5721460580825806,0,0.0025000001769512892,0.0025000001769512892,0,0,0
1,511,unknown,36.411170959472656,-171.53443908691406,0.00067723140818998218,1.5725233554840088,0,0.0025000001769512892,0.0025000001769512892,0,0,0
2,767,unknown,36.468238830566406,-171.55305480957031,0.00060996349202468991,1.57077956199646,0,0.0025000001769512892,0.0025000001769512892,0,0,0
3,1023,unknown,36.461357116699219,-171.56077575683594,0.00024369287712033838,1.5710127353668213,0,0.0025000001769512892,0.0025000001769512892,0,0,0
4,1279,unknown,36.44317626953125,-171.51942443847656,0.00032978376839309931,1.5710380077362061,0,0.0025000001769512892,0.0025000001769512892,0,0,0
5,1535,unknown,36.431941986083984,-171.47308349609375,-0.00029136656667105854,1.5718280076980591,0,0.0025000001769512892,0.0025000001769512892,0,0,0
6,1791,unknown,36.440853118896484,-171.44244384765625,-0.00061086658388376236,1.5701745748519897,0,0.0025000001769512892,0.0025000001769512892,0,0,0
7,2047,unknown,36.438556671142578,-171.56425476074219,0.0011180670699104667,1.5719058513641357,0,0.0025000001769512892,0.0025000001769512892,0,0,0
8,2303,unknown,36.544071197509766,-171.53071594238281,0.0017919386737048626,1.5713326930999756,0,0.0025000001769512892,0.0025000001769512892,0,0,0
