particle_id,particle_type,process,vx,vy,vz,vt,px,py,pz,m,q
0,0,0,0,-130.66452026367188,-114.13004302978516,0,1,0,-4.3711388286737929e-08,0,-1
