particle_id,geometry_id,tx,ty,tz,tt,tpx,tpy,tpz,te,deltapx,deltapy,deltapz,deltae,index
0,255,20,12.934745788574219,129.33355712890625,0,0.99953043460845947,3.4501263144193217e-05,0.00048836576752364635,0,0,0,0,0,0
0,511,40,12.93537712097168,129.34333801269531,0,0.9993554949760437,-4.5522305299527943e-05,0.00049340300029143691,0,0,0,0,0,0
0,767,60,12.934407234191895,129.35321044921875,0,0.99919319152832031,-5.0022921641357243e-05,0.00034466967917978764,0,0,0,0,0,0
0,1023,80,12.933364868164062,129.360107421875,0,0.99898737668991089,0.000153411237988621,0.00010880328773055226,0,0,0,0,0,0
0,1279,100,12.936423301696777,129.3623046875,0,0.99884551763534546,-0.00084689573850482702,-0.0021103546023368835,0,0,0,0,0,0
0,1535,120,12.919719696044922,129.3199462890625,0,0.9987107515335083,-0.0010648119496181607,-0.0021828138269484043,0,0,0,0,0,0
0,1791,140,12.898658752441406,129.27610778808594,0,0.99855822324752808,0.0008537859539501369,-0.0024954311084002256,0,0,0,0,0,0
0,2047,160,12.916058540344238,129.22622680664062,0,0.99836331605911255,0.0012022850569337606,-0.0023897357750684023,0,0,0,0,0,0
0,2303,180,12.940430641174316,129.17849731445312,0,0.99820929765701294,0.0012489348882809281,-0.0022370517253875732,0,0,0,0,0,0
