particle_id,particle_type,process,vx,vy,vz,vt,px,py,pz,m,q
0,0,0,0,258.57672119140625,-319.55081176757812,0,1,0,-4.3711388286737929e-08,0,-1
