measurement_id,geometry_id,local_key,local0,local1,phi,theta,time,var_local0,var_local1,var_phi,var_theta,var_time
0,255,unknown,-206.15219116210938,-25.921417236328125,0.00050505890976637602,1.5709781646728516,0,0.0025000001769512892,0.0025000001769512892,0,0,0
1,511,unknown,-206.06825256347656,-25.997940063476562,0.00051801162771880627,1.5709689855575562,0,0.0025000001769512892,0.0025000001769512892,0,0,0
2,767,unknown,-206.11767578125,-26.085464477539062,0.0005253429408185184,1.5708616971969604,0,0.0025000001769512892,0.0025000001769512892,0,0,0
3,1023,unknown,-206.08297729492188,-25.94781494140625,0.00061827799072489142,1.5706723928451538,0,0.0025000001769512892,0.0025000001769512892,0,0,0
4,1279,unknown,-206.07357788085938,-26.001474380493164,0.00064642837969586253,1.570608377456665,0,0.0025000001769512892,0.0025000001769512892,0,0,0
5,1535,unknown,-206.15850830078125,-25.883277893066406,0.0012330531608313322,1.5690432786941528,0,0.0025000001769512892,0.0025000001769512892,0,0,0
6,1791,unknown,-206.08554077148438,-25.9683837890625,0.0012976350262761116,1.5692955255508423,0,0.0025000001769512892,0.0025000001769512892,0,0,0
7,2047,unknown,-206.17283630371094,-25.952421188354492,0.0015429090708494186,1.5689276456832886,0,0.0025000001769512892,0.0025000001769512892,0,0,0
8,2303,unknown,-205.99198913574219,-25.911870956420898,0.0013546225382015109,1.5686615705490112,0,0.0025000001769512892,0.0025000001769512892,0,0,0
