particle_id,particle_type,process,vx,vy,vz,vt,px,py,pz,m,q
0,0,0,0,-22.856712341308594,-164.89254760742188,0,1,0,-4.3711388286737929e-08,0,-1
