particle_id,geometry_id,tx,ty,tz,tt,tpx,tpy,tpz,te,deltapx,deltapy,deltapz,deltae,index
0,255,20,-15.184701919555664,131.18283081054688,0,0.99981701374053955,0.00042445710278116167,0.00038791159749962389,0,0,0,0,0,0
0,511,40,-15.176258087158203,131.19064331054688,0,0.99966281652450562,0.0016738063422963023,-0.0003638674970716238,0,0,0,0,0,0
0,767,60,-15.142727851867676,131.18356323242188,0,0.99948036670684814,0.001620813156478107,-0.00089341192506253719,0,0,0,0,0,0
0,1023,80,-15.110188484191895,131.16587829589844,0,0.99930286407470703,0.0012111057294532657,-0.00069705158239230514,0,0,0,0,0,0
0,1279,100,-15.08586597442627,131.15206909179688,0,0.99914640188217163,0.00073124346090480685,-0.00055710977176204324,0,0,0,0,0,0
0,1535,120,-15.071162223815918,131.14100646972656,0,0.99897527694702148,0.00066106830490753055,-0.00065788126084953547,0,0,0,0,0,0
0,1791,140,-15.057848930358887,131.12791442871094,0,0.99881887435913086,0.00083088234532624483,-0.00076148711377754807,0,0,0,0,0,0
0,2047,160,-15.041120529174805,131.11276245117188,0,0.99824148416519165,0.0022138576023280621,-0.001110313693061471,0,0,0,0,0,0
0,2303,180,-14.99663257598877,131.09078979492188,0,0.99807041883468628,0.0021011848002672195,-0.00094486039597541094,0,0,0,0,0,0
