particle_id,geometry_id,tx,ty,tz,tt,tpx,tpy,tpz,te,deltapx,deltapy,deltapz,deltae,index
0,255,20,226.58853149414062,-419.42959594726562,0,0.99983549118041992,-0.00095177296316251159,-0.00054390646982938051,0,0,0,0,0,0
0,511,40,226.56956481933594,-419.44058227539062,0,0.99969965219497681,-0.00095736823277547956,0.0020682162139564753,0,0,0,0,0,0
0,767,60,226.5501708984375,-419.39932250976562,0,0.99956870079040527,-0.002296017948538065,0.00079915043897926807,0,0,0,0,0,0
0,1023,80,226.50413513183594,-419.38360595703125,0,0.99942535161972046,-0.0024108069483190775,0.00061865628231316805,0,0,0,0,0,0
0,1279,100,226.455810546875,-419.37152099609375,0,0.99927788972854614,-0.0011875636409968138,0.00097915006335824728,0,0,0,0,0,0
0,1535,120,226.43193054199219,-419.35208129882812,0,0.99911409616470337,-0.0013414330314844847,0.00088120548753067851,0,0,0,0,0,0
0,1791,140,226.40496826171875,-419.3345947265625,0,0.99872738122940063,-0.00091647071531042457,-0.00063485902501270175,0,0,0,0,0,0
0,2047,160,226.38668823242188,-419.347412109375,0,0.99860149621963501,0.00037357737892307341,-0.0015798590611666441,0,0,0,0,0,0
0,2303,180,226.39436340332031,-419.37899780273438,0,0.9984697699546814,0.0004199481918476522,-0.0013282654108479619,0,0,0,0,0,0
