measurement_id,geometry_id,local_key,local0,local1,phi,theta,time,var_local0,var_local1,var_phi,var_theta,var_time
0,255,unknown,69.102752685546875,70.146034240722656,0.00033813153277151287,1.5708057880401611,0,0.0025000001769512892,0.0025000001769512892,0,0,0
1,511,unknown,69.069183349609375,70.072311401367188,0.0004830043762922287,1.5722695589065552,0,0.0025000001769512892,0.0025000001769512892,0,0,0
2,767,unknown,69.027572631835938,70.087318420410156,0.0010011165868490934,1.5719954967498779,0,0.0025000001769512892,0.0025000001769512892,0,0,0
3,1023,unknown,69.017074584960938,69.965469360351562,0.0013707242906093597,1.5717753171920776,0,0.0025000001769512892,0.0025000001769512892,0,0,0
4,1279,unknown,69.135826110839844,70.007339477539062,0.0012776927324011922,1.5707664489746094,0,0.0025000001769512892,0.0025000001769512892,0,0,0
5,1535,unknown,69.121513366699219,69.915565490722656,0.00077098584733903408,1.5715107917785645,0,0.0025000001769512892,0.0025000001769512892,0,0,0
6,1791,unknown,69.149452209472656,70.000511169433594,4.6624292735941708e-05,1.5725888013839722,0,0.0025000001769512892,0.0025000001769512892,0,0,0
7,2047,unknown,69.163383483886719,69.947845458984375,0.000415993039496243,1.5718939304351807,0,0.0025000001769512892,0.0025000001769512892,0,0,0
8,2303,unknown,69.225059509277344,69.95098876953125,0.00044994623749516904,1.5737826824188232,0,0.0025000001769512892,0.0025000001769512892,0,0,0
