particle_id,geometry_id,tx,ty,tz,tt,tpx,tpy,tpz,te,deltapx,deltapy,deltapz,deltae,index
0,255,20,-92.799400329589844,54.74163818359375,0,0.99986255168914795,-0.00038959213998168707,0.0010376501595601439,0,0,0,0,0,0
0,511,40,-92.807319641113281,54.762348175048828,0,0.99967318773269653,0.00032057208591140807,0.00211475626565516,0,0,0,0,0,0
0,767,60,-92.801162719726562,54.804695129394531,0,0.99951362609863281,-0.00022412279213313013,0.001768163638189435,0,0,0,0,0,0
0,1023,80,-92.805862426757812,54.840049743652344,0,0.99936848878860474,0.0012569628888741136,0.0012287060962989926,0,0,0,0,0,0
0,1279,100,-92.780853271484375,54.864788055419922,0,0.99919164180755615,0.00084123428678140044,0.0019803312607109547,0,0,0,0,0,0
0,1535,120,-92.764251708984375,54.904525756835938,0,0.99901473522186279,0.00083146995166316628,0.0018772039329633117,0,0,0,0,0,0
0,1791,140,-92.747833251953125,54.942207336425781,0,0.9988408088684082,0.00035661784932017326,0.00094466685550287366,0,0,0,0,0,0
0,2047,160,-92.740806579589844,54.961166381835938,0,0.99870204925537109,0.00046328254393301904,0.00095394102390855551,0,0,0,0,0,0
0,2303,180,-92.731643676757812,54.980323791503906,0,0.99771487712860107,0.0015344256535172462,0.0016285624587908387,0,0,0,0,0,0
