measurement_id,geometry_id,local_key,local0,local1,phi,theta,time,var_local0,var_local1,var_phi,var_theta,var_time
0,255,unknown,-192.07527160644531,-119.94210052490234,0.00090791867114603519,1.5710500478744507,0,0.0025000001769512892,0.0025000001769512892,0,0,0
1,511,unknown,-192.06231689453125,-120.08348846435547,0.0005459598614834249,1.5707968473434448,0,0.0025000001769512892,0.0025000001769512892,0,0,0
2,767,unknown,-192.06851196289062,-120.01061248779297,0.0010010681580752134,1.5707488059997559,0,0.0025000001769512892,0.0025000001769512892,0,0,0
3,1023,unknown,-192.05581665039062,-120.10546875,0.00096083438256755471,1.5707415342330933,0,0.0025000001769512892,0.0025000001769512892,0,0,0
4,1279,unknown,-192.09555053710938,-120.018310546875,0.00096181855769827962,1.5707569122314453,0,0.0025000001769512892,0.0025000001769512892,0,0,0
5,1535,unknown,-192.05418395996094,-119.95962524414062,0.0029514001216739416,1.5695077180862427,0,0.0025000001769512892,0.0025000001769512892,0,0,0
6,1791,unknown,-192.0115966796875,-120.00068664550781,0.0027343281544744968,1.5697073936462402,0,0.0025000001769512892,0.0025000001769512892,0,0,0
7,2047,unknown,-191.9271240234375,-119.92283630371094,0.0032095769420266151,1.5696632862091064,0,0.0025000001769512892,0.0025000001769512892,0,0,0
8,2303,unknown,-191.86033630371094,-120.00672149658203,0.0030276901088654995,1.5686862468719482,0,0.0025000001769512892,0.0025000001769512892,0,0,0
