measurement_id,geometry_id,local_key,local0,local1,phi,theta,time,var_local0,var_local1,var_phi,var_theta,var_time
0,255,unknown,-93.283195495605469,236.17300415039062,-0.00019713079382199794,1.5710490942001343,0,0.0025000001769512892,0.0025000001769512892,0,0,0
1,511,unknown,-93.301643371582031,236.29875183105469,0.00011917013034690171,1.5699689388275146,0,0.0025000001769512892,0.0025000001769512892,0,0,0
2,767,unknown,-93.290115356445312,236.36903381347656,-0.002360194455832243,1.5701099634170532,0,0.0025000001769512892,0.0025000001769512892,0,0,0
3,1023,unknown,-93.331901550292969,236.30654907226562,-0.0023469701409339905,1.5705282688140869,0,0.0025000001769512892,0.0025000001769512892,0,0,0
4,1279,unknown,-93.432609558105469,236.37960815429688,-0.0027587891090661287,1.5697568655014038,0,0.0025000001769512892,0.0025000001769512892,0,0,0
5,1535,unknown,-93.435768127441406,236.37496948242188,-0.0033960880246013403,1.5686267614364624,0,0.0025000001769512892,0.0025000001769512892,0,0,0
6,1791,unknown,-93.491943359375,236.2801513671875,-0.0033794883638620377,1.568279504776001,0,0.0025000001769512892,0.0025000001769512892,0,0,0
7,2047,unknown,-93.495193481445312,236.40322875976562,-0.0051270476542413235,1.5672078132629395,0,0.0025000001769512892,0.0025000001769512892,0,0,0
8,2303,unknown,-93.632194519042969,236.48249816894531,-0.005037007387727499,1.5659748315811157,0,0.0025000001769512892,0.0025000001769512892,0,0,0
