particle_id,geometry_id,tx,ty,tz,tt,tpx,tpy,tpz,te,deltapx,deltapy,deltapz,deltae,index
0,255,20,-190.41502380371094,-256.512939453125,0,0.99970650672912598,-3.1616207706974819e-05,0.00034818361746147275,0,0,0,0,0,0
0,511,40,-190.41569519042969,-256.5059814453125,0,0.99957132339477539,-2.3079321181285195e-05,0.00038114335620775819,0,0,0,0,0,0
0,767,60,-190.41619873046875,-256.49835205078125,0,0.99939268827438354,-0.0006355365039780736,0.00046661566011607647,0,0,0,0,0,0
0,1023,80,-190.42897033691406,-256.48910522460938,0,0.99908614158630371,-0.0001092962411348708,0.001447741175070405,0,0,0,0,0,0
0,1279,100,-190.43133544921875,-256.46014404296875,0,0.99892443418502808,0.00011869773152284324,0.0017741471529006958,0,0,0,0,0,0
0,1535,120,-190.42916870117188,-256.42462158203125,0,0.99876004457473755,0.00037557462928816676,8.5204359493218362e-05,0,0,0,0,0,0
0,1791,140,-190.42166137695312,-256.42288208007812,0,0.99859803915023804,-0.00015734285989310592,0.0008326564566232264,0,0,0,0,0,0
0,2047,160,-190.42491149902344,-256.40621948242188,0,0.99842566251754761,-0.00083973654545843601,-0.00059884163783863187,0,0,0,0,0,0
0,2303,180,-190.44166564941406,-256.41830444335938,0,0.99822217226028442,-0.00036478808033280075,-0.00041534443153068423,0,0,0,0,0,0
