particle_id,geometry_id,tx,ty,tz,tt,tpx,tpy,tpz,te,deltapx,deltapy,deltapz,deltae,index
0,255,20,-145.26913452148438,-266.5367431640625,0,0.99986714124679565,0.00038415982271544635,-0.00096038565970957279,0,0,0,0,0,0
0,511,40,-145.26133728027344,-266.555908203125,0,0.99969512224197388,-0.00075387017568573356,0.00019623419211711735,0,0,0,0,0,0
0,767,60,-145.27644348144531,-266.55206298828125,0,0.99949562549591064,-0.00096174963982775807,0.00096244399901479483,0,0,0,0,0,0
0,1023,80,-145.29580688476562,-266.53292846679688,0,0.99849152565002441,-0.001009080559015274,0.0011220481246709824,0,0,0,0,0,0
0,1279,100,-145.31614685058594,-266.51058959960938,0,0.99832874536514282,-0.0024060441646724939,0.0002615412522573024,0,0,0,0,0,0
0,1535,120,-145.3643798828125,-266.50564575195312,0,0.99817907810211182,-0.0025399336591362953,0.00070558261359110475,0,0,0,0,0,0
0,1791,140,-145.41535949707031,-266.4918212890625,0,0.99803686141967773,-0.0030744385439902544,0.0015592548297718167,0,0,0,0,0,0
0,2047,160,-145.47715759277344,-266.4609375,0,0.99788683652877808,-0.0047393538989126682,0.00013890016998630017,0,0,0,0,0,0
0,2303,180,-145.57215881347656,-266.45870971679688,0,0.99773019552230835,-0.0049703884869813919,-0.00079206650843843818,0,0,0,0,0,0
