measurement_id,geometry_id,local_key,local0,local1,phi,theta,time,var_local0,var_local1,var_phi,var_theta,var_time
0,255,unknown,-145.45277404785156,287.25460815429688,-7.4891191616188735e-05,1.570834755897522,0,0.0025000001769512892,0.0025000001769512892,0,0,0
1,511,unknown,-145.44175720214844,287.16204833984375,-0.00078770902473479509,1.5708402395248413,0,0.0025000001769512892,0.0025000001769512892,0,0,0
2,767,unknown,-145.54983520507812,287.19293212890625,-0.00094523350708186626,1.5705890655517578,0,0.0025000001769512892,0.0025000001769512892,0,0,0
3,1023,unknown,-145.51925659179688,287.23269653320312,-0.0017685088096186519,1.5693818330764771,0,0.0025000001769512892,0.0025000001769512892,0,0,0
4,1279,unknown,-145.49736022949219,287.2171630859375,-0.0018186202505603433,1.5692979097366333,0,0.0025000001769512892,0.0025000001769512892,0,0,0
5,1535,unknown,-145.47599792480469,287.09625244140625,-0.0015890037175267935,1.5694323778152466,0,0.0025000001769512892,0.0025000001769512892,0,0,0
6,1791,unknown,-145.57405090332031,287.23318481445312,-0.0015909178182482719,1.5693737268447876,0,0.0025000001769512892,0.0025000001769512892,0,0,0
7,2047,unknown,-145.61436462402344,287.1983642578125,-0.0021690197754651308,1.5710140466690063,0,0.0025000001769512892,0.0025000001769512892,0,0,0
8,2303,unknown,-145.59648132324219,287.2578125,-0.0022723781876266003,1.5711377859115601,0,0.0025000001769512892,0.0025000001769512892,0,0,0
