particle_id,geometry_id,tx,ty,tz,tt,tpx,tpy,tpz,te,deltapx,deltapy,deltapz,deltae,index
0,255,20,-279.50631713867188,244.09259033203125,0,0.9998052716255188,-3.5843277146341279e-05,-9.6822797786444426e-05,0,0,0,0,0,0
0,511,40,-279.50701904296875,244.09065246582031,0,0.99963873624801636,-0.00010316386033082381,0.0015980958705767989,0,0,0,0,0,0
0,767,60,-279.50927734375,244.12261962890625,0,0.99949991703033447,-0.0010238569229841232,0.0022144769318401814,0,0,0,0,0,0
0,1023,80,-279.530029296875,244.16680908203125,0,0.99935567378997803,-0.00066004187101498246,0.0019241869449615479,0,0,0,0,0,0
0,1279,100,-279.54345703125,244.20523071289062,0,0.99918830394744873,-0.0010685165179893374,0.0017258996376767755,0,0,0,0,0,0
0,1535,120,-279.5650634765625,244.23965454101562,0,0.99900996685028076,-0.0021756982896476984,0.00071569666033610702,0,0,0,0,0,0
0,1791,140,-279.60870361328125,244.25372314453125,0,0.99886918067932129,-0.0022196248173713684,0.00071214267518371344,0,0,0,0,0,0
0,2047,160,-279.65322875976562,244.26771545410156,0,0.99870145320892334,-0.0016648565651848912,0.0030732427258044481,0,0,0,0,0,0
0,2303,180,-279.68695068359375,244.32905578613281,0,0.99851000308990479,-0.00090136582730337977,0.0030903867445886135,0,0,0,0,0,0
