measurement_id,geometry_id,local_key,local0,local1,phi,theta,time,var_local0,var_local1,var_phi,var_theta,var_time
0,255,unknown,320.69424438476562,522.83203125,-7.9172779805958271e-05,1.5716943740844727,0,0.0025000001769512892,0.0025000001769512892,0,0,0
1,511,unknown,320.708251953125,522.80908203125,-0.00020118067914154381,1.5710601806640625,0,0.0025000001769512892,0.0025000001769512892,0,0,0
2,767,unknown,320.63693237304688,522.7901611328125,-0.00071573065361008048,1.5714023113250732,0,0.0025000001769512892,0.0025000001769512892,0,0,0
3,1023,unknown,320.62017822265625,522.79754638671875,-0.001900846604257822,1.5707995891571045,0,0.0025000001769512892,0.0025000001769512892,0,0,0
4,1279,unknown,320.66815185546875,522.68133544921875,-0.0012070311931893229,1.5732289552688599,0,0.0025000001769512892,0.0025000001769512892,0,0,0
5,1535,unknown,320.57293701171875,522.74609375,0.00013107835547998548,1.5745980739593506,0,0.0025000001769512892,0.0025000001769512892,0,0,0
6,1791,unknown,320.6141357421875,522.700439453125,0.00013243246939964592,1.5751415491104126,0,0.0025000001769512892,0.0025000001769512892,0,0,0
7,2047,unknown,320.64682006835938,522.57928466796875,0.00033811290632002056,1.5745941400527954,0,0.0025000001769512892,0.0025000001769512892,0,0,0
8,2303,unknown,320.62615966796875,522.5101318359375,0.00042222702177241445,1.5751419067382812,0,0.0025000001769512892,0.0025000001769512892,0,0,0
