particle_id,particle_type,process,vx,vy,vz,vt,px,py,pz,m,q
0,0,0,0,-75.230201721191406,-53.982639312744141,0,1,0,-4.3711388286737929e-08,0,-1
