measurement_id,geometry_id,local_key,local0,local1,phi,theta,time,var_local0,var_local1,var_phi,var_theta,var_time
0,255,unknown,15.895218849182129,-222.13558959960938,0.00016778909775894135,1.5696933269500732,0,0.0025000001769512892,0.0025000001769512892,0,0,0
1,511,unknown,15.89116382598877,-222.00717163085938,-4.3858290155185387e-05,1.569378137588501,0,0.0025000001769512892,0.0025000001769512892,0,0,0
2,767,unknown,15.935428619384766,-222.10820007324219,0.0013914793962612748,1.5703778266906738,0,0.0025000001769512892,0.0025000001769512892,0,0,0
3,1023,unknown,15.939634323120117,-222.07318115234375,0.00090959249064326286,1.5705881118774414,0,0.0025000001769512892,0.0025000001769512892,0,0,0
4,1279,unknown,15.917169570922852,-222.01934814453125,0.0015809636097401381,1.570225715637207,0,0.0025000001769512892,0.0025000001769512892,0,0,0
5,1535,unknown,15.992853164672852,-222.11701965332031,0.0039744446985423565,1.5710959434509277,0,0.0025000001769512892,0.0025000001769512892,0,0,0
6,1791,unknown,16.083499908447266,-222.05094909667969,0.0042077032849192619,1.5722811222076416,0,0.0025000001769512892,0.0025000001769512892,0,0,0
7,2047,unknown,16.086227416992188,-222.13819885253906,0.003201653016731143,1.5714219808578491,0,0.0025000001769512892,0.0025000001769512892,0,0,0
8,2303,unknown,16.311925888061523,-222.10133361816406,0.0028192389290779829,1.5717631578445435,0,0.0025000001769512892,0.0025000001769512892,0,0,0
