measurement_id,geometry_id,local_key,local0,local1,phi,theta,time,var_local0,var_local1,var_phi,var_theta,var_time
0,255,unknown,11.588688850402832,158.79231262207031,0.00089355325326323509,1.57145094871521,0,0.0025000001769512892,0.0025000001769512892,0,0,0
1,511,unknown,11.536338806152344,158.68438720703125,0.0023944159038364887,1.5722721815109253,0,0.0025000001769512892,0.0025000001769512892,0,0,0
2,767,unknown,11.461483001708984,158.62255859375,0.0016870698891580105,1.5715149641036987,0,0.0025000001769512892,0.0025000001769512892,0,0,0
3,1023,unknown,11.632439613342285,158.62541198730469,0.0023127538152039051,1.5716581344604492,0,0.0025000001769512892,0.0025000001769512892,0,0,0
4,1279,unknown,11.722317695617676,158.65272521972656,0.0042343367822468281,1.571458101272583,0,0.0025000001769512892,0.0025000001769512892,0,0,0
5,1535,unknown,11.758886337280273,158.61297607421875,0.0044461553916335106,1.5715248584747314,0,0.0025000001769512892,0.0025000001769512892,0,0,0
6,1791,unknown,11.797136306762695,158.65798950195312,0.0044129947200417519,1.5717029571533203,0,0.0025000001769512892,0.0025000001769512892,0,0,0
7,2047,unknown,11.90984058380127,158.60600280761719,0.0048237298615276814,1.5717861652374268,0,0.0025000001769512892,0.0025000001769512892,0,0,0
8,2303,unknown,11.855236053466797,158.55157470703125,0.0050976425409317017,1.5723721981048584,0,0.0025000001769512892,0.0025000001769512892,0,0,0
