measurement_id,geometry_id,local_key,local0,local1,phi,theta,time,var_local0,var_local1,var_phi,var_theta,var_time
0,255,unknown,-303.95797729492188,-373.06451416015625,-2.1825677322340198e-05,1.5717372894287109,0,0.0025000001769512892,0.0025000001769512892,0,0,0
1,511,unknown,-304.008544921875,-373.18515014648438,0.00058901828015223145,1.571577787399292,0,0.0025000001769512892,0.0025000001769512892,0,0,0
2,767,unknown,-303.96206665039062,-373.1661376953125,0.0003499654121696949,1.5714045763015747,0,0.0025000001769512892,0.0025000001769512892,0,0,0
3,1023,unknown,-304.04074096679688,-373.14944458007812,0.00099763576872646809,1.5723292827606201,0,0.0025000001769512892,0.0025000001769512892,0,0,0
4,1279,unknown,-303.96856689453125,-373.1031494140625,0.0029662386514246464,1.5729852914810181,0,0.0025000001769512892,0.0025000001769512892,0,0,0
5,1535,unknown,-304.01675415039062,-373.1561279296875,0.0020094197243452072,1.5724636316299438,0,0.0025000001769512892,0.0025000001769512892,0,0,0
6,1791,unknown,-303.86605834960938,-373.30877685546875,0.0018301543314009905,1.5721390247344971,0,0.0025000001769512892,0.0025000001769512892,0,0,0
7,2047,unknown,-303.85659790039062,-373.27642822265625,0.0024643472861498594,1.573689341545105,0,0.0025000001769512892,0.0025000001769512892,0,0,0
8,2303,unknown,-303.6766357421875,-373.32647705078125,0.0024447310715913773,1.5739223957061768,0,0.0025000001769512892,0.0025000001769512892,0,0,0
