measurement_id,geometry_id,local_key,local0,local1,phi,theta,time,var_local0,var_local1,var_phi,var_theta,var_time
0,255,unknown,-274.750244140625,-140.46478271484375,0.00035717178252525628,1.5710599422454834,0,0.0025000001769512892,0.0025000001769512892,0,0,0
1,511,unknown,-274.77670288085938,-140.66761779785156,0.00081226235488429666,1.5712999105453491,0,0.0025000001769512892,0.0025000001769512892,0,0,0
2,767,unknown,-274.753662109375,-140.552001953125,0.0016666576266288757,1.570343017578125,0,0.0025000001769512892,0.0025000001769512892,0,0,0
3,1023,unknown,-274.86944580078125,-140.57180786132812,0.0016513935988768935,1.5703579187393188,0,0.0025000001769512892,0.0025000001769512892,0,0,0
4,1279,unknown,-274.6380615234375,-140.63529968261719,0.0042214374989271164,1.5695368051528931,0,0.0025000001769512892,0.0025000001769512892,0,0,0
5,1535,unknown,-274.60574340820312,-140.49748229980469,0.004294143058359623,1.5694421529769897,0,0.0025000001769512892,0.0025000001769512892,0,0,0
6,1791,unknown,-274.63790893554688,-140.53707885742188,0.0041923471726477146,1.5686421394348145,0,0.0025000001769512892,0.0025000001769512892,0,0,0
7,2047,unknown,-274.40228271484375,-140.38607788085938,0.0041675250977277756,1.5682514905929565,0,0.0025000001769512892,0.0025000001769512892,0,0,0
8,2303,unknown,-274.31961059570312,-140.34199523925781,0.0050018266774713993,1.5694633722305298,0,0.0025000001769512892,0.0025000001769512892,0,0,0
