measurement_id,geometry_id,local_key,local0,local1,phi,theta,time,var_local0,var_local1,var_phi,var_theta,var_time
0,255,unknown,265.60104370117188,-112.2916259765625,0.00026479142252355814,1.572151780128479,0,0.0025000001769512892,0.0025000001769512892,0,0,0
1,511,unknown,265.53619384765625,-112.23192596435547,0.00093429547268897295,1.5724887847900391,0,0.0025000001769512892,0.0025000001769512892,0,0,0
2,767,unknown,265.67153930664062,-112.33766937255859,0.0011989399790763855,1.5717613697052002,0,0.0025000001769512892,0.0025000001769512892,0,0,0
3,1023,unknown,265.58920288085938,-112.33876037597656,0.00033294668537564576,1.5720129013061523,0,0.0025000001769512892,0.0025000001769512892,0,0,0
4,1279,unknown,265.67388916015625,-112.34536743164062,-0.00022954835731070489,1.5722631216049194,0,0.0025000001769512892,0.0025000001769512892,0,0,0
5,1535,unknown,265.58181762695312,-112.36393737792969,-0.00044925929978489876,1.5722924470901489,0,0.0025000001769512892,0.0025000001769512892,0,0,0
6,1791,unknown,265.56582641601562,-112.41407775878906,0.00010017109889304265,1.5720268487930298,0,0.0025000001769512892,0.0025000001769512892,0,0,0
7,2047,unknown,265.62850952148438,-112.50914764404297,-0.00013764425239060074,1.571796178817749,0,0.0025000001769512892,0.0025000001769512892,0,0,0
8,2303,unknown,265.63827514648438,-112.51024627685547,0.00033588285441510379,1.5717426538467407,0,0.0025000001769512892,0.0025000001769512892,0,0,0
