particle_id,particle_type,process,vx,vy,vz,vt,px,py,pz,m,q
0,0,0,0,331.498291015625,9.1711702346801758,0,1,0,-4.3711388286737929e-08,0,-1
