measurement_id,geometry_id,local_key,local0,local1,phi,theta,time,var_local0,var_local1,var_phi,var_theta,var_time
0,255,unknown,134.34819030761719,-219.70022583007812,0.00088458554819226265,1.5696090459823608,0,0.0025000001769512892,0.0025000001769512892,0,0,0
1,511,unknown,134.3045654296875,-219.64265441894531,0.002129832049831748,1.5695013999938965,0,0.0025000001769512892,0.0025000001769512892,0,0,0
2,767,unknown,134.29061889648438,-219.75502014160156,0.0035395331215113401,1.5701125860214233,0,0.0025000001769512892,0.0025000001769512892,0,0,0
3,1023,unknown,134.44717407226562,-219.68551635742188,0.0039822431281208992,1.5700260400772095,0,0.0025000001769512892,0.0025000001769512892,0,0,0
4,1279,unknown,134.42005920410156,-219.64277648925781,0.0043168081901967525,1.5696498155593872,0,0.0025000001769512892,0.0025000001769512892,0,0,0
5,1535,unknown,134.6015625,-219.59828186035156,0.0026761586777865887,1.5702042579650879,0,0.0025000001769512892,0.0025000001769512892,0,0,0
6,1791,unknown,134.57521057128906,-219.549560546875,0.0026045963168144226,1.5700894594192505,0,0.0025000001769512892,0.0025000001769512892,0,0,0
7,2047,unknown,134.66966247558594,-219.61422729492188,0.0025011631660163403,1.5704624652862549,0,0.0025000001769512892,0.0025000001769512892,0,0,0
8,2303,unknown,134.75384521484375,-219.59974670410156,0.0035907903220504522,1.568412184715271,0,0.0025000001769512892,0.0025000001769512892,0,0,0
