particle_id,geometry_id,tx,ty,tz,tt,tpx,tpy,tpz,te,deltapx,deltapy,deltapz,deltae,index
0,255,20,-120.64855194091797,-105.92810821533203,0,0.99986332654953003,-0.00014498589735012501,-0.00027168457745574415,0,0,0,0,0,0
0,511,40,-120.65142059326172,-105.93356323242188,0,0.99971878528594971,0.00042058221879415214,0.00023699691519141197,0,0,0,0,0,0
0,767,60,-120.64303588867188,-105.92877197265625,0,0.99957329034805298,-8.3443235780578107e-05,-4.8541169235249981e-05,0,0,0,0,0,0
0,1023,80,-120.64469909667969,-105.92975616455078,0,0.99942010641098022,-0.00013038159522693604,-0.00036234894650988281,0,0,0,0,0,0
0,1279,100,-120.64726257324219,-105.93701934814453,0,0.99921590089797974,-0.00064236723119392991,-0.00014310180267784745,0,0,0,0,0,0
0,1535,120,-120.66010284423828,-105.93996429443359,0,0.99905884265899658,-0.00094711326528340578,-0.00091506732860580087,0,0,0,0,0,0
0,1791,140,-120.678955078125,-105.95839691162109,0,0.99890083074569702,-0.0024960457812994719,-0.0016632163897156715,0,0,0,0,0,0
0,2047,160,-120.72872924804688,-105.99199676513672,0,0.99869745969772339,-0.0028398954309523106,-0.0010356991551816463,0,0,0,0,0,0
0,2303,180,-120.78547668457031,-106.01307678222656,0,0.99629819393157959,-0.0035162782296538353,-0.00084627099568024278,0,0,0,0,0,0
