measurement_id,geometry_id,local_key,local0,local1,phi,theta,time,var_local0,var_local1,var_phi,var_theta,var_time
0,255,unknown,-223.87924194335938,-331.63995361328125,-0.00057991361245512962,1.5720120668411255,0,0.0025000001769512892,0.0025000001769512892,0,0,0
1,511,unknown,-224.00334167480469,-331.7293701171875,-0.0020344313234090805,1.5722552537918091,0,0.0025000001769512892,0.0025000001769512892,0,0,0
2,767,unknown,-224.0828857421875,-331.71676635742188,-0.0018369760364294052,1.5733723640441895,0,0.0025000001769512892,0.0025000001769512892,0,0,0
3,1023,unknown,-224.07008361816406,-331.80300903320312,-0.0021599093452095985,1.5758814811706543,0,0.0025000001769512892,0.0025000001769512892,0,0,0
4,1279,unknown,-224.09957885742188,-331.79110717773438,-0.0022018866147845984,1.5758572816848755,0,0.0025000001769512892,0.0025000001769512892,0,0,0
5,1535,unknown,-224.09391784667969,-332.01449584960938,-0.0020555709488689899,1.5750589370727539,0,0.0025000001769512892,0.0025000001769512892,0,0,0
6,1791,unknown,-224.08544921875,-332.03823852539062,-0.0019403456244617701,1.5752160549163818,0,0.0025000001769512892,0.0025000001769512892,0,0,0
7,2047,unknown,-224.25715637207031,-332.11260986328125,-0.00071054429281502962,1.5763025283813477,0,0.0025000001769512892,0.0025000001769512892,0,0,0
8,2303,unknown,-224.25846862792969,-332.20050048828125,-0.00063397630583494902,1.5762964487075806,0,0.0025000001769512892,0.0025000001769512892,0,0,0
