particle_id,geometry_id,tx,ty,tz,tt,tpx,tpy,tpz,te,deltapx,deltapy,deltapz,deltae,index
0,255,20,-25.656318664550781,-73.378517150878906,0,0.99984550476074219,-3.2235104299616069e-05,4.4652872020378709e-05,0,0,0,0,0,0
0,511,40,-25.65696907043457,-73.37762451171875,0,0.99965411424636841,-0.0031695575453341007,-0.00040009288932196796,0,0,0,0,0,0
0,767,60,-25.720333099365234,-73.386009216308594,0,0.99948298931121826,-0.004093879833817482,0.00036955546238459647,0,0,0,0,0,0
0,1023,80,-25.802295684814453,-73.379104614257812,0,0.99932968616485596,-0.0035811623092740774,0.00089688744628801942,0,0,0,0,0,0
0,1279,100,-25.874073028564453,-73.361587524414062,0,0.99919241666793823,-0.0032638295087963343,0.0017597433179616928,0,0,0,0,0,0
0,1535,120,-25.939611434936523,-73.326759338378906,0,0.99905383586883545,-0.0034205138217657804,0.0014858141075819731,0,0,0,0,0,0
0,1791,140,-26.008262634277344,-73.29742431640625,0,0.99861526489257812,-0.0026771666016429663,0.0027631085831671953,0,0,0,0,0,0
0,2047,160,-26.062211990356445,-73.242408752441406,0,0.99844199419021606,-0.0025348681956529617,0.0026455079205334187,0,0,0,0,0,0
0,2303,180,-26.113306045532227,-73.189720153808594,0,0.99830961227416992,-0.0019465951481834054,0.0020621300209313631,0,0,0,0,0,0
