measurement_id,geometry_id,local_key,local0,local1,phi,theta,time,var_local0,var_local1,var_phi,var_theta,var_time
0,255,unknown,-324.70382690429688,-43.961688995361328,0.00061401521088555455,1.5711518526077271,0,0.0025000001769512892,0.0025000001769512892,0,0,0
1,511,unknown,-324.7154541015625,-43.935123443603516,0.0013672692002728581,1.5715452432632446,0,0.0025000001769512892,0.0025000001769512892,0,0,0
2,767,unknown,-324.69207763671875,-43.927940368652344,0.001599774812348187,1.5714825391769409,0,0.0025000001769512892,0.0025000001769512892,0,0,0
3,1023,unknown,-324.7196044921875,-43.908679962158203,0.0016825823113322258,1.5714272260665894,0,0.0025000001769512892,0.0025000001769512892,0,0,0
4,1279,unknown,-324.603271484375,-43.981235504150391,0.0019871981348842382,1.5709713697433472,0,0.0025000001769512892,0.0025000001769512892,0,0,0
5,1535,unknown,-324.61862182617188,-43.987979888916016,0.0018756936769932508,1.5710844993591309,0,0.0025000001769512892,0.0025000001769512892,0,0,0
6,1791,unknown,-324.57754516601562,-44.021549224853516,0.0011276687728241086,1.5704160928726196,0,0.0025000001769512892,0.0025000001769512892,0,0,0
7,2047,unknown,-324.63409423828125,-43.964744567871094,0.00050182203995063901,1.5698891878128052,0,0.0025000001769512892,0.0025000001769512892,0,0,0
8,2303,unknown,-324.56353759765625,-43.989776611328125,-0.0003203794767614454,1.5705713033676147,0,0.0025000001769512892,0.0025000001769512892,0,0,0
