measurement_id,geometry_id,local_key,local0,local1,phi,theta,time,var_local0,var_local1,var_phi,var_theta,var_time
0,255,unknown,64.941505432128906,-200.27659606933594,-0.0002465136640239507,1.5707212686538696,0,0.0025000001769512892,0.0025000001769512892,0,0,0
1,511,unknown,64.857978820800781,-200.45579528808594,0.0012916062260046601,1.5682910680770874,0,0.0025000001769512892,0.0025000001769512892,0,0,0
2,767,unknown,65.011581420898438,-200.298583984375,0.0010085196699947119,1.5688499212265015,0,0.0025000001769512892,0.0025000001769512892,0,0,0
3,1023,unknown,64.972923278808594,-200.24534606933594,0.00017773262516129762,1.5686037540435791,0,0.0025000001769512892,0.0025000001769512892,0,0,0
4,1279,unknown,65.009811401367188,-200.16323852539062,0.00032745164935477078,1.5691115856170654,0,0.0025000001769512892,0.0025000001769512892,0,0,0
5,1535,unknown,64.994865417480469,-200.16114807128906,0.00020988630421925336,1.5691384077072144,0,0.0025000001769512892,0.0025000001769512892,0,0,0
6,1791,unknown,64.947578430175781,-200.16661071777344,0.00055590044939890504,1.5691509246826172,0,0.0025000001769512892,0.0025000001769512892,0,0,0
7,2047,unknown,64.926071166992188,-200.14373779296875,0.00045980693539604545,1.5684006214141846,0,0.0025000001769512892,0.0025000001769512892,0,0,0
8,2303,unknown,64.945442199707031,-200.20014953613281,0.00051329092821106315,1.5685350894927979,0,0.0025000001769512892,0.0025000001769512892,0,0,0
