measurement_id,geometry_id,local_key,local0,local1,phi,theta,time,var_local0,var_local1,var_phi,var_theta,var_time
0,255,unknown,-309.40264892578125,35.875633239746094,5.4289484978653491e-05,1.5708622932434082,0,0.0025000001769512892,0.0025000001769512892,0,0,0
1,511,unknown,-309.3756103515625,35.960227966308594,-0.00051113421795889735,1.5713149309158325,0,0.0025000001769512892,0.0025000001769512892,0,0,0
2,767,unknown,-309.41836547851562,35.902263641357422,-0.00061255041509866714,1.5705013275146484,0,0.0025000001769512892,0.0025000001769512892,0,0,0
3,1023,unknown,-309.41363525390625,35.916263580322266,0.00048831291496753693,1.5691937208175659,0,0.0025000001769512892,0.0025000001769512892,0,0,0
4,1279,unknown,-309.44595336914062,35.953487396240234,0.00050699239363893867,1.5691839456558228,0,0.0025000001769512892,0.0025000001769512892,0,0,0
5,1535,unknown,-309.34628295898438,35.898513793945312,-0.00088084657909348607,1.5697163343429565,0,0.0025000001769512892,0.0025000001769512892,0,0,0
6,1791,unknown,-309.478759765625,35.961093902587891,-0.00060527492314577103,1.5697751045227051,0,0.0025000001769512892,0.0025000001769512892,0,0,0
7,2047,unknown,-309.50897216796875,35.992916107177734,-0.00056188390590250492,1.5697700977325439,0,0.0025000001769512892,0.0025000001769512892,0,0,0
8,2303,unknown,-309.47445678710938,35.992214202880859,-0.0009396317764185369,1.5693627595901489,0,0.0025000001769512892,0.0025000001769512892,0,0,0
