particle_id,particle_type,process,vx,vy,vz,vt,px,py,pz,m,q
0,0,0,0,58.091754913330078,93.089714050292969,0,1,0,-4.3711388286737929e-08,0,-1
