particle_id,geometry_id,tx,ty,tz,tt,tpx,tpy,tpz,te,deltapx,deltapy,deltapz,deltae,index
0,255,20,99.679969787597656,121.56520080566406,0,0.99986475706100464,0.0018511345842853189,-0.00073046080069616437,0,0,0,0,0,0
0,511,40,99.717086791992188,121.55081176757812,0,0.99966198205947876,0.0016307010082527995,-0.0027454695664346218,0,0,0,0,0,0
0,767,60,99.750038146972656,121.49607849121094,0,0.99948829412460327,0.0023527394514530897,-0.0028718907851725817,0,0,0,0,0,0
0,1023,80,99.797462463378906,121.43889617919922,0,0.99932825565338135,0.0024794151540845633,-0.0026107742451131344,0,0,0,0,0,0
0,1279,100,99.847396850585938,121.38694763183594,0,0.99916160106658936,0.0016469595720991492,-0.0025678121019154787,0,0,0,0,0,0
0,1535,120,99.880668640136719,121.33574676513672,0,0.99889284372329712,0.0013814944541081786,-0.002417439129203558,0,0,0,0,0,0
0,1791,140,99.908622741699219,121.28751373291016,0,0.99870246648788452,0.0013493866426870227,-0.0023801901843398809,0,0,0,0,0,0
0,2047,160,99.935928344726562,121.24001312255859,0,0.99855172634124756,0.0013813265832141042,-0.0023111463524401188,0,0,0,0,0,0
0,2303,180,99.963874816894531,121.19389343261719,0,0.99838948249816895,0.0019748865161091089,-0.0024896576069295406,0,0,0,0,0,0
