particle_id,geometry_id,tx,ty,tz,tt,tpx,tpy,tpz,te,deltapx,deltapy,deltapz,deltae,index
0,255,20,-167.40719604492188,334.6212158203125,0,0.99985551834106445,-0.00066042615799233317,-0.0019644510466605425,0,0,0,0,0,0
0,511,40,-167.420166015625,334.58184814453125,0,0.9997057318687439,-0.00017763918731361628,-0.0032681699376553297,0,0,0,0,0,0
0,767,60,-167.42332458496094,334.51644897460938,0,0.99952316284179688,-0.00043033124529756606,-0.0029650421347469091,0,0,0,0,0,0
0,1023,80,-167.43157958984375,334.45706176757812,0,0.99936312437057495,-0.0011699504684656858,-0.0027029500342905521,0,0,0,0,0,0
0,1279,100,-167.45466613769531,334.40283203125,0,0.9990391731262207,-4.7583402192685753e-05,-0.0026145365554839373,0,0,0,0,0,0
0,1535,120,-167.45530700683594,334.35049438476562,0,0.99886733293533325,0.00069333682768046856,-0.0029334472492337227,0,0,0,0,0,0
0,1791,140,-167.44107055664062,334.29183959960938,0,0.99868500232696533,0.001190913375467062,-0.0032848361879587173,0,0,0,0,0,0
0,2047,160,-167.41682434082031,334.2261962890625,0,0.99849319458007812,0.0011954333167523146,-0.0038698392454534769,0,0,0,0,0,0
0,2303,180,-167.39241027832031,334.14883422851562,0,0.99835366010665894,0.0026819419581443071,-0.0027705652173608541,0,0,0,0,0,0
