particle_id,geometry_id,tx,ty,tz,tt,tpx,tpy,tpz,te,deltapx,deltapy,deltapz,deltae,index
0,255,20,287.6160888671875,166.24374389648438,0,0.99949640035629272,0.0012780564138665795,-0.00078940833918750286,0,0,0,0,0,0
0,511,40,287.64175415039062,166.22810363769531,0,0.99936139583587646,0.0011475726496428251,8.0966914538294077e-05,0,0,0,0,0,0
0,767,60,287.66470336914062,166.2298583984375,0,0.99915379285812378,0.0027160211466252804,-0.00056211842456832528,0,0,0,0,0,0
0,1023,80,287.71914672851562,166.21893310546875,0,0.99712264537811279,0.0026278023142367601,-0.00089451571693643928,0,0,0,0,0,0
0,1279,100,287.77197265625,166.20130920410156,0,0.99698358774185181,0.0024442377034574747,-2.7854493964696303e-05,0,0,0,0,0,0
0,1535,120,287.82101440429688,166.2010498046875,0,0.99640047550201416,0.0022941348142921925,-0.00068041839404031634,0,0,0,0,0,0
0,1791,140,287.86715698242188,166.18766784667969,0,0.9961320161819458,0.0022906849626451731,-0.00065054796868935227,0,0,0,0,0,0
0,2047,160,287.91323852539062,166.17488098144531,0,0.99597638845443726,0.0015525290509685874,-0.0004982337704859674,0,0,0,0,0,0
0,2303,180,287.94448852539062,166.16506958007812,0,0.99583250284194946,0.0014470919268205762,-0.0015748863806948066,0,0,0,0,0,0
