particle_id,geometry_id,tx,ty,tz,tt,tpx,tpy,tpz,te,deltapx,deltapy,deltapz,deltae,index
0,255,20,151.95545959472656,220.951416015625,0,0.99971562623977661,-0.0010409252718091011,-0.0019715658854693174,0,0,0,0,0,0
0,511,40,151.93487548828125,220.91184997558594,0,0.99952793121337891,-0.0011572490911930799,-0.00088594720000401139,0,0,0,0,0,0
0,767,60,151.91181945800781,220.89398193359375,0,0.99889636039733887,-0.0011777830077335238,-0.0017444163095206022,0,0,0,0,0,0
0,1023,80,151.88844299316406,220.85891723632812,0,0.99877339601516724,-0.00070487649645656347,-0.0026792078278958797,0,0,0,0,0,0
0,1279,100,151.87464904785156,220.80519104003906,0,0.99661070108413696,-0.00076314265606924891,-0.0028551800642162561,0,0,0,0,0,0
0,1535,120,151.85968017578125,220.747802734375,0,0.99644821882247925,0.00082929781638085842,-0.0024042755831032991,0,0,0,0,0,0
0,1791,140,151.87661743164062,220.69964599609375,0,0.99627959728240967,0.0015230786520987749,-0.0036854858044534922,0,0,0,0,0,0
0,2047,160,151.90763854980469,220.62583923339844,0,0.99612700939178467,0.002697925316169858,-0.0036972805391997099,0,0,0,0,0,0
0,2303,180,151.96224975585938,220.55194091796875,0,0.99596047401428223,0.0011676629073917866,-0.0026590782217681408,0,0,0,0,0,0
