particle_id,geometry_id,tx,ty,tz,tt,tpx,tpy,tpz,te,deltapx,deltapy,deltapz,deltae,index
0,255,20,37.916889190673828,-127.20758819580078,0,0.99983310699462891,-0.00015802944835741073,0.00013249489711597562,0,0,0,0,0,0
0,511,40,37.913711547851562,-127.2049560546875,0,0.99967771768569946,-0.00035075069172307849,0.0011047900188714266,0,0,0,0,0,0
0,767,60,37.906562805175781,-127.18289947509766,0,0.9993056058883667,-0.00049896666314452887,0.0023013658355921507,0,0,0,0,0,0
0,1023,80,37.89630126953125,-127.13690185546875,0,0.99912452697753906,-0.00072095857467502356,0.0035090406890958548,0,0,0,0,0,0
0,1279,100,37.881446838378906,-127.06674957275391,0,0.99898582696914673,-0.00073845084989443421,0.0035322529729455709,0,0,0,0,0,0
0,1535,120,37.866237640380859,-126.99612426757812,0,0.99884045124053955,-0.00092561438214033842,0.0038799080066382885,0,0,0,0,0,0
0,1791,140,37.847236633300781,-126.91854858398438,0,0.9986647367477417,3.8687012420268729e-05,0.0043891244567930698,0,0,0,0,0,0
0,2047,160,37.847484588623047,-126.83064270019531,0,0.99835669994354248,4.4201369746588171e-05,0.0044806026853621006,0,0,0,0,0,0
0,2303,180,37.847831726074219,-126.74088287353516,0,0.99817812442779541,-0.00028406651108525693,0.0059388037770986557,0,0,0,0,0,0
