measurement_id,geometry_id,local_key,local0,local1,phi,theta,time,var_local0,var_local1,var_phi,var_theta,var_time
0,255,unknown,145.05435180664062,-277.69570922851562,0.00029503920814022422,1.5708112716674805,0,0.0025000001769512892,0.0025000001769512892,0,0,0
1,511,unknown,145.18357849121094,-277.79302978515625,0.001773046562448144,1.5695935487747192,0,0.0025000001769512892,0.0025000001769512892,0,0,0
2,767,unknown,145.30130004882812,-277.65463256835938,0.0024197886232286692,1.5684190988540649,0,0.0025000001769512892,0.0025000001769512892,0,0,0
3,1023,unknown,145.18974304199219,-277.58041381835938,0.0012380438856780529,1.5694911479949951,0,0.0025000001769512892,0.0025000001769512892,0,0,0
4,1279,unknown,145.29733276367188,-277.61334228515625,0.0025818361900746822,1.5692893266677856,0,0.0025000001769512892,0.0025000001769512892,0,0,0
5,1535,unknown,145.32334899902344,-277.57171630859375,0.0021825479343533516,1.5690199136734009,0,0.0025000001769512892,0.0025000001769512892,0,0,0
6,1791,unknown,145.34928894042969,-277.49826049804688,0.0028709166217595339,1.5699887275695801,0,0.0025000001769512892,0.0025000001769512892,0,0,0
7,2047,unknown,145.34796142578125,-277.52865600585938,0.0025505020748823881,1.5719833374023438,0,0.0025000001769512892,0.0025000001769512892,0,0,0
8,2303,unknown,145.49667358398438,-277.57357788085938,0.0028802664019167423,1.5730143785476685,0,0.0025000001769512892,0.0025000001769512892,0,0,0
