particle_id,geometry_id,tx,ty,tz,tt,tpx,tpy,tpz,te,deltapx,deltapy,deltapz,deltae,index
0,255,20,-371.10137939453125,-404.970947265625,0,0.99982690811157227,0.00032750514219515026,-0.0002189932856708765,0,0,0,0,0,0
0,511,40,-371.09478759765625,-404.97528076171875,0,0.99962902069091797,0.0014131451025605202,0.00054632878163829446,0,0,0,0,0,0
0,767,60,-371.06658935546875,-404.96417236328125,0,0.9994584321975708,0.0035906631965190172,0.0012313256738707423,0,0,0,0,0,0
0,1023,80,-370.994873046875,-404.9390869140625,0,0.99895566701889038,0.0033341487869620323,0.0012056971900165081,0,0,0,0,0,0
0,1279,100,-370.92825317382812,-404.91455078125,0,0.99790799617767334,0.0036619352176785469,0.0011716008884832263,0,0,0,0,0,0
0,1535,120,-370.85501098632812,-404.890625,0,0.99773967266082764,0.0036319284699857235,3.6352219467516989e-05,0,0,0,0,0,0
0,1791,140,-370.7822265625,-404.88946533203125,0,0.99757105112075806,0.003948151133954525,-0.00030959412106312811,0,0,0,0,0,0
0,2047,160,-370.70303344726562,-404.89520263671875,0,0.9974290132522583,0.0044481595978140831,-0.00036056051612831652,0,0,0,0,0,0
0,2303,180,-370.61380004882812,-404.90188598632812,0,0.99726837873458862,0.0060245278291404247,-0.00023460532247554511,0,0,0,0,0,0
