particle_id,geometry_id,tx,ty,tz,tt,tpx,tpy,tpz,te,deltapx,deltapy,deltapz,deltae,index
0,255,20,30.375026702880859,31.027872085571289,0,0.99983292818069458,-6.7851111396066699e-08,0.00037385337054729462,0,0,0,0,0,0
0,511,40,30.374980926513672,31.035350799560547,0,0.99971705675125122,-0.00040218120557256043,0.0027748474385589361,0,0,0,0,0,0
0,767,60,30.366601943969727,31.090814590454102,0,0.99954277276992798,0.0010095402831211686,0.0029943266417831182,0,0,0,0,0,0
0,1023,80,30.386442184448242,31.150848388671875,0,0.99931341409683228,0.001713717239908874,0.0030839419923722744,0,0,0,0,0,0
0,1279,100,30.420368194580078,31.212774276733398,0,0.99909746646881104,0.0021857144311070442,0.0027424052823334932,0,0,0,0,0,0
0,1535,120,30.463790893554688,31.267932891845703,0,0.99891084432601929,0.0027032201178371906,0.0013890240807086229,0,0,0,0,0,0
0,1791,140,30.517745971679688,31.29606819152832,0,0.99873971939086914,0.0028131771832704544,0.001496297656558454,0,0,0,0,0,0
0,2047,160,30.57390022277832,31.326370239257812,0,0.99856281280517578,0.0022908146493136883,0.001264857710339129,0,0,0,0,0,0
0,2303,180,30.61962890625,31.351978302001953,0,0.99816668033599854,-0.00063003652030602098,0.0010262520518153906,0,0,0,0,0,0
