particle_id,geometry_id,tx,ty,tz,tt,tpx,tpy,tpz,te,deltapx,deltapy,deltapz,deltae,index
0,255,20,90.357170104980469,-98.86199951171875,0,0.99972200393676758,0.00051326968241482973,0.0012246111873537302,0,0,0,0,0,0
0,511,40,90.367294311523438,-98.837440490722656,0,0.99946969747543335,0.00050427298992872238,-6.2476239691022784e-05,0,0,0,0,0,0
0,767,60,90.377395629882812,-98.838630676269531,0,0.99935048818588257,0.0011022180551663041,-0.00011572079529287294,0,0,0,0,0,0
0,1023,80,90.399467468261719,-98.840812683105469,0,0.99918758869171143,0.0012499000877141953,5.6534780014771968e-05,0,0,0,0,0,0
0,1279,100,90.424476623535156,-98.839530944824219,0,0.99871110916137695,0.0017986368620768189,-0.0027784567791968584,0,0,0,0,0,0
0,1535,120,90.460830688476562,-98.894950866699219,0,0.99852043390274048,0.0025789591018110514,-0.0011740697082132101,0,0,0,0,0,0
0,1791,140,90.512626647949219,-98.918159484863281,0,0.99827104806900024,0.0027806770522147417,-0.0013656113296747208,0,0,0,0,0,0
0,2047,160,90.568496704101562,-98.945182800292969,0,0.99811530113220215,0.0045558959245681763,-0.0014528620522469282,0,0,0,0,0,0
0,2303,180,90.659957885742188,-98.973747253417969,0,0.99793422222137451,0.0039460631087422371,-0.0027521629817783833,0,0,0,0,0,0
