particle_id,geometry_id,tx,ty,tz,tt,tpx,tpy,tpz,te,deltapx,deltapy,deltapz,deltae,index
0,255,20,-341.70858764648438,121.09349822998047,0,0.99974972009658813,0.0016480974154546857,-0.00024781815591268241,0,0,0,0,0,0
0,511,40,-341.67559814453125,121.08873748779297,0,0.99956279993057251,0.001408943091519177,0.00091627612709999084,0,0,0,0,0,0
0,767,60,-341.64752197265625,121.10723876953125,0,0.999370276927948,0.0014608466299250722,0.00087273475946858525,0,0,0,0,0,0
0,1023,80,-341.61837768554688,121.1248779296875,0,0.99886041879653931,0.00025026171351782978,0.00053435802692547441,0,0,0,0,0,0
0,1279,100,-341.61343383789062,121.13560485839844,0,0.998707115650177,-9.119106107391417e-05,0.001006806269288063,0,0,0,0,0,0
0,1535,120,-341.61538696289062,121.15575408935547,0,0.99846929311752319,-2.698304524528794e-05,0.0015239769127219915,0,0,0,0,0,0
0,1791,140,-341.61611938476562,121.186279296875,0,0.99804198741912842,0.00034077628515660763,0.0020305204670876265,0,0,0,0,0,0
0,2047,160,-341.60952758789062,121.22701263427734,0,0.9979090690612793,-0.0012849582126364112,0.000604154949542135,0,0,0,0,0,0
0,2303,180,-341.63534545898438,121.23896789550781,0,0.99772584438323975,-0.0019658822566270828,0.000483797921333462,0,0,0,0,0,0
