particle_id,particle_type,process,vx,vy,vz,vt,px,py,pz,m,q
0,0,0,0,-228.04093933105469,157.38713073730469,0,1,0,-4.3711388286737929e-08,0,-1
