particle_id,geometry_id,tx,ty,tz,tt,tpx,tpy,tpz,te,deltapx,deltapy,deltapz,deltae,index
0,255,20,-407.54409790039062,-330.884033203125,0,0.99969661235809326,0.00022569783322978765,-0.00019215077918488532,0,0,0,0,0,0
0,511,40,-407.53955078125,-330.88784790039062,0,0.9994162917137146,0.00016039998445194215,0.00074112456059083343,0,0,0,0,0,0
0,767,60,-407.53643798828125,-330.87298583984375,0,0.99928414821624756,-0.00016136931662913412,0.00032313962583430111,0,0,0,0,0,0
0,1023,80,-407.53970336914062,-330.86654663085938,0,0.99914294481277466,-0.00043400991125963628,-0.00024397509696427733,0,0,0,0,0,0
0,1279,100,-407.54837036132812,-330.87149047851562,0,0.9990118145942688,-0.0010000079637393355,-0.00059990782756358385,0,0,0,0,0,0
0,1535,120,-407.56832885742188,-330.88360595703125,0,0.99883341789245605,-0.00081803207285702229,-0.0015646282117813826,0,0,0,0,0,0
0,1791,140,-407.58453369140625,-330.9150390625,0,0.99856603145599365,-0.0019784397445619106,-0.00077736575622111559,0,0,0,0,0,0
0,2047,160,-407.62405395507812,-330.93084716796875,0,0.99839907884597778,-0.001892472617328167,-0.0006982071790844202,0,0,0,0,0,0
0,2303,180,-407.661865234375,-330.945068359375,0,0.99824970960617065,-0.00049037107964977622,0.00086854229448363185,0,0,0,0,0,0
