measurement_id,geometry_id,local_key,local0,local1,phi,theta,time,var_local0,var_local1,var_phi,var_theta,var_time
0,255,unknown,-44.524299621582031,273.51425170898438,0.0008584352326579392,1.5714423656463623,0,0.0025000001769512892,0.0025000001769512892,0,0,0
1,511,unknown,-44.404777526855469,273.50790405273438,0.0010228888131678104,1.5709432363510132,0,0.0025000001769512892,0.0025000001769512892,0,0,0
2,767,unknown,-44.440334320068359,273.53952026367188,0.0010251145577058196,1.5710353851318359,0,0.0025000001769512892,0.0025000001769512892,0,0,0
3,1023,unknown,-44.511207580566406,273.49423217773438,0.0010585533455014229,1.5709940195083618,0,0.0025000001769512892,0.0025000001769512892,0,0,0
4,1279,unknown,-44.428890228271484,273.47592163085938,0.00236485805362463,1.5699149370193481,0,0.0025000001769512892,0.0025000001769512892,0,0,0
5,1535,unknown,-44.290725708007812,273.54598999023438,0.0020740390755236149,1.5691732168197632,0,0.0025000001769512892,0.0025000001769512892,0,0,0
6,1791,unknown,-44.308586120605469,273.591796875,0.0043124868534505367,1.5670871734619141,0,0.0025000001769512892,0.0025000001769512892,0,0,0
7,2047,unknown,-44.168441772460938,273.59588623046875,0.0040879673324525356,1.5669218301773071,0,0.0025000001769512892,0.0025000001769512892,0,0,0
8,2303,unknown,-44.153343200683594,273.69717407226562,0.0037625255063176155,1.5684703588485718,0,0.0025000001769512892,0.0025000001769512892,0,0,0
