particle_id,geometry_id,tx,ty,tz,tt,tpx,tpy,tpz,te,deltapx,deltapy,deltapz,deltae,index
0,255,20,-329.44195556640625,-120.18846130371094,0,0.99985647201538086,-0.00042170929373241961,-0.00040458200965076685,0,0,0,0,0,0
0,511,40,-329.45034790039062,-120.19660186767578,0,0.9996790885925293,-0.0011083121644333005,-8.1556732766330242e-05,0,0,0,0,0,0
0,767,60,-329.47250366210938,-120.1983642578125,0,0.99952787160873413,-0.00042942122672684491,0.00060167908668518066,0,0,0,0,0,0
0,1023,80,-329.48117065429688,-120.18637847900391,0,0.9993700385093689,-0.00077131536090746522,0.0018511852249503136,0,0,0,0,0,0
0,1279,100,-329.496826171875,-120.14942169189453,0,0.9992186427116394,-0.0024781988468021154,0.0023102252744138241,0,0,0,0,0,0
0,1535,120,-329.54669189453125,-120.10347747802734,0,0.99906724691390991,-0.0030244109220802784,0.00096930045401677489,0,0,0,0,0,0
0,1791,140,-329.60736083984375,-120.08443450927734,0,0.99894148111343384,-0.0035249006468802691,0.0014503985876217484,0,0,0,0,0,0
0,2047,160,-329.6781005859375,-120.05581665039062,0,0.99857276678085327,-0.0037862837780267,0.0011727390810847282,0,0,0,0,0,0
0,2303,180,-329.75405883789062,-120.03278350830078,0,0.99842280149459839,-0.0015861002029851079,-0.00043185337563045323,0,0,0,0,0,0
