particle_id,geometry_id,tx,ty,tz,tt,tpx,tpy,tpz,te,deltapx,deltapy,deltapz,deltae,index
0,255,20,-134.74601745605469,230.66690063476562,0,0.99978780746459961,-0.00041659738053567708,0.0016164502594619989,0,0,0,0,0,0
0,511,40,-134.75454711914062,230.69918823242188,0,0.99940818548202515,-0.0003590580599848181,0.00097296276362612844,0,0,0,0,0,0
0,767,60,-134.76185607910156,230.71861267089844,0,0.99919116497039795,-0.0005863361875526607,0.0023907946888357401,0,0,0,0,0,0
0,1023,80,-134.77388000488281,230.76640319824219,0,0.99848383665084839,0.00057294889120385051,0.0027677346952259541,0,0,0,0,0,0
0,1279,100,-134.76274108886719,230.82191467285156,0,0.99829989671707153,0.0013932703295722604,0.0046353018842637539,0,0,0,0,0,0
0,1535,120,-134.73538208007812,230.91494750976562,0,0.99814516305923462,0.003718978725373745,0.004865454975515604,0,0,0,0,0,0
0,1791,140,-134.66145324707031,231.01287841796875,0,0.99802565574645996,0.003050175728276372,0.0050094188190996647,0,0,0,0,0,0
0,2047,160,-134.60093688964844,231.11363220214844,0,0.99784672260284424,0.0019856428261846304,0.006575882900506258,0,0,0,0,0,0
0,2303,180,-134.56193542480469,231.24566650390625,0,0.99770313501358032,0.00049217540072277188,0.0058197737671434879,0,0,0,0,0,0
