measurement_id,geometry_id,local_key,local0,local1,phi,theta,time,var_local0,var_local1,var_phi,var_theta,var_time
0,255,unknown,228.72918701171875,-29.330196380615234,0.0011017159558832645,1.5717171430587769,0,0.0025000001769512892,0.0025000001769512892,0,0,0
1,511,unknown,228.74383544921875,-29.376396179199219,0.0037288235034793615,1.5711133480072021,0,0.0025000001769512892,0.0025000001769512892,0,0,0
2,767,unknown,228.85903930664062,-29.459440231323242,0.0048381034284830093,1.5703887939453125,0,0.0025000001769512892,0.0025000001769512892,0,0,0
3,1023,unknown,228.83804321289062,-29.424448013305664,0.0042805052362382412,1.5701619386672974,0,0.0025000001769512892,0.0025000001769512892,0,0,0
4,1279,unknown,228.93128967285156,-29.375087738037109,0.0053196614608168602,1.5710179805755615,0,0.0025000001769512892,0.0025000001769512892,0,0,0
5,1535,unknown,229.07615661621094,-29.405221939086914,0.0066664479672908783,1.5720993280410767,0,0.0025000001769512892,0.0025000001769512892,0,0,0
6,1791,unknown,229.23307800292969,-29.490066528320312,0.0066626137122511864,1.5718917846679688,0,0.0025000001769512892,0.0025000001769512892,0,0,0
7,2047,unknown,229.40541076660156,-29.465766906738281,0.006578382570296526,1.5715665817260742,0,0.0025000001769512892,0.0025000001769512892,0,0,0
8,2303,unknown,229.50935363769531,-29.458625793457031,0.0049604224041104317,1.5717307329177856,0,0.0025000001769512892,0.0025000001769512892,0,0,0
