measurement_id,geometry_id,local_key,local0,local1,phi,theta,time,var_local0,var_local1,var_phi,var_theta,var_time
0,255,unknown,-86.339393615722656,-238.25532531738281,0.00091696245362982154,1.5704785585403442,0,0.0025000001769512892,0.0025000001769512892,0,0,0
1,511,unknown,-86.299827575683594,-238.23042297363281,0.001391505473293364,1.5691747665405273,0,0.0025000001769512892,0.0025000001769512892,0,0,0
2,767,unknown,-86.227256774902344,-238.18257141113281,0.00088067760225385427,1.5688025951385498,0,0.0025000001769512892,0.0025000001769512892,0,0,0
3,1023,unknown,-86.283607482910156,-238.17265319824219,0.0020735904108732939,1.5687669515609741,0,0.0025000001769512892,0.0025000001769512892,0,0,0
4,1279,unknown,-86.190589904785156,-238.19891357421875,0.0023319646716117859,1.5684672594070435,0,0.0025000001769512892,0.0025000001769512892,0,0,0
5,1535,unknown,-86.171585083007812,-238.09567260742188,0.0023993207141757011,1.5693225860595703,0,0.0025000001769512892,0.0025000001769512892,0,0,0
6,1791,unknown,-86.1219482421875,-238.05464172363281,0.0033025529701262712,1.5697535276412964,0,0.0025000001769512892,0.0025000001769512892,0,0,0
7,2047,unknown,-86.060302734375,-237.99520874023438,0.0030285562388598919,1.5700416564941406,0,0.0025000001769512892,0.0025000001769512892,0,0,0
8,2303,unknown,-86.031455993652344,-238.08706665039062,0.0032662216108292341,1.5684659481048584,0,0.0025000001769512892,0.0025000001769512892,0,0,0
