particle_id,particle_type,process,vx,vy,vz,vt,px,py,pz,m,q
0,0,0,0,27.204591751098633,11.965200424194336,0,1,0,-4.3711388286737929e-08,0,-1
