measurement_id,geometry_id,local_key,local0,local1,phi,theta,time,var_local0,var_local1,var_phi,var_theta,var_time
0,255,unknown,-11.815720558166504,69.155166625976562,0.00048657393199391663,1.5704982280731201,0,0.0025000001769512892,0.0025000001769512892,0,0,0
1,511,unknown,-11.836557388305664,69.111984252929688,0.00050119194202125072,1.5705053806304932,0,0.0025000001769512892,0.0025000001769512892,0,0,0
2,767,unknown,-11.745121955871582,69.081520080566406,0.00080226059071719646,1.5718166828155518,0,0.0025000001769512892,0.0025000001769512892,0,0,0
3,1023,unknown,-11.882176399230957,69.051521301269531,-0.00072222173912450671,1.5729817152023315,0,0.0025000001769512892,0.0025000001769512892,0,0,0
4,1279,unknown,-11.740121841430664,68.992134094238281,-0.00089127785759046674,1.5734010934829712,0,0.0025000001769512892,0.0025000001769512892,0,0,0
5,1535,unknown,-11.886294364929199,69.0609130859375,-0.00038879190105944872,1.5739959478378296,0,0.0025000001769512892,0.0025000001769512892,0,0,0
6,1791,unknown,-11.860889434814453,68.930572509765625,0.00093523896066471934,1.574213981628418,0,0.0025000001769512892,0.0025000001769512892,0,0,0
7,2047,unknown,-11.726364135742188,68.960708618164062,0.00038703373866155744,1.5743151903152466,0,0.0025000001769512892,0.0025000001769512892,0,0,0
8,2303,unknown,-11.817899703979492,68.894569396972656,0.00036511212238110602,1.5751378536224365,0,0.0025000001769512892,0.0025000001769512892,0,0,0
