measurement_id,geometry_id,local_key,local0,local1,phi,theta,time,var_local0,var_local1,var_phi,var_theta,var_time
0,255,unknown,-280.99002075195312,-267.3421630859375,0.0003690255107358098,1.571013331413269,0,0.0025000001769512892,0.0025000001769512892,0,0,0
1,511,unknown,-280.88430786132812,-267.40011596679688,-0.0003257358621340245,1.5716687440872192,0,0.0025000001769512892,0.0025000001769512892,0,0,0
2,767,unknown,-280.91177368164062,-267.38232421875,-0.0015759202651679516,1.5728943347930908,0,0.0025000001769512892,0.0025000001769512892,0,0,0
3,1023,unknown,-281.01385498046875,-267.40109252929688,-0.0019057982135564089,1.5729105472564697,0,0.0025000001769512892,0.0025000001769512892,0,0,0
4,1279,unknown,-281.08612060546875,-267.4525146484375,-0.0022766874171793461,1.5724344253540039,0,0.0025000001769512892,0.0025000001769512892,0,0,0
5,1535,unknown,-281.15576171875,-267.55963134765625,-0.0017236379208043218,1.5708385705947876,0,0.0025000001769512892,0.0025000001769512892,0,0,0
6,1791,unknown,-281.11782836914062,-267.5037841796875,-0.00080356607213616371,1.5728378295898438,0,0.0025000001769512892,0.0025000001769512892,0,0,0
7,2047,unknown,-281.13815307617188,-267.62432861328125,-0.0015054186806082726,1.5715761184692383,0,0.0025000001769512892,0.0025000001769512892,0,0,0
8,2303,unknown,-281.18606567382812,-267.70999145507812,-0.0013722733128815889,1.5714589357376099,0,0.0025000001769512892,0.0025000001769512892,0,0,0
