particle_id,particle_type,process,vx,vy,vz,vt,px,py,pz,m,q
0,0,0,0,49.610691070556641,-87.5032958984375,0,1,0,-4.3711388286737929e-08,0,-1
