particle_id,particle_type,process,vx,vy,vz,vt,px,py,pz,m,q
0,0,0,0,150.12026977539062,14.290473937988281,0,1,0,-4.3711388286737929e-08,0,-1
