measurement_id,geometry_id,local_key,local0,local1,phi,theta,time,var_local0,var_local1,var_phi,var_theta,var_time
0,255,unknown,-427.90005493164062,-128.92950439453125,-0.0024039868731051683,1.5717452764511108,0,0.0025000001769512892,0.0025000001769512892,0,0,0
1,511,unknown,-428.0997314453125,-128.93876647949219,-0.0044379192404448986,1.5713602304458618,0,0.0025000001769512892,0.0025000001769512892,0,0,0
2,767,unknown,-428.16586303710938,-128.90963745117188,-0.0035820917692035437,1.5719650983810425,0,0.0025000001769512892,0.0025000001769512892,0,0,0
3,1023,unknown,-428.20077514648438,-129.03778076171875,-0.0036951629444956779,1.5724784135818481,0,0.0025000001769512892,0.0025000001769512892,0,0,0
4,1279,unknown,-428.27584838867188,-129.01530456542969,-0.0035680113360285759,1.5727627277374268,0,0.0025000001769512892,0.0025000001769512892,0,0,0
5,1535,unknown,-428.31710815429688,-129.12321472167969,-0.0041319988667964935,1.5725674629211426,0,0.0025000001769512892,0.0025000001769512892,0,0,0
6,1791,unknown,-428.38174438476562,-129.0185546875,-0.003880535252392292,1.5727556943893433,0,0.0025000001769512892,0.0025000001769512892,0,0,0
7,2047,unknown,-428.41143798828125,-129.11314392089844,-0.0049347560852766037,1.5733737945556641,0,0.0025000001769512892,0.0025000001769512892,0,0,0
8,2303,unknown,-428.53414916992188,-129.147216796875,-0.0047119529917836189,1.5727992057800293,0,0.0025000001769512892,0.0025000001769512892,0,0,0
