particle_id,geometry_id,tx,ty,tz,tt,tpx,tpy,tpz,te,deltapx,deltapy,deltapz,deltae,index
0,255,20,-280.57879638671875,-36.680854797363281,0,0.99982905387878418,-0.0016338486457243562,0.0021162803750485182,0,0,0,0,0,0
0,511,40,-280.61172485351562,-36.638717651367188,0,0.99966961145401001,-0.00034602810046635568,0.004258518572896719,0,0,0,0,0,0
0,767,60,-280.61917114257812,-36.553562164306641,0,0.99953663349151611,0.00021319843654055148,0.0041298591531813145,0,0,0,0,0,0
0,1023,80,-280.61538696289062,-36.470901489257812,0,0.99941152334213257,0.0011597221018746495,0.0032437711488455534,0,0,0,0,0,0
0,1279,100,-280.59255981445312,-36.405849456787109,0,0.9992755651473999,-0.00029876703047193587,0.0024760507512837648,0,0,0,0,0,0
0,1535,120,-280.59884643554688,-36.356330871582031,0,0.99908643960952759,0.0002603597822599113,0.0014669168740510941,0,0,0,0,0,0
0,1791,140,-280.59381103515625,-36.326934814453125,0,0.99893867969512939,-0.00029752255068160594,0.00047009516856633127,0,0,0,0,0,0
0,2047,160,-280.59982299804688,-36.317558288574219,0,0.99818295240402222,-0.0001260548597201705,-0.00019959436031058431,0,0,0,0,0,0
0,2303,180,-280.60232543945312,-36.321571350097656,0,0.99796140193939209,-0.001054973341524601,0.00076217384776100516,0,0,0,0,0,0
