measurement_id,geometry_id,local_key,local0,local1,phi,theta,time,var_local0,var_local1,var_phi,var_theta,var_time
0,255,unknown,-80.156120300292969,-44.072761535644531,0.00021304450638126582,1.5706661939620972,0,0.0025000001769512892,0.0025000001769512892,0,0,0
1,511,unknown,-80.137191772460938,-43.984420776367188,0.0012880751164630055,1.5725820064544678,0,0.0025000001769512892,0.0025000001769512892,0,0,0
2,767,unknown,-80.08062744140625,-44.070396423339844,0.0014847544953227043,1.571652889251709,0,0.0025000001769512892,0.0025000001769512892,0,0,0
3,1023,unknown,-79.995872497558594,-44.112003326416016,-0.00057900277897715569,1.571043848991394,0,0.0025000001769512892,0.0025000001769512892,0,0,0
4,1279,unknown,-80.060501098632812,-44.160434722900391,-0.0017320493934676051,1.5708998441696167,0,0.0025000001769512892,0.0025000001769512892,0,0,0
5,1535,unknown,-80.063003540039062,-44.090446472167969,-0.00097170058870688081,1.5704399347305298,0,0.0025000001769512892,0.0025000001769512892,0,0,0
6,1791,unknown,-80.234306335449219,-44.040859222412109,-0.0013989536091685295,1.5706717967987061,0,0.0025000001769512892,0.0025000001769512892,0,0,0
7,2047,unknown,-80.199798583984375,-44.108528137207031,-0.0012703494867309928,1.5708578824996948,0,0.0025000001769512892,0.0025000001769512892,0,0,0
8,2303,unknown,-80.203598022460938,-44.063705444335938,-0.00092027091886848211,1.5713281631469727,0,0.0025000001769512892,0.0025000001769512892,0,0,0
