measurement_id,geometry_id,local_key,local0,local1,phi,theta,time,var_local0,var_local1,var_phi,var_theta,var_time
0,255,unknown,-89.199386596679688,287.29165649414062,0.00029000989161431789,1.5704903602600098,0,0.0025000001769512892,0.0025000001769512892,0,0,0
1,511,unknown,-89.265304565429688,287.35626220703125,-0.00087606301531195641,1.56878662109375,0,0.0025000001769512892,0.0025000001769512892,0,0,0
2,767,unknown,-89.229476928710938,287.33889770507812,-0.0015791797777637839,1.5699348449707031,0,0.0025000001769512892,0.0025000001769512892,0,0,0
3,1023,unknown,-89.240333557128906,287.362548828125,-0.00083667872240766883,1.5693345069885254,0,0.0025000001769512892,0.0025000001769512892,0,0,0
4,1279,unknown,-89.353713989257812,287.39236450195312,-0.0028027985244989395,1.5682361125946045,0,0.0025000001769512892,0.0025000001769512892,0,0,0
5,1535,unknown,-89.47613525390625,287.5062255859375,-0.0022672354243695736,1.567721962928772,0,0.0025000001769512892,0.0025000001769512892,0,0,0
6,1791,unknown,-89.329269409179688,287.53152465820312,-0.0029510119929909706,1.5665601491928101,0,0.0025000001769512892,0.0025000001769512892,0,0,0
7,2047,unknown,-89.432426452636719,287.59674072265625,-0.0015694436151534319,1.5664830207824707,0,0.0025000001769512892,0.0025000001769512892,0,0,0
8,2303,unknown,-89.487617492675781,287.66586303710938,-0.0015504932962357998,1.5664741992950439,0,0.0025000001769512892,0.0025000001769512892,0,0,0
