measurement_id,geometry_id,local_key,local0,local1,phi,theta,time,var_local0,var_local1,var_phi,var_theta,var_time
0,255,unknown,-224.12026977539062,157.38819885253906,0.00038942709215916693,1.5713011026382446,0,0.0025000001769512892,0.0025000001769512892,0,0,0
1,511,unknown,-224.14877319335938,157.23908996582031,0.0010666248854249716,1.5709608793258667,0,0.0025000001769512892,0.0025000001769512892,0,0,0
2,767,unknown,-224.15435791015625,157.21286010742188,0.0011355107417330146,1.570871114730835,0,0.0025000001769512892,0.0025000001769512892,0,0,0
3,1023,unknown,-224.06651306152344,157.293212890625,0.001726417918689549,1.570024847984314,0,0.0025000001769512892,0.0025000001769512892,0,0,0
4,1279,unknown,-224.04180908203125,157.28984069824219,0.002290838398039341,1.569348931312561,0,0.0025000001769512892,0.0025000001769512892,0,0,0
5,1535,unknown,-224.00022888183594,157.32606506347656,0.0015731710009276867,1.5680580139160156,0,0.0025000001769512892,0.0025000001769512892,0,0,0
6,1791,unknown,-224.0086669921875,157.33566284179688,0.0015323273837566376,1.5680921077728271,0,0.0025000001769512892,0.0025000001769512892,0,0,0
7,2047,unknown,-224.01083374023438,157.322021484375,0.0023695728741586208,1.5691708326339722,0,0.0025000001769512892,0.0025000001769512892,0,0,0
8,2303,unknown,-223.92399597167969,157.38227844238281,0.0021144889760762453,1.5688220262527466,0,0.0025000001769512892,0.0025000001769512892,0,0,0
