particle_id,geometry_id,tx,ty,tz,tt,tpx,tpy,tpz,te,deltapx,deltapy,deltapz,deltae,index
0,255,20,25.082242965698242,220.70805358886719,0,0.99983835220336914,0.00073184090433642268,0.00095800624694675207,0,0,0,0,0,0
0,511,40,25.096767425537109,220.72731018066406,0,0.99965822696685791,0.0018152993870899081,0.0013881539925932884,0,0,0,0,0,0
0,767,60,25.132919311523438,220.75529479980469,0,0.99935781955718994,0.0020668315701186657,0.0005874011549167335,0,0,0,0,0,0
0,1023,80,25.174211502075195,220.76730346679688,0,0.99916934967041016,0.0023139712866395712,0.00074951944407075644,0,0,0,0,0,0
0,1279,100,25.220438003540039,220.78257751464844,0,0.99901628494262695,0.0025499975308775902,0.00079656566958874464,0,0,0,0,0,0
0,1535,120,25.271390914916992,220.798828125,0,0.99885302782058716,0.0037040421739220619,7.3543684266041964e-05,0,0,0,0,0,0
0,1791,140,25.345546722412109,220.80075073242188,0,0.99866235256195068,0.0031059731263667345,-0.0022553382441401482,0,0,0,0,0,0
0,2047,160,25.40802001953125,220.75595092773438,0,0.99498873949050903,0.0024878832045942545,-0.0020036448258906603,0,0,0,0,0,0
0,2303,180,25.458269119262695,220.71597290039062,0,0.99486821889877319,0.0024563448969274759,-0.002196835819631815,0,0,0,0,0,0
