measurement_id,geometry_id,local_key,local0,local1,phi,theta,time,var_local0,var_local1,var_phi,var_theta,var_time
0,255,unknown,170.44796752929688,28.25898551940918,-8.3564473243313842e-06,1.5708597898483276,0,0.0025000001769512892,0.0025000001769512892,0,0,0
1,511,unknown,170.57249450683594,28.363628387451172,-0.00047601008554920554,1.570780873298645,0,0.0025000001769512892,0.0025000001769512892,0,0,0
2,767,unknown,170.4810791015625,28.43963623046875,-0.00042604445479810238,1.5706542730331421,0,0.0025000001769512892,0.0025000001769512892,0,0,0
3,1023,unknown,170.47579956054688,28.355531692504883,0.0018459813436493278,1.5707246065139771,0,0.0025000001769512892,0.0025000001769512892,0,0,0
4,1279,unknown,170.46110534667969,28.382350921630859,0.00094776053447276354,1.5715150833129883,0,0.0025000001769512892,0.0025000001769512892,0,0,0
5,1535,unknown,170.57003784179688,28.386730194091797,0.0012604648945853114,1.5729212760925293,0,0.0025000001769512892,0.0025000001769512892,0,0,0
6,1791,unknown,170.61178588867188,28.205772399902344,0.002125927247107029,1.5740894079208374,0,0.0025000001769512892,0.0025000001769512892,0,0,0
7,2047,unknown,170.59344482421875,28.149261474609375,0.003576784860342741,1.5729984045028687,0,0.0025000001769512892,0.0025000001769512892,0,0,0
8,2303,unknown,170.71241760253906,28.249479293823242,0.0035601479467004538,1.572498083114624,0,0.0025000001769512892,0.0025000001769512892,0,0,0
