measurement_id,geometry_id,local_key,local0,local1,phi,theta,time,var_local0,var_local1,var_phi,var_theta,var_time
0,255,unknown,165.85450744628906,-434.47286987304688,5.8009249187307432e-05,1.570792555809021,0,0.0025000001769512892,0.0025000001769512892,0,0,0
1,511,unknown,165.88459777832031,-434.43634033203125,-2.9993947464390658e-05,1.5705236196517944,0,0.0025000001769512892,0.0025000001769512892,0,0,0
2,767,unknown,165.78683471679688,-434.4256591796875,0.00045496938400901854,1.5710188150405884,0,0.0025000001769512892,0.0025000001769512892,0,0,0
3,1023,unknown,165.79103088378906,-434.49740600585938,0.000940218276809901,1.5710668563842773,0,0.0025000001769512892,0.0025000001769512892,0,0,0
4,1279,unknown,165.82119750976562,-434.45968627929688,0.0010700739221647382,1.5678195953369141,0,0.0025000001769512892,0.0025000001769512892,0,0,0
5,1535,unknown,165.7611083984375,-434.3870849609375,0.00055144657380878925,1.5682088136672974,0,0.0025000001769512892,0.0025000001769512892,0,0,0
6,1791,unknown,165.84646606445312,-434.325927734375,0.00013073261652607471,1.5668102502822876,0,0.0025000001769512892,0.0025000001769512892,0,0,0
7,2047,unknown,165.85614013671875,-434.25167846679688,-0.00065511855063959956,1.5666990280151367,0,0.0025000001769512892,0.0025000001769512892,0,0,0
8,2303,unknown,165.74815368652344,-434.14590454101562,-0.0006494757835753262,1.5662062168121338,0,0.0025000001769512892,0.0025000001769512892,0,0,0
