particle_id,geometry_id,tx,ty,tz,tt,tpx,tpy,tpz,te,deltapx,deltapy,deltapz,deltae,index
0,255,20,-10.765653610229492,-114.11946868896484,0,0.99984157085418701,0.00067492364905774593,5.5975800933083519e-05,0,0,0,0,0,0
0,511,40,-10.75216007232666,-114.11827087402344,0,0.9987824559211731,0.0017264155903831124,-0.0013449951075017452,0,0,0,0,0,0
0,767,60,-10.717429161071777,-114.14499664306641,0,0.99863690137863159,-0.00068891252158209682,-0.0021377706434577703,0,0,0,0,0,0
0,1023,80,-10.730968475341797,-114.18788909912109,0,0.99847424030303955,-0.0018696566112339497,-0.0013118475908413529,0,0,0,0,0,0
0,1279,100,-10.76826000213623,-114.21439361572266,0,0.99831289052963257,-0.0031354308594018221,-0.003820719663053751,0,0,0,0,0,0
0,1535,120,-10.830613136291504,-114.29131317138672,0,0.99814748764038086,-0.0029577510431408882,-0.0033221091143786907,0,0,0,0,0,0
0,1791,140,-10.889476776123047,-114.35823059082031,0,0.99801462888717651,-0.0031433473341166973,-0.0035994744393974543,0,0,0,0,0,0
0,2047,160,-10.952033996582031,-114.43074035644531,0,0.99787706136703491,-0.0028290858026593924,-0.0042277900502085686,0,0,0,0,0,0
0,2303,180,-11.008225440979004,-114.51581573486328,0,0.99767893552780151,-0.0029875088948756456,-0.0046265753917396069,0,0,0,0,0,0
