particle_id,geometry_id,tx,ty,tz,tt,tpx,tpy,tpz,te,deltapx,deltapy,deltapz,deltae,index
0,255,20,-55.867649078369141,304.75979614257812,0,0.99988311529159546,8.217615686589852e-05,-0.00062248192261904478,0,0,0,0,0,0
0,511,40,-55.865932464599609,304.74734497070312,0,0.99977391958236694,-0.00073695863829925656,0.00029922326211817563,0,0,0,0,0,0
0,767,60,-55.880710601806641,304.75323486328125,0,0.99962478876113892,0.0028513025026768446,-0.00034764816518872976,0,0,0,0,0,0
0,1023,80,-55.823623657226562,304.74661254882812,0,0.99912494421005249,0.0028069778345525265,-0.0015242372173815966,0,0,0,0,0,0
0,1279,100,-55.767253875732422,304.7164306640625,0,0.99891948699951172,0.0027367195580154657,-0.0011725150980055332,0,0,0,0,0,0
0,1535,120,-55.712322235107422,304.69329833984375,0,0.99878448247909546,0.0037337029352784157,-0.0030131172388792038,0,0,0,0,0,0
0,1791,140,-55.637195587158203,304.6334228515625,0,0.9986264705657959,0.0034679742529988289,-0.0029269238002598286,0,0,0,0,0,0
0,2047,160,-55.567390441894531,304.57522583007812,0,0.99846482276916504,0.0012968509690836072,-0.0028695396613329649,0,0,0,0,0,0
0,2303,180,-55.541069030761719,304.51791381835938,0,0.99833190441131592,0.00033738568890839815,-0.00071398739237338305,0,0,0,0,0,0
