measurement_id,geometry_id,local_key,local0,local1,phi,theta,time,var_local0,var_local1,var_phi,var_theta,var_time
0,255,unknown,113.01094055175781,-72.356986999511719,0.00046151119749993086,1.5706650018692017,0,0.0025000001769512892,0.0025000001769512892,0,0,0
1,511,unknown,112.97547149658203,-72.232810974121094,0.00052673945901915431,1.5706498622894287,0,0.0025000001769512892,0.0025000001769512892,0,0,0
2,767,unknown,113.09243774414062,-72.376731872558594,-0.0015244673704728484,1.5719314813613892,0,0.0025000001769512892,0.0025000001769512892,0,0,0
3,1023,unknown,112.98580169677734,-72.397148132324219,-0.0022214828059077263,1.5726727247238159,0,0.0025000001769512892,0.0025000001769512892,0,0,0
4,1279,unknown,112.96317291259766,-72.378929138183594,-0.0019546232651919127,1.5722469091415405,0,0.0025000001769512892,0.0025000001769512892,0,0,0
5,1535,unknown,112.96070098876953,-72.404144287109375,-0.0023424953687936068,1.5744081735610962,0,0.0025000001769512892,0.0025000001769512892,0,0,0
6,1791,unknown,112.86112976074219,-72.487960815429688,-0.0025154612958431244,1.5736590623855591,0,0.0025000001769512892,0.0025000001769512892,0,0,0
7,2047,unknown,112.88259887695312,-72.507347106933594,-0.0029475537594407797,1.5742795467376709,0,0.0025000001769512892,0.0025000001769512892,0,0,0
8,2303,unknown,112.80683898925781,-72.524017333984375,-0.0034390354994684458,1.5745625495910645,0,0.0025000001769512892,0.0025000001769512892,0,0,0
