particle_id,geometry_id,tx,ty,tz,tt,tpx,tpy,tpz,te,deltapx,deltapy,deltapz,deltae,index
0,255,20,-153.10684204101562,-107.05854034423828,0,0.99972814321517944,0.00070608418900519609,-0.00020657728600781411,0,0,0,0,0,0
0,511,40,-153.09269714355469,-107.06259155273438,0,0.99957931041717529,0.00093756342539563775,-0.00096594839124009013,0,0,0,0,0,0
0,767,60,-153.07382202148438,-107.08180236816406,0,0.99941426515579224,0.0012266826815903187,-0.00050042988732457161,0,0,0,0,0,0
0,1023,80,-153.04920959472656,-107.09166717529297,0,0.99921512603759766,0.0013226631563156843,-0.001322111114859581,0,0,0,0,0,0
0,1279,100,-153.0225830078125,-107.11797332763672,0,0.99906790256500244,0.0010554854525253177,-0.0027900461573153734,0,0,0,0,0,0
0,1535,120,-153.00111389160156,-107.17369842529297,0,0.99892234802246094,0.0007271722424775362,-0.0027025903109461069,0,0,0,0,0,0
0,1791,140,-152.98623657226562,-107.22772216796875,0,0.99871593713760376,0.0020369349513202906,-0.0035254394169896841,0,0,0,0,0,0
0,2047,160,-152.94502258300781,-107.29807281494141,0,0.99855846166610718,0.0021435248199850321,-0.0047812303528189659,0,0,0,0,0,0
0,2303,180,-152.90151977539062,-107.39357757568359,0,0.99839520454406738,0.0022253727074712515,-0.0047678332775831223,0,0,0,0,0,0
