particle_id,particle_type,process,vx,vy,vz,vt,px,py,pz,m,q
0,0,0,0,-202.17387390136719,-70.871231079101562,0,1,0,-4.3711388286737929e-08,0,-1
