particle_id,geometry_id,tx,ty,tz,tt,tpx,tpy,tpz,te,deltapx,deltapy,deltapz,deltae,index
0,255,20,-327.68832397460938,-129.29580688476562,0,0.99902409315109253,-0.0027184691280126572,0.00093912711599841714,0,0,0,0,0,0
0,511,40,-327.74285888671875,-129.27732849121094,0,0.99590593576431274,-0.001972271827980876,0.000540851557161659,0,0,0,0,0,0
0,767,60,-327.78253173828125,-129.26670837402344,0,0.99576890468597412,-0.00052278302609920502,0.0013407293008640409,0,0,0,0,0,0
0,1023,80,-327.79318237304688,-129.23983764648438,0,0.99560642242431641,0.00088630372192710638,0.0013053799048066139,0,0,0,0,0,0
0,1279,100,-327.77554321289062,-129.2135009765625,0,0.99547427892684937,-0.00030820895335637033,0.0025594320613890886,0,0,0,0,0,0
0,1535,120,-327.78204345703125,-129.16212463378906,0,0.99535036087036133,-0.00051790568977594376,0.0018329414306208491,0,0,0,0,0,0
0,1791,140,-327.79266357421875,-129.12535095214844,0,0.99522459506988525,-0.00055354746291413903,0.0018012701766565442,0,0,0,0,0,0
0,2047,160,-327.80401611328125,-129.08921813964844,0,0.99508661031723022,-0.00038943876279518008,0.0019751603249460459,0,0,0,0,0,0
0,2303,180,-327.81207275390625,-129.049560546875,0,0.99494844675064087,-0.00046934530837461352,0.0017972119385376573,0,0,0,0,0,0
