particle_id,geometry_id,tx,ty,tz,tt,tpx,tpy,tpz,te,deltapx,deltapy,deltapz,deltae,index
0,255,20,94.526031494140625,-211.663818359375,0,0.99987763166427612,-0.0018317599315196276,-0.0013406295329332352,0,0,0,0,0,0
0,511,40,94.489555358886719,-211.69085693359375,0,0.99950146675109863,-0.0020743571221828461,-0.0012810272164642811,0,0,0,0,0,0
0,767,60,94.448204040527344,-211.71673583984375,0,0.99937891960144043,-0.0011815167963504791,-0.00019733179942704737,0,0,0,0,0,0
0,1023,80,94.424583435058594,-211.7208251953125,0,0.99923187494277954,-0.0020309090614318848,-0.00052773638162761927,0,0,0,0,0,0
0,1279,100,94.383995056152344,-211.73162841796875,0,0.99909776449203491,-0.0022007855586707592,-0.00066510948818176985,0,0,0,0,0,0
0,1535,120,94.340019226074219,-211.74520874023438,0,0.97528070211410522,-0.0033421176485717297,2.3988961856957758e-06,0,0,0,0,0,0
0,1791,140,94.271484375,-211.74557495117188,0,0.97516173124313354,-0.0034865324851125479,-0.00079507025657221675,0,0,0,0,0,0
0,2047,160,94.200080871582031,-211.76231384277344,0,0.97500807046890259,-0.0057720597833395004,-0.0025688931345939636,0,0,0,0,0,0
0,2303,180,94.082008361816406,-211.81573486328125,0,0.97456985712051392,-0.0061733955517411232,-0.0025696041993796825,0,0,0,0,0,0
