particle_id,particle_type,process,vx,vy,vz,vt,px,py,pz,m,q
0,0,0,0,-459.04425048828125,-409.29336547851562,0,1,0,-4.3711388286737929e-08,0,-1
