measurement_id,geometry_id,local_key,local0,local1,phi,theta,time,var_local0,var_local1,var_phi,var_theta,var_time
0,255,unknown,343.0863037109375,-273.93743896484375,0.0016719384584575891,1.5722761154174805,0,0.0025000001769512892,0.0025000001769512892,0,0,0
1,511,unknown,343.13555908203125,-274.02896118164062,0.0013796953717246652,1.5735820531845093,0,0.0025000001769512892,0.0025000001769512892,0,0,0
2,767,unknown,343.17074584960938,-274.01522827148438,0.0007629321189597249,1.5741539001464844,0,0.0025000001769512892,0.0025000001769512892,0,0,0
3,1023,unknown,343.21536254882812,-274.24575805664062,0.0010934012243524194,1.5735193490982056,0,0.0025000001769512892,0.0025000001769512892,0,0,0
4,1279,unknown,343.21160888671875,-274.1856689453125,0.0016961409710347652,1.5737742185592651,0,0.0025000001769512892,0.0025000001769512892,0,0,0
5,1535,unknown,343.20758056640625,-274.18893432617188,0.0023987952154129744,1.5727375745773315,0,0.0025000001769512892,0.0025000001769512892,0,0,0
6,1791,unknown,343.31158447265625,-274.33773803710938,0.0030298843048512936,1.5720875263214111,0,0.0025000001769512892,0.0025000001769512892,0,0,0
7,2047,unknown,343.32586669921875,-274.34979248046875,0.0034329886548221111,1.5724453926086426,0,0.0025000001769512892,0.0025000001769512892,0,0,0
8,2303,unknown,343.50430297851562,-274.39788818359375,0.0038299055304378271,1.5725765228271484,0,0.0025000001769512892,0.0025000001769512892,0,0,0
