measurement_id,geometry_id,local_key,local0,local1,phi,theta,time,var_local0,var_local1,var_phi,var_theta,var_time
0,255,unknown,317.64822387695312,-320.00387573242188,-0.00040727935265749693,1.5695316791534424,0,0.0025000001769512892,0.0025000001769512892,0,0,0
1,511,unknown,317.56689453125,-320.07748413085938,-0.00028979449416510761,1.5697230100631714,0,0.0025000001769512892,0.0025000001769512892,0,0,0
2,767,unknown,317.60354614257812,-320.07061767578125,-0.00035270763328298926,1.5699427127838135,0,0.0025000001769512892,0.0025000001769512892,0,0,0
3,1023,unknown,317.58200073242188,-320.00143432617188,9.7921656561084092e-05,1.5696138143539429,0,0.0025000001769512892,0.0025000001769512892,0,0,0
4,1279,unknown,317.66500854492188,-320.03778076171875,0.0019436755683273077,1.5712521076202393,0,0.0025000001769512892,0.0025000001769512892,0,0,0
5,1535,unknown,317.71502685546875,-319.87869262695312,0.0019229770405218005,1.5712063312530518,0,0.0025000001769512892,0.0025000001769512892,0,0,0
6,1791,unknown,317.7685546875,-320.02023315429688,0.0017499822424724698,1.5708494186401367,0,0.0025000001769512892,0.0025000001769512892,0,0,0
7,2047,unknown,317.70932006835938,-319.973388671875,0.0030946682672947645,1.5706361532211304,0,0.0025000001769512892,0.0025000001769512892,0,0,0
8,2303,unknown,317.86788940429688,-320.08181762695312,0.003419109620153904,1.5706846714019775,0,0.0025000001769512892,0.0025000001769512892,0,0,0
