measurement_id,geometry_id,local_key,local0,local1,phi,theta,time,var_local0,var_local1,var_phi,var_theta,var_time
0,255,unknown,-55.471866607666016,165.08053588867188,-7.323560566874221e-05,1.5705469846725464,0,0.0025000001769512892,0.0025000001769512892,0,0,0
1,511,unknown,-55.617561340332031,165.18438720703125,0.00012965837959200144,1.5702223777770996,0,0.0025000001769512892,0.0025000001769512892,0,0,0
2,767,unknown,-55.509517669677734,165.09078979492188,-0.0010538739152252674,1.5701848268508911,0,0.0025000001769512892,0.0025000001769512892,0,0,0
3,1023,unknown,-55.501449584960938,165.13430786132812,-0.00081222126027569175,1.5701756477355957,0,0.0025000001769512892,0.0025000001769512892,0,0,0
4,1279,unknown,-55.524326324462891,165.089111328125,-0.001529924338683486,1.5699725151062012,0,0.0025000001769512892,0.0025000001769512892,0,0,0
5,1535,unknown,-55.498378753662109,165.1998291015625,-0.0017055956413969398,1.5693938732147217,0,0.0025000001769512892,0.0025000001769512892,0,0,0
6,1791,unknown,-55.583499908447266,165.11686706542969,-0.00049242121167480946,1.570884108543396,0,0.0025000001769512892,0.0025000001769512892,0,0,0
7,2047,unknown,-55.686721801757812,165.23208618164062,-0.0014009514125064015,1.5685595273971558,0,0.0025000001769512892,0.0025000001769512892,0,0,0
8,2303,unknown,-55.572574615478516,165.25039672851562,-0.00053816614672541618,1.566978931427002,0,0.0025000001769512892,0.0025000001769512892,0,0,0
