particle_id,geometry_id,tx,ty,tz,tt,tpx,tpy,tpz,te,deltapx,deltapy,deltapz,deltae,index
0,255,20,-225.72882080078125,23.069709777832031,0,0.99987369775772095,0.00024455235688947141,-0.0011028293520212173,0,0,0,0,0,0
0,511,40,-225.72380065917969,23.047679901123047,0,0.99970662593841553,-0.00045035005314275622,-0.0014940142864361405,0,0,0,0,0,0
0,767,60,-225.73263549804688,23.017738342285156,0,0.99952036142349243,-0.00043530701077543199,-0.0014847995480522513,0,0,0,0,0,0
0,1023,80,-225.74116516113281,22.98797607421875,0,0.99934965372085571,-0.00018503310275264084,-0.0018363427370786667,0,0,0,0,0,0
0,1279,100,-225.74464416503906,22.951204299926758,0,0.99800902605056763,0.0012986297952011228,-0.0024561076425015926,0,0,0,0,0,0
0,1535,120,-225.71832275390625,22.902141571044922,0,0.99783080816268921,0.0022983413655310869,-0.0022697518579661846,0,0,0,0,0,0
0,1791,140,-225.67198181152344,22.856925964355469,0,0.99771171808242798,0.0027313497848808765,-0.0021698137279599905,0,0,0,0,0,0
0,2047,160,-225.61697387695312,22.813760757446289,0,0.9975811243057251,0.0025575766339898109,-0.0023689607623964548,0,0,0,0,0,0
0,2303,180,-225.56541442871094,22.766576766967773,0,0.99736344814300537,0.0030262181535363197,-0.0034895229618996382,0,0,0,0,0,0
