particle_id,geometry_id,tx,ty,tz,tt,tpx,tpy,tpz,te,deltapx,deltapy,deltapz,deltae,index
0,255,20,-83.168746948242188,-116.38026428222656,0,0.99985313415527344,-0.0010560437804087996,0.0011586206965148449,0,0,0,0,0,0
0,511,40,-83.190010070800781,-116.35721588134766,0,0.99967348575592041,0.00081316911382600665,0.00022435418213717639,0,0,0,0,0,0
0,767,60,-83.17376708984375,-116.35263061523438,0,0.99953627586364746,0.00097105314489454031,0.00044487763079814613,0,0,0,0,0,0
0,1023,80,-83.154388427734375,-116.34361267089844,0,0.99934482574462891,0.00022889299725648016,-0.00041604979196563363,0,0,0,0,0,0
0,1279,100,-83.149757385253906,-116.35191345214844,0,0.99914753437042236,-3.9183145418064669e-05,0.00072901445673778653,0,0,0,0,0,0
0,1535,120,-83.150627136230469,-116.33732604980469,0,0.99895679950714111,-0.00092511007096618414,0.0017815886531025171,0,0,0,0,0,0
0,1791,140,-83.169364929199219,-116.30176544189453,0,0.99881750345230103,-0.00085363775724545121,0.0023481079842895269,0,0,0,0,0,0
0,2047,160,-83.186737060546875,-116.25485229492188,0,0.99830359220504761,-0.00070220849011093378,0.0021959978621453047,0,0,0,0,0,0
0,2303,180,-83.201072692871094,-116.21094512939453,0,0.99818211793899536,-0.00074615166522562504,0.0023187694605439901,0,0,0,0,0,0
