measurement_id,geometry_id,local_key,local0,local1,phi,theta,time,var_local0,var_local1,var_phi,var_theta,var_time
0,255,unknown,36.341953277587891,410.3328857421875,0.00046704450505785644,1.5711100101470947,0,0.0025000001769512892,0.0025000001769512892,0,0,0
1,511,unknown,36.326107025146484,410.50753784179688,0.00047482980880886316,1.5711088180541992,0,0.0025000001769512892,0.0025000001769512892,0,0,0
2,767,unknown,36.456871032714844,410.38449096679688,-0.0009034915710799396,1.5713337659835815,0,0.0025000001769512892,0.0025000001769512892,0,0,0
3,1023,unknown,36.403694152832031,410.35076904296875,-0.00065322848968207836,1.5694544315338135,0,0.0025000001769512892,0.0025000001769512892,0,0,0
4,1279,unknown,36.377964019775391,410.4432373046875,-0.0011267544468864799,1.5692625045776367,0,0.0025000001769512892,0.0025000001769512892,0,0,0
5,1535,unknown,36.354534149169922,410.43185424804688,-0.00086296076187863946,1.5700451135635376,0,0.0025000001769512892,0.0025000001769512892,0,0,0
6,1791,unknown,36.292259216308594,410.52688598632812,-0.00057523552095517516,1.5683186054229736,0,0.0025000001769512892,0.0025000001769512892,0,0,0
7,2047,unknown,36.348388671875,410.56903076171875,-0.00031371554359793663,1.5685162544250488,0,0.0025000001769512892,0.0025000001769512892,0,0,0
8,2303,unknown,36.36846923828125,410.43756103515625,7.1958842454478145e-05,1.5683517456054688,0,0.0025000001769512892,0.0025000001769512892,0,0,0
