particle_id,geometry_id,tx,ty,tz,tt,tpx,tpy,tpz,te,deltapx,deltapy,deltapz,deltae,index
0,255,20,-239.57133483886719,-77.721336364746094,0,0.99972414970397949,0.0005577112315222621,-5.998944106977433e-05,0,0,0,0,0,0
0,511,40,-239.56016540527344,-77.72247314453125,0,0.9995848536491394,-0.00024387786106672138,-0.00096797902369871736,0,0,0,0,0,0
0,767,60,-239.56492614746094,-77.741867065429688,0,0.99913853406906128,0.00033209766843356192,-0.0018322626128792763,0,0,0,0,0,0
0,1023,80,-239.55805969238281,-77.77850341796875,0,0.99889624118804932,0.00066709273960441351,-0.0012878701090812683,0,0,0,0,0,0
0,1279,100,-239.5445556640625,-77.804206848144531,0,0.99389135837554932,0.0008202044409699738,-0.0017384003149345517,0,0,0,0,0,0
0,1535,120,-239.52784729003906,-77.839088439941406,0,0.99360328912734985,0.00084338302258402109,-0.0017451217863708735,0,0,0,0,0,0
0,1791,140,-239.51066589355469,-77.874114990234375,0,0.99347448348999023,0.00080026907380670309,-0.0019419658929109573,0,0,0,0,0,0
0,2047,160,-239.49432373046875,-77.913108825683594,0,0.99329543113708496,0.00074608152499422431,-0.0019351034425199032,0,0,0,0,0,0
0,2303,180,-239.47906494140625,-77.951980590820312,0,0.99299412965774536,0.00036448673927225173,-0.0026072398759424686,0,0,0,0,0,0
