particle_id,particle_type,process,vx,vy,vz,vt,px,py,pz,m,q
0,0,0,0,72.434005737304688,16.179571151733398,0,1,0,-4.3711388286737929e-08,0,-1
