measurement_id,geometry_id,local_key,local0,local1,phi,theta,time,var_local0,var_local1,var_phi,var_theta,var_time
0,255,unknown,129.78105163574219,463.2763671875,0.00055805197916924953,1.5718008279800415,0,0.0025000001769512892,0.0025000001769512892,0,0,0
1,511,unknown,129.75505065917969,463.1312255859375,0.0020604107994586229,1.5707688331604004,0,0.0025000001769512892,0.0025000001769512892,0,0,0
2,767,unknown,129.78044128417969,463.108642578125,0.0022047960665076971,1.5708154439926147,0,0.0025000001769512892,0.0025000001769512892,0,0,0
3,1023,unknown,129.81343078613281,463.17770385742188,0.002259494736790657,1.5698674917221069,0,0.0025000001769512892,0.0025000001769512892,0,0,0
4,1279,unknown,129.88174438476562,463.15023803710938,0.00049375474918633699,1.5704963207244873,0,0.0025000001769512892,0.0025000001769512892,0,0,0
5,1535,unknown,129.83267211914062,463.17623901367188,0.00054079852998256683,1.5705858469009399,0,0.0025000001769512892,0.0025000001769512892,0,0,0
6,1791,unknown,129.87710571289062,463.15252685546875,0.0020111848134547472,1.5700922012329102,0,0.0025000001769512892,0.0025000001769512892,0,0,0
7,2047,unknown,130.02252197265625,463.14492797851562,0.0023027968127280474,1.5701353549957275,0,0.0025000001769512892,0.0025000001769512892,0,0,0
8,2303,unknown,130.02938842773438,463.26885986328125,0.003139046486467123,1.5702332258224487,0,0.0025000001769512892,0.0025000001769512892,0,0,0
