particle_id,geometry_id,tx,ty,tz,tt,tpx,tpy,tpz,te,deltapx,deltapy,deltapz,deltae,index
0,255,20,-65.329864501953125,-89.316322326660156,0,0.99978899955749512,0.000624404929112643,0.00065511168213561177,0,0,0,0,0,0
0,511,40,-65.317451477050781,-89.303146362304688,0,0.99943143129348755,0.00077251117909327149,0.0005704061477445066,0,0,0,0,0,0
0,767,60,-65.30206298828125,-89.291641235351562,0,0.99929416179656982,0.0012657651677727699,0.00037805986357852817,0,0,0,0,0,0
0,1023,80,-65.276779174804688,-89.283920288085938,0,0.99914759397506714,0.0018009881023317575,0.00049151456914842129,0,0,0,0,0,0
0,1279,100,-65.240791320800781,-89.27386474609375,0,0.99900138378143311,0.001645158976316452,0.00068377354182302952,0,0,0,0,0,0
0,1535,120,-65.207939147949219,-89.259979248046875,0,0.99866724014282227,0.0018851099302992225,0.00069687882205471396,0,0,0,0,0,0
0,1791,140,-65.170272827148438,-89.245796203613281,0,0.99852395057678223,0.0023044890258461237,0.0013368240324780345,0,0,0,0,0,0
0,2047,160,-65.124275207519531,-89.218742370605469,0,0.99834907054901123,0.0013322097947821021,0.0025606367271393538,0,0,0,0,0,0
0,2303,180,-65.097892761230469,-89.167282104492188,0,0.99817812442779541,0.0011780305067077279,0.0027927104383707047,0,0,0,0,0,0
