particle_id,particle_type,process,vx,vy,vz,vt,px,py,pz,m,q
0,0,0,0,194.7755126953125,183.82722473144531,0,1,0,-4.3711388286737929e-08,0,-1
