particle_id,geometry_id,tx,ty,tz,tt,tpx,tpy,tpz,te,deltapx,deltapy,deltapz,deltae,index
0,255,20,542.40338134765625,243.59324645996094,0,0.99983608722686768,7.4635208875406533e-05,0.00012141064507886767,0,0,0,0,0,0
0,511,40,542.40484619140625,243.59568786621094,0,0.99969124794006348,0.0017843833193182945,-0.00059185526333749294,0,0,0,0,0,0
0,767,60,542.44061279296875,243.58406066894531,0,0.99945789575576782,0.0016169211594387889,7.7162156230770051e-05,0,0,0,0,0,0
0,1023,80,542.47296142578125,243.58580017089844,0,0.99930447340011597,0.0018658123444765806,0.00022736896062269807,0,0,0,0,0,0
0,1279,100,542.51025390625,243.590576171875,0,0.99883729219436646,0.0019962294027209282,0.00020321040938142687,0,0,0,0,0,0
0,1535,120,542.5501708984375,243.59487915039062,0,0.99862575531005859,0.0019041906343773007,-0.00060729577671736479,0,0,0,0,0,0
0,1791,140,542.58837890625,243.58294677734375,0,0.99844002723693848,0.0011851299786940217,-0.00077560037607327104,0,0,0,0,0,0
0,2047,160,542.6121826171875,243.56755065917969,0,0.99608826637268066,0.0013133945176377892,-0.00073791318573057652,0,0,0,0,0,0
0,2303,180,542.638671875,243.55288696289062,0,0.99571377038955688,0.0028057273011654615,-0.00033228151733055711,0,0,0,0,0,0
