measurement_id,geometry_id,local_key,local0,local1,phi,theta,time,var_local0,var_local1,var_phi,var_theta,var_time
0,255,unknown,-97.713424682617188,-67.392478942871094,-6.1095677665434778e-05,1.570722222328186,0,0.0025000001769512892,0.0025000001769512892,0,0,0
1,511,unknown,-97.697837829589844,-67.383270263671875,0.0010578626533970237,1.572324275970459,0,0.0025000001769512892,0.0025000001769512892,0,0,0
2,767,unknown,-97.620826721191406,-67.468154907226562,0.0019301570719107985,1.5701245069503784,0,0.0025000001769512892,0.0025000001769512892,0,0,0
3,1023,unknown,-97.539924621582031,-67.45166015625,0.0019170382292941213,1.5701501369476318,0,0.0025000001769512892,0.0025000001769512892,0,0,0
4,1279,unknown,-97.529129028320312,-67.41156005859375,0.0016030928818508983,1.5707391500473022,0,0.0025000001769512892,0.0025000001769512892,0,0,0
5,1535,unknown,-97.417015075683594,-67.317008972167969,0.0015791109763085842,1.5706959962844849,0,0.0025000001769512892,0.0025000001769512892,0,0,0
6,1791,unknown,-97.595756530761719,-67.460151672363281,0.0014927868032827973,1.5706429481506348,0,0.0025000001769512892,0.0025000001769512892,0,0,0
7,2047,unknown,-97.52984619140625,-67.431465148925781,0.001245291787199676,1.5707250833511353,0,0.0025000001769512892,0.0025000001769512892,0,0,0
8,2303,unknown,-97.424537658691406,-67.407234191894531,-0.00066189287463203073,1.5694948434829712,0,0.0025000001769512892,0.0025000001769512892,0,0,0
