particle_id,geometry_id,tx,ty,tz,tt,tpx,tpy,tpz,te,deltapx,deltapy,deltapz,deltae,index
0,255,20,-59.625286102294922,-96.339866638183594,0,0.99970042705535889,-0.00069172470830380917,-0.00049521011533215642,0,0,0,0,0,0
0,511,40,-59.639064788818359,-96.349853515625,0,0.99954479932785034,-0.00011628139327513054,-0.0016934765735641122,0,0,0,0,0,0
0,767,60,-59.641189575195312,-96.383750915527344,0,0.99940848350524902,0.00063745822990313172,-0.0010610942263156176,0,0,0,0,0,0
0,1023,80,-59.628307342529297,-96.4049072265625,0,0.99925285577774048,0.00095744582358747721,-0.0016205573920160532,0,0,0,0,0,0
0,1279,100,-59.608951568603516,-96.437225341796875,0,0.99910104274749756,-0.00041906637488864362,-0.0036799588706344366,0,0,0,0,0,0
0,1535,120,-59.616897583007812,-96.510940551757812,0,0.99895262718200684,0.00067770673194900155,-0.0049748383462429047,0,0,0,0,0,0
0,1791,140,-59.602733612060547,-96.610458374023438,0,0.9987943172454834,0.00082027335884049535,-0.0042850030586123466,0,0,0,0,0,0
0,2047,160,-59.585792541503906,-96.696159362792969,0,0.99858200550079346,-0.00084616162348538637,-0.0065991384908556938,0,0,0,0,0,0
0,2303,180,-59.601943969726562,-96.82843017578125,0,0.99844467639923096,-0.00092782441060990095,-0.0075729675590991974,0,0,0,0,0,0
