measurement_id,geometry_id,local_key,local0,local1,phi,theta,time,var_local0,var_local1,var_phi,var_theta,var_time
0,255,unknown,-137.35739135742188,157.99681091308594,-0.00037524942308664322,1.5700603723526001,0,0.0025000001769512892,0.0025000001769512892,0,0,0
1,511,unknown,-137.52824401855469,157.85556030273438,-0.00021651385759469122,1.5700576305389404,0,0.0025000001769512892,0.0025000001769512892,0,0,0
2,767,unknown,-137.48129272460938,158.03854370117188,0.00059305859031155705,1.5697282552719116,0,0.0025000001769512892,0.0025000001769512892,0,0,0
3,1023,unknown,-137.36947631835938,157.93930053710938,0.00059654779033735394,1.5697301626205444,0,0.0025000001769512892,0.0025000001769512892,0,0,0
4,1279,unknown,-137.38302612304688,157.96870422363281,0.0012063186150044203,1.5685104131698608,0,0.0025000001769512892,0.0025000001769512892,0,0,0
5,1535,unknown,-137.42079162597656,157.96772766113281,0.0013005626387894154,1.5680980682373047,0,0.0025000001769512892,0.0025000001769512892,0,0,0
6,1791,unknown,-137.36479187011719,158.08372497558594,-0.00031795620452612638,1.569453239440918,0,0.0025000001769512892,0.0025000001769512892,0,0,0
7,2047,unknown,-137.37013244628906,158.15559387207031,-0.00010161704994970933,1.570919394493103,0,0.0025000001769512892,0.0025000001769512892,0,0,0
8,2303,unknown,-137.40238952636719,158.01957702636719,0.0016783231403678656,1.5719244480133057,0,0.0025000001769512892,0.0025000001769512892,0,0,0
