measurement_id,geometry_id,local_key,local0,local1,phi,theta,time,var_local0,var_local1,var_phi,var_theta,var_time
0,255,unknown,-65.276374816894531,2.1170575618743896,0.00077236746437847614,1.5707825422286987,0,0.0025000001769512892,0.0025000001769512892,0,0,0
1,511,unknown,-65.228416442871094,2.2318170070648193,0.0010516726179048419,1.5707732439041138,0,0.0025000001769512892,0.0025000001769512892,0,0,0
2,767,unknown,-65.266548156738281,2.1209814548492432,0.0011961174895986915,1.5707097053527832,0,0.0025000001769512892,0.0025000001769512892,0,0,0
3,1023,unknown,-65.097373962402344,2.1860036849975586,0.0015138008166104555,1.5709254741668701,0,0.0025000001769512892,0.0025000001769512892,0,0,0
4,1279,unknown,-65.137336730957031,2.1396818161010742,0.0021401641424745321,1.570106029510498,0,0.0025000001769512892,0.0025000001769512892,0,0,0
5,1535,unknown,-65.139686584472656,2.2040636539459229,0.0025817740242928267,1.5710893869400024,0,0.0025000001769512892,0.0025000001769512892,0,0,0
6,1791,unknown,-65.004158020019531,2.1898155212402344,0.0021883044391870499,1.5707820653915405,0,0.0025000001769512892,0.0025000001769512892,0,0,0
7,2047,unknown,-65.050277709960938,2.1864602565765381,0.0018269098363816738,1.5704975128173828,0,0.0025000001769512892,0.0025000001769512892,0,0,0
8,2303,unknown,-64.935569763183594,2.2062304019927979,0.0012227374827489257,1.5709961652755737,0,0.0025000001769512892,0.0025000001769512892,0,0,0
