particle_id,geometry_id,tx,ty,tz,tt,tpx,tpy,tpz,te,deltapx,deltapy,deltapz,deltae,index
0,255,20,307.25265502929688,218.82286071777344,0,0.99986761808395386,-0.00017158688569907099,-0.00057741708587855101,0,0,0,0,0,0
0,511,40,307.24929809570312,218.81129455566406,0,0.9996645450592041,0.00023354178119916469,-0.00042738483170978725,0,0,0,0,0,0
0,767,60,307.2540283203125,218.80276489257812,0,0.9995197057723999,1.5653105265300837e-06,-0.00020379366469569504,0,0,0,0,0,0
0,1023,80,307.25408935546875,218.79869079589844,0,0.99936938285827637,-0.00042404673877172172,-0.00024450692581012845,0,0,0,0,0,0
0,1279,100,307.24563598632812,218.79374694824219,0,0.99922877550125122,-0.0011372321750968695,0.0047519439831376076,0,0,0,0,0,0
0,1535,120,307.2222900390625,218.88871765136719,0,0.99897962808609009,-0.0019958375487476587,0.0045867776498198509,0,0,0,0,0,0
0,1791,140,307.18179321289062,218.98030090332031,0,0.99883502721786499,-0.0014399406500160694,0.0053200782276690006,0,0,0,0,0,0
0,2047,160,307.15231323242188,219.08665466308594,0,0.99865579605102539,-0.0014526036102324724,0.0053016231395304203,0,0,0,0,0,0
0,2303,180,307.12258911132812,219.19265747070312,0,0.99846953153610229,-0.0012126532383263111,0.0055211959406733513,0,0,0,0,0,0
