measurement_id,geometry_id,local_key,local0,local1,phi,theta,time,var_local0,var_local1,var_phi,var_theta,var_time
0,255,unknown,-56.201572418212891,156.3125,0.0012564790667966008,1.5713071823120117,0,0.0025000001769512892,0.0025000001769512892,0,0,0
1,511,unknown,-56.311557769775391,156.21009826660156,0.0013463321374729276,1.5712321996688843,0,0.0025000001769512892,0.0025000001769512892,0,0,0
2,767,unknown,-56.063362121582031,156.14715576171875,0.0018195525044575334,1.5721167325973511,0,0.0025000001769512892,0.0025000001769512892,0,0,0
3,1023,unknown,-56.230487823486328,156.27854919433594,0.0017964192666113377,1.5709928274154663,0,0.0025000001769512892,0.0025000001769512892,0,0,0
4,1279,unknown,-56.178741455078125,156.2420654296875,0.0023386313114315271,1.570656418800354,0,0.0025000001769512892,0.0025000001769512892,0,0,0
5,1535,unknown,-56.068752288818359,156.30682373046875,0.00094693648861721158,1.5707530975341797,0,0.0025000001769512892,0.0025000001769512892,0,0,0
6,1791,unknown,-56.065849304199219,156.20370483398438,0.001708025811240077,1.5713464021682739,0,0.0025000001769512892,0.0025000001769512892,0,0,0
7,2047,unknown,-55.980518341064453,156.28312683105469,0.00213009980507195,1.5725305080413818,0,0.0025000001769512892,0.0025000001769512892,0,0,0
8,2303,unknown,-55.920562744140625,156.13613891601562,0.0029297252185642719,1.5712074041366577,0,0.0025000001769512892,0.0025000001769512892,0,0,0
