particle_id,geometry_id,tx,ty,tz,tt,tpx,tpy,tpz,te,deltapx,deltapy,deltapz,deltae,index
0,255,20,-83.174613952636719,32.440509796142578,0,0.99981743097305298,-0.00047525542322546244,3.4282307751709595e-05,0,0,0,0,0,0
0,511,40,-83.184127807617188,32.441139221191406,0,0.99956727027893066,0.00033291467116214335,-6.5103806264232844e-05,0,0,0,0,0,0
0,767,60,-83.177459716796875,32.439876556396484,0,0.99944323301315308,-0.0010701214196160436,0.00051715609151870012,0,0,0,0,0,0
0,1023,80,-83.198936462402344,32.450096130371094,0,0.99927395582199097,-0.00051253562560304999,-0.00012107240036129951,0,0,0,0,0,0
0,1279,100,-83.209182739257812,32.447612762451172,0,0.99913311004638672,-0.00059691839851438999,0.00012525579950306565,0,0,0,0,0,0
0,1535,120,-83.221145629882812,32.450046539306641,0,0.99890196323394775,-0.00098717596847563982,0.00053688115440309048,0,0,0,0,0,0
0,1791,140,-83.240974426269531,32.460678100585938,0,0.99876487255096436,-0.00095125200459733605,-0.00013184541603550315,0,0,0,0,0,0
0,2047,160,-83.260009765625,32.457923889160156,0,0.99858015775680542,-0.00064359355019405484,-2.8375183319440112e-05,0,0,0,0,0,0
0,2303,180,-83.272895812988281,32.457279205322266,0,0.99842172861099243,0.00076870352495461702,0.0018903720192611217,0,0,0,0,0,0
