particle_id,particle_type,process,vx,vy,vz,vt,px,py,pz,m,q
0,0,0,0,23.985342025756836,-219.00491333007812,0,1,0,-4.3711388286737929e-08,0,-1
