particle_id,particle_type,process,vx,vy,vz,vt,px,py,pz,m,q
0,0,0,0,184.52560424804688,-144.40524291992188,0,1,0,-4.3711388286737929e-08,0,-1
