particle_id,geometry_id,tx,ty,tz,tt,tpx,tpy,tpz,te,deltapx,deltapy,deltapz,deltae,index
0,255,20,-163.06303405761719,74.516677856445312,0,0.99975645542144775,-0.00011696798173943534,-0.00025175241171382368,0,0,0,0,0,0
0,511,40,-163.06533813476562,74.511627197265625,0,0.99952864646911621,-0.00051900552352890372,-0.0015555887948721647,0,0,0,0,0,0
0,767,60,-163.07553100585938,74.480438232421875,0,0.99937945604324341,-0.00079925620229914784,-0.0016741352155804634,0,0,0,0,0,0
0,1023,80,-163.09132385253906,74.44683837890625,0,0.99922531843185425,-0.00049129151739180088,-0.0015762005932629108,0,0,0,0,0,0
0,1279,100,-163.10096740722656,74.415229797363281,0,0.99909168481826782,0.0010804003104567528,-0.0010138323996216059,0,0,0,0,0,0
0,1535,120,-163.0792236328125,74.395065307617188,0,0.99878597259521484,-0.00033234275178983808,-0.00068014062708243728,0,0,0,0,0,0
0,1791,140,-163.08580017089844,74.38140869140625,0,0.99782365560531616,-0.00044801831245422363,-0.00041957979556173086,0,0,0,0,0,0
0,2047,160,-163.0947265625,74.372947692871094,0,0.99762219190597534,0.00020324338402133435,-0.00099997234065085649,0,0,0,0,0,0
0,2303,180,-163.09053039550781,74.352928161621094,0,0.99742245674133301,0.0001105246992665343,0.0013109707506373525,0,0,0,0,0,0
