measurement_id,geometry_id,local_key,local0,local1,phi,theta,time,var_local0,var_local1,var_phi,var_theta,var_time
0,255,unknown,174.51676940917969,104.15557098388672,8.9602624939288944e-05,1.5707708597183228,0,0.0025000001769512892,0.0025000001769512892,0,0,0
1,511,unknown,174.50942993164062,104.01370239257812,0.00034566747490316629,1.5708657503128052,0,0.0025000001769512892,0.0025000001769512892,0,0,0
2,767,unknown,174.59880065917969,104.05415344238281,0.00026488219737075269,1.5709677934646606,0,0.0025000001769512892,0.0025000001769512892,0,0,0
3,1023,unknown,174.48570251464844,103.99890899658203,0.00045295519521459937,1.5710259675979614,0,0.0025000001769512892,0.0025000001769512892,0,0,0
4,1279,unknown,174.59919738769531,104.07611083984375,0.00076712778536602855,1.5702146291732788,0,0.0025000001769512892,0.0025000001769512892,0,0,0
5,1535,unknown,174.57688903808594,104.072998046875,0.0009936923161149025,1.5696315765380859,0,0.0025000001769512892,0.0025000001769512892,0,0,0
6,1791,unknown,174.52412414550781,104.05635070800781,0.001310070394538343,1.5696419477462769,0,0.0025000001769512892,0.0025000001769512892,0,0,0
7,2047,unknown,174.6055908203125,104.02769470214844,0.0015421598218381405,1.5671241283416748,0,0.0025000001769512892,0.0025000001769512892,0,0,0
8,2303,unknown,174.62861633300781,104.18189239501953,0.0029703562613576651,1.5672130584716797,0,0.0025000001769512892,0.0025000001769512892,0,0,0
