particle_id,geometry_id,tx,ty,tz,tt,tpx,tpy,tpz,te,deltapx,deltapy,deltapz,deltae,index
0,255,20,85.355583190917969,-163.35641479492188,0,0.99982881546020508,-5.5918071666383184e-06,-1.5299881852115504e-05,0,0,0,0,0,0
0,511,40,85.355476379394531,-163.35671997070312,0,0.99941307306289673,-0.00086763215949758887,-0.00092313578352332115,0,0,0,0,0,0
0,767,60,85.338226318359375,-163.37528991699219,0,0.99925893545150757,-0.00096721458248794079,-0.0012721376260742545,0,0,0,0,0,0
0,1023,80,85.319023132324219,-163.40086364746094,0,0.99911391735076904,-0.0005545599851757288,-0.00050230394117534161,0,0,0,0,0,0
0,1279,100,85.3079833984375,-163.41098022460938,0,0.9988255500793457,-0.0014027602737769485,-0.00047382086631841958,0,0,0,0,0,0
0,1535,120,85.279953002929688,-163.42063903808594,0,0.99867880344390869,-0.001376460655592382,-0.00056970707373693585,0,0,0,0,0,0
0,1791,140,85.252456665039062,-163.43222045898438,0,0.99851936101913452,-0.0010860726470127702,-0.00085565197514370084,0,0,0,0,0,0
0,2047,160,85.230804443359375,-163.44949340820312,0,0.99829161167144775,-0.0016511211870238185,-0.00069253850961104035,0,0,0,0,0,0
0,2303,180,85.197807312011719,-163.46356201171875,0,0.99766743183135986,-0.00057944562286138535,-0.0017649851506575942,0,0,0,0,0,0
