particle_id,geometry_id,tx,ty,tz,tt,tpx,tpy,tpz,te,deltapx,deltapy,deltapz,deltae,index
0,255,20,-77.704811096191406,218.65666198730469,0,0.99984478950500488,-9.2231763119343668e-05,0.00048661229084245861,0,0,0,0,0,0
0,511,40,-77.706710815429688,218.6663818359375,0,0.99968373775482178,-0.0011601827573031187,0.00058878352865576744,0,0,0,0,0,0
0,767,60,-77.729988098144531,218.67802429199219,0,0.99954801797866821,-0.00098219024948775768,0.00020478454825934023,0,0,0,0,0,0
0,1023,80,-77.749664306640625,218.6820068359375,0,0.99941492080688477,-0.0004925078246742487,0.001531258225440979,0,0,0,0,0,0
0,1279,100,-77.75970458984375,218.71258544921875,0,0.99928992986679077,-0.00058116571744903922,0.0016977227060124278,0,0,0,0,0,0
0,1535,120,-77.771537780761719,218.74649047851562,0,0.99914020299911499,-0.00044482049997895956,0.0016413687262684107,0,0,0,0,0,0
0,1791,140,-77.7806396484375,218.779296875,0,0.9989851713180542,-0.0023551660124212503,0.00082345452392473817,0,0,0,0,0,0
0,2047,160,-77.827888488769531,218.79550170898438,0,0.99883472919464111,-0.00238596904091537,0.00094085343880578876,0,0,0,0,0,0
0,2303,180,-77.875778198242188,218.81405639648438,0,0.99868440628051758,-0.0031650240998715162,-0.00028112792642787099,0,0,0,0,0,0
