measurement_id,geometry_id,local_key,local0,local1,phi,theta,time,var_local0,var_local1,var_phi,var_theta,var_time
0,255,unknown,11.859936714172363,13.008284568786621,-0.00037362906732596457,1.5718672275543213,0,0.0025000001769512892,0.0025000001769512892,0,0,0
1,511,unknown,11.758490562438965,12.921297073364258,0.0013642251724377275,1.5720243453979492,0,0.0025000001769512892,0.0025000001769512892,0,0,0
2,767,unknown,11.915464401245117,12.939804077148438,0.0015685900580137968,1.5718276500701904,0,0.0025000001769512892,0.0025000001769512892,0,0,0
3,1023,unknown,11.976688385009766,12.999245643615723,0.0014324573567137122,1.5718731880187988,0,0.0025000001769512892,0.0025000001769512892,0,0,0
4,1279,unknown,11.974328994750977,12.911669731140137,0.0014524944126605988,1.572252631187439,0,0.0025000001769512892,0.0025000001769512892,0,0,0
5,1535,unknown,11.885774612426758,12.852429389953613,0.0016984420362859964,1.5718151330947876,0,0.0025000001769512892,0.0025000001769512892,0,0,0
6,1791,unknown,11.978052139282227,12.850504875183105,0.0033903231378644705,1.5722708702087402,0,0.0025000001769512892,0.0025000001769512892,0,0,0
7,2047,unknown,11.990472793579102,12.738093376159668,0.0043672765605151653,1.5729711055755615,0,0.0025000001769512892,0.0025000001769512892,0,0,0
8,2303,unknown,12.192977905273438,12.809020042419434,0.005643150769174099,1.5733655691146851,0,0.0025000001769512892,0.0025000001769512892,0,0,0
