measurement_id,geometry_id,local_key,local0,local1,phi,theta,time,var_local0,var_local1,var_phi,var_theta,var_time
0,255,unknown,275.36187744140625,159.53825378417969,0.00016154414333868772,1.571025013923645,0,0.0025000001769512892,0.0025000001769512892,0,0,0
1,511,unknown,275.4088134765625,159.594970703125,0.0012538289884105325,1.5716537237167358,0,0.0025000001769512892,0.0025000001769512892,0,0,0
2,767,unknown,275.43246459960938,159.55647277832031,0.0018544140039011836,1.5718461275100708,0,0.0025000001769512892,0.0025000001769512892,0,0,0
3,1023,unknown,275.455078125,159.572021484375,0.0019326298497617245,1.5717804431915283,0,0.0025000001769512892,0.0025000001769512892,0,0,0
4,1279,unknown,275.44515991210938,159.51518249511719,0.0024543332401663065,1.5725818872451782,0,0.0025000001769512892,0.0025000001769512892,0,0,0
5,1535,unknown,275.57852172851562,159.61088562011719,0.0031270536128431559,1.5727077722549438,0,0.0025000001769512892,0.0025000001769512892,0,0,0
6,1791,unknown,275.65203857421875,159.5111083984375,0.0032401736825704575,1.5718778371810913,0,0.0025000001769512892,0.0025000001769512892,0,0,0
7,2047,unknown,275.67324829101562,159.43757629394531,0.0032673247624188662,1.5718594789505005,0,0.0025000001769512892,0.0025000001769512892,0,0,0
8,2303,unknown,275.75265502929688,159.3612060546875,0.0029412098228931427,1.5719544887542725,0,0.0025000001769512892,0.0025000001769512892,0,0,0
