particle_id,particle_type,process,vx,vy,vz,vt,px,py,pz,m,q
0,0,0,0,4.4025402069091797,-452.59298706054688,0,1,0,-4.3711388286737929e-08,0,-1
