particle_id,geometry_id,tx,ty,tz,tt,tpx,tpy,tpz,te,deltapx,deltapy,deltapz,deltae,index
0,255,20,262.36239624023438,-363.85128784179688,0,0.99973475933074951,0.0012214924208819866,-0.0016810477245599031,0,0,0,0,0,0
0,511,40,262.38702392578125,-363.884765625,0,0.99958014488220215,0.0010862384224310517,-0.0017264254856854677,0,0,0,0,0,0
0,767,60,262.40896606445312,-363.919189453125,0,0.99937552213668823,0.0010110944276675582,-0.0017366750398650765,0,0,0,0,0,0
0,1023,80,262.42941284179688,-363.95382690429688,0,0.99923968315124512,0.000661686179228127,-0.0011932561174035072,0,0,0,0,0,0
0,1279,100,262.44281005859375,-363.97763061523438,0,0.99904859066009521,0.0022507281973958015,-0.00053466646932065487,0,0,0,0,0,0
0,1535,120,262.48794555664062,-363.98806762695312,0,0.99886339902877808,0.002167226979508996,-0.002189223887398839,0,0,0,0,0,0
0,1791,140,262.5316162109375,-364.03164672851562,0,0.99868381023406982,0.00024701675283722579,-0.0026294409763067961,0,0,0,0,0,0
0,2047,160,262.536865234375,-364.08425903320312,0,0.99854236841201782,0.00028637814102694392,-0.0026252593379467726,0,0,0,0,0,0
0,2303,180,262.54290771484375,-364.13681030273438,0,0.99841517210006714,0.00010771803499665111,-0.002783103846013546,0,0,0,0,0,0
