particle_id,particle_type,process,vx,vy,vz,vt,px,py,pz,m,q
0,0,0,0,-124.39189910888672,183.51670837402344,0,1,0,-4.3711388286737929e-08,0,-1
