particle_id,particle_type,process,vx,vy,vz,vt,px,py,pz,m,q
0,0,0,0,65.459548950195312,-42.335418701171875,0,1,0,-4.3711388286737929e-08,0,-1
