particle_id,geometry_id,tx,ty,tz,tt,tpx,tpy,tpz,te,deltapx,deltapy,deltapz,deltae,index
0,255,20,-56.840789794921875,83.354965209960938,0,0.99977141618728638,-4.6207205741666257e-06,-4.3701398055873142e-08,0,0,0,0,0,0
0,511,40,-56.84088134765625,83.354965209960938,0,0.9995352029800415,-0.00031765678431838751,0.00030201143817976117,0,0,0,0,0,0
0,767,60,-56.847274780273438,83.360969543457031,0,0.99928206205368042,0.0011122544528916478,0.0011154318926855922,0,0,0,0,0,0
0,1023,80,-56.825149536132812,83.383430480957031,0,0.99894618988037109,-0.0004109264409635216,-0.00016676081577315927,0,0,0,0,0,0
0,1279,100,-56.833354949951172,83.380043029785156,0,0.99878931045532227,0.00029313925188034773,-1.3140805094735697e-05,0,0,0,0,0,0
0,1535,120,-56.827484130859375,83.379814147949219,0,0.99860662221908569,0.00038997951196506619,-0.00029860399081371725,0,0,0,0,0,0
0,1791,140,-56.819637298583984,83.373878479003906,0,0.99836617708206177,-0.00086211215239018202,0.0015434575034305453,0,0,0,0,0,0
0,2047,160,-56.837093353271484,83.404693603515625,0,0.998210608959198,-0.00056871050037443638,0.0027191406115889549,0,0,0,0,0,0
0,2303,180,-56.84881591796875,83.4591064453125,0,0.99807268381118774,-0.0003982570196967572,0.0028407196514308453,0,0,0,0,0,0
