measurement_id,geometry_id,local_key,local0,local1,phi,theta,time,var_local0,var_local1,var_phi,var_theta,var_time
0,255,unknown,77.04052734375,167.89071655273438,1.7417392882634886e-05,1.5707879066467285,0,0.0025000001769512892,0.0025000001769512892,0,0,0
1,511,unknown,77.148468017578125,167.85667419433594,0.00062424945645034313,1.5725003480911255,0,0.0025000001769512892,0.0025000001769512892,0,0,0
2,767,unknown,77.164512634277344,167.79867553710938,0.0013219356769695878,1.5719423294067383,0,0.0025000001769512892,0.0025000001769512892,0,0,0
3,1023,unknown,77.243629455566406,167.86825561523438,0.001040272181853652,1.5716884136199951,0,0.0025000001769512892,0.0025000001769512892,0,0,0
4,1279,unknown,77.188568115234375,167.86900329589844,0.0016241137636825442,1.5716906785964966,0,0.0025000001769512892,0.0025000001769512892,0,0,0
5,1535,unknown,77.268623352050781,167.81800842285156,0.0023084927815943956,1.5699043273925781,0,0.0025000001769512892,0.0025000001769512892,0,0,0
6,1791,unknown,77.231781005859375,167.79862976074219,0.0021630090195685625,1.5697100162506104,0,0.0025000001769512892,0.0025000001769512892,0,0,0
7,2047,unknown,77.302299499511719,167.79888916015625,0.0034030615352094173,1.5695397853851318,0,0.0025000001769512892,0.0025000001769512892,0,0,0
8,2303,unknown,77.316879272460938,167.93931579589844,0.0032765946816653013,1.5698556900024414,0,0.0025000001769512892,0.0025000001769512892,0,0,0
