particle_id,geometry_id,tx,ty,tz,tt,tpx,tpy,tpz,te,deltapx,deltapy,deltapz,deltae,index
0,255,20,-41.394840240478516,223.4083251953125,0,0.99963724613189697,2.2589851141674444e-05,-6.4512525568716228e-05,0,0,0,0,0,0
0,511,40,-41.394378662109375,223.40704345703125,0,0.9995189905166626,-0.00083122059004381299,-0.00024216054589487612,0,0,0,0,0,0
0,767,60,-41.410980224609375,223.402099609375,0,0.99936580657958984,-0.0023994403891265392,-0.00057891599135473371,0,0,0,0,0,0
0,1023,80,-41.458927154541016,223.39022827148438,0,0.9992070198059082,-0.0024523576721549034,-0.0030235520098358393,0,0,0,0,0,0
0,1279,100,-41.507648468017578,223.32942199707031,0,0.9990425705909729,-0.0043931147083640099,-0.0040287361480295658,0,0,0,0,0,0
0,1535,120,-41.595108032226562,223.24824523925781,0,0.99849796295166016,-0.0030512779485434294,-0.0032242417801171541,0,0,0,0,0,0
0,1791,140,-41.655838012695312,223.18330383300781,0,0.99638515710830688,-0.0029923852998763323,-0.0035997724626213312,0,0,0,0,0,0
0,2047,160,-41.715465545654297,223.11068725585938,0,0.99621826410293579,-0.0032419292256236076,-0.0040923864580690861,0,0,0,0,0,0
0,2303,180,-41.780055999755859,223.02813720703125,0,0.99586689472198486,-0.0025908725801855326,-0.0046185236424207687,0,0,0,0,0,0
