particle_id,geometry_id,tx,ty,tz,tt,tpx,tpy,tpz,te,deltapx,deltapy,deltapz,deltae,index
0,255,20,474.01715087890625,479.95877075195312,0,0.99955397844314575,-9.7386320703662932e-05,0.0002202759642386809,0,0,0,0,0,0
0,511,40,474.01516723632812,479.96316528320312,0,0.99925374984741211,-0.0009279335499741137,0.00097150244982913136,0,0,0,0,0,0
0,767,60,473.99649047851562,479.98248291015625,0,0.99910068511962891,-0.00090012274449691176,0.0016626236028969288,0,0,0,0,0,0
0,1023,80,473.978271484375,480.01565551757812,0,0.99896055459976196,-0.00075094727799296379,0.0022279289551079273,0,0,0,0,0,0
0,1279,100,473.96298217773438,480.0601806640625,0,0.99874508380889893,-0.00059569324366748333,0.0013524754904210567,0,0,0,0,0,0
0,1535,120,473.95089721679688,480.08718872070312,0,0.99856430292129517,-0.00054864288540557027,0.0014111546333879232,0,0,0,0,0,0
0,1791,140,473.93972778320312,480.11538696289062,0,0.99836504459381104,-0.0010484943632036448,0.00065072748111560941,0,0,0,0,0,0
0,2047,160,473.91864013671875,480.1282958984375,0,0.99822694063186646,-0.0011470823083072901,0.00063719070749357343,0,0,0,0,0,0
0,2303,180,473.89556884765625,480.14093017578125,0,0.99807220697402954,-0.0011921747354790568,0.00025885592913255095,0,0,0,0,0,0
