particle_id,geometry_id,tx,ty,tz,tt,tpx,tpy,tpz,te,deltapx,deltapy,deltapz,deltae,index
0,255,20,-65.173324584960938,212.58018493652344,0,0.99986344575881958,-0.0024322930257767439,0.00054776913020759821,0,0,0,0,0,0
0,511,40,-65.222038269042969,212.59085083007812,0,0.99974751472473145,-0.0018305566627532244,0.00057928735623136163,0,0,0,0,0,0
0,767,60,-65.25872802734375,212.60221862792969,0,0.9996069073677063,-0.0012977687874808908,0.00043382711010053754,0,0,0,0,0,0
0,1023,80,-65.284744262695312,212.61074829101562,0,0.99947941303253174,-0.0006369416369125247,0.00053695304086431861,0,0,0,0,0,0
0,1279,100,-65.297554016113281,212.62141418457031,0,0.99932879209518433,-0.00020558624237310141,0.00088520621648058295,0,0,0,0,0,0
0,1535,120,-65.301773071289062,212.63909912109375,0,0.99920165538787842,-0.001909831422381103,0.00022913230350241065,0,0,0,0,0,0
0,1791,140,-65.34002685546875,212.64346313476562,0,0.99907326698303223,-0.0019043439533561468,0.00021099980222061276,0,0,0,0,0,0
0,2047,160,-65.378173828125,212.6474609375,0,0.99889540672302246,-0.00070184917422011495,0.0009460285073146224,0,0,0,0,0,0
0,2303,180,-65.392341613769531,212.66632080078125,0,0.99876219034194946,-0.00089483370538800955,-5.1990440397275961e-07,0,0,0,0,0,0
