particle_id,geometry_id,tx,ty,tz,tt,tpx,tpy,tpz,te,deltapx,deltapy,deltapz,deltae,index
0,255,20,165.26559448242188,-206.70700073242188,0,0.99982208013534546,-0.0012270720908418298,0.00079363049007952213,0,0,0,0,0,0
0,511,40,165.24095153808594,-206.69126892089844,0,0.99928182363510132,-0.0013959126081317663,0.00084108958253636956,0,0,0,0,0,0
0,767,60,165.21290588378906,-206.67460632324219,0,0.99911218881607056,-0.001390600111335516,0.0007004045182839036,0,0,0,0,0,0
0,1023,80,165.18498229980469,-206.66075134277344,0,0.9989781379699707,-0.0018591559492051601,-0.00023178828996606171,0,0,0,0,0,0
0,1279,100,165.14779663085938,-206.66561889648438,0,0.99881196022033691,-0.0028139997739344835,-0.00029152247589081526,0,0,0,0,0,0
0,1535,120,165.09149169921875,-206.67179870605469,0,0.99864852428436279,-0.0026661620941013098,-0.00026504587731324136,0,0,0,0,0,0
0,1791,140,165.03813171386719,-206.67742919921875,0,0.99849188327789307,-0.0029013596940785646,-0.00055841350695118308,0,0,0,0,0,0
0,2047,160,164.98008728027344,-206.68896484375,0,0.99829351902008057,-0.0034545259550213814,-0.0018854669760912657,0,0,0,0,0,0
0,2303,180,164.91110229492188,-206.72715759277344,0,0.99809610843658447,-0.0032212375663220882,-0.001599889830686152,0,0,0,0,0,0
