particle_id,geometry_id,tx,ty,tz,tt,tpx,tpy,tpz,te,deltapx,deltapy,deltapz,deltae,index
0,255,20,-171.37326049804688,212.25996398925781,0,0.99984169006347656,0.00053313013631850481,8.6726926383562386e-05,0,0,0,0,0,0
0,511,40,-171.36260986328125,212.26176452636719,0,0.99963486194610596,0.00052879453869536519,0.00010220053809462115,0,0,0,0,0,0
0,767,60,-171.35203552246094,212.26387023925781,0,0.9994775652885437,-0.00018053529493045062,2.569206480984576e-05,0,0,0,0,0,0
0,1023,80,-171.35565185546875,212.26435852050781,0,0.99916225671768188,-0.0002378535718889907,0.00025496960734017193,0,0,0,0,0,0
0,1279,100,-171.36044311523438,212.26943969726562,0,0.99888801574707031,-0.00033255890593864024,-0.00024069775827229023,0,0,0,0,0,0
0,1535,120,-171.3670654296875,212.26458740234375,0,0.99871456623077393,-0.00087363144848495722,-0.00069295027060434222,0,0,0,0,0,0
0,1791,140,-171.38447570800781,212.2506103515625,0,0.99858522415161133,-0.00024677134933881462,0.00037243452970869839,0,0,0,0,0,0
0,2047,160,-171.38946533203125,212.25804138183594,0,0.99846816062927246,0.00034487855737097561,0.0019352136878296733,0,0,0,0,0,0
0,2303,180,-171.38279724121094,212.29684448242188,0,0.99831271171569824,-0.00023461732780560851,0.0012750104069709778,0,0,0,0,0,0
