particle_id,geometry_id,tx,ty,tz,tt,tpx,tpy,tpz,te,deltapx,deltapy,deltapz,deltae,index
0,255,20,-33.080642700195312,-15.416485786437988,0,0.99981832504272461,0.00035139854298904538,0.00097503064898774028,0,0,0,0,0,0
0,511,40,-33.07373046875,-15.396940231323242,0,0.99962598085403442,0.0015120238531380892,0.00139764160849154,0,0,0,0,0,0
0,767,60,-33.043647766113281,-15.368796348571777,0,0.99945878982543945,0.0017766297096386552,0.0022795610129833221,0,0,0,0,0,0
0,1023,80,-33.008369445800781,-15.322968482971191,0,0.99928444623947144,0.0028394407127052546,0.0024542829487472773,0,0,0,0,0,0
0,1279,100,-32.951835632324219,-15.273508071899414,0,0.99914032220840454,0.001660696929320693,0.0011155126849189401,0,0,0,0,0,0
0,1535,120,-32.918727874755859,-15.250979423522949,0,0.9985654354095459,0.0018414997030049562,0.0010366628412157297,0,0,0,0,0,0
0,1791,140,-32.881969451904297,-15.229995727539062,0,0.99843323230743408,0.0029778317548334599,-6.8838970037177205e-05,0,0,0,0,0,0
0,2047,160,-32.822311401367188,-15.231016159057617,0,0.99819809198379517,0.00071098998887464404,6.480837328126654e-05,0,0,0,0,0,0
0,2303,180,-32.808074951171875,-15.229632377624512,0,0.99803823232650757,0.0014526533195748925,-0.00043930139509029686,0,0,0,0,0,0
