measurement_id,geometry_id,local_key,local0,local1,phi,theta,time,var_local0,var_local1,var_phi,var_theta,var_time
0,255,unknown,583.29083251953125,-190.70684814453125,1.0565314369159751e-05,1.5707557201385498,0,0.0025000001769512892,0.0025000001769512892,0,0,0
1,511,unknown,583.3734130859375,-190.62471008300781,-0.00041062119998969138,1.5679348707199097,0,0.0025000001769512892,0.0025000001769512892,0,0,0
2,767,unknown,583.29888916015625,-190.72676086425781,0.0011946082813665271,1.5664495229721069,0,0.0025000001769512892,0.0025000001769512892,0,0,0
3,1023,unknown,583.3321533203125,-190.52159118652344,0.0027169154491275549,1.5661302804946899,0,0.0025000001769512892,0.0025000001769512892,0,0,0
4,1279,unknown,583.4398193359375,-190.50674438476562,0.0024057924747467041,1.5656089782714844,0,0.0025000001769512892,0.0025000001769512892,0,0,0
5,1535,unknown,583.5477294921875,-190.45466613769531,0.0023046189453452826,1.5653811693191528,0,0.0025000001769512892,0.0025000001769512892,0,0,0
6,1791,unknown,583.5792236328125,-190.21200561523438,0.0016304355813190341,1.5661531686782837,0,0.0025000001769512892,0.0025000001769512892,0,0,0
7,2047,unknown,583.60986328125,-190.18687438964844,0.0016348117496818304,1.566036581993103,0,0.0025000001769512892,0.0025000001769512892,0,0,0
8,2303,unknown,583.60198974609375,-190.05953979492188,0.0011687547666952014,1.5652103424072266,0,0.0025000001769512892,0.0025000001769512892,0,0,0
