particle_id,geometry_id,tx,ty,tz,tt,tpx,tpy,tpz,te,deltapx,deltapy,deltapz,deltae,index
0,255,20,19.282560348510742,-307.0577392578125,0,0.99986481666564941,-0.00045730252168141305,-9.8378091934137046e-05,0,0,0,0,0,0
0,511,40,19.27342414855957,-307.05975341796875,0,0.99960130453109741,-0.00046497950097545981,-0.00011026833817595616,0,0,0,0,0,0
0,767,60,19.264133453369141,-307.06201171875,0,0.99945062398910522,-0.00052988983225077391,3.4508018870837986e-05,0,0,0,0,0,0
0,1023,80,19.25352668762207,-307.06137084960938,0,0.99930936098098755,-0.00015014788368716836,0.00061655748868361115,0,0,0,0,0,0
0,1279,100,19.250448226928711,-307.04904174804688,0,0.9991525411605835,-0.00057105976156890392,0.00087969040032476187,0,0,0,0,0,0
0,1535,120,19.238912582397461,-307.031494140625,0,0.99903571605682373,-0.00049766508163884282,0.0013986013364046812,0,0,0,0,0,0
0,1791,140,19.228782653808594,-307.00357055664062,0,0.99864679574966431,-0.0009671722655184567,0.0016871066763997078,0,0,0,0,0,0
0,2047,160,19.209211349487305,-306.96990966796875,0,0.99847149848937988,-0.0008870169403962791,0.0010710819624364376,0,0,0,0,0,0
0,2303,180,19.191314697265625,-306.94854736328125,0,0.99828141927719116,-0.00091872189659625292,0.0011151477228850126,0,0,0,0,0,0
