measurement_id,geometry_id,local_key,local0,local1,phi,theta,time,var_local0,var_local1,var_phi,var_theta,var_time
0,255,unknown,313.78485107421875,-120.21574401855469,-8.476683433400467e-05,1.5701147317886353,0,0.0025000001769512892,0.0025000001769512892,0,0,0
1,511,unknown,313.69619750976562,-120.08936309814453,-0.00011725494550773874,1.5701305866241455,0,0.0025000001769512892,0.0025000001769512892,0,0,0
2,767,unknown,313.6982421875,-120.12598419189453,0.00024399103131145239,1.570900559425354,0,0.0025000001769512892,0.0025000001769512892,0,0,0
3,1023,unknown,313.69070434570312,-120.073974609375,0.0010395928984507918,1.5705511569976807,0,0.0025000001769512892,0.0025000001769512892,0,0,0
4,1279,unknown,313.80157470703125,-120.07296752929688,0.0010225550504401326,1.5701943635940552,0,0.0025000001769512892,0.0025000001769512892,0,0,0
5,1535,unknown,313.85025024414062,-120.07427978515625,0.00083613017341122031,1.5702570676803589,0,0.0025000001769512892,0.0025000001769512892,0,0,0
6,1791,unknown,313.7347412109375,-120.06207275390625,0.0010278542758896947,1.570290207862854,0,0.0025000001769512892,0.0025000001769512892,0,0,0
7,2047,unknown,313.72268676757812,-120.04823303222656,0.00034992961445823312,1.5691925287246704,0,0.0025000001769512892,0.0025000001769512892,0,0,0
8,2303,unknown,313.763916015625,-120.01725769042969,0.0036526517942547798,1.5696069002151489,0,0.0025000001769512892,0.0025000001769512892,0,0,0
