particle_id,particle_type,process,vx,vy,vz,vt,px,py,pz,m,q
0,0,0,0,-188.40760803222656,236.43502807617188,0,1,0,-4.3711388286737929e-08,0,-1
