particle_id,particle_type,process,vx,vy,vz,vt,px,py,pz,m,q
0,0,0,0,-220.52130126953125,-170.6285400390625,0,1,0,-4.3711388286737929e-08,0,-1
