particle_id,geometry_id,tx,ty,tz,tt,tpx,tpy,tpz,te,deltapx,deltapy,deltapz,deltae,index
0,255,20,-403.3848876953125,339.11703491210938,0,0.99983638525009155,0.0019781028386205435,1.9622648324002512e-05,0,0,0,0,0,0
0,511,40,-403.3453369140625,339.11767578125,0,0.99968868494033813,0.0023453442845493555,0.00027536397101357579,0,0,0,0,0,0
0,767,60,-403.2984619140625,339.12347412109375,0,0.99945574998855591,0.0024066532496362925,0.001030558836646378,0,0,0,0,0,0
0,1023,80,-403.25042724609375,339.14437866210938,0,0.99931955337524414,0.0039887917228043079,0.00081920751836150885,0,0,0,0,0,0
0,1279,100,-403.17068481445312,339.1612548828125,0,0.99907803535461426,0.0051484592258930206,0.00063726567896082997,0,0,0,0,0,0
0,1535,120,-403.06768798828125,339.17462158203125,0,0.99890631437301636,0.0048695816658437252,0.0013868857640773058,0,0,0,0,0,0
0,1791,140,-402.97036743164062,339.20297241210938,0,0.99831545352935791,0.0049151633866131306,0.0016164694679901004,0,0,0,0,0,0
0,2047,160,-402.87210083007812,339.2359619140625,0,0.99811089038848877,0.0038831867277622223,0.0022804269101470709,0,0,0,0,0,0
0,2303,180,-402.7945556640625,339.28213500976562,0,0.99790757894515991,0.0035081156529486179,0.0023915446363389492,0,0,0,0,0,0
