measurement_id,geometry_id,local_key,local0,local1,phi,theta,time,var_local0,var_local1,var_phi,var_theta,var_time
0,255,unknown,187.69717407226562,-89.993949890136719,-0.00027928134659305215,1.5717027187347412,0,0.0025000001769512892,0.0025000001769512892,0,0,0
1,511,unknown,187.71942138671875,-89.990730285644531,0.00020372167637106031,1.572737455368042,0,0.0025000001769512892,0.0025000001769512892,0,0,0
2,767,unknown,187.76144409179688,-89.911369323730469,0.0014270097017288208,1.5728007555007935,0,0.0025000001769512892,0.0025000001769512892,0,0,0
3,1023,unknown,187.8231201171875,-90.068145751953125,0.001732642063871026,1.5728487968444824,0,0.0025000001769512892,0.0025000001769512892,0,0,0
4,1279,unknown,187.80636596679688,-90.109947204589844,0.0016169780865311623,1.5726875066757202,0,0.0025000001769512892,0.0025000001769512892,0,0,0
5,1535,unknown,187.80972290039062,-90.030792236328125,0.0015133883571252227,1.5719993114471436,0,0.0025000001769512892,0.0025000001769512892,0,0,0
6,1791,unknown,187.87471008300781,-90.100715637207031,0.0022743381559848785,1.57091224193573,0,0.0025000001769512892,0.0025000001769512892,0,0,0
7,2047,unknown,187.8729248046875,-90.075698852539062,0.0022161365486681461,1.5722777843475342,0,0.0025000001769512892,0.0025000001769512892,0,0,0
8,2303,unknown,187.94058227539062,-90.13201904296875,0.002135861199349165,1.5713969469070435,0,0.0025000001769512892,0.0025000001769512892,0,0,0
