measurement_id,geometry_id,local_key,local0,local1,phi,theta,time,var_local0,var_local1,var_phi,var_theta,var_time
0,255,unknown,96.63360595703125,-102.38649749755859,-0.00027691692230291665,1.5708866119384766,0,0.0025000001769512892,0.0025000001769512892,0,0,0
1,511,unknown,96.691009521484375,-102.40731048583984,-0.00097235478460788727,1.5717517137527466,0,0.0025000001769512892,0.0025000001769512892,0,0,0
2,767,unknown,96.596748352050781,-102.39820098876953,-0.00078075734199956059,1.5705195665359497,0,0.0025000001769512892,0.0025000001769512892,0,0,0
3,1023,unknown,96.580741882324219,-102.44951629638672,-0.001379688736051321,1.5702784061431885,0,0.0025000001769512892,0.0025000001769512892,0,0,0
4,1279,unknown,96.541152954101562,-102.41629028320312,1.3120253242959734e-05,1.5693362951278687,0,0.0025000001769512892,0.0025000001769512892,0,0,0
5,1535,unknown,96.492103576660156,-102.43719482421875,0.00029500352684408426,1.5692794322967529,0,0.0025000001769512892,0.0025000001769512892,0,0,0
6,1791,unknown,96.566947937011719,-102.31207275390625,0.0018859063275158405,1.5689425468444824,0,0.0025000001769512892,0.0025000001769512892,0,0,0
7,2047,unknown,96.695327758789062,-102.33750152587891,-8.2834221757366322e-06,1.5694688558578491,0,0.0025000001769512892,0.0025000001769512892,0,0,0
8,2303,unknown,96.581832885742188,-102.30464172363281,-0.00037551223067566752,1.5701591968536377,0,0.0025000001769512892,0.0025000001769512892,0,0,0
