particle_id,particle_type,process,vx,vy,vz,vt,px,py,pz,m,q
0,0,0,0,25.250774383544922,-85.009857177734375,0,1,0,-4.3711388286737929e-08,0,-1
