particle_id,geometry_id,tx,ty,tz,tt,tpx,tpy,tpz,te,deltapx,deltapy,deltapz,deltae,index
0,255,20,-61.972938537597656,90.498908996582031,0,0.99984091520309448,0.00042294108425267041,-0.00027525422046892345,0,0,0,0,0,0
0,511,40,-61.964447021484375,90.493453979492188,0,0.99930769205093384,-8.4744264313485473e-05,-0.00040733811329118907,0,0,0,0,0,0
0,767,60,-61.966094970703125,90.48529052734375,0,0.99861514568328857,-0.00021361645485740155,-0.0007083567907102406,0,0,0,0,0,0
0,1023,80,-61.970287322998047,90.471076965332031,0,0.99847745895385742,-0.00067656801547855139,0.00094099057605490088,0,0,0,0,0,0
0,1279,100,-61.983951568603516,90.489845275878906,0,0.99836653470993042,-0.00058800261467695236,0.00094207609072327614,0,0,0,0,0,0
0,1535,120,-61.995845794677734,90.508644104003906,0,0.9982416033744812,-0.001985523384064436,-0.00070642720675095916,0,0,0,0,0,0
0,1791,140,-62.035541534423828,90.494255065917969,0,0.99806195497512817,-0.00059788115322589874,-0.00061206793179735541,0,0,0,0,0,0
0,2047,160,-62.047447204589844,90.481918334960938,0,0.99789631366729736,0.0015881557483226061,-0.0002598493592813611,0,0,0,0,0,0
0,2303,180,-62.015586853027344,90.476898193359375,0,0.99773818254470825,0.001361258327960968,-0.00060021376702934504,0,0,0,0,0,0
