particle_id,geometry_id,tx,ty,tz,tt,tpx,tpy,tpz,te,deltapx,deltapy,deltapz,deltae,index
0,255,20,320.69329833984375,522.8345947265625,0,0.99899578094482422,-7.9093268141150475e-05,-0.00089714571367949247,0,0,0,0,0,0
0,511,40,320.69183349609375,522.816650390625,0,0.99886894226074219,-0.00020095313084311783,-0.00026355544105172157,0,0,0,0,0,0
0,767,60,320.68783569335938,522.81134033203125,0,0.9986872673034668,-0.00071479124017059803,-0.0006051892414689064,0,0,0,0,0,0
0,1023,80,320.673583984375,522.79913330078125,0,0.99841570854187012,-0.0018978373846039176,-3.2571995234320639e-06,0,0,0,0,0,0
0,1279,100,320.63555908203125,522.798828125,0,0.99820840358734131,-0.0012048692442476749,-0.0024282766971737146,0,0,0,0,0,0
0,1535,120,320.61172485351562,522.75006103515625,0,0.99804025888442993,0.00013082147052045912,-0.0037943148054182529,0,0,0,0,0,0
0,1791,140,320.61480712890625,522.674072265625,0,0.99773538112640381,0.00013213255442678928,-0.0043354094959795475,0,0,0,0,0,0
0,2047,160,320.61798095703125,522.587158203125,0,0.99761289358139038,0.00033730582799762487,-0.0037887659855186939,0,0,0,0,0,0
0,2303,180,320.62521362304688,522.51123046875,0,0.99745827913284302,0.0004211538762319833,-0.0043345619924366474,0,0,0,0,0,0
