particle_id,geometry_id,tx,ty,tz,tt,tpx,tpy,tpz,te,deltapx,deltapy,deltapz,deltae,index
0,255,20,204.61616516113281,-30.552314758300781,0,0.99982213973999023,-0.0013227466261014342,-0.00083221588283777237,0,0,0,0,0,0
0,511,40,204.58981323242188,-30.569120407104492,0,0.99967598915100098,-0.00098167033866047859,-0.0014657254796475172,0,0,0,0,0,0
0,767,60,204.57034301757812,-30.598562240600586,0,0.99951934814453125,0.00067716900957748294,-0.00072710943641141057,0,0,0,0,0,0
0,1023,80,204.583984375,-30.613029479980469,0,0.99936205148696899,0.0011895335046574473,-0.0011917349183931947,0,0,0,0,0,0
0,1279,100,204.60792541503906,-30.636735916137695,0,0.99915862083435059,0.00057772418949753046,-0.0007769919466227293,0,0,0,0,0,0
0,1535,120,204.61958312988281,-30.652219772338867,0,0.99900776147842407,0.00094903138233348727,-0.0010535236215218902,0,0,0,0,0,0
0,1791,140,204.63870239257812,-30.673196792602539,0,0.9988672137260437,0.00083062041085213423,-0.0010309892240911722,0,0,0,0,0,0
0,2047,160,204.65545654296875,-30.69373893737793,0,0.99867719411849976,0.0021778780501335859,-0.0006925685447640717,0,0,0,0,0,0
0,2303,180,204.69915771484375,-30.707345962524414,0,0.99848181009292603,0.0015323800034821033,-0.0018396304221823812,0,0,0,0,0,0
