particle_id,geometry_id,tx,ty,tz,tt,tpx,tpy,tpz,te,deltapx,deltapy,deltapz,deltae,index
0,255,20,-237.05274963378906,254.00764465332031,0,0.99983310699462891,-0.00023305775539483875,-0.00071839831070974469,0,0,0,0,0,0
0,511,40,-237.05732727050781,253.99324035644531,0,0.99967879056930542,0.00053911458235234022,-0.0026601850986480713,0,0,0,0,0,0
0,767,60,-237.04621887207031,253.94007873535156,0,0.99945956468582153,0.0007935447501949966,-0.0029789134860038757,0,0,0,0,0,0
0,1023,80,-237.02998352050781,253.88056945800781,0,0.99933266639709473,0.00082518323324620724,-0.0032150102779269218,0,0,0,0,0,0
0,1279,100,-237.01307678222656,253.81632995605469,0,0.99914723634719849,0.0025254557840526104,-0.0033612844999879599,0,0,0,0,0,0
0,1535,120,-236.96212768554688,253.74935913085938,0,0.9990343451499939,0.0028866205830127001,-0.0024500640574842691,0,0,0,0,0,0
0,1791,140,-236.904052734375,253.70065307617188,0,0.99884706735610962,0.003471447853371501,-0.0038694452960044146,0,0,0,0,0,0
0,2047,160,-236.83407592773438,253.62359619140625,0,0.99861341714859009,0.0044036079198122025,-0.0036790317390114069,0,0,0,0,0,0
0,2303,180,-236.74543762207031,253.55044555664062,0,0.99845784902572632,0.0046858335845172405,-0.0036695362068712711,0,0,0,0,0,0
