measurement_id,geometry_id,local_key,local0,local1,phi,theta,time,var_local0,var_local1,var_phi,var_theta,var_time
0,255,unknown,-99.649467468261719,-46.026653289794922,0.00038881195359863341,1.570441722869873,0,0.0025000001769512892,0.0025000001769512892,0,0,0
1,511,unknown,-99.704849243164062,-45.968017578125,0.00057972618378698826,1.5698444843292236,0,0.0025000001769512892,0.0025000001769512892,0,0,0
2,767,unknown,-99.582977294921875,-45.882759094238281,0.0016897869063541293,1.5685389041900635,0,0.0025000001769512892,0.0025000001769512892,0,0,0
3,1023,unknown,-99.595870971679688,-45.818634033203125,0.001538442331366241,1.568245530128479,0,0.0025000001769512892,0.0025000001769512892,0,0,0
4,1279,unknown,-99.557991027832031,-45.846561431884766,0.0028387387283146381,1.567351222038269,0,0.0025000001769512892,0.0025000001769512892,0,0,0
5,1535,unknown,-99.455787658691406,-45.692012786865234,0.0013665368314832449,1.565742015838623,0,0.0025000001769512892,0.0025000001769512892,0,0,0
6,1791,unknown,-99.557449340820312,-45.589553833007812,0.0024150419048964977,1.56528639793396,0,0.0025000001769512892,0.0025000001769512892,0,0,0
7,2047,unknown,-99.479896545410156,-45.547580718994141,0.0024744430556893349,1.5652120113372803,0,0.0025000001769512892,0.0025000001769512892,0,0,0
8,2303,unknown,-99.407608032226562,-45.413143157958984,0.0027081540320068598,1.5633745193481445,0,0.0025000001769512892,0.0025000001769512892,0,0,0
