particle_id,geometry_id,tx,ty,tz,tt,tpx,tpy,tpz,te,deltapx,deltapy,deltapz,deltae,index
0,255,20,-140.81121826171875,6.0528497695922852,0,0.99987161159515381,-0.00068909203400835395,0.00052858178969472647,0,0,0,0,0,0
0,511,40,-140.82505798339844,6.0633397102355957,0,0.99964112043380737,-0.0009370791376568377,-0.00018951852689497173,0,0,0,0,0,0
0,767,60,-140.84378051757812,6.0594358444213867,0,0.99939203262329102,-0.0010303248418495059,-0.00033136337879113853,0,0,0,0,0,0
0,1023,80,-140.86436462402344,6.0526809692382812,0,0.99924921989440918,-0.0014743122737854719,-0.00079755170736461878,0,0,0,0,0,0
0,1279,100,-140.89378356933594,6.0365414619445801,0,0.99904835224151611,-0.00029429930145852268,-0.0011799267958849669,0,0,0,0,0,0
0,1535,120,-140.8995361328125,6.012885570526123,0,0.99887704849243164,-0.0019369580550119281,-0.00039799450314603746,0,0,0,0,0,0
0,1791,140,-140.93826293945312,6.0046839714050293,0,0.99870097637176514,-0.0017934823408722878,-0.00077735149534419179,0,0,0,0,0,0
0,2047,160,-140.97409057617188,5.9889016151428223,0,0.99848341941833496,-0.0016076688189059496,-0.00059554405743256211,0,0,0,0,0,0
0,2303,180,-141.0062255859375,5.9767794609069824,0,0.9982982873916626,-0.0034253143239766359,-0.0017186272889375687,0,0,0,0,0,0
