measurement_id,geometry_id,local_key,local0,local1,phi,theta,time,var_local0,var_local1,var_phi,var_theta,var_time
0,255,unknown,53.049598693847656,-31.293203353881836,6.2650848121847957e-05,1.5707820653915405,0,0.0025000001769512892,0.0025000001769512892,0,0,0
1,511,unknown,53.082225799560547,-31.416530609130859,3.8964735722402111e-05,1.5707516670227051,0,0.0025000001769512892,0.0025000001769512892,0,0,0
2,767,unknown,53.14044189453125,-31.408411026000977,0.00095391162903979421,1.5712305307388306,0,0.0025000001769512892,0.0025000001769512892,0,0,0
3,1023,unknown,53.107803344726562,-31.315116882324219,0.00086198531789705157,1.5712763071060181,0,0.0025000001769512892,0.0025000001769512892,0,0,0
4,1279,unknown,53.053741455078125,-31.458906173706055,0.0012305206619203091,1.5710370540618896,0,0.0025000001769512892,0.0025000001769512892,0,0,0
5,1535,unknown,53.161109924316406,-31.372426986694336,0.0008120075217448175,1.571571946144104,0,0.0025000001769512892,0.0025000001769512892,0,0,0
6,1791,unknown,53.049686431884766,-31.480003356933594,0.00042831743485294282,1.571638822555542,0,0.0025000001769512892,0.0025000001769512892,0,0,0
7,2047,unknown,53.133186340332031,-31.429388046264648,0.00010850599210243672,1.5717672109603882,0,0.0025000001769512892,0.0025000001769512892,0,0,0
8,2303,unknown,53.128868103027344,-31.514274597167969,0.0012776877265423536,1.5719553232192993,0,0.0025000001769512892,0.0025000001769512892,0,0,0
