measurement_id,geometry_id,local_key,local0,local1,phi,theta,time,var_local0,var_local1,var_phi,var_theta,var_time
0,255,unknown,-113.48115539550781,308.4910888671875,0.00048182980390265584,1.570555567741394,0,0.0025000001769512892,0.0025000001769512892,0,0,0
1,511,unknown,-113.3568115234375,308.53656005859375,-0.0011192872188985348,1.5678168535232544,0,0.0025000001769512892,0.0025000001769512892,0,0,0
2,767,unknown,-113.47746276855469,308.519775390625,-0.0019390347879379988,1.5675016641616821,0,0.0025000001769512892,0.0025000001769512892,0,0,0
3,1023,unknown,-113.43390655517578,308.60720825195312,-0.0014115993399173021,1.5694079399108887,0,0.0025000001769512892,0.0025000001769512892,0,0,0
4,1279,unknown,-113.53942108154297,308.70556640625,-0.0013337174896150827,1.5696990489959717,0,0.0025000001769512892,0.0025000001769512892,0,0,0
5,1535,unknown,-113.55570220947266,308.69949340820312,-0.0014527664752677083,1.5697197914123535,0,0.0025000001769512892,0.0025000001769512892,0,0,0
6,1791,unknown,-113.56836700439453,308.66305541992188,-0.0014875773340463638,1.5694067478179932,0,0.0025000001769512892,0.0025000001769512892,0,0,0
7,2047,unknown,-113.63813781738281,308.66510009765625,-0.0015157798770815134,1.5695708990097046,0,0.0025000001769512892,0.0025000001769512892,0,0,0
8,2303,unknown,-113.62966918945312,308.66476440429688,-0.0021924828179180622,1.5686836242675781,0,0.0025000001769512892,0.0025000001769512892,0,0,0
