measurement_id,geometry_id,local_key,local0,local1,phi,theta,time,var_local0,var_local1,var_phi,var_theta,var_time
0,255,unknown,-189.965576171875,3.7455432415008545,0.00014260988973546773,1.5705223083496094,0,0.0025000001769512892,0.0025000001769512892,0,0,0
1,511,unknown,-190.00868225097656,3.7470331192016602,0.00078410515561699867,1.5698257684707642,0,0.0025000001769512892,0.0025000001769512892,0,0,0
2,767,unknown,-189.97586059570312,3.7959411144256592,0.00084575382061302662,1.5693660974502563,0,0.0025000001769512892,0.0025000001769512892,0,0,0
3,1023,unknown,-189.99212646484375,3.8098304271697998,0.00079472706420347095,1.5681648254394531,0,0.0025000001769512892,0.0025000001769512892,0,0,0
4,1279,unknown,-189.96708679199219,3.8235416412353516,-0.00074539333581924438,1.5687289237976074,0,0.0025000001769512892,0.0025000001769512892,0,0,0
5,1535,unknown,-190.02871704101562,3.8577301502227783,-0.00034485294600017369,1.568317174911499,0,0.0025000001769512892,0.0025000001769512892,0,0,0
6,1791,unknown,-190.02861022949219,3.9051802158355713,-0.0002750899875536561,1.5684880018234253,0,0.0025000001769512892,0.0025000001769512892,0,0,0
7,2047,unknown,-190.04638671875,4.0048809051513672,0.00037499942118301988,1.5685760974884033,0,0.0025000001769512892,0.0025000001769512892,0,0,0
8,2303,unknown,-189.92805480957031,4.0370402336120605,0.00037221607635729015,1.5681918859481812,0,0.0025000001769512892,0.0025000001769512892,0,0,0
