particle_id,geometry_id,tx,ty,tz,tt,tpx,tpy,tpz,te,deltapx,deltapy,deltapz,deltae,index
0,255,20,212.61393737792969,524.6082763671875,0,0.99981129169464111,-0.00021632504649460316,-0.0016662765992805362,0,0,0,0,0,0
0,511,40,212.60981750488281,524.57489013671875,0,0.99962180852890015,0.00072290550451725721,-0.003176853759214282,0,0,0,0,0,0
0,767,60,212.62466430664062,524.51141357421875,0,0.9994853138923645,0.00021210299746599048,-0.0037625150289386511,0,0,0,0,0,0
0,1023,80,212.62936401367188,524.4361572265625,0,0.9992210865020752,-0.00089907587971538305,-0.0057044746354222298,0,0,0,0,0,0
0,1279,100,212.612060546875,524.3218994140625,0,0.99901556968688965,-0.0031877681612968445,-0.0069199074059724808,0,0,0,0,0,0
0,1535,120,212.549072265625,524.1829833984375,0,0.99881070852279663,-0.0033831221517175436,-0.0079987393692135811,0,0,0,0,0,0
0,1791,140,212.4822998046875,524.02239990234375,0,0.99865692853927612,-0.0023270279634743929,-0.0081251142546534538,0,0,0,0,0,0
0,2047,160,212.43667602539062,523.859375,0,0.99848860502243042,-0.0013479839544743299,-0.0076341312378644943,0,0,0,0,0,0
0,2303,180,212.41059875488281,523.706298828125,0,0.99820280075073242,-0.0014400486834347248,-0.0077380971051752567,0,0,0,0,0,0
