particle_id,geometry_id,tx,ty,tz,tt,tpx,tpy,tpz,te,deltapx,deltapy,deltapz,deltae,index
0,255,20,42.61187744140625,159.73554992675781,0,0.99978178739547729,-0.00041539609082974494,-0.0010310986544936895,0,0,0,0,0,0
0,511,40,42.603691101074219,159.71487426757812,0,0.99960619211196899,0.00041271932423114777,-0.0015765628777444363,0,0,0,0,0,0
0,767,60,42.612136840820312,159.68338012695312,0,0.99234253168106079,0.00027737655909731984,-0.0018342320108786225,0,0,0,0,0,0
0,1023,80,42.617950439453125,159.64645385742188,0,0.99199116230010986,0.0019096600590273738,-0.0025373233947902918,0,0,0,0,0,0
0,1279,100,42.656761169433594,159.59553527832031,0,0.99181246757507324,0.0017985343001782894,-0.0028778538107872009,0,0,0,0,0,0
0,1535,120,42.693378448486328,159.5377197265625,0,0.99166786670684814,0.00059266196331009269,-0.0038806227967143059,0,0,0,0,0,0
0,1791,140,42.705802917480469,159.45953369140625,0,0.99152183532714844,-0.00032915003248490393,-0.004297181498259306,0,0,0,0,0,0
0,2047,160,42.699687957763672,159.37281799316406,0,0.99134713411331177,0.00054254481801763177,-0.0038383596111088991,0,0,0,0,0,0
0,2303,180,42.711101531982422,159.29545593261719,0,0.99119019508361816,4.8390644224127755e-05,-0.005315244197845459,0,0,0,0,0,0
