measurement_id,geometry_id,local_key,local0,local1,phi,theta,time,var_local0,var_local1,var_phi,var_theta,var_time
0,255,unknown,80.273307800292969,-297.36431884765625,-3.0734365282114595e-05,1.570763111114502,0,0.0025000001769512892,0.0025000001769512892,0,0,0
1,511,unknown,80.399261474609375,-297.38070678710938,-0.00030722215888090432,1.5707447528839111,0,0.0025000001769512892,0.0025000001769512892,0,0,0
2,767,unknown,80.369873046875,-297.33578491210938,-0.0004435557930264622,1.5702975988388062,0,0.0025000001769512892,0.0025000001769512892,0,0,0
3,1023,unknown,80.303169250488281,-297.32589721679688,-3.9205024222610518e-05,1.5700500011444092,0,0.0025000001769512892,0.0025000001769512892,0,0,0
4,1279,unknown,80.270156860351562,-297.32260131835938,0.0014410389121621847,1.570771336555481,0,0.0025000001769512892,0.0025000001769512892,0,0,0
5,1535,unknown,80.353988647460938,-297.28805541992188,0.0011666322825476527,1.5709640979766846,0,0.0025000001769512892,0.0025000001769512892,0,0,0
6,1791,unknown,80.403861999511719,-297.256103515625,0.0019331761868670583,1.5718191862106323,0,0.0025000001769512892,0.0025000001769512892,0,0,0
7,2047,unknown,80.454673767089844,-297.34115600585938,0.00060494773788377643,1.5718247890472412,0,0.0025000001769512892,0.0025000001769512892,0,0,0
8,2303,unknown,80.425247192382812,-297.34481811523438,0.00011905374412890524,1.5715789794921875,0,0.0025000001769512892,0.0025000001769512892,0,0,0
