particle_id,particle_type,process,vx,vy,vz,vt,px,py,pz,m,q
0,0,0,0,-102.33161163330078,-269.783935546875,0,1,0,-4.3711388286737929e-08,0,-1
