particle_id,geometry_id,tx,ty,tz,tt,tpx,tpy,tpz,te,deltapx,deltapy,deltapz,deltae,index
0,255,20,102.00623321533203,7.0027117729187012,0,0.99986827373504639,4.1922445234376937e-05,5.6573248002678156e-05,0,0,0,0,0,0
0,511,40,102.00706481933594,7.0038485527038574,0,0.99973249435424805,0.00056333671091124415,0.00045676340232603252,0,0,0,0,0,0
0,767,60,102.01828002929688,7.0130534172058105,0,0.99960190057754517,0.00064038718119263649,0.00055012665688991547,0,0,0,0,0,0
0,1023,80,102.03102874755859,7.024137020111084,0,0.99942982196807861,8.8099273853003979e-05,0.0014060632092878222,0,0,0,0,0,0
0,1279,100,102.03262329101562,7.0522842407226562,0,0.99927341938018799,-0.00015781543334014714,0.0016683900030329823,0,0,0,0,0,0
0,1535,120,102.02926635742188,7.0856566429138184,0,0.99912244081497192,-0.00028517725877463818,0.0016702819848433137,0,0,0,0,0,0
0,1791,140,102.02335357666016,7.1190567016601562,0,0.99900943040847778,-0.00040862985770218074,0.0016972459852695465,0,0,0,0,0,0
0,2047,160,102.01496887207031,7.1529855728149414,0,0.99885934591293335,-0.00063726381631568074,0.00084013794548809528,0,0,0,0,0,0
0,2303,180,102.00210571289062,7.1697306632995605,0,0.99870902299880981,-0.0012160140322521329,0.0013308783527463675,0,0,0,0,0,0
