particle_id,particle_type,process,vx,vy,vz,vt,px,py,pz,m,q
0,0,0,0,102.00623321533203,7.0027127265930176,0,1,0,-4.3711388286737929e-08,0,-1
