measurement_id,geometry_id,local_key,local0,local1,phi,theta,time,var_local0,var_local1,var_phi,var_theta,var_time
0,255,unknown,-12.530625343322754,45.788055419921875,-0.00036075417301617563,1.5709801912307739,0,0.0025000001769512892,0.0025000001769512892,0,0,0
1,511,unknown,-12.533936500549316,45.679656982421875,-0.0020958746317774057,1.5718408823013306,0,0.0025000001769512892,0.0025000001769512892,0,0,0
2,767,unknown,-12.585492134094238,45.668487548828125,-0.0020672900136560202,1.5716201066970825,0,0.0025000001769512892,0.0025000001769512892,0,0,0
3,1023,unknown,-12.48858642578125,45.605541229248047,-0.0015615088632330298,1.5713797807693481,0,0.0025000001769512892,0.0025000001769512892,0,0,0
4,1279,unknown,-12.635032653808594,45.741348266601562,-0.0010203287238255143,1.5698363780975342,0,0.0025000001769512892,0.0025000001769512892,0,0,0
5,1535,unknown,-12.730700492858887,45.702354431152344,0.0016599150840193033,1.5693861246109009,0,0.0025000001769512892,0.0025000001769512892,0,0,0
6,1791,unknown,-12.700704574584961,45.750354766845703,0.0010785533813759685,1.5697751045227051,0,0.0025000001769512892,0.0025000001769512892,0,0,0
7,2047,unknown,-12.598452568054199,45.719203948974609,0.00049646705156192183,1.5684843063354492,0,0.0025000001769512892,0.0025000001769512892,0,0,0
8,2303,unknown,-12.627323150634766,45.808650970458984,-6.105159263825044e-05,1.5691694021224976,0,0.0025000001769512892,0.0025000001769512892,0,0,0
