particle_id,particle_type,process,vx,vy,vz,vt,px,py,pz,m,q
0,0,0,0,-116.65422058105469,-217.56069946289062,0,1,0,-4.3711388286737929e-08,0,-1
