particle_id,geometry_id,tx,ty,tz,tt,tpx,tpy,tpz,te,deltapx,deltapy,deltapz,deltae,index
0,255,20,38.002281188964844,-21.105480194091797,0,0.99986934661865234,3.4151944419136271e-05,7.6240270573180169e-05,0,0,0,0,0,0
0,511,40,38.002956390380859,-21.103950500488281,0,0.99969363212585449,-4.90092825202737e-05,0.00020707857038360089,0,0,0,0,0,0
0,767,60,38.001949310302734,-21.099813461303711,0,0.99955511093139648,-2.0356383174657822e-05,0.00036219134926795959,0,0,0,0,0,0
0,1023,80,38.001499176025391,-21.092569351196289,0,0.99938046932220459,2.3002548914519139e-05,0.00020320137264207006,0,0,0,0,0,0
0,1279,100,38.001934051513672,-21.0885009765625,0,0.99924242496490479,-3.1261242838809267e-05,0.00021770581952296197,0,0,0,0,0,0
0,1535,120,38.00128173828125,-21.084146499633789,0,0.99903637170791626,-0.00010189128806814551,0.0013488205149769783,0,0,0,0,0,0
0,1791,140,37.999080657958984,-21.057157516479492,0,0.99883800745010376,-0.00061480223666876554,0.0018034044187515974,0,0,0,0,0,0
0,2047,160,37.986553192138672,-21.021121978759766,0,0.998482346534729,-0.00058754318160936236,0.0031341032590717077,0,0,0,0,0,0
0,2303,180,37.974407196044922,-20.958415985107422,0,0.99832570552825928,0.00070769328158348799,0.0031006457284092903,0,0,0,0,0,0
