measurement_id,geometry_id,local_key,local0,local1,phi,theta,time,var_local0,var_local1,var_phi,var_theta,var_time
0,255,unknown,104.90477752685547,-89.812431335449219,0.00013868823589291424,1.5709322690963745,0,0.0025000001769512892,0.0025000001769512892,0,0,0
1,511,unknown,104.805908203125,-89.7476806640625,-1.9362136299605481e-05,1.5708392858505249,0,0.0025000001769512892,0.0025000001769512892,0,0,0
2,767,unknown,104.8597412109375,-89.85430908203125,-0.00079644483048468828,1.5705363750457764,0,0.0025000001769512892,0.0025000001769512892,0,0,0
3,1023,unknown,104.85773468017578,-89.785575866699219,-0.00082204135833308101,1.5705330371856689,0,0.0025000001769512892,0.0025000001769512892,0,0,0
4,1279,unknown,104.8212890625,-89.743476867675781,4.8746296670287848e-05,1.570888876914978,0,0.0025000001769512892,0.0025000001769512892,0,0,0
5,1535,unknown,104.76509094238281,-89.816368103027344,-0.0011147597106173635,1.5706168413162231,0,0.0025000001769512892,0.0025000001769512892,0,0,0
6,1791,unknown,104.87697601318359,-89.734237670898438,-0.00092689326265826821,1.5709211826324463,0,0.0025000001769512892,0.0025000001769512892,0,0,0
7,2047,unknown,104.73185729980469,-89.880592346191406,-0.0010029497789219022,1.5707906484603882,0,0.0025000001769512892,0.0025000001769512892,0,0,0
8,2303,unknown,104.7236328125,-89.831062316894531,-0.00065689405892044306,1.5694034099578857,0,0.0025000001769512892,0.0025000001769512892,0,0,0
