particle_id,geometry_id,tx,ty,tz,tt,tpx,tpy,tpz,te,deltapx,deltapy,deltapz,deltae,index
0,255,20,119.54897308349609,-237.1767578125,0,0.99987083673477173,0.00025952074793167412,-0.00016667677846271545,0,0,0,0,0,0
0,511,40,119.55418395996094,-237.1800537109375,0,0.99951589107513428,0.0001179823448183015,-0.00043911728425882757,0,0,0,0,0,0
0,767,60,119.55659484863281,-237.18882751464844,0,0.9992520809173584,0.00011325114610372111,-0.00062328024068847299,0,0,0,0,0,0
0,1023,80,119.55893707275391,-237.2012939453125,0,0.99905979633331299,-5.3429397667059675e-05,0.00076860986882820725,0,0,0,0,0,0
0,1279,100,119.55777740478516,-237.1859130859375,0,0.99893391132354736,-0.00056117132771760225,2.174838118662592e-05,0,0,0,0,0,0
0,1535,120,119.54653930664062,-237.185546875,0,0.99875074625015259,0.00033854332286864519,-0.00065368518698960543,0,0,0,0,0,0
0,1791,140,119.55339813232422,-237.19859313964844,0,0.99856734275817871,0.0004488765262067318,-0.00049238704377785325,0,0,0,0,0,0
0,2047,160,119.56244659423828,-237.20840454101562,0,0.99787622690200806,0.00019974337192252278,-0.0004090147849638015,0,0,0,0,0,0
0,2303,180,119.56649780273438,-237.21658325195312,0,0.99772369861602783,0.00024584814673289657,-0.00046556672896258533,0,0,0,0,0,0
