measurement_id,geometry_id,local_key,local0,local1,phi,theta,time,var_local0,var_local1,var_phi,var_theta,var_time
0,255,unknown,-33.492740631103516,-85.901016235351562,5.9537593187997118e-05,1.5703179836273193,0,0.0025000001769512892,0.0025000001769512892,0,0,0
1,511,unknown,-33.582004547119141,-85.870262145996094,0.00014929583994671702,1.5703510046005249,0,0.0025000001769512892,0.0025000001769512892,0,0,0
2,767,unknown,-33.510158538818359,-85.836708068847656,-0.00044216302921995521,1.5698844194412231,0,0.0025000001769512892,0.0025000001769512892,0,0,0
3,1023,unknown,-33.489067077636719,-85.754890441894531,-0.00053098116768524051,1.5699620246887207,0,0.0025000001769512892,0.0025000001769512892,0,0,0
4,1279,unknown,-33.580745697021484,-85.786262512207031,0.00016753085947129875,1.570375919342041,0,0.0025000001769512892,0.0025000001769512892,0,0,0
5,1535,unknown,-33.538192749023438,-85.746055603027344,0.00085397000657394528,1.5688451528549194,0,0.0025000001769512892,0.0025000001769512892,0,0,0
6,1791,unknown,-33.572040557861328,-85.820442199707031,0.00083777547115460038,1.568851113319397,0,0.0025000001769512892,0.0025000001769512892,0,0,0
7,2047,unknown,-33.563655853271484,-85.748054504394531,0.0012072770623490214,1.5684165954589844,0,0.0025000001769512892,0.0025000001769512892,0,0,0
8,2303,unknown,-33.471267700195312,-85.654891967773438,0.0011751542333513498,1.568461537361145,0,0.0025000001769512892,0.0025000001769512892,0,0,0
