measurement_id,geometry_id,local_key,local0,local1,phi,theta,time,var_local0,var_local1,var_phi,var_theta,var_time
0,255,unknown,-144.23747253417969,-239.44758605957031,-0.00092574773589149117,1.569637656211853,0,0.0025000001769512892,0.0025000001769512892,0,0,0
1,511,unknown,-144.13528442382812,-239.37852478027344,-0.00084273563697934151,1.5699212551116943,0,0.0025000001769512892,0.0025000001769512892,0,0,0
2,767,unknown,-144.2191162109375,-239.28070068359375,-0.00066679000156000257,1.571120023727417,0,0.0025000001769512892,0.0025000001769512892,0,0,0
3,1023,unknown,-144.18443298339844,-239.37193298339844,-0.0014951345510780811,1.5699745416641235,0,0.0025000001769512892,0.0025000001769512892,0,0,0
4,1279,unknown,-144.25117492675781,-239.35060119628906,-0.0013502372894436121,1.5694084167480469,0,0.0025000001769512892,0.0025000001769512892,0,0,0
5,1535,unknown,-144.30130004882812,-239.24559020996094,-0.00076260662171989679,1.5709762573242188,0,0.0025000001769512892,0.0025000001769512892,0,0,0
6,1791,unknown,-144.37123107910156,-239.35206604003906,0.00061371037736535072,1.5705029964447021,0,0.0025000001769512892,0.0025000001769512892,0,0,0
7,2047,unknown,-144.27024841308594,-239.29216003417969,0.00050800683675333858,1.569736123085022,0,0.0025000001769512892,0.0025000001769512892,0,0,0
8,2303,unknown,-144.25302124023438,-239.38308715820312,0.0012310368474572897,1.5695325136184692,0,0.0025000001769512892,0.0025000001769512892,0,0,0
