measurement_id,geometry_id,local_key,local0,local1,phi,theta,time,var_local0,var_local1,var_phi,var_theta,var_time
0,255,unknown,111.91742706298828,105.94792175292969,-0.0005169078940525651,1.5712013244628906,0,0.0025000001769512892,0.0025000001769512892,0,0,0
1,511,unknown,111.93563079833984,105.91400909423828,-0.00018837679817806929,1.5721662044525146,0,0.0025000001769512892,0.0025000001769512892,0,0,0
2,767,unknown,111.94349670410156,105.80252075195312,0.00047357002040371299,1.5719959735870361,0,0.0025000001769512892,0.0025000001769512892,0,0,0
3,1023,unknown,111.96379089355469,105.85591125488281,-0.00080574286403134465,1.5706571340560913,0,0.0025000001769512892,0.0025000001769512892,0,0,0
4,1279,unknown,111.98154449462891,105.88458251953125,-0.0024251337163150311,1.5726202726364136,0,0.0025000001769512892,0.0025000001769512892,0,0,0
5,1535,unknown,111.84188842773438,105.82808685302734,-0.00099412980489432812,1.574527382850647,0,0.0025000001769512892,0.0025000001769512892,0,0,0
6,1791,unknown,111.83561706542969,105.74927520751953,-0.00077077915193513036,1.5743188858032227,0,0.0025000001769512892,0.0025000001769512892,0,0,0
7,2047,unknown,111.79653930664062,105.65198516845703,-0.0011701114708557725,1.5748590230941772,0,0.0025000001769512892,0.0025000001769512892,0,0,0
8,2303,unknown,111.876708984375,105.63436889648438,-0.0012923658359795809,1.5750695466995239,0,0.0025000001769512892,0.0025000001769512892,0,0,0
