particle_id,particle_type,process,vx,vy,vz,vt,px,py,pz,m,q
0,0,0,0,-85.746604919433594,-63.002384185791016,0,1,0,-4.3711388286737929e-08,0,-1
