measurement_id,geometry_id,local_key,local0,local1,phi,theta,time,var_local0,var_local1,var_phi,var_theta,var_time
0,255,unknown,-82.497673034667969,-193.2899169921875,-0.00050059112254530191,1.5696909427642822,0,0.0025000001769512892,0.0025000001769512892,0,0,0
1,511,unknown,-82.522209167480469,-193.38839721679688,0.00013360469893086702,1.5699254274368286,0,0.0025000001769512892,0.0025000001769512892,0,0,0
2,767,unknown,-82.533905029296875,-193.31858825683594,-6.5955864556599408e-05,1.5699955224990845,0,0.0025000001769512892,0.0025000001769512892,0,0,0
3,1023,unknown,-82.541481018066406,-193.16827392578125,0.00047769001685082912,1.56744384765625,0,0.0025000001769512892,0.0025000001769512892,0,0,0
4,1279,unknown,-82.465789794921875,-193.16627502441406,-0.0020965447183698416,1.567326545715332,0,0.0025000001769512892,0.0025000001769512892,0,0,0
5,1535,unknown,-82.624481201171875,-193.10891723632812,-0.0026278358418494463,1.5680669546127319,0,0.0025000001769512892,0.0025000001769512892,0,0,0
6,1791,unknown,-82.555793762207031,-193.09197998046875,-0.0029646661132574081,1.5680441856384277,0,0.0025000001769512892,0.0025000001769512892,0,0,0
7,2047,unknown,-82.6463623046875,-193.03823852539062,-0.003192967502400279,1.5681517124176025,0,0.0025000001769512892,0.0025000001769512892,0,0,0
8,2303,unknown,-82.688560485839844,-192.87026977539062,-0.0028121841605752707,1.5687723159790039,0,0.0025000001769512892,0.0025000001769512892,0,0,0
