particle_id,particle_type,process,vx,vy,vz,vt,px,py,pz,m,q
0,0,0,0,-185.62657165527344,76.276573181152344,0,1,0,-4.3711388286737929e-08,0,-1
