particle_id,geometry_id,tx,ty,tz,tt,tpx,tpy,tpz,te,deltapx,deltapy,deltapz,deltae,index
0,255,20,-117.97472381591797,-252.85012817382812,0,0.99979287385940552,-2.2812846509623341e-05,-2.3403883460559882e-05,0,0,0,0,0,0
0,511,40,-117.97517395019531,-252.85060119628906,0,0.99956166744232178,0.0013579843798652291,-1.8274735339218751e-05,0,0,0,0,0,0
0,767,60,-117.947998046875,-252.85079956054688,0,0.99942797422409058,0.00043035420821979642,0.00042540926369838417,0,0,0,0,0,0
0,1023,80,-117.93943786621094,-252.84223937988281,0,0.99927544593811035,-0.001832125592045486,0.00041283704922534525,0,0,0,0,0,0
0,1279,100,-117.97615814208984,-252.83419799804688,0,0.99907338619232178,-0.00045194561243988574,0.0014011551393195987,0,0,0,0,0,0
0,1535,120,-117.98537445068359,-252.80619812011719,0,0.99888455867767334,0.00100571324583143,0.0018290907610207796,0,0,0,0,0,0
0,1791,140,-117.96546173095703,-252.76945495605469,0,0.99873262643814087,0.0024699096102267504,0.0017821459332481027,0,0,0,0,0,0
0,2047,160,-117.91621398925781,-252.73347473144531,0,0.99845761060714722,0.002493302570655942,0.0018020087154582143,0,0,0,0,0,0
0,2303,180,-117.86648559570312,-252.69708251953125,0,0.99825358390808105,0.0026875557377934456,0.0018952960381284356,0,0,0,0,0,0
