particle_id,geometry_id,tx,ty,tz,tt,tpx,tpy,tpz,te,deltapx,deltapy,deltapz,deltae,index
0,255,20,-41.39923095703125,113.58404541015625,0,0.99983620643615723,-0.00031562149524688721,-0.0005574942915700376,0,0,0,0,0,0
0,511,40,-41.405475616455078,113.57285308837891,0,0.99971520900726318,0.00045098722330294549,-0.00038402670179493725,0,0,0,0,0,0
0,767,60,-41.396408081054688,113.56522369384766,0,0.99957853555679321,0.00096803653286769986,-0.001194733427837491,0,0,0,0,0,0
0,1023,80,-41.376895904541016,113.54143524169922,0,0.99941873550415039,0.0023954277858138084,-0.00066151097416877747,0,0,0,0,0,0
0,1279,100,-41.328880310058594,113.52848815917969,0,0.99928152561187744,0.0027559802401810884,-0.00063831062288954854,0,0,0,0,0,0
0,1535,120,-41.273647308349609,113.51604461669922,0,0.99911481142044067,0.002824265044182539,-0.0003025684563908726,0,0,0,0,0,0
0,1791,140,-41.217075347900391,113.51033020019531,0,0.99891144037246704,0.0027497424744069576,-0.00055209849961102009,0,0,0,0,0,0
0,2047,160,-41.161956787109375,113.49960327148438,0,0.99871891736984253,0.0023235466796904802,-0.001234664348885417,0,0,0,0,0,0
0,2303,180,-41.115280151367188,113.47515869140625,0,0.9985620379447937,0.0020370373968034983,-0.0016706261085346341,0,0,0,0,0,0
