measurement_id,geometry_id,local_key,local0,local1,phi,theta,time,var_local0,var_local1,var_phi,var_theta,var_time
0,255,unknown,87.47210693359375,238.75973510742188,0.00048265879740938544,1.5695123672485352,0,0.0025000001769512892,0.0025000001769512892,0,0,0
1,511,unknown,87.4346923828125,238.69990539550781,-0.00031722721178084612,1.5695667266845703,0,0.0025000001769512892,0.0025000001769512892,0,0,0
2,767,unknown,87.461463928222656,238.78811645507812,0.00025375853874720633,1.5693521499633789,0,0.0025000001769512892,0.0025000001769512892,0,0,0
3,1023,unknown,87.417396545410156,238.7967529296875,0.000345158128766343,1.5697226524353027,0,0.0025000001769512892,0.0025000001769512892,0,0,0
4,1279,unknown,87.522903442382812,238.79180908203125,0.00028314205701462924,1.569805383682251,0,0.0025000001769512892,0.0025000001769512892,0,0,0
5,1535,unknown,87.505599975585938,238.8463134765625,-5.0132865681007388e-07,1.5692427158355713,0,0.0025000001769512892,0.0025000001769512892,0,0,0
6,1791,unknown,87.566581726074219,238.9541015625,-6.4449435740243644e-05,1.5694570541381836,0,0.0025000001769512892,0.0025000001769512892,0,0,0
7,2047,unknown,87.503822326660156,238.89872741699219,0.00037062895717099309,1.5694223642349243,0,0.0025000001769512892,0.0025000001769512892,0,0,0
8,2303,unknown,87.442657470703125,238.92459106445312,0.00030220841290429235,1.5697174072265625,0,0.0025000001769512892,0.0025000001769512892,0,0,0
