measurement_id,geometry_id,local_key,local0,local1,phi,theta,time,var_local0,var_local1,var_phi,var_theta,var_time
0,255,unknown,-64.040870666503906,35.063430786132812,-0.00076863676076754928,1.5704079866409302,0,0.0025000001769512892,0.0025000001769512892,0,0,0
1,511,unknown,-64.097984313964844,35.081356048583984,-0.0015585068613290787,1.5690743923187256,0,0.0025000001769512892,0.0025000001769512892,0,0,0
2,767,unknown,-64.134796142578125,35.005573272705078,-0.0012641929788514972,1.5700947046279907,0,0.0025000001769512892,0.0025000001769512892,0,0,0
3,1023,unknown,-64.214271545410156,35.21240234375,0.0002687600499484688,1.5693596601486206,0,0.0025000001769512892,0.0025000001769512892,0,0,0
4,1279,unknown,-64.163619995117188,35.151180267333984,0.00017544471484143287,1.5699591636657715,0,0.0025000001769512892,0.0025000001769512892,0,0,0
5,1535,unknown,-64.170783996582031,35.176033020019531,-0.00029115795041434467,1.5703626871109009,0,0.0025000001769512892,0.0025000001769512892,0,0,0
6,1791,unknown,-64.225570678710938,35.12890625,-0.0012806368758901954,1.5706021785736084,0,0.0025000001769512892,0.0025000001769512892,0,0,0
7,2047,unknown,-64.216690063476562,35.1396484375,-0.0033762403763830662,1.571308970451355,0,0.0025000001769512892,0.0025000001769512892,0,0,0
8,2303,unknown,-64.290901184082031,35.212631225585938,-0.0034603683743625879,1.5709017515182495,0,0.0025000001769512892,0.0025000001769512892,0,0,0
