measurement_id,geometry_id,local_key,local0,local1,phi,theta,time,var_local0,var_local1,var_phi,var_theta,var_time
0,255,unknown,212.73068237304688,-12.867557525634766,-0.0003915409033652395,1.5708262920379639,0,0.0025000001769512892,0.0025000001769512892,0,0,0
1,511,unknown,212.70228576660156,-12.640328407287598,-0.00099910632707178593,1.5729341506958008,0,0.0025000001769512892,0.0025000001769512892,0,0,0
2,767,unknown,212.60275268554688,-12.824469566345215,-0.0008965748711489141,1.5714874267578125,0,0.0025000001769512892,0.0025000001769512892,0,0,0
3,1023,unknown,212.63291931152344,-12.785715103149414,-0.0009044528123922646,1.5715347528457642,0,0.0025000001769512892,0.0025000001769512892,0,0,0
4,1279,unknown,212.66490173339844,-12.904844284057617,-0.0012695431942120194,1.5709789991378784,0,0.0025000001769512892,0.0025000001769512892,0,0,0
5,1535,unknown,212.53016662597656,-12.886786460876465,-0.0026502932887524366,1.5712990760803223,0,0.0025000001769512892,0.0025000001769512892,0,0,0
6,1791,unknown,212.43922424316406,-12.900062561035156,-0.0021239782217890024,1.5718985795974731,0,0.0025000001769512892,0.0025000001769512892,0,0,0
7,2047,unknown,212.51483154296875,-12.884739875793457,-0.002104300307109952,1.5719187259674072,0,0.0025000001769512892,0.0025000001769512892,0,0,0
8,2303,unknown,212.35775756835938,-12.921811103820801,-0.0019166922429576516,1.5727180242538452,0,0.0025000001769512892,0.0025000001769512892,0,0,0
