measurement_id,geometry_id,local_key,local0,local1,phi,theta,time,var_local0,var_local1,var_phi,var_theta,var_time
0,255,unknown,28.221271514892578,114.67491149902344,0.00051782251102849841,1.5720531940460205,0,0.0025000001769512892,0.0025000001769512892,0,0,0
1,511,unknown,28.198610305786133,114.64083862304688,0.0006775612710043788,1.5714882612228394,0,0.0025000001769512892,0.0025000001769512892,0,0,0
2,767,unknown,28.177066802978516,114.74433135986328,0.00074434402631595731,1.5715911388397217,0,0.0025000001769512892,0.0025000001769512892,0,0,0
3,1023,unknown,28.137380599975586,114.625244140625,0.00068767601624131203,1.5718598365783691,0,0.0025000001769512892,0.0025000001769512892,0,0,0
4,1279,unknown,28.198678970336914,114.63313293457031,0.00061926990747451782,1.5710344314575195,0,0.0025000001769512892,0.0025000001769512892,0,0,0
5,1535,unknown,28.143991470336914,114.63526153564453,0.00035961027606390417,1.5706804990768433,0,0.0025000001769512892,0.0025000001769512892,0,0,0
6,1791,unknown,28.212615966796875,114.65966033935547,0.00071944942465052009,1.5709836483001709,0,0.0025000001769512892,0.0025000001769512892,0,0,0
7,2047,unknown,28.249130249023438,114.61363220214844,0.00023979494289960712,1.570418119430542,0,0.0025000001769512892,0.0025000001769512892,0,0,0
8,2303,unknown,28.220005035400391,114.64669799804688,0.0017659809673205018,1.5690939426422119,0,0.0025000001769512892,0.0025000001769512892,0,0,0
