measurement_id,geometry_id,local_key,local0,local1,phi,theta,time,var_local0,var_local1,var_phi,var_theta,var_time
0,255,unknown,-295.28082275390625,-100.86492919921875,0.00054033490596339107,1.5706770420074463,0,0.0025000001769512892,0.0025000001769512892,0,0,0
1,511,unknown,-295.3006591796875,-100.88824462890625,0.00084125704597681761,1.5703457593917847,0,0.0025000001769512892,0.0025000001769512892,0,0,0
2,767,unknown,-295.29556274414062,-100.8116455078125,0.00051859905943274498,1.5708646774291992,0,0.0025000001769512892,0.0025000001769512892,0,0,0
3,1023,unknown,-295.20828247070312,-100.94546508789062,0.0003332170017529279,1.5712122917175293,0,0.0025000001769512892,0.0025000001769512892,0,0,0
4,1279,unknown,-295.27749633789062,-100.82260894775391,0.00046487242798320949,1.5712317228317261,0,0.0025000001769512892,0.0025000001769512892,0,0,0
5,1535,unknown,-295.33392333984375,-100.88629150390625,-0.00063178403070196509,1.5717849731445312,0,0.0025000001769512892,0.0025000001769512892,0,0,0
6,1791,unknown,-295.23095703125,-100.88204956054688,-0.0026946535799652338,1.5708318948745728,0,0.0025000001769512892,0.0025000001769512892,0,0,0
7,2047,unknown,-295.22991943359375,-100.91152191162109,-0.0019310098141431808,1.5709601640701294,0,0.0025000001769512892,0.0025000001769512892,0,0,0
8,2303,unknown,-295.45550537109375,-100.94341278076172,-0.0020132313948124647,1.5708978176116943,0,0.0025000001769512892,0.0025000001769512892,0,0,0
