measurement_id,geometry_id,local_key,local0,local1,phi,theta,time,var_local0,var_local1,var_phi,var_theta,var_time
0,255,unknown,292.7720947265625,-366.965576171875,-0.00060912460321560502,1.56966233253479,0,0.0025000001769512892,0.0025000001769512892,0,0,0
1,511,unknown,292.66946411132812,-366.92037963867188,-0.00042996587581001222,1.570441722869873,0,0.0025000001769512892,0.0025000001769512892,0,0,0
2,767,unknown,292.74609375,-366.95712280273438,-0.00046781302080489695,1.5703933238983154,0,0.0025000001769512892,0.0025000001769512892,0,0,0
3,1023,unknown,292.7734375,-366.882080078125,-0.0016828669467940927,1.5708345174789429,0,0.0025000001769512892,0.0025000001769512892,0,0,0
4,1279,unknown,292.66024780273438,-366.87515258789062,-0.00029507733415812254,1.5696163177490234,0,0.0025000001769512892,0.0025000001769512892,0,0,0
5,1535,unknown,292.6832275390625,-366.9580078125,-0.0022719325497746468,1.5700211524963379,0,0.0025000001769512892,0.0025000001769512892,0,0,0
6,1791,unknown,292.6162109375,-366.86770629882812,-0.0031036038417369127,1.5700410604476929,0,0.0025000001769512892,0.0025000001769512892,0,0,0
7,2047,unknown,292.62310791015625,-366.88214111328125,-0.0036632600240409374,1.5703781843185425,0,0.0025000001769512892,0.0025000001769512892,0,0,0
8,2303,unknown,292.50222778320312,-366.92523193359375,-0.0037629627622663975,1.5700640678405762,0,0.0025000001769512892,0.0025000001769512892,0,0,0
