particle_id,particle_type,process,vx,vy,vz,vt,px,py,pz,m,q
0,0,0,0,134.61347961425781,-235.02603149414062,0,1,0,-4.3711388286737929e-08,0,-1
