measurement_id,geometry_id,local_key,local0,local1,phi,theta,time,var_local0,var_local1,var_phi,var_theta,var_time
0,255,unknown,-55.632572174072266,-23.945068359375,-6.0466019931482151e-05,1.5704890489578247,0,0.0025000001769512892,0.0025000001769512892,0,0,0
1,511,unknown,-55.835548400878906,-24.075124740600586,-0.00033571029780432582,1.5709373950958252,0,0.0025000001769512892,0.0025000001769512892,0,0,0
2,767,unknown,-55.770168304443359,-23.995462417602539,-6.2067309045232832e-05,1.571036696434021,0,0.0025000001769512892,0.0025000001769512892,0,0,0
3,1023,unknown,-55.643302917480469,-24.00982666015625,-0.00011096711386926472,1.5710288286209106,0,0.0025000001769512892,0.0025000001769512892,0,0,0
4,1279,unknown,-55.778770446777344,-24.131307601928711,0.00074955471791327,1.5716825723648071,0,0.0025000001769512892,0.0025000001769512892,0,0,0
5,1535,unknown,-55.796314239501953,-24.103324890136719,0.00090836093295365572,1.5715047121047974,0,0.0025000001769512892,0.0025000001769512892,0,0,0
6,1791,unknown,-55.623241424560547,-24.099435806274414,0.0026236532721668482,1.5732027292251587,0,0.0025000001769512892,0.0025000001769512892,0,0,0
7,2047,unknown,-55.575595855712891,-24.133903503417969,0.0031420332379639149,1.573262095451355,0,0.0025000001769512892,0.0025000001769512892,0,0,0
8,2303,unknown,-55.500587463378906,-24.218650817871094,0.0032794270664453506,1.5732190608978271,0,0.0025000001769512892,0.0025000001769512892,0,0,0
