particle_id,particle_type,process,vx,vy,vz,vt,px,py,pz,m,q
0,0,0,0,-239.38764953613281,282.61798095703125,0,1,0,-4.3711388286737929e-08,0,-1
