particle_id,geometry_id,tx,ty,tz,tt,tpx,tpy,tpz,te,deltapx,deltapy,deltapz,deltae,index
0,255,20,-12.46827220916748,142.42630004882812,0,0.99965208768844604,0.00037530082045122981,-0.00095672323368489742,0,0,0,0,0,0
0,511,40,-12.460648536682129,142.40721130371094,0,0.99942857027053833,0.00044223482836969197,-0.0010973344324156642,0,0,0,0,0,0
0,767,60,-12.451666831970215,142.38529968261719,0,0.99927830696105957,0.0013421028852462769,-0.0023781079798936844,0,0,0,0,0,0
0,1023,80,-12.424520492553711,142.33786010742188,0,0.99889832735061646,0.00078222941374406219,-0.0011982070282101631,0,0,0,0,0,0
0,1279,100,-12.40871524810791,142.31396484375,0,0.99873483180999756,0.00074683123966678977,-0.001071689766831696,0,0,0,0,0,0
0,1535,120,-12.393630981445312,142.29258728027344,0,0.99859285354614258,0.00070502725429832935,-0.00060584628954529762,0,0,0,0,0,0
0,1791,140,-12.379438400268555,142.28053283691406,0,0.9984470009803772,0.00099108391441404819,-0.00011716347216861323,0,0,0,0,0,0
0,2047,160,-12.359572410583496,142.27830505371094,0,0.99828726053237915,0.00097424315754324198,-0.00013178236258681864,0,0,0,0,0,0
0,2303,180,-12.340038299560547,142.27578735351562,0,0.9981263279914856,0.00020202138694003224,0.00013857497833669186,0,0,0,0,0,0
