particle_id,geometry_id,tx,ty,tz,tt,tpx,tpy,tpz,te,deltapx,deltapy,deltapz,deltae,index
0,255,20,13.283949851989746,-145.20205688476562,0,0.99984449148178101,4.677354809246026e-05,-0.000639621342997998,0,0,0,0,0,0
0,511,40,13.284961700439453,-145.21484375,0,0.9996795654296875,0.0010881137568503618,-0.0004757750139106065,0,0,0,0,0,0
0,767,60,13.306787490844727,-145.22422790527344,0,0.99951457977294922,0.0010473381262272596,-0.00029732668190263212,0,0,0,0,0,0
0,1023,80,13.327779769897461,-145.23005676269531,0,0.9993894100189209,0.0011501264525577426,-0.00093621917767450213,0,0,0,0,0,0
0,1279,100,13.350908279418945,-145.2486572265625,0,0.99901139736175537,-0.00038473642780445516,-0.00094408186851069331,0,0,0,0,0,0
0,1535,120,13.343319892883301,-145.26760864257812,0,0.99886572360992432,-0.00024604008649475873,-0.0024760751985013485,0,0,0,0,0,0
0,1791,140,13.338690757751465,-145.31721496582031,0,0.99871671199798584,0.0007669987971894443,-0.0031193301547318697,0,0,0,0,0,0
0,2047,160,13.354425430297852,-145.37959289550781,0,0.99860298633575439,0.0012325603747740388,-0.0014774855226278305,0,0,0,0,0,0
0,2303,180,13.379288673400879,-145.40904235839844,0,0.99827337265014648,0.0037742769345641136,-0.0030149081721901894,0,0,0,0,0,0
