particle_id,geometry_id,tx,ty,tz,tt,tpx,tpy,tpz,te,deltapx,deltapy,deltapz,deltae,index
0,255,20,328.67486572265625,0.69995123147964478,0,0.99979424476623535,0.00062503176741302013,0.00043450406519696116,0,0,0,0,0,0
0,511,40,328.68731689453125,0.70871788263320923,0,0.99964982271194458,0.00041833013528957963,0.00099881901405751705,0,0,0,0,0,0
0,767,60,328.695556640625,0.72875100374221802,0,0.99951249361038208,-0.0003244130639359355,0.00022062429343350232,0,0,0,0,0,0
0,1023,80,328.68902587890625,0.73312658071517944,0,0.99932748079299927,0.0015584188513457775,-0.00074793735984712839,0,0,0,0,0,0
0,1279,100,328.72030639648438,0.7183452844619751,0,0.99914920330047607,0.0012860278366133571,-0.00023456726921722293,0,0,0,0,0,0
0,1535,120,328.74606323242188,0.71380454301834106,0,0.99864423274993896,0.0010309371864423156,-0.00044385364162735641,0,0,0,0,0,0
0,1791,140,328.76675415039062,0.7050396203994751,0,0.99843454360961914,0.00090938195353373885,-0.00015929604705888778,0,0,0,0,0,0
0,2047,160,328.78500366210938,0.70195817947387695,0,0.99815976619720459,0.001169214490801096,0.00092938751913607121,0,0,0,0,0,0
0,2303,180,328.80831909179688,0.72072046995162964,0,0.99801695346832275,0.0011484990827739239,0.00035556658986024559,0,0,0,0,0,0
