particle_id,geometry_id,tx,ty,tz,tt,tpx,tpy,tpz,te,deltapx,deltapy,deltapz,deltae,index
0,255,20,-31.668367385864258,136.604248046875,0,0.99978750944137573,0.00018523547623772174,1.0921222383331042e-05,0,0,0,0,0,0
0,511,40,-31.664663314819336,136.6044921875,0,0.99966353178024292,5.4777858167653903e-05,0.00057613931130617857,0,0,0,0,0,0
0,767,60,-31.663637161254883,136.61602783203125,0,0.99952149391174316,0.00016572585445828736,0.00018797855591401458,0,0,0,0,0,0
0,1023,80,-31.660343170166016,136.61981201171875,0,0.99934357404708862,-3.5695709811989218e-05,1.6039006368373521e-05,0,0,0,0,0,0
0,1279,100,-31.661060333251953,136.62013244628906,0,0.99503320455551147,2.0708284864667803e-05,0.00029472025926224887,0,0,0,0,0,0
0,1535,120,-31.660678863525391,136.62605285644531,0,0.99491035938262939,0.00026129974867217243,0.00049488508375361562,0,0,0,0,0,0
0,1791,140,-31.655487060546875,136.63603210449219,0,0.99469101428985596,0.0011687650112435222,0.00078351015690714121,0,0,0,0,0,0
0,2047,160,-31.632081985473633,136.65193176269531,0,0.99449729919433594,0.0023458434734493494,0.0012571001425385475,0,0,0,0,0,0
0,2303,180,-31.585058212280273,136.677490234375,0,0.9943852424621582,0.0015123130287975073,-0.00029580103000625968,0,0,0,0,0,0
