particle_id,geometry_id,tx,ty,tz,tt,tpx,tpy,tpz,te,deltapx,deltapy,deltapz,deltae,index
0,255,20,53.239185333251953,55.214958190917969,0,0.99985140562057495,-0.00060901959659531713,0.0027967945206910372,0,0,0,0,0,0
0,511,40,53.226669311523438,55.270828247070312,0,0.99969393014907837,0.00016343085735570639,0.001844157581217587,0,0,0,0,0,0
0,767,60,53.229717254638672,55.307743072509766,0,0.99948650598526001,0.00043294450733810663,0.0025509223341941833,0,0,0,0,0,0
0,1023,80,53.238075256347656,55.358837127685547,0,0.99918067455291748,0.00052722409600391984,0.0026568665634840727,0,0,0,0,0,0
0,1279,100,53.248310089111328,55.412078857421875,0,0.99903410673141479,0.00013700562703888863,0.0021029240451753139,0,0,0,0,0,0
0,1535,120,53.250801086425781,55.454193115234375,0,0.99886864423751831,-0.00046622424270026386,0.00071452214615419507,0,0,0,0,0,0
0,1791,140,53.241378784179688,55.46844482421875,0,0.99867862462997437,-0.00047264271415770054,0.00070629070978611708,0,0,0,0,0,0
0,2047,160,53.231830596923828,55.482532501220703,0,0.99850457906723022,0.00078780611511319876,-0.00016168782894965261,0,0,0,0,0,0
0,2303,180,53.247631072998047,55.479389190673828,0,0.99834024906158447,0.0014461280079558492,-0.00010917724284809083,0,0,0,0,0,0
