particle_id,particle_type,process,vx,vy,vz,vt,px,py,pz,m,q
0,0,0,0,-412.01263427734375,-176.30207824707031,0,1,0,-4.3711388286737929e-08,0,-1
