particle_id,geometry_id,tx,ty,tz,tt,tpx,tpy,tpz,te,deltapx,deltapy,deltapz,deltae,index
0,255,20,120.69793701171875,-276.44723510742188,0,0.99978399276733398,-0.00056313903769478202,0.00052495993440970778,0,0,0,0,0,0
0,511,40,120.68660736083984,-276.43679809570312,0,0.9995684027671814,-0.0016059239860624075,-0.00066148984478786588,0,0,0,0,0,0
0,767,60,120.65455627441406,-276.45022583007812,0,0.99929040670394897,-0.001509719411842525,-0.0005324126104824245,0,0,0,0,0,0
0,1023,80,120.62440490722656,-276.4610595703125,0,0.99915629625320435,-0.0013732259394600987,-0.00055914052063599229,0,0,0,0,0,0
0,1279,100,120.59698486328125,-276.472412109375,0,0.99902504682540894,-0.0017280875472351909,-0.00072770350379869342,0,0,0,0,0,0
0,1535,120,120.56247711181641,-276.4871826171875,0,0.99885153770446777,-0.0021733066532760859,-0.0012892440427094698,0,0,0,0,0,0
0,1791,140,120.51911926269531,-276.51324462890625,0,0.99865734577178955,-0.002539119916036725,-0.0018998397281393409,0,0,0,0,0,0
0,2047,160,120.46849822998047,-276.55160522460938,0,0.99852180480957031,-0.0022758243139833212,-0.0033495367970317602,0,0,0,0,0,0
0,2303,180,120.42331695556641,-276.61895751953125,0,0.99831026792526245,-0.0023412257432937622,-0.0021526671480387449,0,0,0,0,0,0
