particle_id,geometry_id,tx,ty,tz,tt,tpx,tpy,tpz,te,deltapx,deltapy,deltapz,deltae,index
0,255,20,-345.31027221679688,67.855743408203125,0,0.99987763166427612,0.00027441271231509745,-8.8247790699824691e-05,0,0,0,0,0,0
0,511,40,-345.30477905273438,67.854011535644531,0,0.99969720840454102,-0.00045131036313250661,0.00043517691665329039,0,0,0,0,0,0
0,767,60,-345.31387329101562,67.862663269042969,0,0.99951356649398804,-0.00099205737933516502,0.00056640198454260826,0,0,0,0,0,0
0,1023,80,-345.33380126953125,67.873878479003906,0,0.99938195943832397,-0.0010094400495290756,0.00054309592815116048,0,0,0,0,0,0
0,1279,100,-345.35406494140625,67.884628295898438,0,0.99925148487091064,0.00054308067774400115,0.0015181428752839565,0,0,0,0,0,0
0,1535,120,-345.3433837890625,67.915077209472656,0,0.99912816286087036,0.00093411776470020413,0.00092623935779556632,0,0,0,0,0,0
0,1791,140,-345.32479858398438,67.933731079101562,0,0.99897593259811401,0.00092647335259243846,0.0010865089716389775,0,0,0,0,0,0
0,2047,160,-345.30636596679688,67.955596923828125,0,0.99881720542907715,0.00042563534225337207,0.0012275512563064694,0,0,0,0,0,0
0,2303,180,-345.29800415039062,67.980224609375,0,0.99811714887619019,0.00070674956077709794,0.0021364516578614712,0,0,0,0,0,0
