particle_id,particle_type,process,vx,vy,vz,vt,px,py,pz,m,q
0,0,0,0,38.332798004150391,118.33840942382812,0,1,0,-4.3711388286737929e-08,0,-1
