particle_id,geometry_id,tx,ty,tz,tt,tpx,tpy,tpz,te,deltapx,deltapy,deltapz,deltae,index
0,255,20,115.00413513183594,-279.57696533203125,0,0.99983155727386475,-3.609708437579684e-05,0.00053809565724804997,0,0,0,0,0,0
0,511,40,115.00334930419922,-279.56619262695312,0,0.99967384338378906,-0.0013599285157397389,0.0005008300649933517,0,0,0,0,0,0
0,767,60,114.97608184814453,-279.55633544921875,0,0.99953383207321167,-0.0014897763030603528,-0.00013409178063739091,0,0,0,0,0,0
0,1023,80,114.9462890625,-279.5592041015625,0,0.99936330318450928,-0.0018207947723567486,-0.00031979824416339397,0,0,0,0,0,0
0,1279,100,114.90988922119141,-279.56582641601562,0,0.99921625852584839,-0.0011587990447878838,-0.00012356690422166139,0,0,0,0,0,0
0,1535,120,114.88671112060547,-279.56845092773438,0,0.99904370307922363,-0.0012765859719365835,-0.00076606537913903594,0,0,0,0,0,0
0,1791,140,114.86124420166016,-279.58395385742188,0,0.99889427423477173,-0.0018064862815663218,-0.00013031464186497033,0,0,0,0,0,0
0,2047,160,114.82508850097656,-279.5867919921875,0,0.99832946062088013,-0.0021684812381863594,7.1838658186607063e-05,0,0,0,0,0,0
0,2303,180,114.78163909912109,-279.58560180664062,0,0.99813514947891235,-0.001861468655988574,0.00012703468382824212,0,0,0,0,0,0
