measurement_id,geometry_id,local_key,local0,local1,phi,theta,time,var_local0,var_local1,var_phi,var_theta,var_time
0,255,unknown,-386.44256591796875,-122.30179595947266,-0.00055346352746710181,1.5700126886367798,0,0.0025000001769512892,0.0025000001769512892,0,0,0
1,511,unknown,-386.4359130859375,-122.37155914306641,-0.00081368535757064819,1.5704710483551025,0,0.0025000001769512892,0.0025000001769512892,0,0,0
2,767,unknown,-386.44711303710938,-122.26658630371094,-0.0010615660576149821,1.5712603330612183,0,0.0025000001769512892,0.0025000001769512892,0,0,0
3,1023,unknown,-386.51715087890625,-122.29083251953125,-0.000873805140145123,1.5715329647064209,0,0.0025000001769512892,0.0025000001769512892,0,0,0
4,1279,unknown,-386.52386474609375,-122.29472351074219,-0.0016234557842835784,1.5695881843566895,0,0.0025000001769512892,0.0025000001769512892,0,0,0
5,1535,unknown,-386.48580932617188,-122.31480407714844,-0.00067884894087910652,1.5693416595458984,0,0.0025000001769512892,0.0025000001769512892,0,0,0
6,1791,unknown,-386.58453369140625,-122.28388214111328,-0.0018915309337899089,1.5686110258102417,0,0.0025000001769512892,0.0025000001769512892,0,0,0
7,2047,unknown,-386.58444213867188,-122.21383666992188,-0.0017794030718505383,1.5697040557861328,0,0.0025000001769512892,0.0025000001769512892,0,0,0
8,2303,unknown,-386.52655029296875,-122.17931365966797,-0.0014035934582352638,1.5718632936477661,0,0.0025000001769512892,0.0025000001769512892,0,0,0
