particle_id,geometry_id,tx,ty,tz,tt,tpx,tpy,tpz,te,deltapx,deltapy,deltapz,deltae,index
0,255,20,1.328038215637207,-75.484085083007812,0,0.99984031915664673,0.00079683709191158414,0.0010799400042742491,0,0,0,0,0,0
0,511,40,1.3438476324081421,-75.462387084960938,0,0.99969768524169922,0.0016180055681616068,0.00048094018711708486,0,0,0,0,0,0
0,767,60,1.3761590719223022,-75.452568054199219,0,0.99954748153686523,0.0012823058059439063,0.00039948453195393085,0,0,0,0,0,0
0,1023,80,1.4017682075500488,-75.444419860839844,0,0.99934226274490356,0.0014811414293944836,0.0002027172886300832,0,0,0,0,0,0
0,1279,100,1.4313855171203613,-75.440185546875,0,0.99921107292175293,0.0024788631126284599,-6.0316175222396851e-05,0,0,0,0,0,0
0,1535,120,1.4810079336166382,-75.441093444824219,0,0.99879616498947144,0.00040910948882810771,-8.7080756202340126e-05,0,0,0,0,0,0
0,1791,140,1.4892102479934692,-75.442787170410156,0,0.99861550331115723,-0.00064094935078173876,-0.00029848763369955122,0,0,0,0,0,0
0,2047,160,1.4764096736907959,-75.448844909667969,0,0.99848717451095581,-0.0013924797531217337,0.00090469652786850929,0,0,0,0,0,0
0,2303,180,1.4484097957611084,-75.430892944335938,0,0.99833226203918457,-0.0013307852204889059,0.0008668296504765749,0,0,0,0,0,0
