measurement_id,geometry_id,local_key,local0,local1,phi,theta,time,var_local0,var_local1,var_phi,var_theta,var_time
0,255,unknown,-50.705516815185547,-204.62124633789062,1.1516549420775846e-05,1.5714859962463379,0,0.0025000001769512892,0.0025000001769512892,0,0,0
1,511,unknown,-50.789054870605469,-204.61289978027344,-0.0011787080438807607,1.5726636648178101,0,0.0025000001769512892,0.0025000001769512892,0,0,0
2,767,unknown,-50.740856170654297,-204.62577819824219,-0.0014810434076935053,1.5714175701141357,0,0.0025000001769512892,0.0025000001769512892,0,0,0
3,1023,unknown,-50.830780029296875,-204.67596435546875,-0.0031586391851305962,1.5726058483123779,0,0.0025000001769512892,0.0025000001769512892,0,0,0
4,1279,unknown,-50.882820129394531,-204.64031982421875,-0.0031438374426215887,1.5719355344772339,0,0.0025000001769512892,0.0025000001769512892,0,0,0
5,1535,unknown,-50.969104766845703,-204.81019592285156,-0.0016598905203863978,1.5734004974365234,0,0.0025000001769512892,0.0025000001769512892,0,0,0
6,1791,unknown,-50.993068695068359,-204.74684143066406,-0.003052061889320612,1.5731801986694336,0,0.0025000001769512892,0.0025000001769512892,0,0,0
7,2047,unknown,-50.960533142089844,-204.89462280273438,-0.0020651575177907944,1.5732270479202271,0,0.0025000001769512892,0.0025000001769512892,0,0,0
8,2303,unknown,-51.0789794921875,-204.91561889648438,-0.0025786166079342365,1.5728535652160645,0,0.0025000001769512892,0.0025000001769512892,0,0,0
