particle_id,geometry_id,tx,ty,tz,tt,tpx,tpy,tpz,te,deltapx,deltapy,deltapz,deltae,index
0,255,20,499.29556274414062,234.68145751953125,0,0.99983131885528564,0.00036089803325012326,0.00061509176157414913,0,0,0,0,0,0
0,511,40,499.30270385742188,234.69380187988281,0,0.99954426288604736,0.0021006036549806595,0.0023904528934508562,0,0,0,0,0,0
0,767,60,499.34445190429688,234.74188232421875,0,0.99940884113311768,0.002160252071917057,0.0016567060956731439,0,0,0,0,0,0
0,1023,80,499.38748168945312,234.77529907226562,0,0.99928319454193115,0.0017032560426741838,0.00063667423091828823,0,0,0,0,0,0
0,1279,100,499.4215087890625,234.78823852539062,0,0.99899423122406006,0.001521497149951756,8.9988010586239398e-05,0,0,0,0,0,0
0,1535,120,499.45196533203125,234.79022216796875,0,0.99882590770721436,0.00044583264389075339,0.0014354572631418705,0,0,0,0,0,0
0,1791,140,499.46072387695312,234.81901550292969,0,0.99867969751358032,-0.00034857913851737976,0.0019077655160799623,0,0,0,0,0,0
0,2047,160,499.45352172851562,234.857177734375,0,0.99851429462432861,3.3050080674001947e-05,0.0026536660734564066,0,0,0,0,0,0
0,2303,180,499.453857421875,234.91033935546875,0,0.9983857274055481,0.00060930853942409158,0.0035262031015008688,0,0,0,0,0,0
