measurement_id,geometry_id,local_key,local0,local1,phi,theta,time,var_local0,var_local1,var_phi,var_theta,var_time
0,255,unknown,248.89218139648438,-283.91644287109375,-0.00079235696466639638,1.5701497793197632,0,0.0025000001769512892,0.0025000001769512892,0,0,0
1,511,unknown,248.88589477539062,-283.86721801757812,-0.0010458738543093204,1.5712182521820068,0,0.0025000001769512892,0.0025000001769512892,0,0,0
2,767,unknown,248.9178466796875,-283.81170654296875,-0.00094356935005635023,1.5706171989440918,0,0.0025000001769512892,0.0025000001769512892,0,0,0
3,1023,unknown,248.83082580566406,-283.79324340820312,-0.00045349218999035656,1.5703978538513184,0,0.0025000001769512892,0.0025000001769512892,0,0,0
4,1279,unknown,248.77911376953125,-283.81436157226562,0.0013305824249982834,1.5718275308609009,0,0.0025000001769512892,0.0025000001769512892,0,0,0
5,1535,unknown,248.8984375,-283.76565551757812,0.0010411650873720646,1.5718451738357544,0,0.0025000001769512892,0.0025000001769512892,0,0,0
6,1791,unknown,248.94734191894531,-283.97305297851562,0.0010529028950259089,1.5726456642150879,0,0.0025000001769512892,0.0025000001769512892,0,0,0
7,2047,unknown,248.95530700683594,-283.78173828125,0.0014062251430004835,1.5726186037063599,0,0.0025000001769512892,0.0025000001769512892,0,0,0
8,2303,unknown,248.91151428222656,-283.95217895507812,0.0027486572507768869,1.5706113576889038,0,0.0025000001769512892,0.0025000001769512892,0,0,0
