particle_id,geometry_id,tx,ty,tz,tt,tpx,tpy,tpz,te,deltapx,deltapy,deltapz,deltae,index
0,255,20,-24.102983474731445,56.262397766113281,0,0.99986708164215088,-0.00071988505078479648,-0.000430451356805861,0,0,0,0,0,0
0,511,40,-24.117330551147461,56.253700256347656,0,0.99968171119689941,-0.0019008854869753122,-0.00045218062587082386,0,0,0,0,0,0
0,767,60,-24.155305862426758,56.244426727294922,0,0.99948245286941528,-0.0017378244083374739,0.000231102982070297,0,0,0,0,0,0
0,1023,80,-24.190107345581055,56.248844146728516,0,0.9993167519569397,-0.0011735903099179268,0.00031933831633068621,0,0,0,0,0,0
0,1279,100,-24.213632583618164,56.255092620849609,0,0.99910068511962891,-0.00049697019858285785,-0.00013439083704724908,0,0,0,0,0,0
0,1535,120,-24.223564147949219,56.252342224121094,0,0.99724578857421875,-0.001125651877373457,0.00025305416784249246,0,0,0,0,0,0
0,1791,140,-24.246170043945312,56.257282257080078,0,0.99710571765899658,-0.0019802111200988293,-8.7408996478188783e-05,0,0,0,0,0,0
0,2047,160,-24.285877227783203,56.255290985107422,0,0.99696183204650879,-0.0012600838672369719,-0.00047317432472482324,0,0,0,0,0,0
0,2303,180,-24.311098098754883,56.245647430419922,0,0.99554848670959473,-0.0014791559660807252,-0.00062061479547992349,0,0,0,0,0,0
