particle_id,geometry_id,tx,ty,tz,tt,tpx,tpy,tpz,te,deltapx,deltapy,deltapz,deltae,index
0,255,20,227.30999755859375,34.439476013183594,0,0.9997979998588562,-0.00029182885191403329,-0.00029764921055175364,0,0,0,0,0,0
0,511,40,227.30419921875,34.433486938476562,0,0.99939680099487305,-0.0010353799443691969,-0.0002976490359287709,0,0,0,0,0,0
0,767,60,227.28350830078125,34.427406311035156,0,0.99926292896270752,-0.001321044284850359,0.0004488062986638397,0,0,0,0,0,0
0,1023,80,227.25701904296875,34.436229705810547,0,0.99912345409393311,-0.00080346630420535803,-9.0206034656148404e-05,0,0,0,0,0,0
0,1279,100,227.24095153808594,34.434326171875,0,0.99897146224975586,-0.00080813403474166989,-0.0011202928144484758,0,0,0,0,0,0
0,1535,120,227.22491455078125,34.411800384521484,0,0.99884122610092163,-0.0024399934336543083,-0.00090855953749269247,0,0,0,0,0,0
0,1791,140,227.17616271972656,34.393314361572266,0,0.99868547916412354,-0.0025373233947902918,-0.0020856165792793036,0,0,0,0,0,0
0,2047,160,227.12559509277344,34.351242065429688,0,0.99850726127624512,-0.0031600284855812788,-0.0024656762834638357,0,0,0,0,0,0
0,2303,180,227.06259155273438,34.301475524902344,0,0.99821937084197998,-0.0031070054974406958,-0.0025788461789488792,0,0,0,0,0,0
