particle_id,particle_type,process,vx,vy,vz,vt,px,py,pz,m,q
0,0,0,0,-114.23770141601562,-17.473844528198242,0,1,0,-4.3711388286737929e-08,0,-1
