particle_id,geometry_id,tx,ty,tz,tt,tpx,tpy,tpz,te,deltapx,deltapy,deltapz,deltae,index
0,255,20,-137.80882263183594,49.315948486328125,0,0.9998553991317749,-0.00087577290832996368,-0.00010207213927060366,0,0,0,0,0,0
0,511,40,-137.82632446289062,49.313800811767578,0,0.99969518184661865,-0.0010557988425716758,-0.00030131309176795185,0,0,0,0,0,0
0,767,60,-137.847412109375,49.307647705078125,0,0.99953538179397583,-0.0023688848596066236,0.00052602234063670039,0,0,0,0,0,0
0,1023,80,-137.89486694335938,49.317890167236328,0,0.99937337636947632,-0.0035568014718592167,-0.0013560429215431213,0,0,0,0,0,0
0,1279,100,-137.96588134765625,49.290325164794922,0,0.99915772676467896,-0.0037946363445371389,-0.0013802882749587297,0,0,0,0,0,0
0,1535,120,-138.04167175292969,49.262241363525391,0,0.99900710582733154,-0.0037644507829099894,-0.001421523978933692,0,0,0,0,0,0
0,1791,140,-138.11686706542969,49.233329772949219,0,0.99885392189025879,-0.0037217994686216116,-0.0014708404196426272,0,0,0,0,0,0
0,2047,160,-138.19120788574219,49.203433990478516,0,0.99844557046890259,-0.0039931586943566799,-0.0015743878902867436,0,0,0,0,0,0
0,2303,180,-138.27101135253906,49.171417236328125,0,0.99831581115722656,-0.0050914301536977291,-0.0011402795789763331,0,0,0,0,0,0
