particle_id,particle_type,process,vx,vy,vz,vt,px,py,pz,m,q
0,0,0,0,182.83541870117188,454.6939697265625,0,1,0,-4.3711388286737929e-08,0,-1
