particle_id,particle_type,process,vx,vy,vz,vt,px,py,pz,m,q
0,0,0,0,-242.2615966796875,-319.84197998046875,0,1,0,-4.3711388286737929e-08,0,-1
