particle_id,particle_type,process,vx,vy,vz,vt,px,py,pz,m,q
0,0,0,0,-8.47003173828125,-423.28005981445312,0,1,0,-4.3711388286737929e-08,0,-1
