particle_id,geometry_id,tx,ty,tz,tt,tpx,tpy,tpz,te,deltapx,deltapy,deltapz,deltae,index
0,255,20,-151.47714233398438,544.1865234375,0,0.99981921911239624,-0.00063534337095916271,-0.00079657568130642176,0,0,0,0,0,0
0,511,40,-151.48976135253906,544.1705322265625,0,0.99965161085128784,-0.00091709906700998545,-0.0027973961550742388,0,0,0,0,0,0
0,767,60,-151.50776672363281,544.11444091796875,0,0.99940049648284912,-0.00090157432714477181,-0.0026088114827871323,0,0,0,0,0,0
0,1023,80,-151.52549743652344,544.0621337890625,0,0.99919760227203369,-0.0014615789987146854,-0.0019206363940611482,0,0,0,0,0,0
0,1279,100,-151.55451965332031,544.02349853515625,0,0.99875468015670776,-0.0018769432790577412,-0.0014905701391398907,0,0,0,0,0,0
0,1535,120,-151.5919189453125,543.993408203125,0,0.99862581491470337,-0.0028359624557197094,-0.0031203674152493477,0,0,0,0,0,0
0,1791,140,-151.64834594726562,543.93060302734375,0,0.99835443496704102,-0.0030806420836597681,-0.0029007724951952696,0,0,0,0,0,0
0,2047,160,-151.709716796875,543.87213134765625,0,0.99819487333297729,-0.0029497535433620214,-0.0026804038789123297,0,0,0,0,0,0
0,2303,180,-151.76849365234375,543.81805419921875,0,0.99793529510498047,-0.0029694531112909317,-0.0027853474020957947,0,0,0,0,0,0
