measurement_id,geometry_id,local_key,local0,local1,phi,theta,time,var_local0,var_local1,var_phi,var_theta,var_time
0,255,unknown,36.555519104003906,-71.216293334960938,0.0019850539974868298,1.5708608627319336,0,0.0025000001769512892,0.0025000001769512892,0,0,0
1,511,unknown,36.551803588867188,-71.2962646484375,0.0018690993310883641,1.5711861848831177,0,0.0025000001769512892,0.0025000001769512892,0,0,0
2,767,unknown,36.547760009765625,-71.315032958984375,0.0010695449309423566,1.5707170963287354,0,0.0025000001769512892,0.0025000001769512892,0,0,0
3,1023,unknown,36.581615447998047,-71.28558349609375,-0.00028904678765684366,1.5717041492462158,0,0.0025000001769512892,0.0025000001769512892,0,0,0
4,1279,unknown,36.652660369873047,-71.340599060058594,5.4398028623836581e-06,1.5722305774688721,0,0.0025000001769512892,0.0025000001769512892,0,0,0
5,1535,unknown,36.65447998046875,-71.351387023925781,0.0012517408467829227,1.5715867280960083,0,0.0025000001769512892,0.0025000001769512892,0,0,0
6,1791,unknown,36.578292846679688,-71.229545593261719,0.001252182642929256,1.5716971158981323,0,0.0025000001769512892,0.0025000001769512892,0,0,0
7,2047,unknown,36.625389099121094,-71.272727966308594,-0.00067532405955716968,1.5715034008026123,0,0.0025000001769512892,0.0025000001769512892,0,0,0
8,2303,unknown,36.715179443359375,-71.369407653808594,-0.00072704296326264739,1.5714187622070312,0,0.0025000001769512892,0.0025000001769512892,0,0,0
