particle_id,particle_type,process,vx,vy,vz,vt,px,py,pz,m,q
0,0,0,0,110.84326171875,282.56271362304688,0,1,0,-4.3711388286737929e-08,0,-1
