measurement_id,geometry_id,local_key,local0,local1,phi,theta,time,var_local0,var_local1,var_phi,var_theta,var_time
0,255,unknown,-63.942359924316406,102.27481842041016,0.00073238270124420524,1.5701229572296143,0,0.0025000001769512892,0.0025000001769512892,0,0,0
1,511,unknown,-63.887504577636719,102.192626953125,0.0021744184195995331,1.5705956220626831,0,0.0025000001769512892,0.0025000001769512892,0,0,0
2,767,unknown,-63.939739227294922,102.29376220703125,0.00062591518508270383,1.5710945129394531,0,0.0025000001769512892,0.0025000001769512892,0,0,0
3,1023,unknown,-63.841770172119141,102.16779327392578,0.00076010904740542173,1.5708695650100708,0,0.0025000001769512892,0.0025000001769512892,0,0,0
4,1279,unknown,-63.891521453857422,102.34251403808594,0.00081643305020406842,1.5708081722259521,0,0.0025000001769512892,0.0025000001769512892,0,0,0
5,1535,unknown,-63.808612823486328,102.23330688476562,0.00062905665254220366,1.5707807540893555,0,0.0025000001769512892,0.0025000001769512892,0,0,0
6,1791,unknown,-63.831539154052734,102.28741455078125,0.00096981937531381845,1.5702862739562988,0,0.0025000001769512892,0.0025000001769512892,0,0,0
7,2047,unknown,-63.805282592773438,102.34876251220703,0.0022035774309188128,1.5705710649490356,0,0.0025000001769512892,0.0025000001769512892,0,0,0
8,2303,unknown,-63.810874938964844,102.33580780029297,-0.001016489346511662,1.5712538957595825,0,0.0025000001769512892,0.0025000001769512892,0,0,0
