particle_id,geometry_id,tx,ty,tz,tt,tpx,tpy,tpz,te,deltapx,deltapy,deltapz,deltae,index
0,255,20,259.11257934570312,218.8458251953125,0,0.99984067678451538,0.00050988025031983852,0.00029089985764585435,0,0,0,0,0,0
0,511,40,259.12274169921875,218.85169982910156,0,0.99969154596328735,0.0010603379923850298,0.0013738978886976838,0,0,0,0,0,0
0,767,60,259.143798828125,218.87931823730469,0,0.99954187870025635,0.0012290901504456997,0.0010289772180840373,0,0,0,0,0,0
0,1023,80,259.16827392578125,218.90005493164062,0,0.99940532445907593,0.0016378966392949224,0.0022386927157640457,0,0,0,0,0,0
0,1279,100,259.20077514648438,218.94505310058594,0,0.99926000833511353,0.0017640185542404652,0.0023356901947408915,0,0,0,0,0,0
0,1535,120,259.23580932617188,218.99201965332031,0,0.99909842014312744,0.00094734382582828403,0.0028836587443947792,0,0,0,0,0,0
0,1791,140,259.25442504882812,219.04985046386719,0,0.99895501136779785,0.0022884625941514969,0.0022279217373579741,0,0,0,0,0,0
0,2047,160,259.29998779296875,219.0947265625,0,0.99865829944610596,0.0016187916044145823,0.0022423765622079372,0,0,0,0,0,0
0,2303,180,259.33212280273438,219.13983154296875,0,0.99822050333023071,0.0017463963013142347,0.0027546328492462635,0,0,0,0,0,0
