particle_id,geometry_id,tx,ty,tz,tt,tpx,tpy,tpz,te,deltapx,deltapy,deltapz,deltae,index
0,255,20,-108.08423614501953,-138.53816223144531,0,0.99980157613754272,4.8933587095234543e-05,-0.001549815759062767,0,0,0,0,0,0
0,511,40,-108.08306884765625,-138.56915283203125,0,0.99963277578353882,5.6832850532373413e-05,-0.0015161875635385513,0,0,0,0,0,0
0,767,60,-108.08174896240234,-138.5994873046875,0,0.99943250417709351,0.00072198949055746198,-0.00099916604813188314,0,0,0,0,0,0
0,1023,80,-108.06718444824219,-138.61940002441406,0,0.99929136037826538,0.0013385064667090774,-0.0010923005174845457,0,0,0,0,0,0
0,1279,100,-108.04026794433594,-138.64109802246094,0,0.9991498589515686,0.0027107689529657364,-0.00163885741494596,0,0,0,0,0,0
0,1535,120,-107.98580932617188,-138.673583984375,0,0.99899601936340332,0.003364326199516654,-0.0025316702667623758,0,0,0,0,0,0
0,1791,140,-107.91815185546875,-138.72386169433594,0,0.99886476993560791,0.0045180912129580975,-0.0027765268459916115,0,0,0,0,0,0
0,2047,160,-107.82735443115234,-138.77891540527344,0,0.99873161315917969,0.004538215696811676,-0.0031342906877398491,0,0,0,0,0,0
0,2303,180,-107.73609924316406,-138.84114074707031,0,0.99859321117401123,0.0045495610684156418,-0.0029527903534471989,0,0,0,0,0,0
