measurement_id,geometry_id,local_key,local0,local1,phi,theta,time,var_local0,var_local1,var_phi,var_theta,var_time
0,255,unknown,-98.003211975097656,-151.02653503417969,-0.00014673740952275693,1.5714938640594482,0,0.0025000001769512892,0.0025000001769512892,0,0,0
1,511,unknown,-97.965957641601562,-150.90878295898438,-0.00015348706801887602,1.5715099573135376,0,0.0025000001769512892,0.0025000001769512892,0,0,0
2,767,unknown,-97.983161926269531,-150.9940185546875,0.00012868008343502879,1.5720810890197754,0,0.0025000001769512892,0.0025000001769512892,0,0,0
3,1023,unknown,-97.989349365234375,-151.08964538574219,-0.0003782717976719141,1.5718858242034912,0,0.0025000001769512892,0.0025000001769512892,0,0,0
4,1279,unknown,-97.978591918945312,-151.03459167480469,-0.00043784271110780537,1.5719013214111328,0,0.0025000001769512892,0.0025000001769512892,0,0,0
5,1535,unknown,-98.06201171875,-151.03680419921875,-0.00044425399391911924,1.5719581842422485,0,0.0025000001769512892,0.0025000001769512892,0,0,0
6,1791,unknown,-98.040206909179688,-151.12287902832031,0.00028233029297553003,1.5716356039047241,0,0.0025000001769512892,0.0025000001769512892,0,0,0
7,2047,unknown,-98.0263671875,-151.00254821777344,0.00081523275002837181,1.5717313289642334,0,0.0025000001769512892,0.0025000001769512892,0,0,0
8,2303,unknown,-98.003456115722656,-151.03153991699219,1.3537490303860977e-05,1.572644829750061,0,0.0025000001769512892,0.0025000001769512892,0,0,0
