particle_id,geometry_id,tx,ty,tz,tt,tpx,tpy,tpz,te,deltapx,deltapy,deltapz,deltae,index
0,255,20,161.7852783203125,40.997703552246094,0,0.99985611438751221,0.00020851570297963917,-2.4120517991832457e-05,0,0,0,0,0,0
0,511,40,161.78945922851562,40.997245788574219,0,0.99971604347229004,-0.00039615060086362064,-0.00052405818132683635,0,0,0,0,0,0
0,767,60,161.78160095214844,40.986713409423828,0,0.99953866004943848,0.00065196678042411804,-5.366313416743651e-05,0,0,0,0,0,0
0,1023,80,161.79464721679688,40.9857177734375,0,0.99935001134872437,0.00068721623392775655,-0.00020518869860097766,0,0,0,0,0,0
0,1279,100,161.80842590332031,40.981693267822266,0,0.99919849634170532,0.0011906264116987586,-0.00085242243949323893,0,0,0,0,0,0
0,1535,120,161.83236694335938,40.964775085449219,0,0.9989093542098999,0.0001177790982183069,0.00071871897671371698,0,0,0,0,0,0
0,1791,140,161.83464050292969,40.979179382324219,0,0.99867153167724609,0.0004809373349417001,0.0013794004917144775,0,0,0,0,0,0
0,2047,160,161.84410095214844,41.006862640380859,0,0.99848085641860962,-9.5757473900448531e-05,0.0025274064391851425,0,0,0,0,0,0
0,2303,180,161.84187316894531,41.057476043701172,0,0.9982445240020752,-0.00090884004021063447,0.001710703014396131,0,0,0,0,0,0
