particle_id,geometry_id,tx,ty,tz,tt,tpx,tpy,tpz,te,deltapx,deltapy,deltapz,deltae,index
0,255,20,-86.48248291015625,166.41403198242188,0,0.99978703260421753,0.0006268300348892808,-0.00057701312471181154,0,0,0,0,0,0
0,511,40,-86.469871520996094,166.40255737304688,0,0.99961012601852417,0.001491365022957325,-0.0010082817170768976,0,0,0,0,0,0
0,767,60,-86.439910888671875,166.382568359375,0,0.99944096803665161,0.0008833638858050108,-0.0010601758258417249,0,0,0,0,0,0
0,1023,80,-86.422103881835938,166.36146545410156,0,0.9992821216583252,0.0027905295137315989,-0.00012047822383465245,0,0,0,0,0,0
0,1279,100,-86.366241455078125,166.35939025878906,0,0.99905484914779663,0.0030990701634436846,-0.00055932416580617428,0,0,0,0,0,0
0,1535,120,-86.30413818359375,166.34857177734375,0,0.99889189004898071,0.0020174367818981409,0.00054009165614843369,0,0,0,0,0,0
0,1791,140,-86.263809204101562,166.35963439941406,0,0.99877011775970459,0.0017087887972593307,0.0012079686857759953,0,0,0,0,0,0
0,2047,160,-86.229736328125,166.384033203125,0,0.99861115217208862,0.0026400228962302208,0.0028083340730518103,0,0,0,0,0,0
0,2303,180,-86.177200317382812,166.44059753417969,0,0.99848479032516479,0.0019402727484703064,0.0010142019018530846,0,0,0,0,0,0
