particle_id,geometry_id,tx,ty,tz,tt,tpx,tpy,tpz,te,deltapx,deltapy,deltapz,deltae,index
0,255,20,16.661500930786133,5.049095630645752,0,0.99980157613754272,9.5957308076322079e-05,-0.00042589401709847152,0,0,0,0,0,0
0,511,40,16.663471221923828,5.0405879020690918,0,0.99966531991958618,-0.0010950381401926279,-0.0016630550380796194,0,0,0,0,0,0
0,767,60,16.641763687133789,5.0071849822998047,0,0.99931579828262329,-0.00032051090965978801,-0.0024948220234364271,0,0,0,0,0,0
0,1023,80,16.635648727416992,4.9572172164916992,0,0.9991455078125,-0.00022609962616115808,-0.0024822475388646126,0,0,0,0,0,0
0,1279,100,16.63142204284668,4.907503604888916,0,0.99895000457763672,1.5682504454161972e-05,-0.0021224832162261009,0,0,0,0,0,0
0,1535,120,16.631990432739258,4.8650121688842773,0,0.99880844354629517,-0.0009349414031021297,-0.003781639039516449,0,0,0,0,0,0
0,1791,140,16.613723754882812,4.7891783714294434,0,0.99861884117126465,-0.0021817849483340979,-0.0029166527092456818,0,0,0,0,0,0
0,2047,160,16.570379257202148,4.7305035591125488,0,0.99848270416259766,-0.0023336312733590603,-0.0031512209679931402,0,0,0,0,0,0
0,2303,180,16.524015426635742,4.6671042442321777,0,0.99832659959793091,-0.002116757445037365,-0.0027037214022129774,0,0,0,0,0,0
