measurement_id,geometry_id,local_key,local0,local1,phi,theta,time,var_local0,var_local1,var_phi,var_theta,var_time
0,255,unknown,177.03208923339844,160.20632934570312,0.0010748126078397036,1.5697932243347168,0,0.0025000001769512892,0.0025000001769512892,0,0,0
1,511,unknown,176.92973327636719,160.18850708007812,0.00068505271337926388,1.5717623233795166,0,0.0025000001769512892,0.0025000001769512892,0,0,0
2,767,unknown,176.94195556640625,160.13383483886719,0.0017928066663444042,1.5727404356002808,0,0.0025000001769512892,0.0025000001769512892,0,0,0
3,1023,unknown,177.05867004394531,160.22494506835938,0.001987147144973278,1.5727031230926514,0,0.0025000001769512892,0.0025000001769512892,0,0,0
4,1279,unknown,177.00575256347656,160.02238464355469,0.0024857339449226856,1.5735040903091431,0,0.0025000001769512892,0.0025000001769512892,0,0,0
5,1535,unknown,177.12945556640625,160.01783752441406,0.003489956958219409,1.573168158531189,0,0.0025000001769512892,0.0025000001769512892,0,0,0
6,1791,unknown,177.16127014160156,160.00067138671875,0.0034778241533786058,1.5745035409927368,0,0.0025000001769512892,0.0025000001769512892,0,0,0
7,2047,unknown,177.25901794433594,159.96133422851562,0.0036923352163285017,1.5730704069137573,0,0.0025000001769512892,0.0025000001769512892,0,0,0
8,2303,unknown,177.33810424804688,159.84335327148438,0.0052288617007434368,1.5732327699661255,0,0.0025000001769512892,0.0025000001769512892,0,0,0
