particle_id,particle_type,process,vx,vy,vz,vt,px,py,pz,m,q
0,0,0,0,-113.54085540771484,13.652229309082031,0,1,0,-4.3711388286737929e-08,0,-1
