measurement_id,geometry_id,local_key,local0,local1,phi,theta,time,var_local0,var_local1,var_phi,var_theta,var_time
0,255,unknown,-26.781488418579102,74.45794677734375,5.7719364122021943e-05,1.5709644556045532,0,0.0025000001769512892,0.0025000001769512892,0,0,0
1,511,unknown,-26.75507926940918,74.561958312988281,0.00018949623336084187,1.570819616317749,0,0.0025000001769512892,0.0025000001769512892,0,0,0
2,767,unknown,-26.651479721069336,74.458793640136719,0.00084188720211386681,1.5711143016815186,0,0.0025000001769512892,0.0025000001769512892,0,0,0
3,1023,unknown,-26.666753768920898,74.433006286621094,0.00099138263612985611,1.5708343982696533,0,0.0025000001769512892,0.0025000001769512892,0,0,0
4,1279,unknown,-26.712434768676758,74.465690612792969,0.00011343125515850261,1.5712665319442749,0,0.0025000001769512892,0.0025000001769512892,0,0,0
5,1535,unknown,-26.634160995483398,74.441551208496094,0.0017014761688187718,1.5694975852966309,0,0.0025000001769512892,0.0025000001769512892,0,0,0
6,1791,unknown,-26.575334548950195,74.53997802734375,0.0015226672403514385,1.5694780349731445,0,0.0025000001769512892,0.0025000001769512892,0,0,0
7,2047,unknown,-26.52128791809082,74.444480895996094,0.0015368324238806963,1.5694659948348999,0,0.0025000001769512892,0.0025000001769512892,0,0,0
8,2303,unknown,-26.557266235351562,74.541305541992188,0.0013369581429287791,1.5701168775558472,0,0.0025000001769512892,0.0025000001769512892,0,0,0
