particle_id,geometry_id,tx,ty,tz,tt,tpx,tpy,tpz,te,deltapx,deltapy,deltapz,deltae,index
0,255,20,-37.794895172119141,138.18057250976562,0,0.99985277652740479,-0.00024282917729578912,6.7418819526210427e-05,0,0,0,0,0,0
0,511,40,-37.799758911132812,138.181884765625,0,0.9995531439781189,7.1472357376478612e-05,-0.00087071693269535899,0,0,0,0,0,0
0,767,60,-37.798225402832031,138.16447448730469,0,0.99885326623916626,2.9054421247565188e-05,-0.00094131275545805693,0,0,0,0,0,0
0,1023,80,-37.797531127929688,138.1456298828125,0,0.99868488311767578,-0.00032482141978107393,-0.00085043598664924502,0,0,0,0,0,0
0,1279,100,-37.803932189941406,138.12855529785156,0,0.9984399676322937,-0.0011088461615145206,-0.00067383516579866409,0,0,0,0,0,0
0,1535,120,-37.826061248779297,138.11492919921875,0,0.99826645851135254,-0.0018818671815097332,-0.0012912251986563206,0,0,0,0,0,0
0,1791,140,-37.863609313964844,138.08883666992188,0,0.99785619974136353,-0.0025445623323321342,-0.0010266180615872145,0,0,0,0,0,0
0,2047,160,-37.914485931396484,138.06794738769531,0,0.9976922869682312,-0.0022396359127014875,-0.0016122019151225686,0,0,0,0,0,0
0,2303,180,-37.959186553955078,138.03535461425781,0,0.9975515604019165,-0.0017807534895837307,-0.0020120132248848677,0,0,0,0,0,0
