particle_id,geometry_id,tx,ty,tz,tt,tpx,tpy,tpz,te,deltapx,deltapy,deltapz,deltae,index
0,255,20,-261.92123413085938,400.163330078125,0,0.99982398748397827,0.0012209161650389433,0.001264903461560607,0,0,0,0,0,0
0,511,40,-261.89697265625,400.18878173828125,0,0.99953490495681763,0.0018910403596237302,0.0012435679091140628,0,0,0,0,0,0
0,767,60,-261.85928344726562,400.21389770507812,0,0.99939465522766113,0.00028191946330480278,0.0019343883031979203,0,0,0,0,0,0
0,1023,80,-261.8538818359375,400.25265502929688,0,0.99919939041137695,0.0010567310964688659,0.0020034550689160824,0,0,0,0,0,0
0,1279,100,-261.83297729492188,400.29287719726562,0,0.99903208017349243,0.0012741175014525652,0.0012397256214171648,0,0,0,0,0,0
0,1535,120,-261.8076171875,400.31784057617188,0,0.99882745742797852,0.00084763951599597931,0.0021026087924838066,0,0,0,0,0,0
0,1791,140,-261.7908935546875,400.36004638671875,0,0.99867808818817139,0.0012436668621376157,0.0022815880365669727,0,0,0,0,0,0
0,2047,160,-261.76626586914062,400.4058837890625,0,0.99851489067077637,0.0015961203025653958,0.0027183059137314558,0,0,0,0,0,0
0,2303,180,-261.734619140625,400.46051025390625,0,0.99836647510528564,0.001861700089648366,0.0031460030004382133,0,0,0,0,0,0
