particle_id,geometry_id,tx,ty,tz,tt,tpx,tpy,tpz,te,deltapx,deltapy,deltapz,deltae,index
0,255,20,26.620954513549805,-121.30544281005859,0,0.99982303380966187,-0.0016057880129665136,0.00048445697757415473,0,0,0,0,0,0
0,511,40,26.588775634765625,-121.29594421386719,0,0.99967330694198608,-0.001577859278768301,0.00043790790368802845,0,0,0,0,0,0
0,767,60,26.557155609130859,-121.28737640380859,0,0.99935555458068848,-0.0014604696771129966,0.00073869770858436823,0,0,0,0,0,0
0,1023,80,26.527839660644531,-121.27276611328125,0,0.99918282032012939,-0.0024027039762586355,0.0012085885973647237,0,0,0,0,0,0
0,1279,100,26.479602813720703,-121.24886322021484,0,0.99897074699401855,-0.0015415900852531195,-0.00066740583861246705,0,0,0,0,0,0
0,1535,120,26.448820114135742,-121.26241302490234,0,0.99877548217773438,-0.0011284246575087309,-0.00083110632840543985,0,0,0,0,0,0
0,1791,140,26.426324844360352,-121.27919006347656,0,0.99863642454147339,-0.0011170997750014067,-0.00085468089673668146,0,0,0,0,0,0
0,2047,160,26.404056549072266,-121.29644012451172,0,0.99840807914733887,-0.00019342350424267352,-0.00091566104674711823,0,0,0,0,0,0
0,2303,180,26.400291442871094,-121.31480407714844,0,0.99826264381408691,-0.0003213493328075856,-0.0010786799248307943,0,0,0,0,0,0
