particle_id,geometry_id,tx,ty,tz,tt,tpx,tpy,tpz,te,deltapx,deltapy,deltapz,deltae,index
0,255,20,-281.99749755859375,15.996462821960449,0,0.99982815980911255,-0.0013522211229428649,-0.0006996827432885766,0,0,0,0,0,0
0,511,40,-282.02447509765625,15.982304573059082,0,0.99965518712997437,-0.0015410148771479726,-0.0018621700583025813,0,0,0,0,0,0
0,767,60,-282.05508422851562,15.944864273071289,0,0.99951106309890747,-0.00099810422398149967,-0.0015081398887559772,0,0,0,0,0,0
0,1023,80,-282.07485961914062,15.914567947387695,0,0.99918079376220703,-0.00072870944859459996,-0.0016366393538191915,0,0,0,0,0,0
0,1279,100,-282.08926391601562,15.881721496582031,0,0.99906104803085327,-7.6480544521473348e-05,-0.0013583499239757657,0,0,0,0,0,0
0,1535,120,-282.09063720703125,15.854520797729492,0,0.99892395734786987,-6.1362210544757545e-05,-0.00084921059897169471,0,0,0,0,0,0
0,1791,140,-282.09176635742188,15.83751106262207,0,0.99873590469360352,0.00088437349768355489,-2.3617269107489847e-05,0,0,0,0,0,0
0,2047,160,-282.07406616210938,15.83714485168457,0,0.99857360124588013,0.001017363159917295,9.7092430223710835e-05,0,0,0,0,0,0
0,2303,180,-282.0537109375,15.839211463928223,0,0.99842393398284912,0.0013864141656085849,-0.0018121483735740185,0,0,0,0,0,0
