measurement_id,geometry_id,local_key,local0,local1,phi,theta,time,var_local0,var_local1,var_phi,var_theta,var_time
0,255,unknown,68.270339965820312,268.7791748046875,-0.00014067882148083299,1.5711287260055542,0,0.0025000001769512892,0.0025000001769512892,0,0,0
1,511,unknown,68.124954223632812,268.7513427734375,-0.00033405347494408488,1.5709230899810791,0,0.0025000001769512892,0.0025000001769512892,0,0,0
2,767,unknown,68.254806518554688,268.6190185546875,0.00049762841081246734,1.5730196237564087,0,0.0025000001769512892,0.0025000001769512892,0,0,0
3,1023,unknown,68.238601684570312,268.75503540039062,0.00055535661522299051,1.5729470252990723,0,0.0025000001769512892,0.0025000001769512892,0,0,0
4,1279,unknown,68.154243469238281,268.64889526367188,0.0027241019997745752,1.5726606845855713,0,0.0025000001769512892,0.0025000001769512892,0,0,0
5,1535,unknown,68.243621826171875,268.58074951171875,0.0031429859809577465,1.5710685253143311,0,0.0025000001769512892,0.0025000001769512892,0,0,0
6,1791,unknown,68.358100891113281,268.64047241210938,0.0044812550768256187,1.571345329284668,0,0.0025000001769512892,0.0025000001769512892,0,0,0
7,2047,unknown,68.419509887695312,268.66268920898438,0.0034503212664276361,1.5714079141616821,0,0.0025000001769512892,0.0025000001769512892,0,0,0
8,2303,unknown,68.543014526367188,268.5718994140625,0.0033306865952908993,1.5703890323638916,0,0.0025000001769512892,0.0025000001769512892,0,0,0
