particle_id,geometry_id,tx,ty,tz,tt,tpx,tpy,tpz,te,deltapx,deltapy,deltapz,deltae,index
0,255,20,-358.59124755859375,148.75883483886719,0,0.99986785650253296,-0.00093539449153468013,-6.0594047681661323e-05,0,0,0,0,0,0
0,511,40,-358.60995483398438,148.75750732421875,0,0.99964147806167603,-0.00093124416889622808,-7.3569492087699473e-05,0,0,0,0,0,0
0,767,60,-358.62857055664062,148.75592041015625,0,0.99934571981430054,-8.8766704720910639e-05,-0.0027532940730452538,0,0,0,0,0,0
0,1023,80,-358.6300048828125,148.7008056640625,0,0.99914741516113281,7.3681541834957898e-05,-0.0029336735606193542,0,0,0,0,0,0
0,1279,100,-358.628173828125,148.64208984375,0,0.99889075756072998,0.0011342728976160288,-0.0016882019117474556,0,0,0,0,0,0
0,1535,120,-358.60525512695312,148.60842895507812,0,0.99870532751083374,0.00019697030074894428,-0.00032958778319880366,0,0,0,0,0,0
0,1791,140,-358.60125732421875,148.60185241699219,0,0.99856901168823242,0.00081800780026242137,-0.00011432085011620075,0,0,0,0,0,0
0,2047,160,-358.58486938476562,148.59965515136719,0,0.9979560375213623,0.00085589278023689985,-9.8666168923955411e-05,0,0,0,0,0,0
0,2303,180,-358.56771850585938,148.5977783203125,0,0.99769335985183716,0.00086881197057664394,9.0227564214728773e-05,0,0,0,0,0,0
