measurement_id,geometry_id,local_key,local0,local1,phi,theta,time,var_local0,var_local1,var_phi,var_theta,var_time
0,255,unknown,362.15664672851562,269.56472778320312,0.00067696359474211931,1.5708709955215454,0,0.0025000001769512892,0.0025000001769512892,0,0,0
1,511,unknown,362.26239013671875,269.50778198242188,-6.6591915128810797e-06,1.5716333389282227,0,0.0025000001769512892,0.0025000001769512892,0,0,0
2,767,unknown,362.18487548828125,269.5458984375,0.00015898644051048905,1.5717160701751709,0,0.0025000001769512892,0.0025000001769512892,0,0,0
3,1023,unknown,362.30490112304688,269.42855834960938,-0.0021600497420877218,1.5707931518554688,0,0.0025000001769512892,0.0025000001769512892,0,0,0
4,1279,unknown,362.16128540039062,269.51852416992188,-0.0037112957797944546,1.570318341255188,0,0.0025000001769512892,0.0025000001769512892,0,0,0
5,1535,unknown,362.06759643554688,269.47787475585938,-0.0031820661388337612,1.5702002048492432,0,0.0025000001769512892,0.0025000001769512892,0,0,0
6,1791,unknown,362.09512329101562,269.55624389648438,-0.0034836987033486366,1.5705211162567139,0,0.0025000001769512892,0.0025000001769512892,0,0,0
7,2047,unknown,361.87420654296875,269.518310546875,-0.0030949569772928953,1.5710587501525879,0,0.0025000001769512892,0.0025000001769512892,0,0,0
8,2303,unknown,361.95068359375,269.4384765625,-0.0032537980005145073,1.5712974071502686,0,0.0025000001769512892,0.0025000001769512892,0,0,0
