measurement_id,geometry_id,local_key,local0,local1,phi,theta,time,var_local0,var_local1,var_phi,var_theta,var_time
0,255,unknown,502.40023803710938,14.66057014465332,-0.00035635186941362917,1.5708295106887817,0,0.0025000001769512892,0.0025000001769512892,0,0,0
1,511,unknown,502.49478149414062,14.778080940246582,-2.0914216293022037e-05,1.5709332227706909,0,0.0025000001769512892,0.0025000001769512892,0,0,0
2,767,unknown,502.44949340820312,14.748027801513672,-0.0001531478192191571,1.5709730386734009,0,0.0025000001769512892,0.0025000001769512892,0,0,0
3,1023,unknown,502.48110961914062,14.746402740478516,-0.00011148067278554663,1.5708744525909424,0,0.0025000001769512892,0.0025000001769512892,0,0,0
4,1279,unknown,502.42691040039062,14.727126121520996,-0.0017187856137752533,1.570402979850769,0,0.0025000001769512892,0.0025000001769512892,0,0,0
5,1535,unknown,502.4293212890625,14.740562438964844,-0.0018673304002732038,1.5707026720046997,0,0.0025000001769512892,0.0025000001769512892,0,0,0
6,1791,unknown,502.4005126953125,14.792792320251465,-0.0030162020120769739,1.5723392963409424,0,0.0025000001769512892,0.0025000001769512892,0,0,0
7,2047,unknown,502.39865112304688,14.750173568725586,-0.0026950172614306211,1.5713323354721069,0,0.0025000001769512892,0.0025000001769512892,0,0,0
8,2303,unknown,502.39141845703125,14.617587089538574,-0.0033278090413659811,1.5714083909988403,0,0.0025000001769512892,0.0025000001769512892,0,0,0
