measurement_id,geometry_id,local_key,local0,local1,phi,theta,time,var_local0,var_local1,var_phi,var_theta,var_time
0,255,unknown,102.31979370117188,209.24085998535156,-3.5386992749408819e-06,1.5708626508712769,0,0.0025000001769512892,0.0025000001769512892,0,0,0
1,511,unknown,102.32022857666016,209.38124084472656,0.00039506610482931137,1.5710424184799194,0,0.0025000001769512892,0.0025000001769512892,0,0,0
2,767,unknown,102.28843688964844,209.4571533203125,-8.7130014435388148e-05,1.5678892135620117,0,0.0025000001769512892,0.0025000001769512892,0,0,0
3,1023,unknown,102.26726531982422,209.46115112304688,2.3194688765215687e-06,1.567829966545105,0,0.0025000001769512892,0.0025000001769512892,0,0,0
4,1279,unknown,102.35572814941406,209.47584533691406,-0.00013413847773335874,1.5676783323287964,0,0.0025000001769512892,0.0025000001769512892,0,0,0
5,1535,unknown,102.24805450439453,209.54454040527344,-0.00024026655592024326,1.5667972564697266,0,0.0025000001769512892,0.0025000001769512892,0,0,0
6,1791,unknown,102.29423522949219,209.65403747558594,0.0003693397156894207,1.5666005611419678,0,0.0025000001769512892,0.0025000001769512892,0,0,0
7,2047,unknown,102.34975433349609,209.71681213378906,-0.00070255255559459329,1.5664894580841064,0,0.0025000001769512892,0.0025000001769512892,0,0,0
8,2303,unknown,102.37770080566406,209.89932250976562,-0.002109831664711237,1.5667546987533569,0,0.0025000001769512892,0.0025000001769512892,0,0,0
