measurement_id,geometry_id,local_key,local0,local1,phi,theta,time,var_local0,var_local1,var_phi,var_theta,var_time
0,255,unknown,103.89979553222656,96.950111389160156,-0.00022481601627077907,1.5707423686981201,0,0.0025000001769512892,0.0025000001769512892,0,0,0
1,511,unknown,103.83892822265625,97.008369445800781,0.0012078050058335066,1.5706534385681152,0,0.0025000001769512892,0.0025000001769512892,0,0,0
2,767,unknown,103.81417846679688,96.926612854003906,0.0013626189902424812,1.5701532363891602,0,0.0025000001769512892,0.0025000001769512892,0,0,0
3,1023,unknown,103.95606994628906,96.937736511230469,0.0012735933996737003,1.5700852870941162,0,0.0025000001769512892,0.0025000001769512892,0,0,0
4,1279,unknown,103.92850494384766,96.89080810546875,0.00018081336747854948,1.5713343620300293,0,0.0025000001769512892,0.0025000001769512892,0,0,0
5,1535,unknown,103.95150756835938,97.023063659667969,0.00026113129570148885,1.5713049173355103,0,0.0025000001769512892,0.0025000001769512892,0,0,0
6,1791,unknown,103.91152191162109,96.940788269042969,0.0011846249690279365,1.5714606046676636,0,0.0025000001769512892,0.0025000001769512892,0,0,0
7,2047,unknown,103.91096496582031,96.901229858398438,0.0022537570912390947,1.5713974237442017,0,0.0025000001769512892,0.0025000001769512892,0,0,0
8,2303,unknown,104.02841949462891,96.895156860351562,0.0035250626970082521,1.5726685523986816,0,0.0025000001769512892,0.0025000001769512892,0,0,0
