particle_id,particle_type,process,vx,vy,vz,vt,px,py,pz,m,q
0,0,0,0,222.08988952636719,-117.22895812988281,0,1,0,-4.3711388286737929e-08,0,-1
