particle_id,geometry_id,tx,ty,tz,tt,tpx,tpy,tpz,te,deltapx,deltapy,deltapz,deltae,index
0,255,20,38.285518646240234,-118.34452056884766,0,0.99981862306594849,0.001311840140260756,-0.0014580687275156379,0,0,0,0,0,0
0,511,40,38.311935424804688,-118.37352752685547,0,0.99958711862564087,0.0015350647736340761,-0.0019461708143353462,0,0,0,0,0,0
0,767,60,38.342884063720703,-118.41228485107422,0,0.99945515394210815,0.0012264959514141083,-0.0015667942352592945,0,0,0,0,0,0
0,1023,80,38.36761474609375,-118.44348907470703,0,0.99917131662368774,-1.9769600839936174e-05,-0.0021689301356673241,0,0,0,0,0,0
0,1279,100,38.367481231689453,-118.48690795898438,0,0.99875891208648682,0.00051129754865542054,-0.00087157299276441336,0,0,0,0,0,0
0,1535,120,38.377822875976562,-118.50430297851562,0,0.9986121654510498,0.00081931997556239367,-0.0016321367584168911,0,0,0,0,0,0
0,1791,140,38.394428253173828,-118.53688812255859,0,0.99844509363174438,-0.00050772499525919557,-0.0016192467883229256,0,0,0,0,0,0
0,2047,160,38.384452819824219,-118.56938171386719,0,0.99827444553375244,-0.00050080649089068174,-0.0016788290813565254,0,0,0,0,0,0
0,2303,180,38.374622344970703,-118.60307312011719,0,0.99814260005950928,-0.00042560984729789197,-0.0013585292035713792,0,0,0,0,0,0
