measurement_id,geometry_id,local_key,local0,local1,phi,theta,time,var_local0,var_local1,var_phi,var_theta,var_time
0,255,unknown,285.63394165039062,-40.022075653076172,0.00036949708010070026,1.5711944103240967,0,0.0025000001769512892,0.0025000001769512892,0,0,0
1,511,unknown,285.57962036132812,-40.060649871826172,-8.2670034316834062e-05,1.5712414979934692,0,0.0025000001769512892,0.0025000001769512892,0,0,0
2,767,unknown,285.65219116210938,-40.030082702636719,0.00054099020780995488,1.5711702108383179,0,0.0025000001769512892,0.0025000001769512892,0,0,0
3,1023,unknown,285.62344360351562,-39.975498199462891,0.00058213202282786369,1.5708756446838379,0,0.0025000001769512892,0.0025000001769512892,0,0,0
4,1279,unknown,285.6219482421875,-40.018863677978516,0.00048993941163644195,1.5694557428359985,0,0.0025000001769512892,0.0025000001769512892,0,0,0
5,1535,unknown,285.53765869140625,-40.024326324462891,0.00055250496370717883,1.5709455013275146,0,0.0025000001769512892,0.0025000001769512892,0,0,0
6,1791,unknown,285.6673583984375,-40.019371032714844,-0.00031348963966593146,1.5704061985015869,0,0.0025000001769512892,0.0025000001769512892,0,0,0
7,2047,unknown,285.66085815429688,-39.98748779296875,-0.0012242767261341214,1.5710358619689941,0,0.0025000001769512892,0.0025000001769512892,0,0,0
8,2303,unknown,285.73556518554688,-39.985176086425781,0.00088184099877253175,1.5715670585632324,0,0.0025000001769512892,0.0025000001769512892,0,0,0
