particle_id,geometry_id,tx,ty,tz,tt,tpx,tpy,tpz,te,deltapx,deltapy,deltapz,deltae,index
0,255,20,-362.10333251953125,100.56697082519531,0,0.99985271692276001,0.0013736087130382657,0.0007962771924212575,0,0,0,0,0,0
0,511,40,-362.07595825195312,100.58306121826172,0,0.99952268600463867,0.001286972314119339,0.0021259973291307688,0,0,0,0,0,0
0,767,60,-362.05047607421875,100.62575531005859,0,0.99938380718231201,0.001159149338491261,0.0029453621245920658,0,0,0,0,0,0
0,1023,80,-362.02761840820312,100.68483734130859,0,0.99922889471054077,0.0013260137056931853,0.0024929710198193789,0,0,0,0,0,0
0,1279,100,-362.00137329101562,100.73489379882812,0,0.9990953803062439,0.0013646641746163368,0.0024657212197780609,0,0,0,0,0,0
0,1535,120,-361.974365234375,100.78441619873047,0,0.99888277053833008,0.0012312650214880705,0.0022934870794415474,0,0,0,0,0,0
0,1791,140,-361.94998168945312,100.83048248291016,0,0.99869304895401001,0.0013875656295567751,0.00099845917429775,0,0,0,0,0,0
0,2047,160,-361.92230224609375,100.85064697265625,0,0.99844992160797119,0.0010866767261177301,0.0017417637864127755,0,0,0,0,0,0
0,2303,180,-361.9007568359375,100.88566589355469,0,0.99827146530151367,0.00060629344079643488,0.0024131089448928833,0,0,0,0,0,0
