measurement_id,geometry_id,local_key,local0,local1,phi,theta,time,var_local0,var_local1,var_phi,var_theta,var_time
0,255,unknown,206.87835693359375,-320.9683837890625,-2.3850934667279944e-05,1.5699722766876221,0,0.0025000001769512892,0.0025000001769512892,0,0,0
1,511,unknown,206.93307495117188,-320.944091796875,-4.9328191380482167e-05,1.5698132514953613,0,0.0025000001769512892,0.0025000001769512892,0,0,0
2,767,unknown,206.98365783691406,-320.94317626953125,0.0005406138370744884,1.5710369348526001,0,0.0025000001769512892,0.0025000001769512892,0,0,0
3,1023,unknown,206.97494506835938,-321.01287841796875,-6.9272784458007663e-05,1.5709617137908936,0,0.0025000001769512892,0.0025000001769512892,0,0,0
4,1279,unknown,207.01591491699219,-320.900146484375,0.0010603334521874785,1.5696984529495239,0,0.0025000001769512892,0.0025000001769512892,0,0,0
5,1535,unknown,206.99990844726562,-320.86721801757812,0.00096568319713696837,1.569953441619873,0,0.0025000001769512892,0.0025000001769512892,0,0,0
6,1791,unknown,206.98829650878906,-320.93215942382812,0.0010632507037371397,1.5706366300582886,0,0.0025000001769512892,0.0025000001769512892,0,0,0
7,2047,unknown,206.95065307617188,-320.93643188476562,0.00073066202457994223,1.5709633827209473,0,0.0025000001769512892,0.0025000001769512892,0,0,0
8,2303,unknown,207.05807495117188,-320.89630126953125,0.00074959686025977135,1.5703057050704956,0,0.0025000001769512892,0.0025000001769512892,0,0,0
