particle_id,geometry_id,tx,ty,tz,tt,tpx,tpy,tpz,te,deltapx,deltapy,deltapz,deltae,index
0,255,20,311.84347534179688,-35.081760406494141,0,0.99983584880828857,-0.00020747564849443734,-7.3142768997058738e-06,0,0,0,0,0,0
0,511,40,311.83932495117188,-35.081932067871094,0,0.99965304136276245,0.0009907641215249896,-0.00039866063161753118,0,0,0,0,0,0
0,767,60,311.85919189453125,-35.089790344238281,0,0.99950438737869263,0.0011990870116278529,-0.00035451582516543567,0,0,0,0,0,0
0,1023,80,311.88323974609375,-35.09674072265625,0,0.99932199716567993,0.0012538018636405468,-0.00016027159290388227,0,0,0,0,0,0
0,1279,100,311.90835571289062,-35.099796295166016,0,0.99910086393356323,0.001114856218919158,0.0010323344031348825,0,0,0,0,0,0
0,1535,120,311.9305419921875,-35.078998565673828,0,0.99892103672027588,0.0012242061784490943,0.00078874744940549135,0,0,0,0,0,0
0,1791,140,311.9549560546875,-35.063060760498047,0,0.99876546859741211,0.00056478712940588593,0.00078957667574286461,0,0,0,0,0,0
0,2047,160,311.96615600585938,-35.047183990478516,0,0.99862927198410034,-0.00050833489513024688,0.001167082809843123,0,0,0,0,0,0
0,2303,180,311.95584106445312,-35.023872375488281,0,0.99847632646560669,-0.00023381588107440621,0.0011085803853347898,0,0,0,0,0,0
