particle_id,geometry_id,tx,ty,tz,tt,tpx,tpy,tpz,te,deltapx,deltapy,deltapz,deltae,index
0,255,20,-117.2130126953125,-114.48957061767578,0,0.99974584579467773,0.00048452962073497474,-0.00032945448765531182,0,0,0,0,0,0
0,511,40,-117.20327758789062,-114.49610137939453,0,0.99963337182998657,0.00071305641904473305,-0.00032000339706428349,0,0,0,0,0,0
0,767,60,-117.18897247314453,-114.50241851806641,0,0.99946415424346924,-0.00027139516896568239,-0.00064736086642369628,0,0,0,0,0,0
0,1023,80,-117.19432830810547,-114.51540374755859,0,0.99931305646896362,-4.530447768047452e-06,-0.00056494586169719696,0,0,0,0,0,0
0,1279,100,-117.19435119628906,-114.52671051025391,0,0.99916821718215942,1.859834992501419e-05,-0.00060750538250431418,0,0,0,0,0,0
0,1535,120,-117.19390869140625,-114.53887176513672,0,0.99901527166366577,0.00032583205029368401,-0.0007020905613899231,0,0,0,0,0,0
0,1791,140,-117.18730163574219,-114.55288696289062,0,0.99883514642715454,0.00057077634846791625,-0.0010408388916403055,0,0,0,0,0,0
0,2047,160,-117.17575073242188,-114.57366180419922,0,0.99870175123214722,0.0023710790555924177,-0.00012624180817510933,0,0,0,0,0,0
0,2303,180,-117.12825012207031,-114.57590484619141,0,0.99856162071228027,0.0017325949156656861,-0.00016860145842656493,0,0,0,0,0,0
