particle_id,geometry_id,tx,ty,tz,tt,tpx,tpy,tpz,te,deltapx,deltapy,deltapz,deltae,index
0,255,20,-418.22213745117188,-225.99537658691406,0,0.99958759546279907,6.9063338742125779e-05,-2.6854722818825394e-05,0,0,0,0,0,0
0,511,40,-418.22076416015625,-225.99591064453125,0,0.99941927194595337,0.00046972263953648508,-0.0014937040396034718,0,0,0,0,0,0
0,767,60,-418.211181640625,-226.02574157714844,0,0.99919205904006958,-0.00060030404711142182,-0.002547161653637886,0,0,0,0,0,0
0,1023,80,-418.222900390625,-226.07679748535156,0,0.99904364347457886,0.0001345374621450901,-0.0021198238246142864,0,0,0,0,0,0
0,1279,100,-418.21994018554688,-226.11921691894531,0,0.99878686666488647,-0.00050973077304661274,-0.0033181505277752876,0,0,0,0,0,0
0,1535,120,-418.229736328125,-226.18571472167969,0,0.99835312366485596,9.8437312772148289e-06,-0.003351699560880661,0,0,0,0,0,0
0,1791,140,-418.2291259765625,-226.25285339355469,0,0.99812179803848267,-0.00040728654130361974,-0.0039516882970929146,0,0,0,0,0,0
0,2047,160,-418.23681640625,-226.33207702636719,0,0.99800217151641846,0.00025397821445949376,-0.0039922604337334633,0,0,0,0,0,0
0,2303,180,-418.23123168945312,-226.41204833984375,0,0.99782371520996094,0.00025045726215466857,-0.0043633901514112949,0,0,0,0,0,0
