particle_id,geometry_id,tx,ty,tz,tt,tpx,tpy,tpz,te,deltapx,deltapy,deltapz,deltae,index
0,255,20,-80.694297790527344,-33.100574493408203,0,0.99962234497070312,-0.00084652408258989453,8.1583857536315918e-05,0,0,0,0,0,0
0,511,40,-80.71124267578125,-33.099044799804688,0,0.99942034482955933,-0.00030466672615148127,-2.4705706891836599e-05,0,0,0,0,0,0
0,767,60,-80.717338562011719,-33.099575042724609,0,0.99929684400558472,-0.00011946202721446753,-0.00030309890280477703,0,0,0,0,0,0
0,1023,80,-80.719696044921875,-33.105655670166016,0,0.99906706809997559,-0.00032715892302803695,-0.00049191882135346532,0,0,0,0,0,0
0,1279,100,-80.726188659667969,-33.115543365478516,0,0.99893862009048462,-0.00053275586105883121,0.0006457423442043364,0,0,0,0,0,0
0,1535,120,-80.736930847167969,-33.102680206298828,0,0.99877673387527466,-0.001274711568839848,0.0001976018538698554,0,0,0,0,0,0
0,1791,140,-80.762481689453125,-33.098876953125,0,0.9986540675163269,-0.0014038564404472709,0.00081996578956022859,0,0,0,0,0,0
0,2047,160,-80.790695190429688,-33.082626342773438,0,0.99852120876312256,-0.0013884487561881542,0.00076129235094413161,0,0,0,0,0,0
0,2303,180,-80.818595886230469,-33.067546844482422,0,0.99836373329162598,-0.00087416014866903424,0.001141779706813395,0,0,0,0,0,0
