measurement_id,geometry_id,local_key,local0,local1,phi,theta,time,var_local0,var_local1,var_phi,var_theta,var_time
0,255,unknown,-58.681621551513672,-300.89071655273438,0.00044740564771927893,1.5713492631912231,0,0.0025000001769512892,0.0025000001769512892,0,0,0
1,511,unknown,-58.62249755859375,-300.88067626953125,0.00072675885166972876,1.5714485645294189,0,0.0025000001769512892,0.0025000001769512892,0,0,0
2,767,unknown,-58.576309204101562,-300.93344116210938,0.0017731277039274573,1.5698568820953369,0,0.0025000001769512892,0.0025000001769512892,0,0,0
3,1023,unknown,-58.580429077148438,-301.02688598632812,0.0030358643271028996,1.5700377225875854,0,0.0025000001769512892,0.0025000001769512892,0,0,0
4,1279,unknown,-58.582469940185547,-300.88253784179688,0.0034037313889712095,1.5705908536911011,0,0.0025000001769512892,0.0025000001769512892,0,0,0
5,1535,unknown,-58.489486694335938,-300.9554443359375,0.0038054792676120996,1.5707935094833374,0,0.0025000001769512892,0.0025000001769512892,0,0,0
6,1791,unknown,-58.396240234375,-300.944580078125,0.0039550350047647953,1.5705498456954956,0,0.0025000001769512892,0.0025000001769512892,0,0,0
7,2047,unknown,-58.266975402832031,-300.92111206054688,0.003392545972019434,1.5700087547302246,0,0.0025000001769512892,0.0025000001769512892,0,0,0
8,2303,unknown,-58.292098999023438,-300.90664672851562,0.0029799900949001312,1.5703258514404297,0,0.0025000001769512892,0.0025000001769512892,0,0,0
