particle_id,geometry_id,tx,ty,tz,tt,tpx,tpy,tpz,te,deltapx,deltapy,deltapz,deltae,index
0,255,20,102.86128234863281,185.68801879882812,0,0.99944061040878296,-3.4436478017596528e-05,-4.9130438128486276e-05,0,0,0,0,0,0
0,511,40,102.860595703125,185.68702697753906,0,0.99928104877471924,-0.00081597059033811092,-0.00035550861502997577,0,0,0,0,0,0
0,767,60,102.84430694580078,185.6798095703125,0,0.99917089939117432,-0.00011334200098644942,-0.00068909773835912347,0,0,0,0,0,0
0,1023,80,102.84211730957031,185.66600036621094,0,0.99900168180465698,-0.00022697435633745044,-0.00087380927288904786,0,0,0,0,0,0
0,1279,100,102.83767700195312,185.64848327636719,0,0.99884182214736938,-0.0012906924821436405,-0.00091129675274714828,0,0,0,0,0,0
0,1535,120,102.81194305419922,185.63008117675781,0,0.99849289655685425,-0.00023591557692270726,-0.00041236230754293501,0,0,0,0,0,0
0,1791,140,102.80726623535156,185.62179565429688,0,0.99832946062088013,0.00050266331527382135,-0.00013821444008499384,0,0,0,0,0,0
0,2047,160,102.81735229492188,185.61909484863281,0,0.99796050786972046,0.0011269317474216223,0.00023610435891896486,0,0,0,0,0,0
0,2303,180,102.83990478515625,185.62396240234375,0,0.99782198667526245,-0.00054778263438493013,-0.00067115778801962733,0,0,0,0,0,0
