particle_id,particle_type,process,vx,vy,vz,vt,px,py,pz,m,q
0,0,0,0,-180.47760009765625,104.27201080322266,0,1,0,-4.3711388286737929e-08,0,-1
