measurement_id,geometry_id,local_key,local0,local1,phi,theta,time,var_local0,var_local1,var_phi,var_theta,var_time
0,255,unknown,-95.176589965820312,3.8272836208343506,-0.00031697083613835275,1.5718648433685303,0,0.0025000001769512892,0.0025000001769512892,0,0,0
1,511,unknown,-95.145561218261719,3.7617473602294922,0.00053377269068732858,1.572181224822998,0,0.0025000001769512892,0.0025000001769512892,0,0,0
2,767,unknown,-95.102790832519531,3.8210592269897461,0.0012743499828502536,1.5722578763961792,0,0.0025000001769512892,0.0025000001769512892,0,0,0
3,1023,unknown,-95.062995910644531,3.8118686676025391,0.0019053120631724596,1.5724462270736694,0,0.0025000001769512892,0.0025000001769512892,0,0,0
4,1279,unknown,-95.117347717285156,3.7301619052886963,0.0025190694723278284,1.5736805200576782,0,0.0025000001769512892,0.0025000001769512892,0,0,0
5,1535,unknown,-94.946998596191406,3.6585934162139893,0.0020433480385690928,1.5738109350204468,0,0.0025000001769512892,0.0025000001769512892,0,0,0
6,1791,unknown,-94.983352661132812,3.5532536506652832,0.0020254338160157204,1.5737437009811401,0,0.0025000001769512892,0.0025000001769512892,0,0,0
7,2047,unknown,-94.879638671875,3.4775164127349854,0.0020278764422982931,1.5737535953521729,0,0.0025000001769512892,0.0025000001769512892,0,0,0
8,2303,unknown,-94.889678955078125,3.4806094169616699,0.0019519255729392171,1.573762059211731,0,0.0025000001769512892,0.0025000001769512892,0,0,0
