particle_id,particle_type,process,vx,vy,vz,vt,px,py,pz,m,q
0,0,0,0,160.23712158203125,-84.362678527832031,0,1,0,-4.3711388286737929e-08,0,-1
