particle_id,geometry_id,tx,ty,tz,tt,tpx,tpy,tpz,te,deltapx,deltapy,deltapz,deltae,index
0,255,20,318.644287109375,439.51678466796875,0,0.99982678890228271,0.00027203460922464728,0.00068302656291052699,0,0,0,0,0,0
0,511,40,318.649658203125,439.53048706054688,0,0.99968481063842773,0.00025889169774018228,0.00057341071078553796,0,0,0,0,0,0
0,767,60,318.65475463867188,439.5419921875,0,0.99951374530792236,0.00026528112357482314,0.00062955199973657727,0,0,0,0,0,0
0,1023,80,318.65997314453125,439.55462646484375,0,0.99934524297714233,0.00050705159083008766,0.00045194034464657307,0,0,0,0,0,0
0,1279,100,318.67007446289062,439.563720703125,0,0.99913746118545532,0.0015143696218729019,0.0017727408558130264,0,0,0,0,0,0
0,1535,120,318.70016479492188,439.59939575195312,0,0.99899667501449585,0.00017831023433245718,0.00017025458510033786,0,0,0,0,0,0
0,1791,140,318.70370483398438,439.60281372070312,0,0.99878638982772827,-0.00082213548012077808,0.0030895748641341925,0,0,0,0,0,0
0,2047,160,318.68685913085938,439.66458129882812,0,0.99864888191223145,-0.00054409733274951577,0.0027071200311183929,0,0,0,0,0,0
0,2303,180,318.67562866210938,439.71871948242188,0,0.99826306104660034,-0.00038984057027846575,0.0026265797205269337,0,0,0,0,0,0
