particle_id,geometry_id,tx,ty,tz,tt,tpx,tpy,tpz,te,deltapx,deltapy,deltapz,deltae,index
0,255,20,32.204982757568359,-287.3555908203125,0,0.99980580806732178,-0.00031338012195192277,6.5747044573072344e-05,0,0,0,0,0,0
0,511,40,32.198707580566406,-287.35430908203125,0,0.99958854913711548,-0.0006406046450138092,-0.00025945561355911195,0,0,0,0,0,0
0,767,60,32.185920715332031,-287.35958862304688,0,0.99916744232177734,-0.00027347347349859774,-0.00031461333855986595,0,0,0,0,0,0
0,1023,80,32.180484771728516,-287.36590576171875,0,0.99903953075408936,-8.2630431279540062e-05,-0.00033982112654484808,0,0,0,0,0,0
0,1279,100,32.178871154785156,-287.37271118164062,0,0.99886834621429443,-0.00067213719012215734,0.00079001527046784759,0,0,0,0,0,0
0,1535,120,32.165317535400391,-287.35696411132812,0,0.99868118762969971,-0.00059439835604280233,0.00045271150884218514,0,0,0,0,0,0
0,1791,140,32.153358459472656,-287.34796142578125,0,0.99853110313415527,-0.00025181056116707623,-0.00033536297269165516,0,0,0,0,0,0
0,2047,160,32.148353576660156,-287.35470581054688,0,0.99835020303726196,-0.00088923494331538677,-0.00053726689657196403,0,0,0,0,0,0
0,2303,180,32.130603790283203,-287.36557006835938,0,0.99815839529037476,-0.001297104055993259,-0.00068185559939593077,0,0,0,0,0,0
