measurement_id,geometry_id,local_key,local0,local1,phi,theta,time,var_local0,var_local1,var_phi,var_theta,var_time
0,255,unknown,226.69483947753906,92.271255493164062,0.00092021026648581028,1.5712807178497314,0,0.0025000001769512892,0.0025000001769512892,0,0,0
1,511,unknown,226.69912719726562,92.230636596679688,0.0005106460303068161,1.5722777843475342,0,0.0025000001769512892,0.0025000001769512892,0,0,0
2,767,unknown,226.67848205566406,92.221229553222656,0.0010744130704551935,1.5734972953796387,0,0.0025000001769512892,0.0025000001769512892,0,0,0
3,1023,unknown,226.73350524902344,92.176734924316406,0.00063001131638884544,1.572861909866333,0,0.0025000001769512892,0.0025000001769512892,0,0,0
4,1279,unknown,226.69354248046875,92.103706359863281,0.00080158037599176168,1.5718799829483032,0,0.0025000001769512892,0.0025000001769512892,0,0,0
5,1535,unknown,226.81568908691406,92.16156005859375,0.0017133195651695132,1.5720082521438599,0,0.0025000001769512892,0.0025000001769512892,0,0,0
6,1791,unknown,226.77726745605469,92.118232727050781,0.0013617773074656725,1.5722924470901489,0,0.0025000001769512892,0.0025000001769512892,0,0,0
7,2047,unknown,226.78663635253906,91.995719909667969,0.0012004708405584097,1.5722086429595947,0,0.0025000001769512892,0.0025000001769512892,0,0,0
8,2303,unknown,226.84431457519531,92.026313781738281,0.0017124204896390438,1.5717151165008545,0,0.0025000001769512892,0.0025000001769512892,0,0,0
