particle_id,geometry_id,tx,ty,tz,tt,tpx,tpy,tpz,te,deltapx,deltapy,deltapz,deltae,index
0,255,20,19.077526092529297,-16.334938049316406,0,0.99969804286956787,-4.7971796448109671e-05,1.9464839340344042e-07,0,0,0,0,0,0
0,511,40,19.076566696166992,-16.334939956665039,0,0.99946892261505127,-0.0034552714787423611,0.0013195066712796688,0,0,0,0,0,0
0,767,60,19.007266998291016,-16.308950424194336,0,0.99932855367660522,-0.0036815556231886148,0.0011008376022800803,0,0,0,0,0,0
0,1023,80,18.933456420898438,-16.287361145019531,0,0.99917137622833252,-0.002761865733191371,0.00032453372841700912,0,0,0,0,0,0
0,1279,100,18.878135681152344,-16.281196594238281,0,0.99899071455001831,-0.0028106812387704849,-0.00010257968096993864,0,0,0,0,0,0
0,1535,120,18.821878433227539,-16.283588409423828,0,0.99881744384765625,-0.002225878182798624,0.00030572456307709217,0,0,0,0,0,0
0,1791,140,18.777273178100586,-16.277734756469727,0,0.99862319231033325,-0.0020506894215941429,-0.00085931358626112342,0,0,0,0,0,0
0,2047,160,18.736307144165039,-16.295190811157227,0,0.99847465753555298,-0.0011224221671000123,-0.002218958456069231,0,0,0,0,0,0
0,2303,180,18.714092254638672,-16.339771270751953,0,0.99823695421218872,-0.0011000483063980937,-0.0034980392083525658,0,0,0,0,0,0
