particle_id,geometry_id,tx,ty,tz,tt,tpx,tpy,tpz,te,deltapx,deltapy,deltapz,deltae,index
0,255,20,-439.12664794921875,-15.31397533416748,0,0.99984180927276611,-0.0013837525621056557,-0.0017076882068067789,0,0,0,0,0,0
0,511,40,-439.15411376953125,-15.348299980163574,0,0.9997062087059021,-0.00063513632630929351,-0.002701612189412117,0,0,0,0,0,0
0,767,60,-439.16650390625,-15.402422904968262,0,0.99954491853713989,-0.0016177193028852344,-0.0032297566067427397,0,0,0,0,0,0
0,1023,80,-439.198486328125,-15.467240333557129,0,0.99939495325088501,-0.0015485016629099846,-0.0032503590919077396,0,0,0,0,0,0
0,1279,100,-439.22909545898438,-15.532471656799316,0,0.99923592805862427,-0.0014205090701580048,-0.0031323893927037716,0,0,0,0,0,0
0,1535,120,-439.25714111328125,-15.5953369140625,0,0.99907791614532471,-0.00085459044203162193,-0.0032737411092966795,0,0,0,0,0,0
0,1791,140,-439.27386474609375,-15.66097354888916,0,0.9988974928855896,-0.00069318560417741537,-0.0058854175731539726,0,0,0,0,0,0
0,2047,160,-439.28704833984375,-15.778892517089844,0,0.99873292446136475,-0.0012060557492077351,-0.0053912955336272717,0,0,0,0,0,0
0,2303,180,-439.310546875,-15.886997222900391,0,0.99857759475708008,-0.0010431905975565314,-0.0063229268416762352,0,0,0,0,0,0
