particle_id,geometry_id,tx,ty,tz,tt,tpx,tpy,tpz,te,deltapx,deltapy,deltapz,deltae,index
0,255,20,-0.86949455738067627,-5.1617112159729004,0,0.99983036518096924,0.0007645563455298543,0.00080281426198780537,0,0,0,0,0,0
0,511,40,-0.85429751873016357,-5.1455607414245605,0,0.99963009357452393,0.0013219366082921624,0.00064189982367679477,0,0,0,0,0,0
0,767,60,-0.82792669534683228,-5.1325597763061523,0,0.99948984384536743,0.00069671444362029433,0.0022194581106305122,0,0,0,0,0,0
0,1023,80,-0.81425201892852783,-5.0880656242370605,0,0.9993252158164978,0.00087353383423760533,0.0022063462529331446,0,0,0,0,0,0
0,1279,100,-0.79703491926193237,-5.0438051223754883,0,0.99913102388381958,-0.00058973568957298994,0.0031443578191101551,0,0,0,0,0,0
0,1535,120,-0.80921733379364014,-4.9809355735778809,0,0.99893867969512939,-0.00048039175453595817,0.0037632284220308065,0,0,0,0,0,0
0,1791,140,-0.81928735971450806,-4.9056506156921387,0,0.99856513738632202,4.624942084774375e-05,0.0034616021439433098,0,0,0,0,0,0
0,2047,160,-0.81877738237380981,-4.8363151550292969,0,0.99820053577423096,0.00031973246950656176,0.0039465581066906452,0,0,0,0,0,0
0,2303,180,-0.81284630298614502,-4.7572050094604492,0,0.99525469541549683,0.00036445734440349042,0.0038130620960146189,0,0,0,0,0,0
