particle_id,geometry_id,tx,ty,tz,tt,tpx,tpy,tpz,te,deltapx,deltapy,deltapz,deltae,index
0,255,20,154.67106628417969,-47.934650421142578,0,0.99982821941375732,-0.000197977977222763,-2.9125774744898081e-05,0,0,0,0,0,0
0,511,40,154.6671142578125,-47.935256958007812,0,0.99961370229721069,0.00036740399082191288,-0.00034514049184508622,0,0,0,0,0,0
0,767,60,154.67449951171875,-47.942119598388672,0,0.9994698166847229,0.0018096829298883677,0.00084232073277235031,0,0,0,0,0,0
0,1023,80,154.71061706542969,-47.925048828125,0,0.99932152032852173,0.0016150041483342648,0.00039593968540430069,0,0,0,0,0,0
0,1279,100,154.74288940429688,-47.91693115234375,0,0.9991762638092041,0.0021971445530653,0.0011042384430766106,0,0,0,0,0,0
0,1535,120,154.78672790527344,-47.894565582275391,0,0.99889987707138062,0.0018647739198058844,0.0015472616069018841,0,0,0,0,0,0
0,1791,140,154.82388305664062,-47.863361358642578,0,0.9987483024597168,0.0017054976196959615,0.0016739449929445982,0,0,0,0,0,0
0,2047,160,154.85783386230469,-47.829635620117188,0,0.99858134984970093,0.0023006128612905741,0.0013920167693868279,0,0,0,0,0,0
0,2303,180,154.90374755859375,-47.801479339599609,0,0.99835771322250366,0.0014525750884786248,0.0012945873895660043,0,0,0,0,0,0
