particle_id,particle_type,process,vx,vy,vz,vt,px,py,pz,m,q
0,0,0,0,-171.42596435546875,119.59086608886719,0,1,0,-4.3711388286737929e-08,0,-1
