measurement_id,geometry_id,local_key,local0,local1,phi,theta,time,var_local0,var_local1,var_phi,var_theta,var_time
0,255,unknown,61.462532043457031,218.34246826171875,0.00097073102369904518,1.5732394456863403,0,0.0025000001769512892,0.0025000001769512892,0,0,0
1,511,unknown,61.525875091552734,218.2392578125,0.0012126934016123414,1.5730925798416138,0,0.0025000001769512892,0.0025000001769512892,0,0,0
2,767,unknown,61.567733764648438,218.18577575683594,0.0017519426764920354,1.5736085176467896,0,0.0025000001769512892,0.0025000001769512892,0,0,0
3,1023,unknown,61.479137420654297,218.02423095703125,0.002168554812669754,1.573354959487915,0,0.0025000001769512892,0.0025000001769512892,0,0,0
4,1279,unknown,61.565998077392578,218.01914978027344,0.0021712675224989653,1.5730912685394287,0,0.0025000001769512892,0.0025000001769512892,0,0,0
5,1535,unknown,61.554141998291016,217.99501037597656,0.0020956688094884157,1.5747443437576294,0,0.0025000001769512892,0.0025000001769512892,0,0,0
6,1791,unknown,61.546730041503906,217.9071044921875,0.0023168802727013826,1.5748195648193359,0,0.0025000001769512892,0.0025000001769512892,0,0,0
7,2047,unknown,61.754215240478516,217.81637573242188,0.0022131474688649178,1.5734009742736816,0,0.0025000001769512892,0.0025000001769512892,0,0,0
8,2303,unknown,61.809627532958984,217.80601501464844,0.0021420703269541264,1.5730607509613037,0,0.0025000001769512892,0.0025000001769512892,0,0,0
