particle_id,particle_type,process,vx,vy,vz,vt,px,py,pz,m,q
0,0,0,0,-396.1268310546875,334.46945190429688,0,1,0,-4.3711388286737929e-08,0,-1
