particle_id,particle_type,process,vx,vy,vz,vt,px,py,pz,m,q
0,0,0,0,-67.204818725585938,24.841060638427734,0,1,0,-4.3711388286737929e-08,0,-1
