measurement_id,geometry_id,local_key,local0,local1,phi,theta,time,var_local0,var_local1,var_phi,var_theta,var_time
0,255,unknown,49.858131408691406,42.603347778320312,-0.00043651863234117627,1.5703644752502441,0,0.0025000001769512892,0.0025000001769512892,0,0,0
1,511,unknown,49.821037292480469,42.626358032226562,-0.00041065548430196941,1.5701985359191895,0,0.0025000001769512892,0.0025000001769512892,0,0,0
2,767,unknown,49.804252624511719,42.635818481445312,0.00035382350324653089,1.5698819160461426,0,0.0025000001769512892,0.0025000001769512892,0,0,0
3,1023,unknown,49.746376037597656,42.651237487792969,0.00061912258388474584,1.5696135759353638,0,0.0025000001769512892,0.0025000001769512892,0,0,0
4,1279,unknown,49.820571899414062,42.756385803222656,0.00099381036125123501,1.5690799951553345,0,0.0025000001769512892,0.0025000001769512892,0,0,0
5,1535,unknown,49.904216766357422,42.710151672363281,0.00093353306874632835,1.5701533555984497,0,0.0025000001769512892,0.0025000001769512892,0,0,0
6,1791,unknown,49.795436859130859,42.763389587402344,0.0006284504197537899,1.5706822872161865,0,0.0025000001769512892,0.0025000001769512892,0,0,0
7,2047,unknown,50.021411895751953,42.887363433837891,0.0011213948018848896,1.5708361864089966,0,0.0025000001769512892,0.0025000001769512892,0,0,0
8,2303,unknown,49.954486846923828,42.790283203125,0.00055667292326688766,1.5671247243881226,0,0.0025000001769512892,0.0025000001769512892,0,0,0
