measurement_id,geometry_id,local_key,local0,local1,phi,theta,time,var_local0,var_local1,var_phi,var_theta,var_time
0,255,unknown,67.387580871582031,52.849506378173828,0.001820181030780077,1.5704581737518311,0,0.0025000001769512892,0.0025000001769512892,0,0,0
1,511,unknown,67.408058166503906,52.770263671875,0.0019838467705994844,1.5692070722579956,0,0.0025000001769512892,0.0025000001769512892,0,0,0
2,767,unknown,67.505462646484375,52.780063629150391,0.0014884519623592496,1.568795919418335,0,0.0025000001769512892,0.0025000001769512892,0,0,0
3,1023,unknown,67.509819030761719,52.945144653320312,0.0019264155998826027,1.5688652992248535,0,0.0025000001769512892,0.0025000001769512892,0,0,0
4,1279,unknown,67.533653259277344,52.924846649169922,0.0026080708485096693,1.568928599357605,0,0.0025000001769512892,0.0025000001769512892,0,0,0
5,1535,unknown,67.518829345703125,53.010887145996094,0.0031394327525049448,1.5687978267669678,0,0.0025000001769512892,0.0025000001769512892,0,0,0
6,1791,unknown,67.657218933105469,52.884883880615234,0.0030996524728834629,1.5691829919815063,0,0.0025000001769512892,0.0025000001769512892,0,0,0
7,2047,unknown,67.623809814453125,53.037139892578125,0.0033300209324806929,1.5681389570236206,0,0.0025000001769512892,0.0025000001769512892,0,0,0
8,2303,unknown,67.756874084472656,53.041793823242188,0.0039114686660468578,1.5670870542526245,0,0.0025000001769512892,0.0025000001769512892,0,0,0
