measurement_id,geometry_id,local_key,local0,local1,phi,theta,time,var_local0,var_local1,var_phi,var_theta,var_time
0,255,unknown,221.96627807617188,-69.75482177734375,0.0012128805974498391,1.5703778266906738,0,0.0025000001769512892,0.0025000001769512892,0,0,0
1,511,unknown,221.88885498046875,-69.722557067871094,-0.00019067172252107412,1.571003794670105,0,0.0025000001769512892,0.0025000001769512892,0,0,0
2,767,unknown,221.80661010742188,-69.806449890136719,-0.00052050891099497676,1.57049560546875,0,0.0025000001769512892,0.0025000001769512892,0,0,0
3,1023,unknown,221.8631591796875,-69.6942138671875,0.0012126271612942219,1.5724682807922363,0,0.0025000001769512892,0.0025000001769512892,0,0,0
4,1279,unknown,221.80665588378906,-69.698783874511719,0.001603713259100914,1.5726784467697144,0,0.0025000001769512892,0.0025000001769512892,0,0,0
5,1535,unknown,221.88772583007812,-69.739578247070312,0.0016437306767329574,1.5726644992828369,0,0.0025000001769512892,0.0025000001769512892,0,0,0
6,1791,unknown,222.02398681640625,-69.817146301269531,0.0022663399577140808,1.5725100040435791,0,0.0025000001769512892,0.0025000001769512892,0,0,0
7,2047,unknown,222.00971984863281,-69.887611389160156,0.0029968153685331345,1.5733603239059448,0,0.0025000001769512892,0.0025000001769512892,0,0,0
8,2303,unknown,222.10408020019531,-69.987579345703125,0.0047054444439709187,1.5740137100219727,0,0.0025000001769512892,0.0025000001769512892,0,0,0
