particle_id,geometry_id,tx,ty,tz,tt,tpx,tpy,tpz,te,deltapx,deltapy,deltapz,deltae,index
0,255,20,-179.16679382324219,-20.133516311645508,0,0.99985677003860474,-0.00035114432103000581,7.5524163548834622e-05,0,0,0,0,0,0
0,511,40,-179.173828125,-20.132047653198242,0,0.99961686134338379,-0.0007204586872830987,0.00043228204594925046,0,0,0,0,0,0
0,767,60,-179.18829345703125,-20.123485565185547,0,0.99940985441207886,-0.00021135318093001842,0.0017290214309468865,0,0,0,0,0,0
0,1023,80,-179.19273376464844,-20.088911056518555,0,0.99926644563674927,-0.0020660306327044964,0.00053838826715946198,0,0,0,0,0,0
0,1279,100,-179.23414611816406,-20.078384399414062,0,0.99910455942153931,-0.00042451897752471268,0.0018391400808468461,0,0,0,0,0,0
0,1535,120,-179.24285888671875,-20.041620254516602,0,0.99896728992462158,-0.00074237684020772576,0.00060836784541606903,0,0,0,0,0,0
0,1791,140,-179.25779724121094,-20.029529571533203,0,0.99856597185134888,-0.00080537941539660096,0.00060098117683082819,0,0,0,0,0,0
0,2047,160,-179.27400207519531,-20.017589569091797,0,0.99837785959243774,-0.0026384247466921806,0.00011361695942468941,0,0,0,0,0,0
0,2303,180,-179.32687377929688,-20.015630722045898,0,0.99821686744689941,-0.0026529100723564625,9.0513189206831157e-05,0,0,0,0,0,0
