particle_id,geometry_id,tx,ty,tz,tt,tpx,tpy,tpz,te,deltapx,deltapy,deltapz,deltae,index
0,255,20,-55.495685577392578,165.09690856933594,0,0.99979209899902344,-7.3220377089455724e-05,0.00024929028586484492,0,0,0,0,0,0
0,511,40,-55.497180938720703,165.10188293457031,0,0.99965029954910278,0.00012961303582414985,0.0005737484316341579,0,0,0,0,0,0
0,767,60,-55.494655609130859,165.11337280273438,0,0.99947696924209595,-0.0010533230379223824,0.00061118049779906869,0,0,0,0,0,0
0,1023,80,-55.515804290771484,165.12547302246094,0,0.99909168481826782,-0.0008114837110042572,0.00062011554837226868,0,0,0,0,0,0
0,1279,100,-55.532123565673828,165.13778686523438,0,0.99864763021469116,-0.001527856569737196,0.00082269875565543771,0,0,0,0,0,0
0,1535,120,-55.562820434570312,165.15408325195312,0,0.99835830926895142,-0.0017027972498908639,0.0014001540839672089,0,0,0,0,0,0
0,1791,140,-55.597099304199219,165.18193054199219,0,0.99822860956192017,-0.00049154902808368206,-8.7626263848505914e-05,0,0,0,0,0,0
0,2047,160,-55.606937408447266,165.18011474609375,0,0.99804902076721191,-0.0013982190284878016,0.0022324412129819393,0,0,0,0,0,0
0,2303,180,-55.635223388671875,165.22468566894531,0,0.99791103601455688,-0.0005370420403778553,0.003809439716860652,0,0,0,0,0,0
