measurement_id,geometry_id,local_key,local0,local1,phi,theta,time,var_local0,var_local1,var_phi,var_theta,var_time
0,255,unknown,-70.107452392578125,-133.09234619140625,0.00026965333381667733,1.5709954500198364,0,0.0025000001769512892,0.0025000001769512892,0,0,0
1,511,unknown,-70.040557861328125,-133.07902526855469,0.0019438366871327162,1.5705270767211914,0,0.0025000001769512892,0.0025000001769512892,0,0,0
2,767,unknown,-69.969474792480469,-133.09625244140625,0.0019568409770727158,1.5709148645401001,0,0.0025000001769512892,0.0025000001769512892,0,0,0
3,1023,unknown,-69.954940795898438,-132.98114013671875,0.002028545830398798,1.5708256959915161,0,0.0025000001769512892,0.0025000001769512892,0,0,0
4,1279,unknown,-69.937744140625,-133.10026550292969,0.0021326986607164145,1.5711371898651123,0,0.0025000001769512892,0.0025000001769512892,0,0,0
5,1535,unknown,-69.905418395996094,-133.03317260742188,0.0025664931163191795,1.5706433057785034,0,0.0025000001769512892,0.0025000001769512892,0,0,0
6,1791,unknown,-69.8944091796875,-133.14204406738281,0.002219001529738307,1.5710095167160034,0,0.0025000001769512892,0.0025000001769512892,0,0,0
7,2047,unknown,-69.693946838378906,-132.99853515625,0.0033750636503100395,1.5701813697814941,0,0.0025000001769512892,0.0025000001769512892,0,0,0
8,2303,unknown,-69.685630798339844,-132.93104553222656,0.0033545794431120157,1.5706113576889038,0,0.0025000001769512892,0.0025000001769512892,0,0,0
