measurement_id,geometry_id,local_key,local0,local1,phi,theta,time,var_local0,var_local1,var_phi,var_theta,var_time
0,255,unknown,160.93400573730469,-52.504535675048828,0.00058967713266611099,1.5711609125137329,0,0.0025000001769512892,0.0025000001769512892,0,0,0
1,511,unknown,160.96417236328125,-52.570819854736328,0.0008177325944416225,1.5694360733032227,0,0.0025000001769512892,0.0025000001769512892,0,0,0
2,767,unknown,160.92208862304688,-52.563442230224609,-9.5219496870413423e-05,1.5679688453674316,0,0.0025000001769512892,0.0025000001769512892,0,0,0
3,1023,unknown,160.89601135253906,-52.353225708007812,0.00033665902446955442,1.5699421167373657,0,0.0025000001769512892,0.0025000001769512892,0,0,0
4,1279,unknown,160.94520568847656,-52.389839172363281,0.00020916307403240353,1.5697176456451416,0,0.0025000001769512892,0.0025000001769512892,0,0,0
5,1535,unknown,160.97135925292969,-52.571102142333984,-0.0003383127914275974,1.5692833662033081,0,0.0025000001769512892,0.0025000001769512892,0,0,0
6,1791,unknown,160.89726257324219,-52.394802093505859,-0.00059001671615988016,1.5693011283874512,0,0.0025000001769512892,0.0025000001769512892,0,0,0
7,2047,unknown,160.85743713378906,-52.407115936279297,-0.00053873664001002908,1.570965051651001,0,0.0025000001769512892,0.0025000001769512892,0,0,0
8,2303,unknown,160.98443603515625,-52.351478576660156,0.00052532408153638244,1.5704445838928223,0,0.0025000001769512892,0.0025000001769512892,0,0,0
