measurement_id,geometry_id,local_key,local0,local1,phi,theta,time,var_local0,var_local1,var_phi,var_theta,var_time
0,255,unknown,3.3697631359100342,-128.48919677734375,0.00013620840036310256,1.5708416700363159,0,0.0025000001769512892,0.0025000001769512892,0,0,0
1,511,unknown,3.357882022857666,-128.40859985351562,-0.00024936770205385983,1.5706863403320312,0,0.0025000001769512892,0.0025000001769512892,0,0,0
2,767,unknown,3.4187521934509277,-128.35246276855469,-0.0009919401491060853,1.5697795152664185,0,0.0025000001769512892,0.0025000001769512892,0,0,0
3,1023,unknown,3.3397684097290039,-128.35105895996094,-0.0018608180107548833,1.57000732421875,0,0.0025000001769512892,0.0025000001769512892,0,0,0
4,1279,unknown,3.3535487651824951,-128.37759399414062,-0.002685237443074584,1.5695546865463257,0,0.0025000001769512892,0.0025000001769512892,0,0,0
5,1535,unknown,3.3415617942810059,-128.42031860351562,-0.0028640839736908674,1.5696603059768677,0,0.0025000001769512892,0.0025000001769512892,0,0,0
6,1791,unknown,3.2686522006988525,-128.35676574707031,-0.0022980363573879004,1.5719255208969116,0,0.0025000001769512892,0.0025000001769512892,0,0,0
7,2047,unknown,3.1077902317047119,-128.36967468261719,-0.0024337228387594223,1.5723898410797119,0,0.0025000001769512892,0.0025000001769512892,0,0,0
8,2303,unknown,3.1948161125183105,-128.41667175292969,-0.0032213923987001181,1.5732935667037964,0,0.0025000001769512892,0.0025000001769512892,0,0,0
