particle_id,geometry_id,tx,ty,tz,tt,tpx,tpy,tpz,te,deltapx,deltapy,deltapz,deltae,index
0,255,20,-160.41610717773438,19.114198684692383,0,0.99931830167770386,0.002048596041277051,-0.0013884846121072769,0,0,0,0,0,0
0,511,40,-160.37493896484375,19.08665657043457,0,0.99913287162780762,0.0036260164342820644,-0.00085880316328257322,0,0,0,0,0,0
0,767,60,-160.30226135253906,19.069902420043945,0,0.99902111291885376,0.0032284031622111797,-0.00063635880360379815,0,0,0,0,0,0
0,1023,80,-160.237548828125,19.057550430297852,0,0.99889183044433594,0.0041841417551040649,-0.00058888556668534875,0,0,0,0,0,0
0,1279,100,-160.15370178222656,19.046262741088867,0,0.99871373176574707,0.0031681556720286608,-0.00096523540560156107,0,0,0,0,0,0
0,1535,120,-160.09014892578125,19.027315139770508,0,0.99859684705734253,0.0032114714849740267,-0.001052738050930202,0,0,0,0,0,0
0,1791,140,-160.02571105957031,19.006616592407227,0,0.9984467625617981,0.0033650752156972885,-0.00052446697372943163,0,0,0,0,0,0
0,2047,160,-159.95823669433594,18.996515274047852,0,0.99832075834274292,0.0034009413793683052,-0.0003701641398947686,0,0,0,0,0,0
0,2303,180,-159.89006042480469,18.989509582519531,0,0.99817842245101929,0.0051705613732337952,0.0013407786609604955,0,0,0,0,0,0
