particle_id,particle_type,process,vx,vy,vz,vt,px,py,pz,m,q
0,0,0,0,133.23588562011719,-174.35601806640625,0,1,0,-4.3711388286737929e-08,0,-1
