measurement_id,geometry_id,local_key,local0,local1,phi,theta,time,var_local0,var_local1,var_phi,var_theta,var_time
0,255,unknown,20.931928634643555,-109.17577362060547,-0.00011598056153161451,1.5710408687591553,0,0.0025000001769512892,0.0025000001769512892,0,0,0
1,511,unknown,20.976301193237305,-109.23750305175781,-0.00014057329099159688,1.5708452463150024,0,0.0025000001769512892,0.0025000001769512892,0,0,0
2,767,unknown,20.954591751098633,-109.19849395751953,-0.00014809853746555746,1.5708435773849487,0,0.0025000001769512892,0.0025000001769512892,0,0,0
3,1023,unknown,20.875911712646484,-109.22071075439453,-0.00023843180679250509,1.5713205337524414,0,0.0025000001769512892,0.0025000001769512892,0,0,0
4,1279,unknown,20.847114562988281,-109.25347137451172,-0.00068036885932087898,1.5709518194198608,0,0.0025000001769512892,0.0025000001769512892,0,0,0
5,1535,unknown,20.917991638183594,-109.21616363525391,6.6687825892586261e-05,1.5711362361907959,0,0.0025000001769512892,0.0025000001769512892,0,0,0
6,1791,unknown,20.89033317565918,-109.20265960693359,-0.0001276572875212878,1.5710597038269043,0,0.0025000001769512892,0.0025000001769512892,0,0,0
7,2047,unknown,20.749786376953125,-109.10755157470703,-0.00045644454075954854,1.5709177255630493,0,0.0025000001769512892,0.0025000001769512892,0,0,0
8,2303,unknown,20.782871246337891,-109.18310546875,-0.00041529606096446514,1.5706571340560913,0,0.0025000001769512892,0.0025000001769512892,0,0,0
