particle_id,geometry_id,tx,ty,tz,tt,tpx,tpy,tpz,te,deltapx,deltapy,deltapz,deltae,index
0,255,20,69.160804748535156,13.751151084899902,0,0.99980014562606812,0.00055483944015577435,0.0014399562496691942,0,0,0,0,0,0
0,511,40,69.171730041503906,13.780021667480469,0,0.99966812133789062,-0.00041448161937296391,0.0024729715660214424,0,0,0,0,0,0
0,767,60,69.163139343261719,13.829446792602539,0,0.99949812889099121,0.00024783637491054833,0.0023033581674098969,0,0,0,0,0,0
0,1023,80,69.167823791503906,13.875565528869629,0,0.99928194284439087,0.0015461508883163333,0.0034057197626680136,0,0,0,0,0,0
0,1279,100,69.198356628417969,13.943912506103516,0,0.99912971258163452,0.0015160110779106617,0.0034253299236297607,0,0,0,0,0,0
0,1535,120,69.228294372558594,14.012659072875977,0,0.99889624118804932,0.0020692918915301561,0.0048296772874891758,0,0,0,0,0,0
0,1791,140,69.269142150878906,14.10960578918457,0,0.99874144792556763,0.0027759801596403122,0.0047236857935786247,0,0,0,0,0,0
0,2047,160,69.324165344238281,14.204529762268066,0,0.99859261512756348,0.0019014450954273343,0.0032154035288840532,0,0,0,0,0,0
0,2303,180,69.361862182617188,14.269155502319336,0,0.99845325946807861,0.0025339687708765268,0.0035810854751616716,0,0,0,0,0,0
