particle_id,particle_type,process,vx,vy,vz,vt,px,py,pz,m,q
0,0,0,0,21.282093048095703,119.52620697021484,0,1,0,-4.3711388286737929e-08,0,-1
