particle_id,geometry_id,tx,ty,tz,tt,tpx,tpy,tpz,te,deltapx,deltapy,deltapz,deltae,index
0,255,20,43.619365692138672,-89.667701721191406,0,0.99984949827194214,-0.0013527034316211939,-0.00095321802655234933,0,0,0,0,0,0
0,511,40,43.592422485351562,-89.686927795410156,0,0.99965643882751465,-0.0010841615730896592,-0.00066738686291500926,0,0,0,0,0,0
0,767,60,43.570812225341797,-89.700408935546875,0,0.99932223558425903,-0.0017364027444273233,-0.001618884620256722,0,0,0,0,0,0
0,1023,80,43.5362548828125,-89.733016967773438,0,0.99900734424591064,-0.00053416035370901227,-0.0016766079934313893,0,0,0,0,0,0
0,1279,100,43.525764465332031,-89.766647338867188,0,0.99885225296020508,0.00095767353195697069,-0.001553465030156076,0,0,0,0,0,0
0,1535,120,43.545127868652344,-89.797637939453125,0,0.99858856201171875,0.00051608536159619689,-0.0013291377108544111,0,0,0,0,0,0
0,1791,140,43.555622100830078,-89.824195861816406,0,0.99842411279678345,0.00025607709540054202,-0.0014422273961827159,0,0,0,0,0,0
0,2047,160,43.560924530029297,-89.853057861328125,0,0.99817758798599243,0.0005296706804074347,-0.0020966867450624704,0,0,0,0,0,0
0,2303,180,43.571788787841797,-89.895004272460938,0,0.99800926446914673,0.0013299935963004827,-0.0013295573880895972,0,0,0,0,0,0
