particle_id,geometry_id,tx,ty,tz,tt,tpx,tpy,tpz,te,deltapx,deltapy,deltapz,deltae,index
0,255,20,43.552700042724609,-57.204090118408203,0,0.99980980157852173,-9.1158290160819888e-05,0.00047384231584146619,0,0,0,0,0,0
0,511,40,43.550819396972656,-57.194622039794922,0,0.99963241815567017,0.00030881358543410897,-2.6498431907384656e-05,0,0,0,0,0,0
0,767,60,43.556999206542969,-57.195114135742188,0,0.99947237968444824,0.001002668752335012,-0.00037809539935551584,0,0,0,0,0,0
0,1023,80,43.577106475830078,-57.202560424804688,0,0.99905282258987427,0.0022543675731867552,0.00061461434233933687,0,0,0,0,0,0
0,1279,100,43.622161865234375,-57.189987182617188,0,0.99892175197601318,0.0017298610182479024,2.532057260395959e-05,0,0,0,0,0,0
0,1535,120,43.656791687011719,-57.189273834228516,0,0.99867349863052368,0.0013868925161659718,-0.00041386589873582125,0,0,0,0,0,0
0,1791,140,43.684616088867188,-57.197395324707031,0,0.99855703115463257,0.0013132760068401694,-0.00040953225106932223,0,0,0,0,0,0
0,2047,160,43.710968017578125,-57.205440521240234,0,0.99833691120147705,-0.00030606117798015475,0.0007781697204336524,0,0,0,0,0,0
0,2303,180,43.704742431640625,-57.189888000488281,0,0.99819326400756836,-0.0002412975300103426,-0.0012578099267557263,0,0,0,0,0,0
