particle_id,particle_type,process,vx,vy,vz,vt,px,py,pz,m,q
0,0,0,0,101.31412506103516,34.323291778564453,0,1,0,-4.3711388286737929e-08,0,-1
