particle_id,geometry_id,tx,ty,tz,tt,tpx,tpy,tpz,te,deltapx,deltapy,deltapz,deltae,index
0,255,20,68.195854187011719,-97.809974670410156,0,0.99983721971511841,0.0005479636020027101,0.0018965083872899413,0,0,0,0,0,0
0,511,40,68.206588745117188,-97.77197265625,0,0.99956309795379639,0.00063782907091081142,0.0014565353048965335,0,0,0,0,0,0
0,767,60,68.21917724609375,-97.742752075195312,0,0.99934524297714233,0.0014172187075018883,0.0016481401398777962,0,0,0,0,0,0
0,1023,80,68.247344970703125,-97.7095947265625,0,0.99921131134033203,0.00099224713630974293,0.0010002871276810765,0,0,0,0,0,0
0,1279,100,68.267082214355469,-97.689453125,0,0.99895560741424561,0.00197578314691782,0.00026765948859974742,0,0,0,0,0,0
0,1535,120,68.306602478027344,-97.683860778808594,0,0.99877119064331055,0.001899728667922318,0.00031416365527547896,0,0,0,0,0,0
0,1791,140,68.3446044921875,-97.677345275878906,0,0.99851143360137939,0.0018978522857651114,0.00033050836645998061,0,0,0,0,0,0
0,2047,160,68.382575988769531,-97.670494079589844,0,0.99835848808288574,0.0022329986095428467,0.00028499469044618309,0,0,0,0,0,0
0,2303,180,68.427276611328125,-97.664512634277344,0,0.99813932180404663,0.0017473072512075305,-0.00027371526812203228,0,0,0,0,0,0
