particle_id,particle_type,process,vx,vy,vz,vt,px,py,pz,m,q
0,0,0,0,-28.335416793823242,-24.158542633056641,0,1,0,-4.3711388286737929e-08,0,-1
