measurement_id,geometry_id,local_key,local0,local1,phi,theta,time,var_local0,var_local1,var_phi,var_theta,var_time
0,255,unknown,167.36514282226562,-191.52656555175781,-0.001135532627813518,1.5711456537246704,0,0.0025000001769512892,0.0025000001769512892,0,0,0
1,511,unknown,167.32392883300781,-191.60572814941406,-0.00019110261928290129,1.5715352296829224,0,0.0025000001769512892,0.0025000001769512892,0,0,0
2,767,unknown,167.35592651367188,-191.57347106933594,0.0002462612756062299,1.5718400478363037,0,0.0025000001769512892,0.0025000001769512892,0,0,0
3,1023,unknown,167.40057373046875,-191.60693359375,-0.00025366860791109502,1.5720783472061157,0,0.0025000001769512892,0.0025000001769512892,0,0,0
4,1279,unknown,167.35014343261719,-191.588623046875,-0.0010967092821374536,1.5719976425170898,0,0.0025000001769512892,0.0025000001769512892,0,0,0
5,1535,unknown,167.25897216796875,-191.66067504882812,-0.00050399708561599255,1.5719125270843506,0,0.0025000001769512892,0.0025000001769512892,0,0,0
6,1791,unknown,167.37141418457031,-191.65084838867188,-0.00042108926572836936,1.5725123882293701,0,0.0025000001769512892,0.0025000001769512892,0,0,0
7,2047,unknown,167.30326843261719,-191.7999267578125,-0.0008314263541251421,1.5758066177368164,0,0.0025000001769512892,0.0025000001769512892,0,0,0
8,2303,unknown,167.32685852050781,-191.75906372070312,-0.0015636122552677989,1.5774072408676147,0,0.0025000001769512892,0.0025000001769512892,0,0,0
