particle_id,geometry_id,tx,ty,tz,tt,tpx,tpy,tpz,te,deltapx,deltapy,deltapz,deltae,index
0,255,20,-42.715419769287109,-29.557073593139648,0,0.99965882301330566,0.00046392125659622252,-0.00068609759910032153,0,0,0,0,0,0
0,511,40,-42.7060546875,-29.570743560791016,0,0.99947607517242432,0.00037100529880262911,-0.0019388035871088505,0,0,0,0,0,0
0,767,60,-42.698398590087891,-29.609495162963867,0,0.99933618307113647,0.00030043956940062344,-0.0019124425016343594,0,0,0,0,0,0
0,1023,80,-42.692157745361328,-29.647731781005859,0,0.99905669689178467,0.00043024381739087403,-0.0023019518703222275,0,0,0,0,0,0
0,1279,100,-42.683269500732422,-29.693761825561523,0,0.99889367818832397,0.00012821557174902409,-0.0019682766869664192,0,0,0,0,0,0
0,1535,120,-42.680465698242188,-29.733154296875,0,0.99845588207244873,0.0016354520339518785,-0.0028171439189463854,0,0,0,0,0,0
0,1791,140,-42.647369384765625,-29.789386749267578,0,0.99831068515777588,0.0012635883176699281,-0.0020343693904578686,0,0,0,0,0,0
0,2047,160,-42.621810913085938,-29.829990386962891,0,0.99810516834259033,0.0008087300811894238,-0.002430642256513238,0,0,0,0,0,0
0,2303,180,-42.605312347412109,-29.878597259521484,0,0.99794089794158936,0.0017365070525556803,-0.0022305035963654518,0,0,0,0,0,0
