particle_id,particle_type,process,vx,vy,vz,vt,px,py,pz,m,q
0,0,0,0,87.757339477539062,-137.30003356933594,0,1,0,-4.3711388286737929e-08,0,-1
