measurement_id,geometry_id,local_key,local0,local1,phi,theta,time,var_local0,var_local1,var_phi,var_theta,var_time
0,255,unknown,-145.47160339355469,-16.86030387878418,-0.00059511355357244611,1.5699971914291382,0,0.0025000001769512892,0.0025000001769512892,0,0,0
1,511,unknown,-145.3831787109375,-16.885774612426758,-0.00059764989418908954,1.5700277090072632,0,0.0025000001769512892,0.0025000001769512892,0,0,0
2,767,unknown,-145.54505920410156,-16.833078384399414,-0.0012669649440795183,1.570941686630249,0,0.0025000001769512892,0.0025000001769512892,0,0,0
3,1023,unknown,-145.52542114257812,-16.734531402587891,-0.0003910927043762058,1.5714612007141113,0,0.0025000001769512892,0.0025000001769512892,0,0,0
4,1279,unknown,-145.56877136230469,-16.885503768920898,-0.00049518758896738291,1.5711413621902466,0,0.0025000001769512892,0.0025000001769512892,0,0,0
5,1535,unknown,-145.60446166992188,-16.882547378540039,-0.00051295751472935081,1.5702294111251831,0,0.0025000001769512892,0.0025000001769512892,0,0,0
6,1791,unknown,-145.50192260742188,-16.831134796142578,-0.0011430272134020925,1.568859338760376,0,0.0025000001769512892,0.0025000001769512892,0,0,0
7,2047,unknown,-145.57359313964844,-16.894325256347656,-0.00080705643631517887,1.5691808462142944,0,0.0025000001769512892,0.0025000001769512892,0,0,0
8,2303,unknown,-145.76617431640625,-16.821842193603516,0.00011042843107134104,1.5697448253631592,0,0.0025000001769512892,0.0025000001769512892,0,0,0
