particle_id,geometry_id,tx,ty,tz,tt,tpx,tpy,tpz,te,deltapx,deltapy,deltapz,deltae,index
0,255,20,65.764305114746094,-50.314800262451172,0,0.99987083673477173,-0.0022975103929638863,-0.0010323850437998772,0,0,0,0,0,0
0,511,40,65.718475341796875,-50.335723876953125,0,0.99973422288894653,-0.001381490146741271,5.5576533668499906e-06,0,0,0,0,0,0
0,767,60,65.690841674804688,-50.335777282714844,0,0.99764734506607056,-0.00043667491991072893,0.00015337459626607597,0,0,0,0,0,0
0,1023,80,65.68206787109375,-50.332756042480469,0,0.9967726469039917,0.00032557180384173989,0.00043734972132369876,0,0,0,0,0,0
0,1279,100,65.688545227050781,-50.323940277099609,0,0.99651479721069336,0.0019529414130374789,-0.00015138718299567699,0,0,0,0,0,0
0,1535,120,65.727760314941406,-50.326744079589844,0,0.99635004997253418,0.0039934613741934299,7.9298239143099636e-05,0,0,0,0,0,0
0,1791,140,65.807907104492188,-50.324668884277344,0,0.99616217613220215,0.003857914125546813,-0.00038527726428583264,0,0,0,0,0,0
0,2047,160,65.885406494140625,-50.331935882568359,0,0.99592268466949463,0.003757470054551959,-0.00023559211695101112,0,0,0,0,0,0
0,2303,180,65.960891723632812,-50.336212158203125,0,0.99575245380401611,0.0049462728202342987,-0.0013803392648696899,0,0,0,0,0,0
