particle_id,geometry_id,tx,ty,tz,tt,tpx,tpy,tpz,te,deltapx,deltapy,deltapz,deltae,index
0,255,20,214.11869812011719,494.96908569335938,0,0.9998466968536377,-0.00068044709041714668,-0.00067132775438949466,0,0,0,0,0,0
0,511,40,214.10516357421875,494.95556640625,0,0.99966400861740112,-0.00036717968760058284,-0.0011107015889137983,0,0,0,0,0,0
0,767,60,214.09794616699219,494.93328857421875,0,0.99944549798965454,0.0010206596925854683,-0.003985763993114233,0,0,0,0,0,0
0,1023,80,214.11885070800781,494.85366821289062,0,0.99929386377334595,0.00057931896299123764,-0.0039087971672415733,0,0,0,0,0,0
0,1279,100,214.13092041015625,494.7755126953125,0,0.99915623664855957,0.00022105386597104371,-0.0038161859847605228,0,0,0,0,0,0
0,1535,120,214.13580322265625,494.69915771484375,0,0.99896633625030518,4.1140814573736861e-05,-0.0045025991275906563,0,0,0,0,0,0
0,1791,140,214.13716125488281,494.6090087890625,0,0.99882370233535767,0.0001376471045659855,-0.0045230323448777199,0,0,0,0,0,0
0,2047,160,214.14045715332031,494.51846313476562,0,0.99868810176849365,-0.0013100493233650923,-0.0061281356029212475,0,0,0,0,0,0
0,2303,180,214.11495971679688,494.39559936523438,0,0.99853432178497314,-0.0011161745060235262,-0.0053072529844939709,0,0,0,0,0,0
