measurement_id,geometry_id,local_key,local0,local1,phi,theta,time,var_local0,var_local1,var_phi,var_theta,var_time
0,255,unknown,157.53718566894531,-145.24957275390625,0.0015677567571401596,1.5706217288970947,0,0.0025000001769512892,0.0025000001769512892,0,0,0
1,511,unknown,157.55778503417969,-145.27511596679688,0.0003482610045466572,1.5711910724639893,0,0.0025000001769512892,0.0025000001769512892,0,0,0
2,767,unknown,157.62451171875,-145.34495544433594,0.00029068472213111818,1.5711640119552612,0,0.0025000001769512892,0.0025000001769512892,0,0,0
3,1023,unknown,157.51774597167969,-145.3348388671875,0.00052790716290473938,1.5713310241699219,0,0.0025000001769512892,0.0025000001769512892,0,0,0
4,1279,unknown,157.4788818359375,-145.27760314941406,0.00032176732202060521,1.5715430974960327,0,0.0025000001769512892,0.0025000001769512892,0,0,0
5,1535,unknown,157.58758544921875,-145.29962158203125,0.00091031001647934318,1.5710573196411133,0,0.0025000001769512892,0.0025000001769512892,0,0,0
6,1791,unknown,157.54325866699219,-145.30853271484375,0.00045987352496013045,1.5718625783920288,0,0.0025000001769512892,0.0025000001769512892,0,0,0
7,2047,unknown,157.63874816894531,-145.38084411621094,0.00065190991153940558,1.5713663101196289,0,0.0025000001769512892,0.0025000001769512892,0,0,0
8,2303,unknown,157.6243896484375,-145.39219665527344,0.00071456411387771368,1.5727205276489258,0,0.0025000001769512892,0.0025000001769512892,0,0,0
