particle_id,particle_type,process,vx,vy,vz,vt,px,py,pz,m,q
0,0,0,0,117.77227783203125,25.219192504882812,0,1,0,-4.3711388286737929e-08,0,-1
