particle_id,particle_type,process,vx,vy,vz,vt,px,py,pz,m,q
0,0,0,0,-393.7532958984375,25.762521743774414,0,1,0,-4.3711388286737929e-08,0,-1
