particle_id,geometry_id,tx,ty,tz,tt,tpx,tpy,tpz,te,deltapx,deltapy,deltapz,deltae,index
0,255,20,-19.901317596435547,83.800712585449219,0,0.99972403049468994,-0.00071223604027181864,0.0010215369984507561,0,0,0,0,0,0
0,511,40,-19.915687561035156,83.821060180664062,0,0.9995800256729126,-0.00012925740156788379,-0.00027696974575519562,0,0,0,0,0,0
0,767,60,-19.918239593505859,83.815505981445312,0,0.99945652484893799,-0.00051012879703193903,-0.00063984980806708336,0,0,0,0,0,0
0,1023,80,-19.928371429443359,83.802642822265625,0,0.99925523996353149,-0.00032717394060455263,-0.00038158672396093607,0,0,0,0,0,0
0,1279,100,-19.934873580932617,83.794967651367188,0,0.9989733099937439,-9.6070507424883544e-05,0.00057133537484332919,0,0,0,0,0,0
0,1535,120,-19.936864852905273,83.806396484375,0,0.9987797737121582,4.0231129787571263e-06,0.0005652714753523469,0,0,0,0,0,0
0,1791,140,-19.936851501464844,83.817718505859375,0,0.99863189458847046,-0.0009910856606438756,0.00048102228902280331,0,0,0,0,0,0
0,2047,160,-19.956758499145508,83.827232360839844,0,0.99848538637161255,-0.0009839814156293869,-5.4439802624983713e-05,0,0,0,0,0,0
0,2303,180,-19.976461410522461,83.826026916503906,0,0.99830079078674316,-0.00033971425727941096,0.0010587596334517002,0,0,0,0,0,0
