particle_id,particle_type,process,vx,vy,vz,vt,px,py,pz,m,q
0,0,0,0,307.39566040039062,-60.491943359375,0,1,0,-4.3711388286737929e-08,0,-1
