measurement_id,geometry_id,local_key,local0,local1,phi,theta,time,var_local0,var_local1,var_phi,var_theta,var_time
0,255,unknown,67.904762268066406,-137.02375793457031,-5.8691315643955022e-05,1.5725082159042358,0,0.0025000001769512892,0.0025000001769512892,0,0,0
1,511,unknown,67.877227783203125,-137.05589294433594,-1.8731872842181474e-05,1.5740264654159546,0,0.0025000001769512892,0.0025000001769512892,0,0,0
2,767,unknown,67.871795654296875,-137.18490600585938,0.000208879733690992,1.5741003751754761,0,0.0025000001769512892,0.0025000001769512892,0,0,0
3,1023,unknown,67.916496276855469,-137.32986450195312,0.00035051806480623782,1.5764956474304199,0,0.0025000001769512892,0.0025000001769512892,0,0,0
4,1279,unknown,67.977928161621094,-137.38137817382812,0.0018257353221997619,1.5752706527709961,0,0.0025000001769512892,0.0025000001769512892,0,0,0
5,1535,unknown,67.978530883789062,-137.3990478515625,0.0011115664383396506,1.5755467414855957,0,0.0025000001769512892,0.0025000001769512892,0,0,0
6,1791,unknown,67.951057434082031,-137.54676818847656,0.0011833627941086888,1.57545006275177,0,0.0025000001769512892,0.0025000001769512892,0,0,0
7,2047,unknown,68.189376831054688,-137.49171447753906,-0.0009483767207711935,1.5750753879547119,0,0.0025000001769512892,0.0025000001769512892,0,0,0
8,2303,unknown,67.995132446289062,-137.58830261230469,-0.0037233545444905758,1.574030876159668,0,0.0025000001769512892,0.0025000001769512892,0,0,0
