measurement_id,geometry_id,local_key,local0,local1,phi,theta,time,var_local0,var_local1,var_phi,var_theta,var_time
0,255,unknown,74.379859924316406,-53.944084167480469,-0.00047799068852327764,1.5717271566390991,0,0.0025000001769512892,0.0025000001769512892,0,0,0
1,511,unknown,74.376739501953125,-54.005989074707031,-0.00059890380362048745,1.5720854997634888,0,0.0025000001769512892,0.0025000001769512892,0,0,0
2,767,unknown,74.436195373535156,-54.020011901855469,8.6392792582046241e-05,1.5729022026062012,0,0.0025000001769512892,0.0025000001769512892,0,0,0
3,1023,unknown,74.339019775390625,-53.913463592529297,-0.00063638482242822647,1.5737121105194092,0,0.0025000001769512892,0.0025000001769512892,0,0,0
4,1279,unknown,74.370407104492188,-54.060710906982422,0.0013653662754222751,1.5754590034484863,0,0.0025000001769512892,0.0025000001769512892,0,0,0
5,1535,unknown,74.292945861816406,-54.170795440673828,0.0011154472595080733,1.5753422975540161,0,0.0025000001769512892,0.0025000001769512892,0,0,0
6,1791,unknown,74.337348937988281,-54.295909881591797,0.0010005132062360644,1.574622631072998,0,0.0025000001769512892,0.0025000001769512892,0,0,0
7,2047,unknown,74.434417724609375,-54.364429473876953,0.00084697920829057693,1.5748817920684814,0,0.0025000001769512892,0.0025000001769512892,0,0,0
8,2303,unknown,74.342018127441406,-54.374839782714844,0.00042373387259431183,1.574603796005249,0,0.0025000001769512892,0.0025000001769512892,0,0,0
