particle_id,particle_type,process,vx,vy,vz,vt,px,py,pz,m,q
0,0,0,0,132.96841430664062,-322.3870849609375,0,1,0,-4.3711388286737929e-08,0,-1
