measurement_id,geometry_id,local_key,local0,local1,phi,theta,time,var_local0,var_local1,var_phi,var_theta,var_time
0,255,unknown,19.548316955566406,7.517669677734375,0.00027487057377584279,1.5708293914794922,0,0.0025000001769512892,0.0025000001769512892,0,0,0
1,511,unknown,19.490005493164062,7.5053701400756836,0.00069918931694701314,1.5722259283065796,0,0.0025000001769512892,0.0025000001769512892,0,0,0
2,767,unknown,19.43681526184082,7.4520339965820312,0.00066028354922309518,1.5727318525314331,0,0.0025000001769512892,0.0025000001769512892,0,0,0
3,1023,unknown,19.504581451416016,7.3747649192810059,0.00083441438619047403,1.5717967748641968,0,0.0025000001769512892,0.0025000001769512892,0,0,0
4,1279,unknown,19.478937149047852,7.4197955131530762,0.00051681342301890254,1.5717501640319824,0,0.0025000001769512892,0.0025000001769512892,0,0,0
5,1535,unknown,19.602483749389648,7.2691445350646973,-0.00016160565428435802,1.5719034671783447,0,0.0025000001769512892,0.0025000001769512892,0,0,0
6,1791,unknown,19.601827621459961,7.3378872871398926,9.9653268989641219e-05,1.5710506439208984,0,0.0025000001769512892,0.0025000001769512892,0,0,0
7,2047,unknown,19.472963333129883,7.4314670562744141,1.6455598597531207e-05,1.5711337327957153,0,0.0025000001769512892,0.0025000001769512892,0,0,0
8,2303,unknown,19.560182571411133,7.3753199577331543,-0.00035676747211255133,1.5703659057617188,0,0.0025000001769512892,0.0025000001769512892,0,0,0
