measurement_id,geometry_id,local_key,local0,local1,phi,theta,time,var_local0,var_local1,var_phi,var_theta,var_time
0,255,unknown,-329.23477172851562,-137.37596130371094,0.00020927272271364927,1.5712324380874634,0,0.0025000001769512892,0.0025000001769512892,0,0,0
1,511,unknown,-329.13339233398438,-137.28285217285156,-0.00040782967698760331,1.570771336555481,0,0.0025000001769512892,0.0025000001769512892,0,0,0
2,767,unknown,-329.1156005859375,-137.34994506835938,-0.00036723344237543643,1.5708160400390625,0,0.0025000001769512892,0.0025000001769512892,0,0,0
3,1023,unknown,-329.1124267578125,-137.38998413085938,0.0023183631710708141,1.5698543787002563,0,0.0025000001769512892,0.0025000001769512892,0,0,0
4,1279,unknown,-329.10687255859375,-137.37126159667969,0.0025855326093733311,1.5699231624603271,0,0.0025000001769512892,0.0025000001769512892,0,0,0
5,1535,unknown,-329.07110595703125,-137.40446472167969,0.0033548935316503048,1.5703929662704468,0,0.0025000001769512892,0.0025000001769512892,0,0,0
6,1791,unknown,-329.14059448242188,-137.30305480957031,0.0040372647345066071,1.570192813873291,0,0.0025000001769512892,0.0025000001769512892,0,0,0
7,2047,unknown,-328.95419311523438,-137.33645629882812,0.0040792040526866913,1.5702394247055054,0,0.0025000001769512892,0.0025000001769512892,0,0,0
8,2303,unknown,-328.78762817382812,-137.30406188964844,0.0058433646336197853,1.5722936391830444,0,0.0025000001769512892,0.0025000001769512892,0,0,0
