particle_id,geometry_id,tx,ty,tz,tt,tpx,tpy,tpz,te,deltapx,deltapy,deltapz,deltae,index
0,255,20,213.46282958984375,-97.738250732421875,0,0.9998435378074646,-0.00077804061584174633,7.5844986895390321e-06,0,0,0,0,0,0
0,511,40,213.447265625,-97.738189697265625,0,0.99968361854553223,-0.0011947745224460959,-8.4178893303032964e-05,0,0,0,0,0,0
0,767,60,213.42337036132812,-97.740020751953125,0,0.99945932626724243,-0.0003173351869918406,0.00035512712202034891,0,0,0,0,0,0
0,1023,80,213.41697692871094,-97.732955932617188,0,0.99934351444244385,0.00056403107009828091,-0.00015979842282831669,0,0,0,0,0,0
0,1279,100,213.42828369140625,-97.736083984375,0,0.99647891521453857,0.00064115080749616027,9.1780770162586123e-05,0,0,0,0,0,0
0,1535,120,213.44114685058594,-97.734161376953125,0,0.99629241228103638,0.0010837552836164832,-0.00072499975794926286,0,0,0,0,0,0
0,1791,140,213.46298217773438,-97.748580932617188,0,0.99608111381530762,0.0017236543353646994,-0.00080202915705740452,0,0,0,0,0,0
0,2047,160,213.4976806640625,-97.764472961425781,0,0.99594682455062866,0.0023634778335690498,-0.0020708730444312096,0,0,0,0,0,0
0,2303,180,213.54539489746094,-97.805770874023438,0,0.9957890510559082,0.0026662556920200586,-0.0027756746858358383,0,0,0,0,0,0
