measurement_id,geometry_id,local_key,local0,local1,phi,theta,time,var_local0,var_local1,var_phi,var_theta,var_time
0,255,unknown,-496.076416015625,-351.67086791992188,-9.8493917903397232e-05,1.5713708400726318,0,0.0025000001769512892,0.0025000001769512892,0,0,0
1,511,unknown,-496.24334716796875,-351.72976684570312,-0.00089354673400521278,1.5712016820907593,0,0.0025000001769512892,0.0025000001769512892,0,0,0
2,767,unknown,-496.17697143554688,-351.70928955078125,-0.0014813867164775729,1.5728319883346558,0,0.0025000001769512892,0.0025000001769512892,0,0,0
3,1023,unknown,-496.14794921875,-351.7528076171875,-0.00081959005910903215,1.574445366859436,0,0.0025000001769512892,0.0025000001769512892,0,0,0
4,1279,unknown,-496.13241577148438,-351.77926635742188,-0.00078252115054056048,1.5745276212692261,0,0.0025000001769512892,0.0025000001769512892,0,0,0
5,1535,unknown,-496.26052856445312,-351.87545776367188,-0.00067521515302360058,1.5743306875228882,0,0.0025000001769512892,0.0025000001769512892,0,0,0
6,1791,unknown,-496.29547119140625,-352.017578125,-0.00054963945876806974,1.5743355751037598,0,0.0025000001769512892,0.0025000001769512892,0,0,0
7,2047,unknown,-496.27197265625,-351.93255615234375,-0.0018230258719995618,1.5738077163696289,0,0.0025000001769512892,0.0025000001769512892,0,0,0
8,2303,unknown,-496.26034545898438,-352.06011962890625,-0.0019952869042754173,1.5736987590789795,0,0.0025000001769512892,0.0025000001769512892,0,0,0
