particle_id,geometry_id,tx,ty,tz,tt,tpx,tpy,tpz,te,deltapx,deltapy,deltapz,deltae,index
0,255,20,-184.90940856933594,-85.284317016601562,0,0.99975204467773438,-0.0003754552744794637,-6.3685685745440423e-05,0,0,0,0,0,0
0,511,40,-184.91691589355469,-85.285636901855469,0,0.99962729215621948,-0.00075900362571701407,-0.00013100591604597867,0,0,0,0,0,0
0,767,60,-184.93208312988281,-85.288345336914062,0,0.99947625398635864,-0.00063699932070448995,0.00027173035778105259,0,0,0,0,0,0
0,1023,80,-184.94485473632812,-85.282981872558594,0,0.99924898147583008,-0.0021723913960158825,0.0006122334161773324,0,0,0,0,0,0
0,1279,100,-184.9884033203125,-85.270988464355469,0,0.99906176328659058,-0.0027655551675707102,0.0012938365107402205,0,0,0,0,0,0
0,1535,120,-185.04391479492188,-85.24542236328125,0,0.99889159202575684,-0.0021480987779796124,0.0014444857370108366,0,0,0,0,0,0
0,1791,140,-185.08709716796875,-85.216758728027344,0,0.99873161315917969,-0.0018101041205227375,0.0020300219766795635,0,0,0,0,0,0
0,2047,160,-185.12358093261719,-85.176322937011719,0,0.99860566854476929,-0.0010879168985411525,0.0015276381745934486,0,0,0,0,0,0
0,2303,180,-185.14555358886719,-85.145858764648438,0,0.99848431348800659,-0.00073979346780106425,0.0006304511334747076,0,0,0,0,0,0
