particle_id,geometry_id,tx,ty,tz,tt,tpx,tpy,tpz,te,deltapx,deltapy,deltapz,deltae,index
0,255,20,-282.86770629882812,180.19122314453125,0,0.99871307611465454,-0.00083080778131261468,-0.00089736835798248649,0,0,0,0,0,0
0,511,40,-282.88424682617188,180.17315673828125,0,0.99852019548416138,-0.00069550774060189724,-0.0014424854889512062,0,0,0,0,0,0
0,767,60,-282.89801025390625,180.14418029785156,0,0.99823468923568726,-0.00085081212455406785,-0.0022509116679430008,0,0,0,0,0,0
0,1023,80,-282.914794921875,180.09898376464844,0,0.99625283479690552,-0.0027920124121010303,-0.0034296966623514891,0,0,0,0,0,0
0,1279,100,-282.97042846679688,180.02980041503906,0,0.99608528614044189,-0.0021178692113608122,-0.0047050276771187782,0,0,0,0,0,0
0,1535,120,-283.01239013671875,179.93507385253906,0,0.99593120813369751,-0.001252461108379066,-0.0059061739593744278,0,0,0,0,0,0
0,1791,140,-283.03683471679688,179.81631469726562,0,0.99578863382339478,-0.0024810479953885078,-0.007163697388023138,0,0,0,0,0,0
0,2047,160,-283.08578491210938,179.67213439941406,0,0.99562180042266846,-1.2106447684345767e-05,-0.0074481707997620106,0,0,0,0,0,0
0,2303,180,-283.08511352539062,179.52252197265625,0,0.9954993724822998,0.0001069293066393584,-0.0067374370992183685,0,0,0,0,0,0
