measurement_id,geometry_id,local_key,local0,local1,phi,theta,time,var_local0,var_local1,var_phi,var_theta,var_time
0,255,unknown,106.68668365478516,-326.09844970703125,-0.00013619579840451479,1.5713335275650024,0,0.0025000001769512892,0.0025000001769512892,0,0,0
1,511,unknown,106.60382080078125,-326.15802001953125,0.0001479905768064782,1.5706642866134644,0,0.0025000001769512892,0.0025000001769512892,0,0,0
2,767,unknown,106.6348876953125,-326.04702758789062,-5.8558736782288179e-05,1.5698524713516235,0,0.0025000001769512892,0.0025000001769512892,0,0,0
3,1023,unknown,106.63554382324219,-326.05975341796875,-0.00011246607027715072,1.5699151754379272,0,0.0025000001769512892,0.0025000001769512892,0,0,0
4,1279,unknown,106.59930419921875,-326.01840209960938,-0.0011778818443417549,1.5701369047164917,0,0.0025000001769512892,0.0025000001769512892,0,0,0
5,1535,unknown,106.70039367675781,-326.03091430664062,-0.00098056171555072069,1.5704188346862793,0,0.0025000001769512892,0.0025000001769512892,0,0,0
6,1791,unknown,106.43364715576172,-326.06997680664062,-0.0011922684498131275,1.571135401725769,0,0.0025000001769512892,0.0025000001769512892,0,0,0
7,2047,unknown,106.53699493408203,-326.00830078125,0.00029657551203854382,1.5711216926574707,0,0.0025000001769512892,0.0025000001769512892,0,0,0
8,2303,unknown,106.59080505371094,-326.05072021484375,0.0008237723377533257,1.5707607269287109,0,0.0025000001769512892,0.0025000001769512892,0,0,0
