particle_id,particle_type,process,vx,vy,vz,vt,px,py,pz,m,q
0,0,0,0,43.381069183349609,-115.36180877685547,0,1,0,-4.3711388286737929e-08,0,-1
