particle_id,geometry_id,tx,ty,tz,tt,tpx,tpy,tpz,te,deltapx,deltapy,deltapz,deltae,index
0,255,20,-177.32914733886719,297.62863159179688,0,0.99959361553192139,-0.00032000272767618299,-0.00022966666438151151,0,0,0,0,0,0
0,511,40,-177.33552551269531,297.62399291992188,0,0.99946212768554688,-0.0001638437679503113,0.00025909708347171545,0,0,0,0,0,0
0,767,60,-177.33883666992188,297.629150390625,0,0.99887251853942871,4.4412281567929313e-05,-0.00062554405303671956,0,0,0,0,0,0
0,1023,80,-177.33787536621094,297.61663818359375,0,0.9987025260925293,-0.00056893081637099385,-0.00088557234266772866,0,0,0,0,0,0
0,1279,100,-177.34916687011719,297.59884643554688,0,0.99849849939346313,-0.00077465258073061705,-0.0012004651362076402,0,0,0,0,0,0
0,1535,120,-177.36453247070312,297.57470703125,0,0.99799561500549316,-0.0010079344501718879,-0.00033791962778195739,0,0,0,0,0,0
0,1791,140,-177.38468933105469,297.56781005859375,0,0.99783593416213989,-0.0013779369182884693,-0.00012149302347097546,0,0,0,0,0,0
0,2047,160,-177.41229248046875,297.56521606445312,0,0.99760258197784424,-0.0022693795617669821,-0.0025894963182508945,0,0,0,0,0,0
0,2303,180,-177.45747375488281,297.51303100585938,0,0.99746245145797729,-0.0028003260958939791,-0.0021464419551193714,0,0,0,0,0,0
