measurement_id,geometry_id,local_key,local0,local1,phi,theta,time,var_local0,var_local1,var_phi,var_theta,var_time
0,255,unknown,172.70088195800781,-124.18012237548828,-0.0010648292955011129,1.5700151920318604,0,0.0025000001769512892,0.0025000001769512892,0,0,0
1,511,unknown,172.62730407714844,-124.12718200683594,-0.0012722769752144814,1.5701451301574707,0,0.0025000001769512892,0.0025000001769512892,0,0,0
2,767,unknown,172.70671081542969,-124.08956909179688,-0.0026159402914345264,1.5718549489974976,0,0.0025000001769512892,0.0025000001769512892,0,0,0
3,1023,unknown,172.68310546875,-124.08618927001953,-0.0045141433365643024,1.5708169937133789,0,0.0025000001769512892,0.0025000001769512892,0,0,0
4,1279,unknown,172.57350158691406,-124.10409545898438,-0.0062810983508825302,1.5716755390167236,0,0.0025000001769512892,0.0025000001769512892,0,0,0
5,1535,unknown,172.46578979492188,-124.22904205322266,-0.0062441299669444561,1.5709853172302246,0,0.0025000001769512892,0.0025000001769512892,0,0,0
6,1791,unknown,172.31269836425781,-124.20501708984375,-0.0047163097187876701,1.5699921846389771,0,0.0025000001769512892,0.0025000001769512892,0,0,0
7,2047,unknown,172.20155334472656,-124.23037719726562,-0.0047090398147702217,1.5700759887695312,0,0.0025000001769512892,0.0025000001769512892,0,0,0
8,2303,unknown,172.17941284179688,-124.11671447753906,-0.004388508852571249,1.5711023807525635,0,0.0025000001769512892,0.0025000001769512892,0,0,0
