measurement_id,geometry_id,local_key,local0,local1,phi,theta,time,var_local0,var_local1,var_phi,var_theta,var_time
0,255,unknown,9.1554136276245117,29.972620010375977,0.001069437712430954,1.5695458650588989,0,0.0025000001769512892,0.0025000001769512892,0,0,0
1,511,unknown,9.1257209777832031,29.978193283081055,0.0010504020610824227,1.5690387487411499,0,0.0025000001769512892,0.0025000001769512892,0,0,0
2,767,unknown,9.1079044342041016,30.011529922485352,0.0011555243982002139,1.5692735910415649,0,0.0025000001769512892,0.0025000001769512892,0,0,0
3,1023,unknown,9.2217988967895508,29.965181350708008,0.0030009623151272535,1.5718603134155273,0,0.0025000001769512892,0.0025000001769512892,0,0,0
4,1279,unknown,9.147160530090332,29.959707260131836,0.0021338732913136482,1.5714995861053467,0,0.0025000001769512892,0.0025000001769512892,0,0,0
5,1535,unknown,9.2539119720458984,30.04088020324707,0.0013819718733429909,1.5721362829208374,0,0.0025000001769512892,0.0025000001769512892,0,0,0
6,1791,unknown,9.1909198760986328,29.947519302368164,0.001047307625412941,1.5717638731002808,0,0.0025000001769512892,0.0025000001769512892,0,0,0
7,2047,unknown,9.207310676574707,29.960117340087891,0.00095963152125477791,1.5716867446899414,0,0.0025000001769512892,0.0025000001769512892,0,0,0
8,2303,unknown,9.2679052352905273,29.947353363037109,0.0018412140198051929,1.5709058046340942,0,0.0025000001769512892,0.0025000001769512892,0,0,0
