measurement_id,geometry_id,local_key,local0,local1,phi,theta,time,var_local0,var_local1,var_phi,var_theta,var_time
0,255,unknown,93.873405456542969,-120.25092315673828,-1.7677321295650472e-07,1.5707820653915405,0,0.0025000001769512892,0.0025000001769512892,0,0,0
1,511,unknown,93.923599243164062,-120.16110992431641,-3.9621667383471504e-05,1.5711256265640259,0,0.0025000001769512892,0.0025000001769512892,0,0,0
2,767,unknown,93.860191345214844,-120.2493896484375,-9.4449416792485863e-05,1.5718315839767456,0,0.0025000001769512892,0.0025000001769512892,0,0,0
3,1023,unknown,93.857246398925781,-120.17111968994141,-0.00076225778320804238,1.5715905427932739,0,0.0025000001769512892,0.0025000001769512892,0,0,0
4,1279,unknown,93.768173217773438,-120.31248474121094,-0.0014596569817513227,1.5718191862106323,0,0.0025000001769512892,0.0025000001769512892,0,0,0
5,1535,unknown,93.794898986816406,-120.22362518310547,-0.0016925575910136104,1.5716761350631714,0,0.0025000001769512892,0.0025000001769512892,0,0,0
6,1791,unknown,93.760978698730469,-120.35784149169922,-0.0026858102064579725,1.571995735168457,0,0.0025000001769512892,0.0025000001769512892,0,0,0
7,2047,unknown,93.706993103027344,-120.36277008056641,-0.0022843480110168457,1.5720713138580322,0,0.0025000001769512892,0.0025000001769512892,0,0,0
8,2303,unknown,93.68548583984375,-120.28624725341797,-0.002535160630941391,1.5729751586914062,0,0.0025000001769512892,0.0025000001769512892,0,0,0
