measurement_id,geometry_id,local_key,local0,local1,phi,theta,time,var_local0,var_local1,var_phi,var_theta,var_time
0,255,unknown,-84.270401000976562,-143.33187866210938,0.00036977411946281791,1.5704845190048218,0,0.0025000001769512892,0.0025000001769512892,0,0,0
1,511,unknown,-84.280784606933594,-143.42202758789062,0.0011083192657679319,1.5707823038101196,0,0.0025000001769512892,0.0025000001769512892,0,0,0
2,767,unknown,-84.129257202148438,-143.37736511230469,-0.00029055040795356035,1.5706837177276611,0,0.0025000001769512892,0.0025000001769512892,0,0,0
3,1023,unknown,-84.170021057128906,-143.3724365234375,0.00023244056501425803,1.5707935094833374,0,0.0025000001769512892,0.0025000001769512892,0,0,0
4,1279,unknown,-84.110076904296875,-143.36280822753906,-0.0018364636925980449,1.5694955587387085,0,0.0025000001769512892,0.0025000001769512892,0,0,0
5,1535,unknown,-84.170814514160156,-143.27334594726562,-0.0015898344572633505,1.5695474147796631,0,0.0025000001769512892,0.0025000001769512892,0,0,0
6,1791,unknown,-84.153129577636719,-143.3599853515625,-0.0031666674185544252,1.5691589117050171,0,0.0025000001769512892,0.0025000001769512892,0,0,0
7,2047,unknown,-84.283134460449219,-143.24427795410156,-0.0026065809652209282,1.5697054862976074,0,0.0025000001769512892,0.0025000001769512892,0,0,0
8,2303,unknown,-84.354301452636719,-143.31857299804688,-0.0037935993168503046,1.5693207979202271,0,0.0025000001769512892,0.0025000001769512892,0,0,0
