particle_id,particle_type,process,vx,vy,vz,vt,px,py,pz,m,q
0,0,0,0,176.124755859375,1.632682204246521,0,1,0,-4.3711388286737929e-08,0,-1
