measurement_id,geometry_id,local_key,local0,local1,phi,theta,time,var_local0,var_local1,var_phi,var_theta,var_time
0,255,unknown,72.945945739746094,114.63331604003906,0.00025584001559764147,1.5701053142547607,0,0.0025000001769512892,0.0025000001769512892,0,0,0
1,511,unknown,72.999076843261719,114.56172943115234,-7.2729490057099611e-05,1.5700104236602783,0,0.0025000001769512892,0.0025000001769512892,0,0,0
2,767,unknown,72.93377685546875,114.69123840332031,-0.00014036905486136675,1.570110559463501,0,0.0025000001769512892,0.0025000001769512892,0,0,0
3,1023,unknown,72.94451904296875,114.66324615478516,-0.0014955690130591393,1.5682773590087891,0,0.0025000001769512892,0.0025000001769512892,0,0,0
4,1279,unknown,72.850814819335938,114.76264190673828,-0.0016155315097421408,1.5694913864135742,0,0.0025000001769512892,0.0025000001769512892,0,0,0
5,1535,unknown,72.845870971679688,114.69602966308594,-0.0015881441067904234,1.5695319175720215,0,0.0025000001769512892,0.0025000001769512892,0,0,0
6,1791,unknown,72.754165649414062,114.74083709716797,-0.0018340823007747531,1.5690774917602539,0,0.0025000001769512892,0.0025000001769512892,0,0,0
7,2047,unknown,72.769767761230469,114.82525634765625,-0.0031495823059231043,1.5704835653305054,0,0.0025000001769512892,0.0025000001769512892,0,0,0
8,2303,unknown,72.698997497558594,114.76335906982422,-0.0045251296833157539,1.5716875791549683,0,0.0025000001769512892,0.0025000001769512892,0,0,0
