measurement_id,geometry_id,local_key,local0,local1,phi,theta,time,var_local0,var_local1,var_phi,var_theta,var_time
0,255,unknown,-312.15460205078125,-45.805995941162109,0.0016208364395424724,1.5691367387771606,0,0.0025000001769512892,0.0025000001769512892,0,0,0
1,511,unknown,-312.17892456054688,-45.679428100585938,0.0022757709957659245,1.568427562713623,0,0.0025000001769512892,0.0025000001769512892,0,0,0
2,767,unknown,-312.06417846679688,-45.670009613037109,0.0023716313298791647,1.5676199197769165,0,0.0025000001769512892,0.0025000001769512892,0,0,0
3,1023,unknown,-312.09677124023438,-45.653491973876953,0.0022257475648075342,1.5673828125,0,0.0025000001769512892,0.0025000001769512892,0,0,0
4,1279,unknown,-312.03140258789062,-45.577285766601562,0.0013606653083115816,1.5667331218719482,0,0.0025000001769512892,0.0025000001769512892,0,0,0
5,1535,unknown,-311.99969482421875,-45.4765625,0.0019329632632434368,1.567327618598938,0,0.0025000001769512892,0.0025000001769512892,0,0,0
6,1791,unknown,-311.92449951171875,-45.399574279785156,0.0030235399026423693,1.5681257247924805,0,0.0025000001769512892,0.0025000001769512892,0,0,0
7,2047,unknown,-311.81509399414062,-45.325119018554688,0.0028435788117349148,1.5676387548446655,0,0.0025000001769512892,0.0025000001769512892,0,0,0
8,2303,unknown,-311.81451416015625,-45.331333160400391,0.0026469745207577944,1.5681284666061401,0,0.0025000001769512892,0.0025000001769512892,0,0,0
