particle_id,geometry_id,tx,ty,tz,tt,tpx,tpy,tpz,te,deltapx,deltapy,deltapz,deltae,index
0,255,20,139.22196960449219,-47.204524993896484,0,0.99986553192138672,2.1819647372467443e-05,-0.00016417283040937036,0,0,0,0,0,0
0,511,40,139.22242736816406,-47.207805633544922,0,0.99971193075180054,5.5191827414091676e-05,-0.00022599940712098032,0,0,0,0,0,0
0,767,60,139.22355651855469,-47.212318420410156,0,0.999534010887146,-0.00022257841192185879,0.00053602905245497823,0,0,0,0,0,0
0,1023,80,139.21903991699219,-47.201618194580078,0,0.99930238723754883,0.00023436246556229889,0.00053256930550560355,0,0,0,0,0,0
0,1279,100,139.22366333007812,-47.190933227539062,0,0.99915397167205811,0.00035859516356140375,0.00055166671518236399,0,0,0,0,0,0
0,1535,120,139.23077392578125,-47.179847717285156,0,0.99900603294372559,0.00063985452288761735,0.00066198228159919381,0,0,0,0,0,0
0,1791,140,139.24349975585938,-47.166519165039062,0,0.99885505437850952,0.00080621754750609398,0.00053899915656074882,0,0,0,0,0,0
0,2047,160,139.25958251953125,-47.155632019042969,0,0.9986235499382019,0.00036105152685195208,-4.2066611058544368e-05,0,0,0,0,0,0
0,2303,180,139.26681518554688,-47.156429290771484,0,0.99848359823226929,-0.00038228658377192914,-0.00074135349132120609,0,0,0,0,0,0
