measurement_id,geometry_id,local_key,local0,local1,phi,theta,time,var_local0,var_local1,var_phi,var_theta,var_time
0,255,unknown,-108.73115539550781,231.14506530761719,5.7832330639939755e-05,1.5705592632293701,0,0.0025000001769512892,0.0025000001769512892,0,0,0
1,511,unknown,-108.66170501708984,231.09439086914062,7.9803525295574218e-05,1.5713052749633789,0,0.0025000001769512892,0.0025000001769512892,0,0,0
2,767,unknown,-108.67359924316406,231.09928894042969,0.00027601601323112845,1.5726943016052246,0,0.0025000001769512892,0.0025000001769512892,0,0,0
3,1023,unknown,-108.64958953857422,231.01185607910156,0.0011758006876334548,1.5741982460021973,0,0.0025000001769512892,0.0025000001769512892,0,0,0
4,1279,unknown,-108.72979736328125,231.053955078125,0.0016416220460087061,1.5737206935882568,0,0.0025000001769512892,0.0025000001769512892,0,0,0
5,1535,unknown,-108.6209716796875,230.9385986328125,0.0015610071131959558,1.574670672416687,0,0.0025000001769512892,0.0025000001769512892,0,0,0
6,1791,unknown,-108.59304809570312,230.89730834960938,0.001812283881008625,1.5737833976745605,0,0.0025000001769512892,0.0025000001769512892,0,0,0
7,2047,unknown,-108.54775238037109,230.79753112792969,0.00046137030585668981,1.574062705039978,0,0.0025000001769512892,0.0025000001769512892,0,0,0
8,2303,unknown,-108.56517791748047,230.80352783203125,0.00051488715689629316,1.5740405321121216,0,0.0025000001769512892,0.0025000001769512892,0,0,0
