particle_id,geometry_id,tx,ty,tz,tt,tpx,tpy,tpz,te,deltapx,deltapy,deltapz,deltae,index
0,255,20,-469.06442260742188,167.22210693359375,0,0.99979633092880249,-0.00050555338384583592,0.00053426279919221997,0,0,0,0,0,0
0,511,40,-469.0745849609375,167.23272705078125,0,0.99965155124664307,-0.00050654157530516386,0.00054169300710782409,0,0,0,0,0,0
0,767,60,-469.08477783203125,167.24349975585938,0,0.99931806325912476,-0.00050368864322081208,0.00039701000787317753,0,0,0,0,0,0
0,1023,80,-469.09490966796875,167.25138854980469,0,0.99910157918930054,-0.00054707267554476857,-4.8875575885176659e-05,0,0,0,0,0,0
0,1279,100,-469.10586547851562,167.25035095214844,0,0.99891513586044312,-0.0020716849248856306,-0.0012512202374637127,0,0,0,0,0,0
0,1535,120,-469.14718627929688,167.22505187988281,0,0.99875468015670776,-0.0021096044220030308,-0.0011719625908881426,0,0,0,0,0,0
0,1791,140,-469.18930053710938,167.20132446289062,0,0.99860864877700806,-0.0028570906724780798,-0.0018285602563992143,0,0,0,0,0,0
0,2047,160,-469.24630737304688,167.16435241699219,0,0.99840223789215088,-0.0036748824641108513,-0.0012691507581621408,0,0,0,0,0,0
0,2303,180,-469.31976318359375,167.13848876953125,0,0.99821722507476807,-0.0045685055665671825,-0.0017814458115026355,0,0,0,0,0,0
