particle_id,geometry_id,tx,ty,tz,tt,tpx,tpy,tpz,te,deltapx,deltapy,deltapz,deltae,index
0,255,20,-81.46600341796875,149.91444396972656,0,0.99985200166702271,0.00038732134271413088,0.00012188935215817764,0,0,0,0,0,0
0,511,40,-81.458267211914062,149.91693115234375,0,0.9997062087059021,-0.00055451231310144067,0.00059058412443846464,0,0,0,0,0,0
0,767,60,-81.469429016113281,149.92868041992188,0,0.99945724010467529,-0.00026708294171839952,7.144306437112391e-05,0,0,0,0,0,0
0,1023,80,-81.474784851074219,149.93008422851562,0,0.99910962581634521,-0.0016669960459694266,-5.4712090786779299e-05,0,0,0,0,0,0
0,1279,100,-81.508148193359375,149.92878723144531,0,0.99898326396942139,-0.0018589763203635812,-0.001064336160197854,0,0,0,0,0,0
0,1535,120,-81.545234680175781,149.90725708007812,0,0.99881553649902344,-0.0016143298707902431,-0.001029865350574255,0,0,0,0,0,0
0,1791,140,-81.577438354492188,149.88644409179688,0,0.96997201442718506,-0.0011320029152557254,-0.0012279154034331441,0,0,0,0,0,0
0,2047,160,-81.600624084472656,149.86097717285156,0,0.96983432769775391,-0.0011726510711014271,-0.00079372816253453493,0,0,0,0,0,0
0,2303,180,-81.624702453613281,149.84446716308594,0,0.96955150365829468,-0.0013861272018402815,-0.00097102741710841656,0,0,0,0,0,0
