measurement_id,geometry_id,local_key,local0,local1,phi,theta,time,var_local0,var_local1,var_phi,var_theta,var_time
0,255,unknown,25.321455001831055,-11.852396965026855,0.0024543306790292263,1.5712368488311768,0,0.0025000001769512892,0.0025000001769512892,0,0,0
1,511,unknown,25.224544525146484,-11.87924861907959,0.00058927590725943446,1.5727851390838623,0,0.0025000001769512892,0.0025000001769512892,0,0,0
2,767,unknown,25.36713981628418,-11.975712776184082,0.0007240365375764668,1.5713995695114136,0,0.0025000001769512892,0.0025000001769512892,0,0,0
3,1023,unknown,25.387081146240234,-12.006691932678223,0.0011508302995935082,1.5714306831359863,0,0.0025000001769512892,0.0025000001769512892,0,0,0
4,1279,unknown,25.476076126098633,-11.964406967163086,0.002113924827426672,1.5710833072662354,0,0.0025000001769512892,0.0025000001769512892,0,0,0
5,1535,unknown,25.4398193359375,-11.951581954956055,0.001818583463318646,1.5705500841140747,0,0.0025000001769512892,0.0025000001769512892,0,0,0
6,1791,unknown,25.515462875366211,-11.953719139099121,0.0033671052660793066,1.5709574222564697,0,0.0025000001769512892,0.0025000001769512892,0,0,0
7,2047,unknown,25.635171890258789,-11.960848808288574,0.0038013081066310406,1.5711581707000732,0,0.0025000001769512892,0.0025000001769512892,0,0,0
8,2303,unknown,25.609294891357422,-11.948518753051758,0.0037116105668246746,1.5711429119110107,0,0.0025000001769512892,0.0025000001769512892,0,0,0
