particle_id,particle_type,process,vx,vy,vz,vt,px,py,pz,m,q
0,0,0,0,346.99826049804688,-487.21923828125,0,1,0,-4.3711388286737929e-08,0,-1
