particle_id,geometry_id,tx,ty,tz,tt,tpx,tpy,tpz,te,deltapx,deltapy,deltapz,deltae,index
0,255,20,94.806419372558594,240.46173095703125,0,0.99985897541046143,-5.1323044317541644e-05,8.3152641309425235e-05,0,0,0,0,0,0
0,511,40,94.805381774902344,240.46339416503906,0,0.99972623586654663,-6.2500344938598573e-05,5.3704974561696872e-05,0,0,0,0,0,0
0,767,60,94.804122924804688,240.46446228027344,0,0.99958008527755737,3.2371659472119063e-05,4.9609948291617911e-06,0,0,0,0,0,0
0,1023,80,94.804771423339844,240.46456909179688,0,0.99942272901535034,0.00084539857925847173,0.0014096279628574848,0,0,0,0,0,0
0,1279,100,94.821517944335938,240.49287414550781,0,0.99916523694992065,0.0013270573690533638,8.0236386565957218e-05,0,0,0,0,0,0
0,1535,120,94.848068237304688,240.49464416503906,0,0.9990164041519165,0.0014758773613721132,9.4158232968766242e-05,0,0,0,0,0,0
0,1791,140,94.877601623535156,240.4967041015625,0,0.99886256456375122,0.001566132646985352,-0.00046133575960993767,0,0,0,0,0,0
0,2047,160,94.909011840820312,240.48765563964844,0,0.99872833490371704,0.002450751606374979,-0.00094024540157988667,0,0,0,0,0,0
0,2303,180,94.958198547363281,240.4691162109375,0,0.99854552745819092,-1.5388186511700042e-05,0.00081809028051793575,0,0,0,0,0,0
