particle_id,geometry_id,tx,ty,tz,tt,tpx,tpy,tpz,te,deltapx,deltapy,deltapz,deltae,index
0,255,20,39.967430114746094,34.545417785644531,0,0.99981814622879028,-0.00033646193332970142,-0.00040051413816399872,0,0,0,0,0,0
0,511,40,39.960746765136719,34.537364959716797,0,0.99646592140197754,-0.0011781610082834959,-0.00064755749190226197,0,0,0,0,0,0
0,767,60,39.937179565429688,34.524227142333984,0,0.99627107381820679,0.00057185074547305703,0.0011854671174660325,0,0,0,0,0,0
0,1023,80,39.948516845703125,34.548091888427734,0,0.99610942602157593,0.0016174950869753957,0.0024661899078637362,0,0,0,0,0,0
0,1279,100,39.980693817138672,34.597801208496094,0,0.99507611989974976,0.0018861298449337482,0.0020842761732637882,0,0,0,0,0,0
0,1535,120,40.018348693847656,34.639919281005859,0,0.9947008490562439,0.0023670610971748829,0.0027449235785752535,0,0,0,0,0,0
0,1791,140,40.065608978271484,34.695396423339844,0,0.99452614784240723,0.0023613055236637592,0.0027459827251732349,0,0,0,0,0,0
0,2047,160,40.112762451171875,34.750904083251953,0,0.99439305067062378,0.0020483441185206175,0.0021853847429156303,0,0,0,0,0,0
0,2303,180,40.153694152832031,34.79510498046875,0,0.99415290355682373,0.0013647805899381638,0.0018697285559028387,0,0,0,0,0,0
