particle_id,geometry_id,tx,ty,tz,tt,tpx,tpy,tpz,te,deltapx,deltapy,deltapz,deltae,index
0,255,20,221.85807800292969,-69.774208068847656,0,0.99982404708862305,0.0012126676738262177,0.00041842678911052644,0,0,0,0,0,0
0,511,40,221.88227844238281,-69.765693664550781,0,0.99970066547393799,-0.00019061464990954846,-0.00020740577019751072,0,0,0,0,0,0
0,767,60,221.87849426269531,-69.769866943359375,0,0.99953252077102661,-0.00052026560297235847,0.00030058081028982997,0,0,0,0,0,0
0,1023,80,221.8680419921875,-69.763916015625,0,0.99934637546539307,0.0012118350714445114,-0.0016708639450371265,0,0,0,0,0,0
0,1279,100,221.89250183105469,-69.797210693359375,0,0.99918121099472046,0.0016024014912545681,-0.0018805837025865912,0,0,0,0,0,0
0,1535,120,221.9248046875,-69.834663391113281,0,0.99900949001312256,0.0016421041218563914,-0.0018663267837837338,0,0,0,0,0,0
0,1791,140,221.95790100097656,-69.871826171875,0,0.99883359670639038,0.0022637003567069769,-0.0017116845119744539,0,0,0,0,0,0
0,2047,160,222.00343322753906,-69.905830383300781,0,0.99870550632476807,0.0029929450247436762,-0.0025606951676309109,0,0,0,0,0,0
0,2303,180,222.06367492675781,-69.956748962402344,0,0.99849677085876465,0.0046984064392745495,-0.0032125934958457947,0,0,0,0,0,0
