particle_id,geometry_id,tx,ty,tz,tt,tpx,tpy,tpz,te,deltapx,deltapy,deltapz,deltae,index
0,255,20,-130.69801330566406,-6.5773510932922363,0,0.99983334541320801,5.1541905122576281e-05,4.1076647903537378e-05,0,0,0,0,0,0
0,511,40,-130.69699096679688,-6.5765233039855957,0,0.99967706203460693,0.0001211992566823028,2.2956264729145914e-05,0,0,0,0,0,0
0,767,60,-130.69456481933594,-6.5760493278503418,0,0.99943715333938599,0.00048539388808421791,-1.4102467503107619e-05,0,0,0,0,0,0
0,1023,80,-130.68484497070312,-6.5762734413146973,0,0.99932742118835449,0.00050826033111661673,5.9127746681042481e-06,0,0,0,0,0,0
0,1279,100,-130.67466735839844,-6.5760941505432129,0,0.99906915426254272,0.00022772428928874433,-0.00010889954137383029,0,0,0,0,0,0
0,1535,120,-130.67008972167969,-6.5782465934753418,0,0.99894249439239502,-0.00035955110797658563,-0.0016023099888116121,0,0,0,0,0,0
0,1791,140,-130.67709350585938,-6.6103692054748535,0,0.9987785816192627,-0.00053480459610000253,-0.0019891243427991867,0,0,0,0,0,0
0,2047,160,-130.68756103515625,-6.650263786315918,0,0.9985964298248291,-0.00045389129081740975,-0.0010180911049246788,0,0,0,0,0,0
0,2303,180,-130.696533203125,-6.670708179473877,0,0.99832934141159058,-0.0005242152838036418,0.00050705863395705819,0,0,0,0,0,0
