particle_id,geometry_id,tx,ty,tz,tt,tpx,tpy,tpz,te,deltapx,deltapy,deltapz,deltae,index
0,255,20,151.26203918457031,129.02311706542969,0,0.9998401403427124,0.00036553997779265046,0.001354911713860929,0,0,0,0,0,0
0,511,40,151.26919555664062,129.05026245117188,0,0.99962687492370605,0.00036238777101971209,0.0014904709532856941,0,0,0,0,0,0
0,767,60,151.27626037597656,129.08012390136719,0,0.99948745965957642,4.1310737287858501e-05,0.0015951136592775583,0,0,0,0,0,0
0,1023,80,151.27690124511719,129.11204528808594,0,0.99931997060775757,0.0014973884681239724,0.0030559655278921127,0,0,0,0,0,0
0,1279,100,151.30650329589844,129.17338562011719,0,0.99915063381195068,0.0019930717535316944,0.003534270916134119,0,0,0,0,0,0
0,1535,120,151.34597778320312,129.24436950683594,0,0.99883568286895752,0.0023906582500785589,0.0048039061948657036,0,0,0,0,0,0
0,1791,140,151.39326477050781,129.34085083007812,0,0.99868154525756836,0.0015279033686965704,0.0061455117538571358,0,0,0,0,0,0
0,2047,160,151.42312622070312,129.464111328125,0,0.99817866086959839,0.0015997957671061158,0.006073756143450737,0,0,0,0,0,0
0,2303,180,151.45445251464844,129.58599853515625,0,0.99806153774261475,0.00027080756262876093,0.0056376801803708076,0,0,0,0,0,0
