particle_id,geometry_id,tx,ty,tz,tt,tpx,tpy,tpz,te,deltapx,deltapy,deltapz,deltae,index
0,255,20,-225.93539428710938,175.28816223144531,0,0.99973523616790771,0.00022453854035120457,0.00063529278850182891,0,0,0,0,0,0
0,511,40,-225.93098449707031,175.3009033203125,0,0.99948638677597046,8.3061961049679667e-05,0.00091179669834673405,0,0,0,0,0,0
0,767,60,-225.92942810058594,175.31915283203125,0,0.99931728839874268,-0.00068395124981179833,-0.00012465150211937726,0,0,0,0,0,0
0,1023,80,-225.94309997558594,175.31657409667969,0,0.99916273355484009,-0.00075904268305748701,-0.00011629456275841221,0,0,0,0,0,0
0,1279,100,-225.95828247070312,175.31414794921875,0,0.99897664785385132,0.00080492487177252769,-0.00023547932505607605,0,0,0,0,0,0
0,1535,120,-225.942138671875,175.30952453613281,0,0.99871760606765747,0.0016487545799463987,-0.00012493401300162077,0,0,0,0,0,0
0,1791,140,-225.90910339355469,175.30722045898438,0,0.99850559234619141,0.0025079422630369663,-0.00067102443426847458,0,0,0,0,0,0
0,2047,160,-225.85879516601562,175.29408264160156,0,0.99831992387771606,0.0033334307372570038,-0.00048453206545673311,0,0,0,0,0,0
0,2303,180,-225.79196166992188,175.28477478027344,0,0.99814742803573608,0.0025427441578358412,-7.1555921749677509e-05,0,0,0,0,0,0
