particle_id,geometry_id,tx,ty,tz,tt,tpx,tpy,tpz,te,deltapx,deltapy,deltapz,deltae,index
0,255,20,-10.515261650085449,-370.05056762695312,0,0.99984824657440186,0.0010698141995817423,0.00019542998052202165,0,0,0,0,0,0
0,511,40,-10.49388599395752,-370.04653930664062,0,0.99966037273406982,0.00088144693290814757,-0.00077047047670930624,0,0,0,0,0,0
0,767,60,-10.47615909576416,-370.06185913085938,0,0.99949562549591064,0.00041971332393586636,-0.0014303112402558327,0,0,0,0,0,0
0,1023,80,-10.467589378356934,-370.09042358398438,0,0.99932163953781128,0.00080402317689731717,-0.0016958388732746243,0,0,0,0,0,0
0,1279,100,-10.451294898986816,-370.124267578125,0,0.99918216466903687,-0.00066169531783089042,-0.001742413267493248,0,0,0,0,0,0
0,1535,120,-10.464329719543457,-370.15921020507812,0,0.99903362989425659,-0.0016496810130774975,-0.0021232592407613993,0,0,0,0,0,0
0,1791,140,-10.497098922729492,-370.201904296875,0,0.99889302253723145,-0.0018096851417794824,-0.0022888367529958487,0,0,0,0,0,0
0,2047,160,-10.53305721282959,-370.24795532226562,0,0.99873632192611694,-0.0026648268103599548,-0.0019996436312794685,0,0,0,0,0,0
0,2303,180,-10.586179733276367,-370.288330078125,0,0.99776846170425415,-0.002586182439699769,-0.0017606496112421155,0,0,0,0,0,0
