measurement_id,geometry_id,local_key,local0,local1,phi,theta,time,var_local0,var_local1,var_phi,var_theta,var_time
0,255,unknown,230.0205078125,330.93499755859375,-9.8639720818027854e-05,1.5695098638534546,0,0.0025000001769512892,0.0025000001769512892,0,0,0
1,511,unknown,229.95050048828125,330.89199829101562,-0.00016098028572741896,1.5695154666900635,0,0.0025000001769512892,0.0025000001769512892,0,0,0
2,767,unknown,229.87074279785156,330.88287353515625,-0.00020682744798250496,1.5685516595840454,0,0.0025000001769512892,0.0025000001769512892,0,0,0
3,1023,unknown,229.85319519042969,331.09738159179688,-0.00046061942703090608,1.5700277090072632,0,0.0025000001769512892,0.0025000001769512892,0,0,0
4,1279,unknown,229.79438781738281,331.025146484375,0.00018661444482859224,1.5700693130493164,0,0.0025000001769512892,0.0025000001769512892,0,0,0
5,1535,unknown,229.79531860351562,331.0552978515625,-0.00066993333166465163,1.5700821876525879,0,0.0025000001769512892,0.0025000001769512892,0,0,0
6,1791,unknown,229.78736877441406,331.06591796875,-0.00052891322411596775,1.5702805519104004,0,0.0025000001769512892,0.0025000001769512892,0,0,0
7,2047,unknown,229.84791564941406,330.99960327148438,0.0020703156478703022,1.5723339319229126,0,0.0025000001769512892,0.0025000001769512892,0,0,0
8,2303,unknown,229.90553283691406,331.1546630859375,0.0010413997806608677,1.5721650123596191,0,0.0025000001769512892,0.0025000001769512892,0,0,0
