particle_id,geometry_id,tx,ty,tz,tt,tpx,tpy,tpz,te,deltapx,deltapy,deltapz,deltae,index
0,255,20,18.978263854980469,-306.57781982421875,0,0.99988645315170288,-0.00016613096522632986,0.00079737603664398193,0,0,0,0,0,0
0,511,40,18.974845886230469,-306.5618896484375,0,0.99969238042831421,-0.00024945600307546556,0.00098456081468611956,0,0,0,0,0,0
0,767,60,18.969738006591797,-306.542236328125,0,0.99957454204559326,-4.0192877349909395e-05,0.0012388486647978425,0,0,0,0,0,0
0,1023,80,18.968784332275391,-306.5174560546875,0,0.99923098087310791,-0.0001895174355013296,0.0021304970141500235,0,0,0,0,0,0
0,1279,100,18.96473503112793,-306.47482299804688,0,0.99884498119354248,-0.001011168584227562,0.0022689898032695055,0,0,0,0,0,0
0,1535,120,18.944215774536133,-306.42950439453125,0,0.99868661165237427,-0.0012251612497493625,0.0019100421341136098,0,0,0,0,0,0
0,1791,140,18.919450759887695,-306.39138793945312,0,0.99838292598724365,-0.0011598421260714531,0.0019079138291999698,0,0,0,0,0,0
0,2047,160,18.895986557006836,-306.35330200195312,0,0.9981921911239624,-0.0031499334145337343,0.0022733479272574186,0,0,0,0,0,0
0,2303,180,18.832601547241211,-306.30813598632812,0,0.99804139137268066,-0.003200991777703166,0.0018977514700964093,0,0,0,0,0,0
