measurement_id,geometry_id,local_key,local0,local1,phi,theta,time,var_local0,var_local1,var_phi,var_theta,var_time
0,255,unknown,-194.48660278320312,-177.19091796875,2.5457226001890376e-05,1.5708432197570801,0,0.0025000001769512892,0.0025000001769512892,0,0,0
1,511,unknown,-194.44392395019531,-177.18377685546875,0.00018829111650120467,1.5702040195465088,0,0.0025000001769512892,0.0025000001769512892,0,0,0
2,767,unknown,-194.50315856933594,-177.18917846679688,0.00054188922513276339,1.57014000415802,0,0.0025000001769512892,0.0025000001769512892,0,0,0
3,1023,unknown,-194.41082763671875,-177.02316284179688,-7.9139084846246988e-05,1.5698176622390747,0,0.0025000001769512892,0.0025000001769512892,0,0,0
4,1279,unknown,-194.48016357421875,-177.03678894042969,-0.0001404983049724251,1.5697935819625854,0,0.0025000001769512892,0.0025000001769512892,0,0,0
5,1535,unknown,-194.44757080078125,-177.09745788574219,0.0025590904988348484,1.5691154003143311,0,0.0025000001769512892,0.0025000001769512892,0,0,0
6,1791,unknown,-194.40634155273438,-177.05366516113281,0.0019857482984662056,1.5699825286865234,0,0.0025000001769512892,0.0025000001769512892,0,0,0
7,2047,unknown,-194.48603820800781,-176.987548828125,0.0016698278486728668,1.5707353353500366,0,0.0025000001769512892,0.0025000001769512892,0,0,0
8,2303,unknown,-194.32980346679688,-176.99665832519531,0.001928068813867867,1.5707063674926758,0,0.0025000001769512892,0.0025000001769512892,0,0,0
