measurement_id,geometry_id,local_key,local0,local1,phi,theta,time,var_local0,var_local1,var_phi,var_theta,var_time
0,255,unknown,-177.63902282714844,-282.9119873046875,-0.0015378932002931833,1.5699518918991089,0,0.0025000001769512892,0.0025000001769512892,0,0,0
1,511,unknown,-177.64450073242188,-282.93588256835938,-0.0017917824443429708,1.5699150562286377,0,0.0025000001769512892,0.0025000001769512892,0,0,0
2,767,unknown,-177.76573181152344,-282.81283569335938,-0.002265324117615819,1.5695958137512207,0,0.0025000001769512892,0.0025000001769512892,0,0,0
3,1023,unknown,-177.74862670898438,-282.85488891601562,-0.0037864481564611197,1.570091724395752,0,0.0025000001769512892,0.0025000001769512892,0,0,0
4,1279,unknown,-177.83760070800781,-282.83987426757812,-0.0032768535893410444,1.5713281631469727,0,0.0025000001769512892,0.0025000001769512892,0,0,0
5,1535,unknown,-177.94500732421875,-282.76312255859375,-0.0041030780412256718,1.5718270540237427,0,0.0025000001769512892,0.0025000001769512892,0,0,0
6,1791,unknown,-177.95208740234375,-282.82302856445312,-0.0036854995414614677,1.5730624198913574,0,0.0025000001769512892,0.0025000001769512892,0,0,0
7,2047,unknown,-178.01832580566406,-282.93994140625,-0.0036100004799664021,1.5731228590011597,0,0.0025000001769512892,0.0025000001769512892,0,0,0
8,2303,unknown,-178.13444519042969,-282.94528198242188,-0.0030933837406337261,1.573278546333313,0,0.0025000001769512892,0.0025000001769512892,0,0,0
