measurement_id,geometry_id,local_key,local0,local1,phi,theta,time,var_local0,var_local1,var_phi,var_theta,var_time
0,255,unknown,-202.22988891601562,25.921113967895508,-0.00019200249516870826,1.5706608295440674,0,0.0025000001769512892,0.0025000001769512892,0,0,0
1,511,unknown,-202.41020202636719,25.943096160888672,0.0002756518661044538,1.570492148399353,0,0.0025000001769512892,0.0025000001769512892,0,0,0
2,767,unknown,-202.31710815429688,25.958114624023438,0.00059046252863481641,1.5711138248443604,0,0.0025000001769512892,0.0025000001769512892,0,0,0
3,1023,unknown,-202.30415344238281,25.889642715454102,0.0017249493394047022,1.5692038536071777,0,0.0025000001769512892,0.0025000001769512892,0,0,0
4,1279,unknown,-202.29347229003906,26.021203994750977,0.0019270327175036073,1.5693029165267944,0,0.0025000001769512892,0.0025000001769512892,0,0,0
5,1535,unknown,-202.20686340332031,26.076322555541992,0.0018044281750917435,1.5688298940658569,0,0.0025000001769512892,0.0025000001769512892,0,0,0
6,1791,unknown,-202.25325012207031,26.067939758300781,0.0018987323855981231,1.5683565139770508,0,0.0025000001769512892,0.0025000001769512892,0,0,0
7,2047,unknown,-202.10746765136719,26.218530654907227,0.0015080805169418454,1.568175196647644,0,0.0025000001769512892,0.0025000001769512892,0,0,0
8,2303,unknown,-202.11381530761719,26.07652473449707,0.0015212475555017591,1.5681049823760986,0,0.0025000001769512892,0.0025000001769512892,0,0,0
