particle_id,particle_type,process,vx,vy,vz,vt,px,py,pz,m,q
0,0,0,0,-83.431129455566406,191.5533447265625,0,1,0,-4.3711388286737929e-08,0,-1
