measurement_id,geometry_id,local_key,local0,local1,phi,theta,time,var_local0,var_local1,var_phi,var_theta,var_time
0,255,unknown,-368.06088256835938,-176.03683471679688,0.0002594286052044481,1.5715396404266357,0,0.0025000001769512892,0.0025000001769512892,0,0,0
1,511,unknown,-368.08233642578125,-176.05166625976562,0.0010005923686549067,1.5717271566390991,0,0.0025000001769512892,0.0025000001769512892,0,0,0
2,767,unknown,-368.01138305664062,-176.15098571777344,0.000771887949667871,1.5721023082733154,0,0.0025000001769512892,0.0025000001769512892,0,0,0
3,1023,unknown,-367.99838256835938,-176.07717895507812,0.00044745655031874776,1.5723097324371338,0,0.0025000001769512892,0.0025000001769512892,0,0,0
4,1279,unknown,-367.92013549804688,-176.17210388183594,0.00061096873832866549,1.5724769830703735,0,0.0025000001769512892,0.0025000001769512892,0,0,0
5,1535,unknown,-367.96453857421875,-176.16749572753906,-0.00038434821180999279,1.5712789297103882,0,0.0025000001769512892,0.0025000001769512892,0,0,0
6,1791,unknown,-368.01788330078125,-176.2396240234375,-0.00059573346516117454,1.5703617334365845,0,0.0025000001769512892,0.0025000001769512892,0,0,0
7,2047,unknown,-367.92910766601562,-176.22003173828125,-0.00072286115027964115,1.5705025196075439,0,0.0025000001769512892,0.0025000001769512892,0,0,0
8,2303,unknown,-367.90859985351562,-176.252197265625,-0.0011390656000003219,1.5705931186676025,0,0.0025000001769512892,0.0025000001769512892,0,0,0
