particle_id,particle_type,process,vx,vy,vz,vt,px,py,pz,m,q
0,0,0,0,18.979049682617188,431.22625732421875,0,1,0,-4.3711388286737929e-08,0,-1
