measurement_id,geometry_id,local_key,local0,local1,phi,theta,time,var_local0,var_local1,var_phi,var_theta,var_time
0,255,unknown,-211.63874816894531,662.51287841796875,-0.00013719542766921222,1.570460319519043,0,0.0025000001769512892,0.0025000001769512892,0,0,0
1,511,unknown,-211.47840881347656,662.4989013671875,0.00012157015589764342,1.5702940225601196,0,0.0025000001769512892,0.0025000001769512892,0,0,0
2,767,unknown,-211.49143981933594,662.55853271484375,-0.0001254804665222764,1.5703381299972534,0,0.0025000001769512892,0.0025000001769512892,0,0,0
3,1023,unknown,-211.53103637695312,662.59088134765625,-0.00014233461115509272,1.5703487396240234,0,0.0025000001769512892,0.0025000001769512892,0,0,0
4,1279,unknown,-211.6229248046875,662.48565673828125,0.0010196829680353403,1.5705363750457764,0,0.0025000001769512892,0.0025000001769512892,0,0,0
5,1535,unknown,-211.5546875,662.5047607421875,0.0012871014187112451,1.5700746774673462,0,0.0025000001769512892,0.0025000001769512892,0,0,0
6,1791,unknown,-211.44004821777344,662.53271484375,0.00051878549857065082,1.5701835155487061,0,0.0025000001769512892,0.0025000001769512892,0,0,0
7,2047,unknown,-211.49693298339844,662.56048583984375,0.00014321270282380283,1.5705491304397583,0,0.0025000001769512892,0.0025000001769512892,0,0,0
8,2303,unknown,-211.55702209472656,662.55621337890625,0.00036720451316796243,1.5698174238204956,0,0.0025000001769512892,0.0025000001769512892,0,0,0
