measurement_id,geometry_id,local_key,local0,local1,phi,theta,time,var_local0,var_local1,var_phi,var_theta,var_time
0,255,unknown,247.88880920410156,288.58889770507812,-0.00015968823572620749,1.5709515810012817,0,0.0025000001769512892,0.0025000001769512892,0,0,0
1,511,unknown,248.01605224609375,288.629150390625,-0.00044360608444549143,1.5715209245681763,0,0.0025000001769512892,0.0025000001769512892,0,0,0
2,767,unknown,247.90060424804688,288.69677734375,0.00015622189675923437,1.5704439878463745,0,0.0025000001769512892,0.0025000001769512892,0,0,0
3,1023,unknown,247.92926025390625,288.63241577148438,0.0010676186066120863,1.5698660612106323,0,0.0025000001769512892,0.0025000001769512892,0,0,0
4,1279,unknown,247.94297790527344,288.54745483398438,0.00075339316390454769,1.5696864128112793,0,0.0025000001769512892,0.0025000001769512892,0,0,0
5,1535,unknown,247.93965148925781,288.67071533203125,0.0014360593631863594,1.5716899633407593,0,0.0025000001769512892,0.0025000001769512892,0,0,0
6,1791,unknown,247.98674011230469,288.68386840820312,0.0012741892132908106,1.5718108415603638,0,0.0025000001769512892,0.0025000001769512892,0,0,0
7,2047,unknown,248.00262451171875,288.58493041992188,0.00046776875387877226,1.5720356702804565,0,0.0025000001769512892,0.0025000001769512892,0,0,0
8,2303,unknown,247.91191101074219,288.48526000976562,-0.00041462347144261003,1.5704365968704224,0,0.0025000001769512892,0.0025000001769512892,0,0,0
