particle_id,particle_type,process,vx,vy,vz,vt,px,py,pz,m,q
0,0,0,0,294.9427490234375,537.344482421875,0,1,0,-4.3711388286737929e-08,0,-1
