measurement_id,geometry_id,local_key,local0,local1,phi,theta,time,var_local0,var_local1,var_phi,var_theta,var_time
0,255,unknown,175.81181335449219,342.2060546875,0.00033212814014405012,1.5710322856903076,0,0.0025000001769512892,0.0025000001769512892,0,0,0
1,511,unknown,175.76654052734375,342.18038940429688,-0.00052774330833926797,1.570559024810791,0,0.0025000001769512892,0.0025000001769512892,0,0,0
2,767,unknown,175.85366821289062,342.2003173828125,-0.00039116229163482785,1.5710939168930054,0,0.0025000001769512892,0.0025000001769512892,0,0,0
3,1023,unknown,175.76640319824219,342.12759399414062,0.0008006706484593451,1.5734782218933105,0,0.0025000001769512892,0.0025000001769512892,0,0,0
4,1279,unknown,175.82676696777344,342.06814575195312,0.0008751389104872942,1.5725680589675903,0,0.0025000001769512892,0.0025000001769512892,0,0,0
5,1535,unknown,175.82695007324219,342.04391479492188,0.0007619198877364397,1.5735197067260742,0,0.0025000001769512892,0.0025000001769512892,0,0,0
6,1791,unknown,175.90229797363281,342.01272583007812,0.0010816216235980392,1.5710471868515015,0,0.0025000001769512892,0.0025000001769512892,0,0,0
7,2047,unknown,175.84074401855469,342.00897216796875,0.0009244602988474071,1.5720169544219971,0,0.0025000001769512892,0.0025000001769512892,0,0,0
8,2303,unknown,175.92900085449219,342.00503540039062,0.00072896282654255629,1.5742659568786621,0,0.0025000001769512892,0.0025000001769512892,0,0,0
