measurement_id,geometry_id,local_key,local0,local1,phi,theta,time,var_local0,var_local1,var_phi,var_theta,var_time
0,255,unknown,-143.4486083984375,238.83010864257812,0.00027490386855788529,1.572954535484314,0,0.0025000001769512892,0.0025000001769512892,0,0,0
1,511,unknown,-143.26527404785156,238.81156921386719,0.00024748771102167666,1.572954535484314,0,0.0025000001769512892,0.0025000001769512892,0,0,0
2,767,unknown,-143.314453125,238.75184631347656,0.0010865567019209266,1.5748262405395508,0,0.0025000001769512892,0.0025000001769512892,0,0,0
3,1023,unknown,-143.42979431152344,238.79306030273438,0.0013125147670507431,1.5746678113937378,0,0.0025000001769512892,0.0025000001769512892,0,0,0
4,1279,unknown,-143.29794311523438,238.56448364257812,0.0019219550304114819,1.5744860172271729,0,0.0025000001769512892,0.0025000001769512892,0,0,0
5,1535,unknown,-143.31390380859375,238.44046020507812,0.0018129105446860194,1.5750491619110107,0,0.0025000001769512892,0.0025000001769512892,0,0,0
6,1791,unknown,-143.20530700683594,238.36503601074219,0.0012219925411045551,1.5747555494308472,0,0.0025000001769512892,0.0025000001769512892,0,0,0
7,2047,unknown,-143.1800537109375,238.46379089355469,0.0014419181970879436,1.5759378671646118,0,0.0025000001769512892,0.0025000001769512892,0,0,0
8,2303,unknown,-143.12947082519531,238.27084350585938,0.0019772876985371113,1.5770332813262939,0,0.0025000001769512892,0.0025000001769512892,0,0,0
