measurement_id,geometry_id,local_key,local0,local1,phi,theta,time,var_local0,var_local1,var_phi,var_theta,var_time
0,255,unknown,383.19595336914062,-521.96484375,-0.00043435441330075264,1.5696935653686523,0,0.0025000001769512892,0.0025000001769512892,0,0,0
1,511,unknown,383.2333984375,-521.970703125,0.00018314445333089679,1.5695838928222656,0,0.0025000001769512892,0.0025000001769512892,0,0,0
2,767,unknown,383.15597534179688,-521.82904052734375,0.00091130699729546905,1.5689704418182373,0,0.0025000001769512892,0.0025000001769512892,0,0,0
3,1023,unknown,383.2076416015625,-521.73211669921875,0.0018603056669235229,1.5723797082901001,0,0.0025000001769512892,0.0025000001769512892,0,0,0
4,1279,unknown,383.28131103515625,-521.90069580078125,0.0008360830252058804,1.5722213983535767,0,0.0025000001769512892,0.0025000001769512892,0,0,0
5,1535,unknown,383.26828002929688,-521.9671630859375,0.00078955444041639566,1.5715494155883789,0,0.0025000001769512892,0.0025000001769512892,0,0,0
6,1791,unknown,383.30810546875,-521.90521240234375,0.00050609692698344588,1.5711588859558105,0,0.0025000001769512892,0.0025000001769512892,0,0,0
7,2047,unknown,383.30856323242188,-521.8394775390625,0.00098527001682668924,1.571037769317627,0,0.0025000001769512892,0.0025000001769512892,0,0,0
8,2303,unknown,383.26766967773438,-521.95574951171875,0.001293806592002511,1.5715377330780029,0,0.0025000001769512892,0.0025000001769512892,0,0,0
