particle_id,geometry_id,tx,ty,tz,tt,tpx,tpy,tpz,te,deltapx,deltapy,deltapz,deltae,index
0,255,20,-77.751747131347656,-86.731513977050781,0,0.99981182813644409,-0.00054956227540969849,-0.0027470698114484549,0,0,0,0,0,0
0,511,40,-77.762413024902344,-86.786529541015625,0,0.99964672327041626,-0.00089032301912084222,-0.0043158307671546936,0,0,0,0,0,0
0,767,60,-77.779708862304688,-86.872978210449219,0,0.9992709755897522,-0.0011768927797675133,-0.0042776386253535748,0,0,0,0,0,0
0,1023,80,-77.802749633789062,-86.958732604980469,0,0.99911552667617798,-0.00039690666017122567,-0.0035966385621577501,0,0,0,0,0,0
0,1279,100,-77.810264587402344,-87.030776977539062,0,0.99898731708526611,-0.00044809639803133905,-0.003541991114616394,0,0,0,0,0,0
0,1535,120,-77.818809509277344,-87.101737976074219,0,0.99882763624191284,-0.00034474287531338632,-0.003916141577064991,0,0,0,0,0,0
0,1791,140,-77.825241088867188,-87.180191040039062,0,0.99802976846694946,-0.00031022768234834075,-0.0031465706415474415,0,0,0,0,0,0
0,2047,160,-77.831077575683594,-87.2432861328125,0,0.99778264760971069,0.002051779767498374,-0.0024907614570111036,0,0,0,0,0,0
0,2303,180,-77.789649963378906,-87.292961120605469,0,0.99727290868759155,0.0018043431919068098,-0.0015883403830230236,0,0,0,0,0,0
