particle_id,geometry_id,tx,ty,tz,tt,tpx,tpy,tpz,te,deltapx,deltapy,deltapz,deltae,index
0,255,20,126.51348114013672,-71.021400451660156,0,0.99980390071868896,-1.7854983525467105e-05,0.00027873215731233358,0,0,0,0,0,0
0,511,40,126.51309204101562,-71.015823364257812,0,0.99966466426849365,0.0012724652187898755,0.0018400533590465784,0,0,0,0,0,0
0,767,60,126.538330078125,-70.978858947753906,0,0.99951839447021484,0.0014357970794662833,0.0017958171665668488,0,0,0,0,0,0
0,1023,80,126.56684112548828,-70.942756652832031,0,0.99914056062698364,0.0013991709565743804,0.00080142717342823744,0,0,0,0,0,0
0,1279,100,126.59474945068359,-70.926544189453125,0,0.99898362159729004,0.0013306057080626488,0.00086656160419806838,0,0,0,0,0,0
0,1535,120,126.62128448486328,-70.909034729003906,0,0.99884480237960815,0.0014786939136683941,0.00077689939644187689,0,0,0,0,0,0
0,1791,140,126.65079498291016,-70.893302917480469,0,0.99871611595153809,0.001868993160314858,0.00059047638205811381,0,0,0,0,0,0
0,2047,160,126.68814849853516,-70.881256103515625,0,0.99804121255874634,0.0015542636392638087,0.00037175614852458239,0,0,0,0,0,0
0,2303,180,126.71924591064453,-70.873619079589844,0,0.99762701988220215,0.0012995830038562417,0.00034389187931083143,0,0,0,0,0,0
