particle_id,particle_type,process,vx,vy,vz,vt,px,py,pz,m,q
0,0,0,0,151.55860900878906,17.858623504638672,0,1,0,-4.3711388286737929e-08,0,-1
