particle_id,particle_type,process,vx,vy,vz,vt,px,py,pz,m,q
0,0,0,0,-65.329864501953125,-89.316322326660156,0,1,0,-4.3711388286737929e-08,0,-1
