measurement_id,geometry_id,local_key,local0,local1,phi,theta,time,var_local0,var_local1,var_phi,var_theta,var_time
0,255,unknown,209.08355712890625,14.124536514282227,0.00070955656701698899,1.5728063583374023,0,0.0025000001769512892,0.0025000001769512892,0,0,0
1,511,unknown,209.07061767578125,14.052207946777344,0.00071732030482962728,1.5724387168884277,0,0.0025000001769512892,0.0025000001769512892,0,0,0
2,767,unknown,209.11506652832031,14.018908500671387,0.00048357885680161417,1.5744445323944092,0,0.0025000001769512892,0.0025000001769512892,0,0,0
3,1023,unknown,209.12361145019531,13.916350364685059,-8.3765073213726282e-05,1.5734888315200806,0,0.0025000001769512892,0.0025000001769512892,0,0,0
4,1279,unknown,209.08338928222656,13.864120483398438,0.00053330842638388276,1.5731298923492432,0,0.0025000001769512892,0.0025000001769512892,0,0,0
5,1535,unknown,209.16770935058594,13.843308448791504,-0.00074906513327732682,1.5717192888259888,0,0.0025000001769512892,0.0025000001769512892,0,0,0
6,1791,unknown,209.20219421386719,13.795526504516602,-0.00081358110764995217,1.5718358755111694,0,0.0025000001769512892,0.0025000001769512892,0,0,0
7,2047,unknown,208.99942016601562,13.876826286315918,0.0014224668266251683,1.5718973875045776,0,0.0025000001769512892,0.0025000001769512892,0,0,0
8,2303,unknown,209.06413269042969,13.798331260681152,0.0023344880901277065,1.5733417272567749,0,0.0025000001769512892,0.0025000001769512892,0,0,0
