measurement_id,geometry_id,local_key,local0,local1,phi,theta,time,var_local0,var_local1,var_phi,var_theta,var_time
0,255,unknown,-473.53897094726562,87.485740661621094,-2.5832212486420758e-05,1.5708084106445312,0,0.0025000001769512892,0.0025000001769512892,0,0,0
1,511,unknown,-473.58023071289062,87.538925170898438,0.0018659821944311261,1.571666955947876,0,0.0025000001769512892,0.0025000001769512892,0,0,0
2,767,unknown,-473.51824951171875,87.557098388671875,0.0017983183497563004,1.571904182434082,0,0.0025000001769512892,0.0025000001769512892,0,0,0
3,1023,unknown,-473.47964477539062,87.480743408203125,0.0017962391721084714,1.5719741582870483,0,0.0025000001769512892,0.0025000001769512892,0,0,0
4,1279,unknown,-473.44674682617188,87.52032470703125,0.001776781165972352,1.5719362497329712,0,0.0025000001769512892,0.0025000001769512892,0,0,0
5,1535,unknown,-473.45199584960938,87.524978637695312,0.0019602277316153049,1.5713099241256714,0,0.0025000001769512892,0.0025000001769512892,0,0,0
6,1791,unknown,-473.42819213867188,87.53826904296875,0.0026560444384813309,1.5727825164794922,0,0.0025000001769512892,0.0025000001769512892,0,0,0
7,2047,unknown,-473.21575927734375,87.448143005371094,0.0025279864203184843,1.572529673576355,0,0.0025000001769512892,0.0025000001769512892,0,0,0
8,2303,unknown,-473.2691650390625,87.422920227050781,0.0033851643092930317,1.5725613832473755,0,0.0025000001769512892,0.0025000001769512892,0,0,0
