measurement_id,geometry_id,local_key,local0,local1,phi,theta,time,var_local0,var_local1,var_phi,var_theta,var_time
0,255,unknown,66.438743591308594,133.23878479003906,5.2669674914795905e-05,1.5708960294723511,0,0.0025000001769512892,0.0025000001769512892,0,0,0
1,511,unknown,66.459388732910156,133.25765991210938,0.0011345435632392764,1.5710889101028442,0,0.0025000001769512892,0.0025000001769512892,0,0,0
2,767,unknown,66.541221618652344,133.31169128417969,0.00057942850980907679,1.5715203285217285,0,0.0025000001769512892,0.0025000001769512892,0,0,0
3,1023,unknown,66.43914794921875,133.30058288574219,-0.00019828150107059628,1.5713835954666138,0,0.0025000001769512892,0.0025000001769512892,0,0,0
4,1279,unknown,66.489814758300781,133.32492065429688,0.00078635179670527577,1.5730533599853516,0,0.0025000001769512892,0.0025000001769512892,0,0,0
5,1535,unknown,66.426651000976562,133.34147644042969,0.00068284996086731553,1.5731505155563354,0,0.0025000001769512892,0.0025000001769512892,0,0,0
6,1791,unknown,66.543960571289062,133.25973510742188,0.00050057633779942989,1.5729676485061646,0,0.0025000001769512892,0.0025000001769512892,0,0,0
7,2047,unknown,66.549972534179688,133.158935546875,0.00082739937352016568,1.5730030536651611,0,0.0025000001769512892,0.0025000001769512892,0,0,0
8,2303,unknown,66.622261047363281,133.11488342285156,0.00012723093095701188,1.5732954740524292,0,0.0025000001769512892,0.0025000001769512892,0,0,0
