measurement_id,geometry_id,local_key,local0,local1,phi,theta,time,var_local0,var_local1,var_phi,var_theta,var_time
0,255,unknown,369.84957885742188,-195.63145446777344,-0.0018605563091114163,1.5701931715011597,0,0.0025000001769512892,0.0025000001769512892,0,0,0
1,511,unknown,369.78286743164062,-195.4151611328125,-0.002106094965711236,1.569425106048584,0,0.0025000001769512892,0.0025000001769512892,0,0,0
2,767,unknown,369.7354736328125,-195.48551940917969,-0.0019406412029638886,1.570381760597229,0,0.0025000001769512892,0.0025000001769512892,0,0,0
3,1023,unknown,369.62820434570312,-195.44924926757812,-0.0021637675818055868,1.5707228183746338,0,0.0025000001769512892,0.0025000001769512892,0,0,0
4,1279,unknown,369.48870849609375,-195.51954650878906,-0.0023793661966919899,1.5707707405090332,0,0.0025000001769512892,0.0025000001769512892,0,0,0
5,1535,unknown,369.65127563476562,-195.56391906738281,-0.0023167016915977001,1.5697072744369507,0,0.0025000001769512892,0.0025000001769512892,0,0,0
6,1791,unknown,369.54351806640625,-195.553955078125,-0.0020050765015184879,1.5701507329940796,0,0.0025000001769512892,0.0025000001769512892,0,0,0
7,2047,unknown,369.52239990234375,-195.489013671875,-0.0015307919820770621,1.570217490196228,0,0.0025000001769512892,0.0025000001769512892,0,0,0
8,2303,unknown,369.46124267578125,-195.48678588867188,-0.00022519382764585316,1.5700610876083374,0,0.0025000001769512892,0.0025000001769512892,0,0,0
