particle_id,geometry_id,tx,ty,tz,tt,tpx,tpy,tpz,te,deltapx,deltapy,deltapz,deltae,index
0,255,20,-12.807483673095703,385.98898315429688,0,0.99982494115829468,-0.00016087076801341027,-0.00065844063647091389,0,0,0,0,0,0
0,511,40,-12.810622215270996,385.97579956054688,0,0.99965697526931763,-0.00038383490755222738,-0.00016175521886907518,0,0,0,0,0,0
0,767,60,-12.818282127380371,385.97250366210938,0,0.99952894449234009,-6.9838286435697228e-05,-0.00058913684915751219,0,0,0,0,0,0
0,1023,80,-12.819608688354492,385.960693359375,0,0.99932694435119629,-0.00080886617070063949,0.00062073807930573821,0,0,0,0,0,0
0,1279,100,-12.835870742797852,385.9730224609375,0,0.9991384744644165,-0.00041488563874736428,0.00059382186736911535,0,0,0,0,0,0
0,1535,120,-12.844246864318848,385.98486328125,0,0.99894380569458008,-0.00067485286854207516,-0.00025643027038313448,0,0,0,0,0,0
0,1791,140,-12.85772705078125,385.97964477539062,0,0.99877548217773438,5.5271611927310005e-05,-0.00076740689110010862,0,0,0,0,0,0
0,2047,160,-12.856528282165527,385.96429443359375,0,0.99851220846176147,-0.00049832230433821678,0.00051465054275467992,0,0,0,0,0,0
0,2303,180,-12.866571426391602,385.97454833984375,0,0.99834269285202026,-9.7171207016799599e-05,0.0024204214569181204,0,0,0,0,0,0
