particle_id,geometry_id,tx,ty,tz,tt,tpx,tpy,tpz,te,deltapx,deltapy,deltapz,deltae,index
0,255,20,-44.796424865722656,36.377090454101562,0,0.99983316659927368,-0.00030628347303718328,-6.9411944423336536e-05,0,0,0,0,0,0
0,511,40,-44.802543640136719,36.375663757324219,0,0.99970364570617676,0.0010234274668619037,0.0014706839574500918,0,0,0,0,0,0
0,767,60,-44.782245635986328,36.405208587646484,0,0.99956083297729492,0.00052612629951909184,0.001354175852611661,0,0,0,0,0,0
0,1023,80,-44.771881103515625,36.432365417480469,0,0.99941736459732056,0.0010569654405117035,0.00012004932796116918,0,0,0,0,0,0
0,1279,100,-44.750743865966797,36.434894561767578,0,0.99927228689193726,-8.7897649791557342e-05,-0.0001690785720711574,0,0,0,0,0,0
0,1535,120,-44.752483367919922,36.431499481201172,0,0.99914509057998657,0.0013560567749664187,0.0012792905326932669,0,0,0,0,0,0
0,1791,140,-44.725494384765625,36.457267761230469,0,0.99900650978088379,0.0013771875528618693,0.0015082446625456214,0,0,0,0,0,0
0,2047,160,-44.698104858398438,36.487628936767578,0,0.99804073572158813,0.0030542120803147554,-7.2738141170702875e-05,0,0,0,0,0,0
0,2303,180,-44.636894226074219,36.486537933349609,0,0.99790626764297485,0.0021514827385544777,0.00098066264763474464,0,0,0,0,0,0
