particle_id,geometry_id,tx,ty,tz,tt,tpx,tpy,tpz,te,deltapx,deltapy,deltapz,deltae,index
0,255,20,137.98110961914062,106.82298278808594,0,0.99978035688400269,0.0015553112607449293,-0.0020712129771709442,0,0,0,0,0,0
0,511,40,138.01246643066406,106.78173828125,0,0.999642014503479,0.0015701729571446776,-0.0020511450711637735,0,0,0,0,0,0
0,767,60,138.04412841796875,106.74089050292969,0,0.99945396184921265,0.0026655853725969791,-0.0020847199484705925,0,0,0,0,0,0
0,1023,80,138.09771728515625,106.69949340820312,0,0.99927008152008057,0.0029617981053888798,-0.0025685753207653761,0,0,0,0,0,0
0,1279,100,138.15730285644531,106.6484375,0,0.99914121627807617,0.0021602555643767118,-0.0023015560582280159,0,0,0,0,0,0
0,1535,120,138.20082092285156,106.60263061523438,0,0.99896019697189331,0.0024832068011164665,-0.0019947318360209465,0,0,0,0,0,0
0,1791,140,138.25077819824219,106.56299591064453,0,0.99874371290206909,0.0012766256695613265,-0.0022211046889424324,0,0,0,0,0,0
0,2047,160,138.276611328125,106.51866912841797,0,0.99855732917785645,0.0013535104226320982,-0.0019986846018582582,0,0,0,0,0,0
0,2303,180,138.303955078125,106.47879791259766,0,0.99843966960906982,0.0010174036724492908,-0.0016754178795963526,0,0,0,0,0,0
