particle_id,geometry_id,tx,ty,tz,tt,tpx,tpy,tpz,te,deltapx,deltapy,deltapz,deltae,index
0,255,20,-517.08721923828125,58.046096801757812,0,0.9998396635055542,-0.00038977636722847819,0.00033833723864518106,0,0,0,0,0,0
0,511,40,-517.09503173828125,58.052818298339844,0,0.99971401691436768,-0.001861648284830153,-0.0010908566182479262,0,0,0,0,0,0
0,767,60,-517.13214111328125,58.030773162841797,0,0.9995618462562561,-0.00198979745618999,-0.0024562380276620388,0,0,0,0,0,0
0,1023,80,-517.171630859375,57.981388092041016,0,0.99936497211456299,-0.0023226973135024309,-0.0016029918333515525,0,0,0,0,0,0
0,1279,100,-517.2178955078125,57.949028015136719,0,0.99910235404968262,-0.0025689320173114538,-0.001765861758030951,0,0,0,0,0,0
0,1535,120,-517.26910400390625,57.913372039794922,0,0.99894201755523682,-0.0030444229487329721,-0.0014217850985005498,0,0,0,0,0,0
0,1791,140,-517.32989501953125,57.884540557861328,0,0.99880200624465942,-0.0025449681561440229,-0.00034807610791176558,0,0,0,0,0,0
0,2047,160,-517.38079833984375,57.877265930175781,0,0.99856483936309814,-0.00252732471562922,-0.00045167608186602592,0,0,0,0,0,0
0,2303,180,-517.43133544921875,57.867916107177734,0,0.9978950023651123,-0.002521800808608532,-0.00048491946654394269,0,0,0,0,0,0
