particle_id,particle_type,process,vx,vy,vz,vt,px,py,pz,m,q
0,0,0,0,293.86538696289062,272.20513916015625,0,1,0,-4.3711388286737929e-08,0,-1
