measurement_id,geometry_id,local_key,local0,local1,phi,theta,time,var_local0,var_local1,var_phi,var_theta,var_time
0,255,unknown,-115.69784545898438,-156.33143615722656,-0.00023544493888039142,1.5724841356277466,0,0.0025000001769512892,0.0025000001769512892,0,0,0
1,511,unknown,-115.68366241455078,-156.38275146484375,0.0010495994938537478,1.5719919204711914,0,0.0025000001769512892,0.0025000001769512892,0,0,0
2,767,unknown,-115.63436889648438,-156.35267639160156,0.0009007742628455162,1.5717931985855103,0,0.0025000001769512892,0.0025000001769512892,0,0,0
3,1023,unknown,-115.69743347167969,-156.40272521972656,-0.00039872652268968523,1.5720951557159424,0,0.0025000001769512892,0.0025000001769512892,0,0,0
4,1279,unknown,-115.66122436523438,-156.32339477539062,-0.00045381917152553797,1.5720407962799072,0,0.0025000001769512892,0.0025000001769512892,0,0,0
5,1535,unknown,-115.68123626708984,-156.45989990234375,-0.00051572127267718315,1.5714181661605835,0,0.0025000001769512892,0.0025000001769512892,0,0,0
6,1791,unknown,-115.62863922119141,-156.46304321289062,0.00019196697394363582,1.5717686414718628,0,0.0025000001769512892,0.0025000001769512892,0,0,0
7,2047,unknown,-115.67600250244141,-156.56141662597656,-9.82360725174658e-05,1.5717746019363403,0,0.0025000001769512892,0.0025000001769512892,0,0,0
8,2303,unknown,-115.72232818603516,-156.45172119140625,-0.0002627819194458425,1.5717710256576538,0,0.0025000001769512892,0.0025000001769512892,0,0,0
