measurement_id,geometry_id,local_key,local0,local1,phi,theta,time,var_local0,var_local1,var_phi,var_theta,var_time
0,255,unknown,-147.49263000488281,186.12052917480469,-0.00033170240931212902,1.5683642625808716,0,0.0025000001769512892,0.0025000001769512892,0,0,0
1,511,unknown,-147.49026489257812,186.15512084960938,0.00035985789145343006,1.56931471824646,0,0.0025000001769512892,0.0025000001769512892,0,0,0
2,767,unknown,-147.54096984863281,186.15824890136719,0.00042571403901092708,1.5678021907806396,0,0.0025000001769512892,0.0025000001769512892,0,0,0
3,1023,unknown,-147.496826171875,186.29168701171875,0.0012068919604644179,1.5690134763717651,0,0.0025000001769512892,0.0025000001769512892,0,0,0
4,1279,unknown,-147.48356628417969,186.16763305664062,0.00077699864050373435,1.5680069923400879,0,0.0025000001769512892,0.0025000001769512892,0,0,0
5,1535,unknown,-147.45155334472656,186.32154846191406,0.0013044056249782443,1.567419171333313,0,0.0025000001769512892,0.0025000001769512892,0,0,0
6,1791,unknown,-147.39157104492188,186.36383056640625,0.0010532888118177652,1.5644677877426147,0,0.0025000001769512892,0.0025000001769512892,0,0,0
7,2047,unknown,-147.34625244140625,186.55317687988281,0.00089514628052711487,1.5643166303634644,0,0.0025000001769512892,0.0025000001769512892,0,0,0
8,2303,unknown,-147.39469909667969,186.68006896972656,0.00097207783255726099,1.564824104309082,0,0.0025000001769512892,0.0025000001769512892,0,0,0
