measurement_id,geometry_id,local_key,local0,local1,phi,theta,time,var_local0,var_local1,var_phi,var_theta,var_time
0,255,unknown,-137.86642456054688,-40.5869140625,0.00060399429639801383,1.5709385871887207,0,0.0025000001769512892,0.0025000001769512892,0,0,0
1,511,unknown,-137.78565979003906,-40.598350524902344,0.00057474675122648478,1.5713669061660767,0,0.0025000001769512892,0.0025000001769512892,0,0,0
2,767,unknown,-137.80513000488281,-40.54266357421875,0.00027087691705673933,1.5707602500915527,0,0.0025000001769512892,0.0025000001769512892,0,0,0
3,1023,unknown,-137.79570007324219,-40.548294067382812,0.00019767052435781807,1.5706789493560791,0,0.0025000001769512892,0.0025000001769512892,0,0,0
4,1279,unknown,-137.8499755859375,-40.547897338867188,0.00045611412497237325,1.5709866285324097,0,0.0025000001769512892,0.0025000001769512892,0,0,0
5,1535,unknown,-137.68205261230469,-40.61767578125,-0.0018011061474680901,1.5720264911651611,0,0.0025000001769512892,0.0025000001769512892,0,0,0
6,1791,unknown,-137.82575988769531,-40.736534118652344,-0.0014792288420721889,1.5728218555450439,0,0.0025000001769512892,0.0025000001769512892,0,0,0
7,2047,unknown,-137.93060302734375,-40.679126739501953,-0.0014316715532913804,1.5726075172424316,0,0.0025000001769512892,0.0025000001769512892,0,0,0
8,2303,unknown,-137.89639282226562,-40.734870910644531,-0.0027706909459084272,1.5722635984420776,0,0.0025000001769512892,0.0025000001769512892,0,0,0
