particle_id,particle_type,process,vx,vy,vz,vt,px,py,pz,m,q
0,0,0,0,-294.75857543945312,-362.47882080078125,0,1,0,-4.3711388286737929e-08,0,-1
