particle_id,geometry_id,tx,ty,tz,tt,tpx,tpy,tpz,te,deltapx,deltapy,deltapz,deltae,index
0,255,20,-85.65557861328125,167.03823852539062,0,0.99987697601318359,-0.00010355094127589837,8.7564338173251599e-05,0,0,0,0,0,0
0,511,40,-85.657661437988281,167.03997802734375,0,0.99967867136001587,0.00023657979909330606,0.00040883198380470276,0,0,0,0,0,0
0,767,60,-85.652976989746094,167.04818725585938,0,0.99952554702758789,0.0015557511942461133,4.8808986321091652e-05,0,0,0,0,0,0
0,1023,80,-85.621856689453125,167.04934692382812,0,0.99932765960693359,0.00065335084218531847,0.0012047102209180593,0,0,0,0,0,0
0,1279,100,-85.608924865722656,167.07353210449219,0,0.99914348125457764,0.00070943712489679456,0.001185907400213182,0,0,0,0,0,0
0,1535,120,-85.594863891601562,167.09735107421875,0,0.99872130155563354,0.0015533615369349718,0.0018804639112204313,0,0,0,0,0,0
0,1791,140,-85.563980102539062,167.13519287109375,0,0.99842000007629395,0.0015084745828062296,0.0014234493719413877,0,0,0,0,0,0
0,2047,160,-85.533935546875,167.16389465332031,0,0.99824368953704834,0.00083030021050944924,0.0028439443558454514,0,0,0,0,0,0
0,2303,180,-85.51763916015625,167.22097778320312,0,0.99800604581832886,0.0010798183502629399,0.0036363413091748953,0,0,0,0,0,0
