particle_id,geometry_id,tx,ty,tz,tt,tpx,tpy,tpz,te,deltapx,deltapy,deltapz,deltae,index
0,255,20,271.16156005859375,-208.30647277832031,0,0.99986487627029419,0.00053419370669871569,-0.0010383359622210264,0,0,0,0,0,0
0,511,40,271.17236328125,-208.32717895507812,0,0.99973678588867188,0.00014892402396071702,-0.0011284205829724669,0,0,0,0,0,0
0,767,60,271.17547607421875,-208.3497314453125,0,0.99878883361816406,-0.00033502912265248597,-0.00018995220307260752,0,0,0,0,0,0
0,1023,80,271.16879272460938,-208.35357666015625,0,0.99863207340240479,-0.00054722826462239027,0.00012435966345947236,0,0,0,0,0,0
0,1279,100,271.15780639648438,-208.35115051269531,0,0.99850296974182129,-0.0031717256642878056,-0.00070447177859023213,0,0,0,0,0,0
0,1535,120,271.0943603515625,-208.36564636230469,0,0.99820059537887573,-0.0025614770129323006,-0.0010898018954321742,0,0,0,0,0,0
0,1791,140,271.04318237304688,-208.38778686523438,0,0.9980577826499939,-0.002717410447075963,-0.00082384888082742691,0,0,0,0,0,0
0,2047,160,270.98883056640625,-208.40461730957031,0,0.9979214072227478,-0.0033074414823204279,-0.0010191927431151271,0,0,0,0,0,0
0,2303,180,270.92266845703125,-208.42544555664062,0,0.99772202968597412,-0.0034139319323003292,-0.0013492819853127003,0,0,0,0,0,0
