particle_id,geometry_id,tx,ty,tz,tt,tpx,tpy,tpz,te,deltapx,deltapy,deltapz,deltae,index
0,255,20,115.36273956298828,-175.76634216308594,0,0.99985605478286743,0.00098701962269842625,-0.0026015383191406727,0,0,0,0,0,0
0,511,40,115.38279724121094,-175.81826782226562,0,0.99883854389190674,0.0018534872215241194,-0.0032164016738533974,0,0,0,0,0,0
0,767,60,115.42029571533203,-175.8824462890625,0,0.99870258569717407,0.0022768708877265453,-0.00041054512257687747,0,0,0,0,0,0
0,1023,80,115.4659423828125,-175.89039611816406,0,0.99855339527130127,0.0048353974707424641,0.00098595034796744585,0,0,0,0,0,0
0,1279,100,115.56266784667969,-175.87007141113281,0,0.99831497669219971,0.0043951328843832016,0.0012964473571628332,0,0,0,0,0,0
0,1535,120,115.65055847167969,-175.84356689453125,0,0.99815148115158081,0.0049710003659129143,0.00068962486693635583,0,0,0,0,0,0
0,1791,140,115.75007629394531,-175.82914733886719,0,0.99798983335494995,0.0040431534871459007,0.0021247752010822296,0,0,0,0,0,0
0,2047,160,115.83084106445312,-175.78608703613281,0,0.99782586097717285,0.0042289965786039829,0.0019596796482801437,0,0,0,0,0,0
0,2303,180,115.91536712646484,-175.74629211425781,0,0.99763047695159912,0.0046677794307470322,0.0021139068994671106,0,0,0,0,0,0
