particle_id,particle_type,process,vx,vy,vz,vt,px,py,pz,m,q
0,0,0,0,107.52008819580078,33.039035797119141,0,1,0,-4.3711388286737929e-08,0,-1
