particle_id,particle_type,process,vx,vy,vz,vt,px,py,pz,m,q
0,0,0,0,-417.62518310546875,295.32049560546875,0,1,0,-4.3711388286737929e-08,0,-1
