measurement_id,geometry_id,local_key,local0,local1,phi,theta,time,var_local0,var_local1,var_phi,var_theta,var_time
0,255,unknown,181.0791015625,206.40725708007812,0.001029060804285109,1.5713329315185547,0,0.0025000001769512892,0.0025000001769512892,0,0,0
1,511,unknown,181.09909057617188,206.4453125,0.00040888084913603961,1.57112717628479,0,0.0025000001769512892,0.0025000001769512892,0,0,0
2,767,unknown,181.04295349121094,206.40731811523438,-0.0005207225913181901,1.569157600402832,0,0.0025000001769512892,0.0025000001769512892,0,0,0
3,1023,unknown,181.08154296875,206.46331787109375,-0.00096497056074440479,1.5692543983459473,0,0.0025000001769512892,0.0025000001769512892,0,0,0
4,1279,unknown,180.988037109375,206.48013305664062,-0.0014861796516925097,1.5693093538284302,0,0.0025000001769512892,0.0025000001769512892,0,0,0
5,1535,unknown,180.88198852539062,206.51637268066406,-0.00209260662086308,1.5687844753265381,0,0.0025000001769512892,0.0025000001769512892,0,0,0
6,1791,unknown,180.99911499023438,206.53572082519531,-0.002138098469004035,1.5678983926773071,0,0.0025000001769512892,0.0025000001769512892,0,0,0
7,2047,unknown,180.97856140136719,206.61209106445312,-0.0021707587875425816,1.5676203966140747,0,0.0025000001769512892,0.0025000001769512892,0,0,0
8,2303,unknown,180.89189147949219,206.64791870117188,-0.002417177427560091,1.5671490430831909,0,0.0025000001769512892,0.0025000001769512892,0,0,0
