particle_id,geometry_id,tx,ty,tz,tt,tpx,tpy,tpz,te,deltapx,deltapy,deltapz,deltae,index
0,255,20,15.135359764099121,-187.79747009277344,0,0.99979537725448608,-0.0014079789398238063,-0.00062552670715376735,0,0,0,0,0,0
0,511,40,15.107270240783691,-187.81015014648438,0,0.99955695867538452,-0.0018984207417815924,-0.00087393901776522398,0,0,0,0,0,0
0,767,60,15.069391250610352,-187.82786560058594,0,0.99931490421295166,-0.0023269644007086754,-0.00093496002955362201,0,0,0,0,0,0
0,1023,80,15.022933006286621,-187.84686279296875,0,0.9991917610168457,-0.0026849750429391861,-0.00097558251582086086,0,0,0,0,0,0
0,1279,100,14.969308853149414,-187.86671447753906,0,0.99886035919189453,-0.0026497072540223598,-0.00059112632879987359,0,0,0,0,0,0
0,1535,120,14.916326522827148,-187.87887573242188,0,0.99869680404663086,-0.0030890530906617641,-0.0008100906852632761,0,0,0,0,0,0
0,1791,140,14.85456371307373,-187.89547729492188,0,0.99848031997680664,-0.0028519434854388237,-0.00074516294989734888,0,0,0,0,0,0
0,2047,160,14.797529220581055,-187.91075134277344,0,0.99834626913070679,-0.0036048158071935177,-0.0014628325589001179,0,0,0,0,0,0
0,2303,180,14.725491523742676,-187.94049072265625,0,0.99816513061523438,-0.0028409594669938087,-0.001277532079257071,0,0,0,0,0,0
