measurement_id,geometry_id,local_key,local0,local1,phi,theta,time,var_local0,var_local1,var_phi,var_theta,var_time
0,255,unknown,324.44857788085938,-185.2940673828125,-0.00086143170483410358,1.5719305276870728,0,0.0025000001769512892,0.0025000001769512892,0,0,0
1,511,unknown,324.41305541992188,-185.39320373535156,-0.0006386458408087492,1.5718222856521606,0,0.0025000001769512892,0.0025000001769512892,0,0,0
2,767,unknown,324.3870849609375,-185.30935668945312,-0.0030711132567375898,1.5720890760421753,0,0.0025000001769512892,0.0025000001769512892,0,0,0
3,1023,unknown,324.27593994140625,-185.39518737792969,-0.0039167799986898899,1.5704318284988403,0,0.0025000001769512892,0.0025000001769512892,0,0,0
4,1279,unknown,324.2802734375,-185.30712890625,-0.0046705445274710655,1.5691908597946167,0,0.0025000001769512892,0.0025000001769512892,0,0,0
5,1535,unknown,324.18084716796875,-185.33604431152344,-0.0050064697861671448,1.5693957805633545,0,0.0025000001769512892,0.0025000001769512892,0,0,0
6,1791,unknown,324.1036376953125,-185.40438842773438,-0.004245770163834095,1.5678982734680176,0,0.0025000001769512892,0.0025000001769512892,0,0,0
7,2047,unknown,323.98971557617188,-185.32847595214844,-0.0043382826261222363,1.5689178705215454,0,0.0025000001769512892,0.0025000001769512892,0,0,0
8,2303,unknown,323.87875366210938,-185.20292663574219,-0.0037185139954090118,1.5676769018173218,0,0.0025000001769512892,0.0025000001769512892,0,0,0
