particle_id,geometry_id,tx,ty,tz,tt,tpx,tpy,tpz,te,deltapx,deltapy,deltapz,deltae,index
0,255,20,125.39987182617188,-334.87017822265625,0,0.99983620643615723,-0.00028671859763562679,0.00027266249526292086,0,0,0,0,0,0
0,511,40,125.39410400390625,-334.86474609375,0,0.99968290328979492,0.0024950236547738314,0.001102654030546546,0,0,0,0,0,0
0,767,60,125.44388580322266,-334.84237670898438,0,0.99950945377349854,0.0030969306826591492,-0.00032246735645458102,0,0,0,0,0,0
0,1023,80,125.50588989257812,-334.84844970703125,0,0.99931991100311279,0.0035331093240529299,0.00062967208214104176,0,0,0,0,0,0
0,1279,100,125.57652282714844,-334.83541870117188,0,0.9991530179977417,0.00440617511048913,0.0012615646701306105,0,0,0,0,0,0
0,1535,120,125.66456604003906,-334.80963134765625,0,0.99904638528823853,0.0025526641402393579,0.00088603084441274405,0,0,0,0,0,0
0,1791,140,125.71556091308594,-334.79159545898438,0,0.99882751703262329,0.0026490644086152315,0.0010387228103354573,0,0,0,0,0,0
0,2047,160,125.76847839355469,-334.77047729492188,0,0.99867051839828491,0.0028243307024240494,0.00087855500169098377,0,0,0,0,0,0
0,2303,180,125.82493591308594,-334.75253295898438,0,0.99853110313415527,0.0024870811030268669,0.0017471474129706621,0,0,0,0,0,0
