measurement_id,geometry_id,local_key,local0,local1,phi,theta,time,var_local0,var_local1,var_phi,var_theta,var_time
0,255,unknown,133.18856811523438,-174.34365844726562,-0.00081028591375797987,1.5702170133590698,0,0.0025000001769512892,0.0025000001769512892,0,0,0
1,511,unknown,133.21095275878906,-174.27520751953125,-0.00044064741814509034,1.5693635940551758,0,0.0025000001769512892,0.0025000001769512892,0,0,0
2,767,unknown,133.21731567382812,-174.38479614257812,-0.0028653077315539122,1.5695009231567383,0,0.0025000001769512892,0.0025000001769512892,0,0,0
3,1023,unknown,133.22407531738281,-174.35198974609375,-0.0027893851511180401,1.5691946744918823,0,0.0025000001769512892,0.0025000001769512892,0,0,0
4,1279,unknown,133.03665161132812,-174.24400329589844,-0.0031502123456448317,1.5687901973724365,0,0.0025000001769512892,0.0025000001769512892,0,0,0
5,1535,unknown,132.98956298828125,-174.17509460449219,-0.00317972875200212,1.5687146186828613,0,0.0025000001769512892,0.0025000001769512892,0,0,0
6,1791,unknown,132.95774841308594,-174.11219787597656,-0.0040889931842684746,1.5675982236862183,0,0.0025000001769512892,0.0025000001769512892,0,0,0
7,2047,unknown,132.97003173828125,-174.13856506347656,-0.0034362603910267353,1.5687206983566284,0,0.0025000001769512892,0.0025000001769512892,0,0,0
8,2303,unknown,132.832763671875,-174.09620666503906,-0.0034472860861569643,1.5687682628631592,0,0.0025000001769512892,0.0025000001769512892,0,0,0
