measurement_id,geometry_id,local_key,local0,local1,phi,theta,time,var_local0,var_local1,var_phi,var_theta,var_time
0,255,unknown,215.76637268066406,-447.196044921875,-9.7491669293958694e-05,1.5709158182144165,0,0.0025000001769512892,0.0025000001769512892,0,0,0
1,511,unknown,215.71566772460938,-447.24224853515625,-0.00061621371423825622,1.5719835758209229,0,0.0025000001769512892,0.0025000001769512892,0,0,0
2,767,unknown,215.71385192871094,-447.18865966796875,-0.0010689254850149155,1.5718626976013184,0,0.0025000001769512892,0.0025000001769512892,0,0,0
3,1023,unknown,215.7877197265625,-447.41738891601562,-0.0010389351518824697,1.5718499422073364,0,0.0025000001769512892,0.0025000001769512892,0,0,0
4,1279,unknown,215.68545532226562,-447.300048828125,-0.0010727706830948591,1.5723445415496826,0,0.0025000001769512892,0.0025000001769512892,0,0,0
5,1535,unknown,215.70161437988281,-447.29800415039062,-0.0015865351306274533,1.5745728015899658,0,0.0025000001769512892,0.0025000001769512892,0,0,0
6,1791,unknown,215.68930053710938,-447.5609130859375,-0.0016317333793267608,1.5749281644821167,0,0.0025000001769512892,0.0025000001769512892,0,0,0
7,2047,unknown,215.53475952148438,-447.5086669921875,-0.0012968539958819747,1.5743404626846313,0,0.0025000001769512892,0.0025000001769512892,0,0,0
8,2303,unknown,215.46661376953125,-447.526611328125,0.00046584481606259942,1.5740295648574829,0,0.0025000001769512892,0.0025000001769512892,0,0,0
