particle_id,particle_type,process,vx,vy,vz,vt,px,py,pz,m,q
0,0,0,0,-95.371604919433594,100.70590972900391,0,1,0,-4.3711388286737929e-08,0,-1
