particle_id,geometry_id,tx,ty,tz,tt,tpx,tpy,tpz,te,deltapx,deltapy,deltapz,deltae,index
0,255,20,-476.67337036132812,99.036468505859375,0,0.99985408782958984,0.00091826333664357662,0.00094383757095783949,0,0,0,0,0,0
0,511,40,-476.65512084960938,99.055458068847656,0,0.99971765279769897,0.00077923358185216784,0.00093703484162688255,0,0,0,0,0,0
0,767,60,-476.6396484375,99.074295043945312,0,0.99956583976745605,0.00067479646531865001,0.00089602143270894885,0,0,0,0,0,0
0,1023,80,-476.62625122070312,99.092300415039062,0,0.99940282106399536,0.0021175213623791933,0.00029208362684585154,0,0,0,0,0,0
0,1279,100,-476.58392333984375,99.098396301269531,0,0.99917459487915039,0.00046317875967361033,-0.001740851323120296,0,0,0,0,0,0
0,1535,120,-476.57443237304688,99.063606262207031,0,0.99895042181015015,-1.9675078874570318e-05,1.9962473743362352e-05,0,0,0,0,0,0
0,1791,140,-476.5748291015625,99.064002990722656,0,0.99879997968673706,-5.9610443713609129e-05,0.00030881416751071811,0,0,0,0,0,0
0,2047,160,-476.5760498046875,99.070182800292969,0,0.99864053726196289,-6.1060265579726547e-05,0.00028924114303663373,0,0,0,0,0,0
0,2303,180,-476.57730102539062,99.075965881347656,0,0.99849867820739746,0.00011803783854702488,4.066472320118919e-05,0,0,0,0,0,0
