measurement_id,geometry_id,local_key,local0,local1,phi,theta,time,var_local0,var_local1,var_phi,var_theta,var_time
0,255,unknown,123.61402130126953,-2.8369505405426025,0.00037508440436795354,1.5709646940231323,0,0.0025000001769512892,0.0025000001769512892,0,0,0
1,511,unknown,123.53404998779297,-2.8395524024963379,-0.00097540422575548291,1.5707434415817261,0,0.0025000001769512892,0.0025000001769512892,0,0,0
2,767,unknown,123.66181182861328,-2.7651333808898926,7.8871962614357471e-06,1.5709805488586426,0,0.0025000001769512892,0.0025000001769512892,0,0,0
3,1023,unknown,123.61091613769531,-2.8532161712646484,-0.0006697974749840796,1.5706145763397217,0,0.0025000001769512892,0.0025000001769512892,0,0,0
4,1279,unknown,123.59644317626953,-2.8629000186920166,0.00020299191237427294,1.571016788482666,0,0.0025000001769512892,0.0025000001769512892,0,0,0
5,1535,unknown,123.51059722900391,-2.8143000602722168,0.0009343449492007494,1.5706850290298462,0,0.0025000001769512892,0.0025000001769512892,0,0,0
6,1791,unknown,123.55340576171875,-2.761951208114624,0.00066302163759246469,1.5715522766113281,0,0.0025000001769512892,0.0025000001769512892,0,0,0
7,2047,unknown,123.62359619140625,-2.8520116806030273,0.00065718445694074035,1.5715818405151367,0,0.0025000001769512892,0.0025000001769512892,0,0,0
8,2303,unknown,123.56555938720703,-2.8663556575775146,0.00056024378864094615,1.5713303089141846,0,0.0025000001769512892,0.0025000001769512892,0,0,0
