particle_id,geometry_id,tx,ty,tz,tt,tpx,tpy,tpz,te,deltapx,deltapy,deltapz,deltae,index
0,255,20,-181.17408752441406,-191.122802734375,0,0.99982732534408569,-9.7928183095064014e-05,7.8620840213261545e-05,0,0,0,0,0,0
0,511,40,-181.17605590820312,-191.12124633789062,0,0.99967777729034424,6.7499306169338524e-05,0.00016393543046433479,0,0,0,0,0,0
0,767,60,-181.17472839355469,-191.11796569824219,0,0.9994196891784668,0.00025844780611805618,0.00056777818826958537,0,0,0,0,0,0
0,1023,80,-181.16963195800781,-191.1065673828125,0,0.99925041198730469,0.00025152871967293322,0.0010850203689187765,0,0,0,0,0,0
0,1279,100,-181.16473388671875,-191.08482360839844,0,0.9990573525428772,0.0010851428378373384,-0.00049322436098009348,0,0,0,0,0,0
0,1535,120,-181.1429443359375,-191.09457397460938,0,0.99893397092819214,0.0017934433417394757,-0.00063308578683063388,0,0,0,0,0,0
0,1791,140,-181.10696411132812,-191.10704040527344,0,0.99881064891815186,0.0011533354409039021,0.00063589634373784065,0,0,0,0,0,0
0,2047,160,-181.08395385742188,-191.09416198730469,0,0.99865841865539551,0.0014862121315672994,0.0017872483003884554,0,0,0,0,0,0
0,2303,180,-181.05441284179688,-191.05819702148438,0,0.99851977825164795,0.0015528288204222918,0.002700344892218709,0,0,0,0,0,0
