particle_id,geometry_id,tx,ty,tz,tt,tpx,tpy,tpz,te,deltapx,deltapy,deltapz,deltae,index
0,255,20,-15.750947952270508,-240.31375122070312,0,0.99964272975921631,3.6133966204943135e-05,0.00013926217798143625,0,0,0,0,0,0
0,511,40,-15.750241279602051,-240.31095886230469,0,0.99949800968170166,-1.7881870917335618e-06,0.00022610195446759462,0,0,0,0,0,0
0,767,60,-15.750304222106934,-240.30644226074219,0,0.99932879209518433,-0.00030278530903160572,0.00019401792087592185,0,0,0,0,0,0
0,1023,80,-15.756386756896973,-240.30259704589844,0,0.99916034936904907,0.00089037528960034251,-0.0036841093096882105,0,0,0,0,0,0
0,1279,100,-15.73812198638916,-240.37623596191406,0,0.99903053045272827,-0.00011144030577270314,-0.0040928414091467857,0,0,0,0,0,0
0,1535,120,-15.739861488342285,-240.45819091796875,0,0.99885469675064087,0.001133887330070138,-0.0036840548273175955,0,0,0,0,0,0
0,1791,140,-15.716715812683105,-240.53181457519531,0,0.99872004985809326,0.00073535420233383775,-0.0047983056865632534,0,0,0,0,0,0
0,2047,160,-15.701413154602051,-240.6278076171875,0,0.99854159355163574,-0.00034664053237065673,-0.0043626013211905956,0,0,0,0,0,0
0,2303,180,-15.707831382751465,-240.71522521972656,0,0.99819988012313843,-0.0019433116540312767,-0.0031375933904200792,0,0,0,0,0,0
