particle_id,particle_type,process,vx,vy,vz,vt,px,py,pz,m,q
0,0,0,0,-46.608573913574219,132.92431640625,0,1,0,-4.3711388286737929e-08,0,-1
