measurement_id,geometry_id,local_key,local0,local1,phi,theta,time,var_local0,var_local1,var_phi,var_theta,var_time
0,255,unknown,-48.522708892822266,-115.39168548583984,-0.00036435420042835176,1.5719094276428223,0,0.0025000001769512892,0.0025000001769512892,0,0,0
1,511,unknown,-48.561473846435547,-115.37271881103516,0.00042063469300046563,1.5722002983093262,0,0.0025000001769512892,0.0025000001769512892,0,0,0
2,767,unknown,-48.522796630859375,-115.40238952636719,-0.00029709294904023409,1.5718302726745605,0,0.0025000001769512892,0.0025000001769512892,0,0,0
3,1023,unknown,-48.527400970458984,-115.44448852539062,-0.00023682898608967662,1.5723211765289307,0,0.0025000001769512892,0.0025000001769512892,0,0,0
4,1279,unknown,-48.573860168457031,-115.43123626708984,-0.00044689525384455919,1.5716456174850464,0,0.0025000001769512892,0.0025000001769512892,0,0,0
5,1535,unknown,-48.555637359619141,-115.50797271728516,-0.0003773838107008487,1.5719114542007446,0,0.0025000001769512892,0.0025000001769512892,0,0,0
6,1791,unknown,-48.502918243408203,-115.50862121582031,-0.00038155284710228443,1.5719246864318848,0,0.0025000001769512892,0.0025000001769512892,0,0,0
7,2047,unknown,-48.555461883544922,-115.57553863525391,0.00088371318997815251,1.5721021890640259,0,0.0025000001769512892,0.0025000001769512892,0,0,0
8,2303,unknown,-48.585067749023438,-115.57094573974609,0.00084324803901836276,1.5716085433959961,0,0.0025000001769512892,0.0025000001769512892,0,0,0
