measurement_id,geometry_id,local_key,local0,local1,phi,theta,time,var_local0,var_local1,var_phi,var_theta,var_time
0,255,unknown,-377.72384643554688,-35.743766784667969,0.00053634762298315763,1.5707312822341919,0,0.0025000001769512892,0.0025000001769512892,0,0,0
1,511,unknown,-377.69796752929688,-35.852222442626953,0.00094133627135306597,1.5704741477966309,0,0.0025000001769512892,0.0025000001769512892,0,0,0
2,767,unknown,-377.81967163085938,-35.839931488037109,0.0012948856456205249,1.5695041418075562,0,0.0025000001769512892,0.0025000001769512892,0,0,0
3,1023,unknown,-377.70867919921875,-35.823280334472656,0.001017219852656126,1.5695210695266724,0,0.0025000001769512892,0.0025000001769512892,0,0,0
4,1279,unknown,-377.697265625,-35.736095428466797,-0.00089752441272139549,1.5703397989273071,0,0.0025000001769512892,0.0025000001769512892,0,0,0
5,1535,unknown,-377.64013671875,-35.845046997070312,-0.0016487023094668984,1.5705263614654541,0,0.0025000001769512892,0.0025000001769512892,0,0,0
6,1791,unknown,-377.72494506835938,-35.788417816162109,0.00049600948113948107,1.56966233253479,0,0.0025000001769512892,0.0025000001769512892,0,0,0
7,2047,unknown,-377.68673706054688,-35.629615783691406,0.00054719561012461782,1.5696073770523071,0,0.0025000001769512892,0.0025000001769512892,0,0,0
8,2303,unknown,-377.701171875,-35.814994812011719,0.00057550205383449793,1.5693691968917847,0,0.0025000001769512892,0.0025000001769512892,0,0,0
