particle_id,geometry_id,tx,ty,tz,tt,tpx,tpy,tpz,te,deltapx,deltapy,deltapz,deltae,index
0,255,20,-118.45213317871094,192.10990905761719,0,0.99986356496810913,0.0010618354426696897,0.00018542073667049408,0,0,0,0,0,0
0,511,40,-118.43091583251953,192.11373901367188,0,0.99972385168075562,0.0014449649024754763,0.00010387820657342672,0,0,0,0,0,0
0,767,60,-118.40202331542969,192.11599731445312,0,0.99955624341964722,0.0014763895887881517,9.87370585789904e-05,0,0,0,0,0,0
0,1023,80,-118.37249755859375,192.11814880371094,0,0.99937623739242554,0.001147962873801589,-0.00036435856600292027,0,0,0,0,0,0
0,1279,100,-118.34947967529297,192.11099243164062,0,0.99920159578323364,0.001199285383336246,-0.00043040330638177693,0,0,0,0,0,0
0,1535,120,-118.32542419433594,192.10252380371094,0,0.99903368949890137,0.0013490760466083884,-0.00029658825951628387,0,0,0,0,0,0
0,1791,140,-118.29837799072266,192.09675598144531,0,0.99881654977798462,0.0012688527349382639,-0.00044988375157117844,0,0,0,0,0,0
0,2047,160,-118.27291870117188,192.08790588378906,0,0.99856090545654297,0.0015728677390143275,7.9354620538651943e-05,0,0,0,0,0,0
0,2303,180,-118.24142456054688,192.08969116210938,0,0.99819684028625488,0.00060366577235981822,0.00013894177391193807,0,0,0,0,0,0
