measurement_id,geometry_id,local_key,local0,local1,phi,theta,time,var_local0,var_local1,var_phi,var_theta,var_time
0,255,unknown,97.361785888671875,363.62149047851562,0.00050812942208722234,1.5710493326187134,0,0.0025000001769512892,0.0025000001769512892,0,0,0
1,511,unknown,97.400375366210938,363.69003295898438,-7.4619623774196953e-05,1.5706374645233154,0,0.0025000001769512892,0.0025000001769512892,0,0,0
2,767,unknown,97.403579711914062,363.68609619140625,-0.00010148798901354894,1.5713487863540649,0,0.0025000001769512892,0.0025000001769512892,0,0,0
3,1023,unknown,97.480430603027344,363.5772705078125,-0.00024361071700695902,1.5708775520324707,0,0.0025000001769512892,0.0025000001769512892,0,0,0
4,1279,unknown,97.257789611816406,363.6300048828125,0.0001177426747744903,1.5712443590164185,0,0.0025000001769512892,0.0025000001769512892,0,0,0
5,1535,unknown,97.389762878417969,363.75250244140625,5.3279778512660414e-05,1.5713531970977783,0,0.0025000001769512892,0.0025000001769512892,0,0,0
6,1791,unknown,97.358963012695312,363.58322143554688,0.0021476792171597481,1.5731886625289917,0,0.0025000001769512892,0.0025000001769512892,0,0,0
7,2047,unknown,97.381973266601562,363.67947387695312,0.0018255492905154824,1.572920560836792,0,0.0025000001769512892,0.0025000001769512892,0,0,0
8,2303,unknown,97.448768615722656,363.58389282226562,0.0023554193321615458,1.5718530416488647,0,0.0025000001769512892,0.0025000001769512892,0,0,0
