particle_id,geometry_id,tx,ty,tz,tt,tpx,tpy,tpz,te,deltapx,deltapy,deltapz,deltae,index
0,255,20,84.803871154785156,-80.431976318359375,0,0.99985623359680176,0.001399541855789721,0.00016754062380641699,0,0,0,0,0,0
0,511,40,84.83184814453125,-80.428459167480469,0,0.9997064471244812,0.0018093500984832644,0.00035807566018775105,0,0,0,0,0,0
0,767,60,84.868003845214844,-80.42108154296875,0,0.99930840730667114,0.001277656527236104,-0.0011266276706010103,0,0,0,0,0,0
0,1023,80,84.893707275390625,-80.443473815917969,0,0.99895644187927246,0.0010381205938756466,-0.0010545413242653012,0,0,0,0,0,0
0,1279,100,84.914619445800781,-80.464462280273438,0,0.99873238801956177,-0.00061309174634516239,-0.0007367759826593101,0,0,0,0,0,0
0,1535,120,84.902427673339844,-80.479286193847656,0,0.99858266115188599,-0.0015486310003325343,-0.00088249094551429152,0,0,0,0,0,0
0,1791,140,84.87152099609375,-80.497146606445312,0,0.99837452173233032,-0.00018791947513818741,-0.00033483430161140859,0,0,0,0,0,0
0,2047,160,84.8677978515625,-80.503875732421875,0,0.99806547164916992,0.00027719492209143937,0.0010967022972181439,0,0,0,0,0,0
0,2303,180,84.873222351074219,-80.481864929199219,0,0.99794942140579224,-3.0693528970004991e-05,0.0012142311315983534,0,0,0,0,0,0
