particle_id,geometry_id,tx,ty,tz,tt,tpx,tpy,tpz,te,deltapx,deltapy,deltapz,deltae,index
0,255,20,64.895675659179688,-200.369384765625,0,0.99978995323181152,-0.00024646188830956817,7.5042378739453852e-05,0,0,0,0,0,0
0,511,40,64.890739440917969,-200.367919921875,0,0.99960589408874512,0.0012910979567095637,0.0025042786728590727,0,0,0,0,0,0
0,767,60,64.916267395019531,-200.31765747070312,0,0.99928200244903564,0.0010077959159389138,0.0019450115505605936,0,0,0,0,0,0
0,1023,80,64.936203002929688,-200.27861022949219,0,0.99910801649093628,0.00017757409659679979,0.0021906206384301186,0,0,0,0,0,0
0,1279,100,64.939491271972656,-200.2347412109375,0,0.99889618158340454,0.00032709023798815906,0.0016828832449391484,0,0,0,0,0,0
0,1535,120,64.945838928222656,-200.20100402832031,0,0.99872303009033203,0.0002096182870445773,0.0016558035276830196,0,0,0,0,0,0
0,1791,140,64.949836730957031,-200.16781616210938,0,0.99854302406311035,0.00055509060621261597,0.0016430065734311938,0,0,0,0,0,0
0,2047,160,64.96075439453125,-200.13484191894531,0,0.99835073947906494,0.00045904863509349525,0.0023917590733617544,0,0,0,0,0,0
0,2303,180,64.96966552734375,-200.08686828613281,0,0.99718880653381348,0.0005118480185046792,0.0022548846900463104,0,0,0,0,0,0
