measurement_id,geometry_id,local_key,local0,local1,phi,theta,time,var_local0,var_local1,var_phi,var_theta,var_time
0,255,unknown,-474.94500732421875,-119.22766876220703,0.0020319411996752024,1.5727266073226929,0,0.0025000001769512892,0.0025000001769512892,0,0,0
1,511,unknown,-474.8887939453125,-119.24849700927734,0.0020491308532655239,1.5726834535598755,0,0.0025000001769512892,0.0025000001769512892,0,0,0
2,767,unknown,-474.77886962890625,-119.21031188964844,0.0010562937241047621,1.5726226568222046,0,0.0025000001769512892,0.0025000001769512892,0,0,0
3,1023,unknown,-474.81314086914062,-119.29262542724609,0.0010579167865216732,1.5729151964187622,0,0.0025000001769512892,0.0025000001769512892,0,0,0
4,1279,unknown,-474.81192016601562,-119.34163665771484,0.0014036127831786871,1.5716507434844971,0,0.0025000001769512892,0.0025000001769512892,0,0,0
5,1535,unknown,-474.76742553710938,-119.32344818115234,0.00054878502851352096,1.570409893989563,0,0.0025000001769512892,0.0025000001769512892,0,0,0
6,1791,unknown,-474.82565307617188,-119.33766174316406,-0.0013490903656929731,1.5717933177947998,0,0.0025000001769512892,0.0025000001769512892,0,0,0
7,2047,unknown,-474.88516235351562,-119.41133880615234,-0.0020158360712230206,1.5703418254852295,0,0.0025000001769512892,0.0025000001769512892,0,0,0
8,2303,unknown,-474.85403442382812,-119.29949951171875,-0.0013599160593003035,1.5701653957366943,0,0.0025000001769512892,0.0025000001769512892,0,0,0
