measurement_id,geometry_id,local_key,local0,local1,phi,theta,time,var_local0,var_local1,var_phi,var_theta,var_time
0,255,unknown,230.71784973144531,-227.00520324707031,0.00061099434969946742,1.5708050727844238,0,0.0025000001769512892,0.0025000001769512892,0,0,0
1,511,unknown,230.68064880371094,-226.96055603027344,0.00036282738437876105,1.5718799829483032,0,0.0025000001769512892,0.0025000001769512892,0,0,0
2,767,unknown,230.70611572265625,-227.03645324707031,0.0012021564180031419,1.5728058815002441,0,0.0025000001769512892,0.0025000001769512892,0,0,0
3,1023,unknown,230.72242736816406,-226.97021484375,0.0017243394395336509,1.5741004943847656,0,0.0025000001769512892,0.0025000001769512892,0,0,0
4,1279,unknown,230.87629699707031,-227.10580444335938,0.0019139571813866496,1.5739010572433472,0,0.0025000001769512892,0.0025000001769512892,0,0,0
5,1535,unknown,230.77546691894531,-227.17219543457031,0.0018314085900783539,1.5739122629165649,0,0.0025000001769512892,0.0025000001769512892,0,0,0
6,1791,unknown,230.87586975097656,-227.249267578125,0.001884113997220993,1.5744458436965942,0,0.0025000001769512892,0.0025000001769512892,0,0,0
7,2047,unknown,230.95944213867188,-227.30982971191406,0.001933563151396811,1.5744248628616333,0,0.0025000001769512892,0.0025000001769512892,0,0,0
8,2303,unknown,230.88233947753906,-227.28727722167969,0.0024619691539555788,1.5738620758056641,0,0.0025000001769512892,0.0025000001769512892,0,0,0
