particle_id,particle_type,process,vx,vy,vz,vt,px,py,pz,m,q
0,0,0,0,236.20462036132812,185.84675598144531,0,1,0,-4.3711388286737929e-08,0,-1
