measurement_id,geometry_id,local_key,local0,local1,phi,theta,time,var_local0,var_local1,var_phi,var_theta,var_time
0,255,unknown,392.77169799804688,-4.9092555046081543,0.001055754953995347,1.5710644721984863,0,0.0025000001769512892,0.0025000001769512892,0,0,0
1,511,unknown,392.8817138671875,-4.9848051071166992,0.0012242995435371995,1.5712088346481323,0,0.0025000001769512892,0.0025000001769512892,0,0,0
2,767,unknown,392.8865966796875,-4.9047608375549316,0.00094495905796065927,1.5709408521652222,0,0.0025000001769512892,0.0025000001769512892,0,0,0
3,1023,unknown,392.81201171875,-4.8160033226013184,0.0020934601780027151,1.570452094078064,0,0.0025000001769512892,0.0025000001769512892,0,0,0
4,1279,unknown,392.91946411132812,-4.9029440879821777,0.0013312046648934484,1.5702453851699829,0,0.0025000001769512892,0.0025000001769512892,0,0,0
5,1535,unknown,392.97708129882812,-4.7765603065490723,0.0014728434616699815,1.5705521106719971,0,0.0025000001769512892,0.0025000001769512892,0,0,0
6,1791,unknown,393.01187133789062,-4.8552718162536621,0.0015175946755334735,1.5701502561569214,0,0.0025000001769512892,0.0025000001769512892,0,0,0
7,2047,unknown,392.94296264648438,-5.004237174987793,0.0010878132889047265,1.5725206136703491,0,0.0025000001769512892,0.0025000001769512892,0,0,0
8,2303,unknown,393.10403442382812,-4.8568892478942871,0.0031891544349491596,1.5726908445358276,0,0.0025000001769512892,0.0025000001769512892,0,0,0
