particle_id,particle_type,process,vx,vy,vz,vt,px,py,pz,m,q
0,0,0,0,-191.3648681640625,-43.428291320800781,0,1,0,-4.3711388286737929e-08,0,-1
