particle_id,particle_type,process,vx,vy,vz,vt,px,py,pz,m,q
0,0,0,0,250.10037231445312,-90.735374450683594,0,1,0,-4.3711388286737929e-08,0,-1
