particle_id,geometry_id,tx,ty,tz,tt,tpx,tpy,tpz,te,deltapx,deltapy,deltapz,deltae,index
0,255,20,-363.29220581054688,-358.0009765625,0,0.99980741739273071,-0.0011813411256298423,-0.00022077694302424788,0,0,0,0,0,0
0,511,40,-363.3157958984375,-358.00552368164062,0,0.99964356422424316,-0.00094790320144966245,0.0016147877322509885,0,0,0,0,0,0
0,767,60,-363.3349609375,-357.97332763671875,0,0.99948877096176147,-0.001008229679428041,0.0020211925730109215,0,0,0,0,0,0
0,1023,80,-363.35537719726562,-357.93301391601562,0,0.9986606240272522,0.00013720424612984061,0.0019321340369060636,0,0,0,0,0,0
0,1279,100,-363.35287475585938,-357.89431762695312,0,0.99851471185684204,0.00030892697395756841,0.0017102132551372051,0,0,0,0,0,0
0,1535,120,-363.34689331054688,-357.86001586914062,0,0.99831527471542358,0.00078429095447063446,0.0022871845867484808,0,0,0,0,0,0
0,1791,140,-363.33145141601562,-357.8140869140625,0,0.99816906452178955,0.0019266310846433043,0.0037986512761563063,0,0,0,0,0,0
0,2047,160,-363.29330444335938,-357.73773193359375,0,0.99801987409591675,0.0020665759220719337,0.0040733939968049526,0,0,0,0,0,0
0,2303,180,-363.25238037109375,-357.65585327148438,0,0.99779880046844482,0.0019364154431968927,0.0039110765792429447,0,0,0,0,0,0
