particle_id,particle_type,process,vx,vy,vz,vt,px,py,pz,m,q
0,0,0,0,103.5887451171875,-316.21115112304688,0,1,0,-4.3711388286737929e-08,0,-1
