particle_id,particle_type,process,vx,vy,vz,vt,px,py,pz,m,q
0,0,0,0,93.982009887695312,90.955726623535156,0,1,0,-4.3711388286737929e-08,0,-1
