measurement_id,geometry_id,local_key,local0,local1,phi,theta,time,var_local0,var_local1,var_phi,var_theta,var_time
0,255,unknown,-123.72121429443359,36.971012115478516,-0.0010017247404903173,1.5696724653244019,0,0.0025000001769512892,0.0025000001769512892,0,0,0
1,511,unknown,-123.73657989501953,37.058670043945312,-0.00015597714809700847,1.5700176954269409,0,0.0025000001769512892,0.0025000001769512892,0,0,0
2,767,unknown,-123.617919921875,37.028602600097656,0.00057031569303944707,1.5701124668121338,0,0.0025000001769512892,0.0025000001769512892,0,0,0
3,1023,unknown,-123.667236328125,36.902141571044922,0.00057072570780292153,1.5700953006744385,0,0.0025000001769512892,0.0025000001769512892,0,0,0
4,1279,unknown,-123.64334869384766,37.006828308105469,0.00036099154385738075,1.5703248977661133,0,0.0025000001769512892,0.0025000001769512892,0,0,0
5,1535,unknown,-123.70354461669922,37.068073272705078,0.00077223218977451324,1.5717393159866333,0,0.0025000001769512892,0.0025000001769512892,0,0,0
6,1791,unknown,-123.64432525634766,37.082275390625,0.0015297485515475273,1.5712393522262573,0,0.0025000001769512892,0.0025000001769512892,0,0,0
7,2047,unknown,-123.55957794189453,37.009796142578125,0.0016188953304663301,1.5711538791656494,0,0.0025000001769512892,0.0025000001769512892,0,0,0
8,2303,unknown,-123.63883972167969,36.949867248535156,0.0031641314271837473,1.5714224576950073,0,0.0025000001769512892,0.0025000001769512892,0,0,0
