particle_id,particle_type,process,vx,vy,vz,vt,px,py,pz,m,q
0,0,0,0,-118.67877197265625,-0.48494365811347961,0,1,0,-4.3711388286737929e-08,0,-1
