measurement_id,geometry_id,local_key,local0,local1,phi,theta,time,var_local0,var_local1,var_phi,var_theta,var_time
0,255,unknown,103.67154693603516,-260.31539916992188,0.00082108931383118033,1.5717098712921143,0,0.0025000001769512892,0.0025000001769512892,0,0,0
1,511,unknown,103.5458984375,-260.32672119140625,-0.00020425031834747642,1.5716371536254883,0,0.0025000001769512892,0.0025000001769512892,0,0,0
2,767,unknown,103.51714324951172,-260.33175659179688,-0.00022069047554396093,1.5714069604873657,0,0.0025000001769512892,0.0025000001769512892,0,0,0
3,1023,unknown,103.65887451171875,-260.37997436523438,0.00071439979365095496,1.5704677104949951,0,0.0025000001769512892,0.0025000001769512892,0,0,0
4,1279,unknown,103.6407470703125,-260.2647705078125,-1.3946557373856194e-05,1.5702011585235596,0,0.0025000001769512892,0.0025000001769512892,0,0,0
5,1535,unknown,103.63414001464844,-260.27798461914062,-0.00022254175564739853,1.5692278146743774,0,0.0025000001769512892,0.0025000001769512892,0,0,0
6,1791,unknown,103.65107727050781,-260.29660034179688,0.0004122442624066025,1.5697842836380005,0,0.0025000001769512892,0.0025000001769512892,0,0,0
7,2047,unknown,103.69517517089844,-260.31362915039062,7.4194642365910113e-05,1.5702546834945679,0,0.0025000001769512892,0.0025000001769512892,0,0,0
8,2303,unknown,103.59001159667969,-260.1922607421875,2.6301171601517126e-05,1.5707111358642578,0,0.0025000001769512892,0.0025000001769512892,0,0,0
