particle_id,geometry_id,tx,ty,tz,tt,tpx,tpy,tpz,te,deltapx,deltapy,deltapz,deltae,index
0,255,20,-43.632461547851562,72.504981994628906,0,0.99985826015472412,0.00086914614075794816,-3.3417585655115545e-05,0,0,0,0,0,0
0,511,40,-43.615074157714844,72.504417419433594,0,0.9996943473815918,-0.00022112674196250737,-0.001461580628529191,0,0,0,0,0,0
0,767,60,-43.61932373046875,72.475151062011719,0,0.99939221143722534,-0.00024988368386402726,-0.0013118601636961102,0,0,0,0,0,0
0,1023,80,-43.624168395996094,72.448867797851562,0,0.99918168783187866,-0.00043900663149543107,-0.0002125390456058085,0,0,0,0,0,0
0,1279,100,-43.632930755615234,72.444557189941406,0,0.99904763698577881,-0.00099963904358446598,-0.0010460625635460019,0,0,0,0,0,0
0,1535,120,-43.652816772460938,72.423500061035156,0,0.99888741970062256,-0.0010833732085302472,-0.0011462767142802477,0,0,0,0,0,0
0,1791,140,-43.674369812011719,72.400421142578125,0,0.9987521767616272,-0.00026039493968710303,-0.00070571561809629202,0,0,0,0,0,0
0,2047,160,-43.679500579833984,72.386260986328125,0,0.9986080527305603,-0.0007649812032468617,0.0012452699011191726,0,0,0,0,0,0
0,2303,180,-43.694969177246094,72.411109924316406,0,0.99841266870498657,5.7813835155684501e-05,0.0018411990022286773,0,0,0,0,0,0
