measurement_id,geometry_id,local_key,local0,local1,phi,theta,time,var_local0,var_local1,var_phi,var_theta,var_time
0,255,unknown,-166.89344787597656,95.092216491699219,0.00015332161274272949,1.5709645748138428,0,0.0025000001769512892,0.0025000001769512892,0,0,0
1,511,unknown,-166.81291198730469,94.97125244140625,-0.0010523799574002624,1.5704494714736938,0,0.0025000001769512892,0.0025000001769512892,0,0,0
2,767,unknown,-166.91531372070312,95.08184814453125,0.00031194370239973068,1.5707744359970093,0,0.0025000001769512892,0.0025000001769512892,0,0,0
3,1023,unknown,-166.96218872070312,95.098609924316406,-0.0018384190043434501,1.572564959526062,0,0.0025000001769512892,0.0025000001769512892,0,0,0
4,1279,unknown,-166.90190124511719,95.060653686523438,-0.0013479519402608275,1.574429988861084,0,0.0025000001769512892,0.0025000001769512892,0,0,0
5,1535,unknown,-166.93231201171875,95.012130737304688,-0.0012594988802447915,1.5752089023590088,0,0.0025000001769512892,0.0025000001769512892,0,0,0
6,1791,unknown,-166.88742065429688,94.831382751464844,-0.0022978431079536676,1.5737040042877197,0,0.0025000001769512892,0.0025000001769512892,0,0,0
7,2047,unknown,-166.95008850097656,94.911216735839844,-0.00175999675411731,1.5735918283462524,0,0.0025000001769512892,0.0025000001769512892,0,0,0
8,2303,unknown,-167.05453491210938,94.707176208496094,-0.0017120045376941562,1.5738121271133423,0,0.0025000001769512892,0.0025000001769512892,0,0,0
