measurement_id,geometry_id,local_key,local0,local1,phi,theta,time,var_local0,var_local1,var_phi,var_theta,var_time
0,255,unknown,38.403732299804688,-94.841743469238281,0.00042182017932645977,1.5708389282226562,0,0.0025000001769512892,0.0025000001769512892,0,0,0
1,511,unknown,38.444820404052734,-94.85650634765625,6.900109292473644e-05,1.5715651512145996,0,0.0025000001769512892,0.0025000001769512892,0,0,0
2,767,unknown,38.431812286376953,-94.877052307128906,-0.0006481903837993741,1.5715365409851074,0,0.0025000001769512892,0.0025000001769512892,0,0,0
3,1023,unknown,38.31500244140625,-94.974159240722656,-0.0018070250516757369,1.5708942413330078,0,0.0025000001769512892,0.0025000001769512892,0,0,0
4,1279,unknown,38.429332733154297,-94.825630187988281,-0.0020467024296522141,1.5703153610229492,0,0.0025000001769512892,0.0025000001769512892,0,0,0
5,1535,unknown,38.296661376953125,-94.939033508300781,-0.0027124639600515366,1.569010853767395,0,0.0025000001769512892,0.0025000001769512892,0,0,0
6,1791,unknown,38.375244140625,-94.887321472167969,-0.0024244312662631273,1.5685265064239502,0,0.0025000001769512892,0.0025000001769512892,0,0,0
7,2047,unknown,38.2882080078125,-94.788436889648438,-0.0021603493951261044,1.5677906274795532,0,0.0025000001769512892,0.0025000001769512892,0,0,0
8,2303,unknown,38.168819427490234,-94.835067749023438,-0.0015802236739546061,1.5684142112731934,0,0.0025000001769512892,0.0025000001769512892,0,0,0
