particle_id,particle_type,process,vx,vy,vz,vt,px,py,pz,m,q
0,0,0,0,125.39987182617188,-334.87017822265625,0,1,0,-4.3711388286737929e-08,0,-1
