measurement_id,geometry_id,local_key,local0,local1,phi,theta,time,var_local0,var_local1,var_phi,var_theta,var_time
0,255,unknown,53.440277099609375,173.21659851074219,-0.00088923523435369134,1.5718604326248169,0,0.0025000001769512892,0.0025000001769512892,0,0,0
1,511,unknown,53.471931457519531,173.18067932128906,0.00027468096232041717,1.5709136724472046,0,0.0025000001769512892,0.0025000001769512892,0,0,0
2,767,unknown,53.482246398925781,173.22610473632812,0.000588758266530931,1.5718249082565308,0,0.0025000001769512892,0.0025000001769512892,0,0,0
3,1023,unknown,53.620513916015625,173.17823791503906,0.0016805465565994382,1.572130560874939,0,0.0025000001769512892,0.0025000001769512892,0,0,0
4,1279,unknown,53.613941192626953,173.14730834960938,0.0016694220248609781,1.5724567174911499,0,0.0025000001769512892,0.0025000001769512892,0,0,0
5,1535,unknown,53.649929046630859,173.24595642089844,0.0017314801225438714,1.5724165439605713,0,0.0025000001769512892,0.0025000001769512892,0,0,0
6,1791,unknown,53.640850067138672,173.13459777832031,0.0016014013672247529,1.5722434520721436,0,0.0025000001769512892,0.0025000001769512892,0,0,0
7,2047,unknown,53.602516174316406,172.98118591308594,0.0030382631812244654,1.5717881917953491,0,0.0025000001769512892,0.0025000001769512892,0,0,0
8,2303,unknown,53.670879364013672,172.89881896972656,0.0029703439213335514,1.5718005895614624,0,0.0025000001769512892,0.0025000001769512892,0,0,0
