particle_id,particle_type,process,vx,vy,vz,vt,px,py,pz,m,q
0,0,0,0,52.370876312255859,275.60931396484375,0,1,0,-4.3711388286737929e-08,0,-1
