particle_id,geometry_id,tx,ty,tz,tt,tpx,tpy,tpz,te,deltapx,deltapy,deltapz,deltae,index
0,255,20,89.491996765136719,341.43878173828125,0,0.99979549646377563,1.1783191439462826e-05,0.00010281287541147321,0,0,0,0,0,0
0,511,40,89.492218017578125,341.44082641601562,0,0.99962067604064941,0.00033158942824229598,-0.0014043933479115367,0,0,0,0,0,0
0,767,60,89.4990234375,341.41278076171875,0,0.99670279026031494,-0.00046408383059315383,0.0010068056872114539,0,0,0,0,0,0
0,1023,80,89.489593505859375,341.43292236328125,0,0.99654662609100342,-0.00059126567794010043,0.0020556338131427765,0,0,0,0,0,0
0,1279,100,89.47747802734375,341.47409057617188,0,0.99638181924819946,-0.00032364125945605338,0.0040215635672211647,0,0,0,0,0,0
0,1535,120,89.470497131347656,341.55477905273438,0,0.99618226289749146,-0.00057068618480116129,0.0049905246123671532,0,0,0,0,0,0
0,1791,140,89.45843505859375,341.6549072265625,0,0.99587303400039673,-4.3151489990123082e-06,0.0049205920659005642,0,0,0,0,0,0
0,2047,160,89.457756042480469,341.75372314453125,0,0.99569344520568848,-7.8163044236134738e-05,0.0051216110587120056,0,0,0,0,0,0
0,2303,180,89.45556640625,341.85659790039062,0,0.9955374002456665,-0.0015654285671189427,0.0053086867555975914,0,0,0,0,0,0
