measurement_id,geometry_id,local_key,local0,local1,phi,theta,time,var_local0,var_local1,var_phi,var_theta,var_time
0,255,unknown,35.159568786621094,231.25408935546875,0.00021556795400101691,1.5704059600830078,0,0.0025000001769512892,0.0025000001769512892,0,0,0
1,511,unknown,35.152999877929688,231.29487609863281,-0.00047549858572892845,1.5711516141891479,0,0.0025000001769512892,0.0025000001769512892,0,0,0
2,767,unknown,35.186332702636719,231.31181335449219,-0.00065004423959180713,1.5712074041366577,0,0.0025000001769512892,0.0025000001769512892,0,0,0
3,1023,unknown,35.218757629394531,231.19912719726562,-0.0014552036300301552,1.5708376169204712,0,0.0025000001769512892,0.0025000001769512892,0,0,0
4,1279,unknown,35.176197052001953,231.29960632324219,-0.0016572511522099376,1.5695358514785767,0,0.0025000001769512892,0.0025000001769512892,0,0,0
5,1535,unknown,35.210636138916016,231.24981689453125,-0.0017511200858280063,1.5696607828140259,0,0.0025000001769512892,0.0025000001769512892,0,0,0
6,1791,unknown,35.197654724121094,231.26226806640625,-0.0014968854375183582,1.5699144601821899,0,0.0025000001769512892,0.0025000001769512892,0,0,0
7,2047,unknown,35.016292572021484,231.31889343261719,-0.0014012923929840326,1.5699700117111206,0,0.0025000001769512892,0.0025000001769512892,0,0,0
8,2303,unknown,35.005527496337891,231.34025573730469,-0.0010730617213994265,1.5703026056289673,0,0.0025000001769512892,0.0025000001769512892,0,0,0
