particle_id,geometry_id,tx,ty,tz,tt,tpx,tpy,tpz,te,deltapx,deltapy,deltapz,deltae,index
0,255,20,98.315078735351562,-142.92695617675781,0,0.99988400936126709,9.0254928863942041e-07,4.3307551322868676e-07,0,0,0,0,0,0
0,511,40,98.315093994140625,-142.92694091796875,0,0.99974626302719116,-0.0011509435717016459,0.0011269145179539919,0,0,0,0,0,0
0,767,60,98.29193115234375,-142.904541015625,0,0.99960219860076904,-0.0022537505719810724,-0.00024361118266824633,0,0,0,0,0,0
0,1023,80,98.246871948242188,-142.90968322753906,0,0.99946022033691406,-0.0022686703596264124,-0.00020187573682051152,0,0,0,0,0,0
0,1279,100,98.201499938964844,-142.91400146484375,0,0.99933570623397827,-0.0013898062752559781,-0.00044642461580224335,0,0,0,0,0,0
0,1535,120,98.173736572265625,-142.923095703125,0,0.99920082092285156,-0.0027837429661303759,-0.00094545562751591206,0,0,0,0,0,0
0,1791,140,98.118133544921875,-142.94235229492188,0,0.99843800067901611,-0.0029415849130600691,-0.0019376314012333751,0,0,0,0,0,0
0,2047,160,98.059440612792969,-142.98152160644531,0,0.99827951192855835,-0.00135149119887501,-0.0022295929957181215,0,0,0,0,0,0
0,2303,180,98.032630920410156,-143.02635192871094,0,0.99814146757125854,-0.0005134748644195497,-0.0026380084455013275,0,0,0,0,0,0
