particle_id,geometry_id,tx,ty,tz,tt,tpx,tpy,tpz,te,deltapx,deltapy,deltapz,deltae,index
0,255,20,-26.846820831298828,20.566457748413086,0,0.99987328052520752,0.00087430380517616868,-0.00013437560119200498,0,0,0,0,0,0
0,511,40,-26.829317092895508,20.563875198364258,0,0.99959373474121094,0.00076482392614707351,-0.00018688797717913985,0,0,0,0,0,0
0,767,60,-26.813991546630859,20.56022834777832,0,0.99937725067138672,0.00085300748469308019,0.00035640853457152843,0,0,0,0,0,0
0,1023,80,-26.796964645385742,20.567462921142578,0,0.99901580810546875,0.0010880294721573591,-0.00011449111480033025,0,0,0,0,0,0
0,1279,100,-26.775169372558594,20.565301895141602,0,0.9987637996673584,0.0023034184705466032,-0.00032460736110806465,0,0,0,0,0,0
0,1535,120,-26.729005813598633,20.559078216552734,0,0.99857127666473389,0.0025746880564838648,-0.00052441214211285114,0,0,0,0,0,0
0,1791,140,-26.677375793457031,20.548885345458984,0,0.99842780828475952,0.003011791966855526,-6.3363564549945295e-05,0,0,0,0,0,0
0,2047,160,-26.617038726806641,20.547979354858398,0,0.99825984239578247,0.0040646628476679325,-0.00019473227439448237,0,0,0,0,0,0
0,2303,180,-26.535581588745117,20.544567108154297,0,0.99763321876525879,0.0046128281392157078,0.00017775438027456403,0,0,0,0,0,0
