particle_id,geometry_id,tx,ty,tz,tt,tpx,tpy,tpz,te,deltapx,deltapy,deltapz,deltae,index
0,255,20,211.84548950195312,-196.23774719238281,0,0.99985390901565552,-0.0013580522499978542,-0.00053009053226560354,0,0,0,0,0,0
0,511,40,211.81838989257812,-196.24851989746094,0,0.99966919422149658,-0.00062183564295992255,-0.0015082588652148843,0,0,0,0,0,0
0,767,60,211.80613708496094,-196.27876281738281,0,0.99949163198471069,-0.0013244855217635632,-0.0016912433784455061,0,0,0,0,0,0
0,1023,80,211.77983093261719,-196.31275939941406,0,0.99924987554550171,-0.0005583340534940362,-0.00079111906234174967,0,0,0,0,0,0
0,1279,100,211.76875305175781,-196.32865905761719,0,0.99903780221939087,0.0007451517740264535,-0.00021536674466915429,0,0,0,0,0,0
0,1535,120,211.78369140625,-196.3328857421875,0,0.9987647533416748,0.0029700559098273516,0.0018707885174080729,0,0,0,0,0,0
0,1791,140,211.84294128417969,-196.29507446289062,0,0.99855148792266846,0.003820665180683136,0.0014718559104949236,0,0,0,0,0,0
0,2047,160,211.91928100585938,-196.26513671875,0,0.99842071533203125,0.0042032366618514061,0.00069302204065024853,0,0,0,0,0,0
0,2303,180,212.00338745117188,-196.25074768066406,0,0.99808979034423828,0.0032979606185108423,-0.00028750472120009363,0,0,0,0,0,0
