particle_id,particle_type,process,vx,vy,vz,vt,px,py,pz,m,q
0,0,0,0,383.19281005859375,-521.93023681640625,0,1,0,-4.3711388286737929e-08,0,-1
