measurement_id,geometry_id,local_key,local0,local1,phi,theta,time,var_local0,var_local1,var_phi,var_theta,var_time
0,255,unknown,150.87406921386719,360.2679443359375,3.1101782951736823e-05,1.5708669424057007,0,0.0025000001769512892,0.0025000001769512892,0,0,0
1,511,unknown,150.89361572265625,360.28173828125,-0.00059924722881987691,1.5713411569595337,0,0.0025000001769512892,0.0025000001769512892,0,0,0
2,767,unknown,150.86561584472656,360.32403564453125,-0.0007711575017310679,1.5710443258285522,0,0.0025000001769512892,0.0025000001769512892,0,0,0
3,1023,unknown,150.80360412597656,360.24041748046875,-0.00060895027127116919,1.5722200870513916,0,0.0025000001769512892,0.0025000001769512892,0,0,0
4,1279,unknown,150.78440856933594,360.31048583984375,-0.00058709032600745559,1.5732265710830688,0,0.0025000001769512892,0.0025000001769512892,0,0,0
5,1535,unknown,150.84559631347656,360.30047607421875,-0.00076165696373209357,1.5732762813568115,0,0.0025000001769512892,0.0025000001769512892,0,0,0
6,1791,unknown,150.8077392578125,360.25250244140625,-0.0024296718183904886,1.5726596117019653,0,0.0025000001769512892,0.0025000001769512892,0,0,0
7,2047,unknown,150.6590576171875,360.10470581054688,-0.0019807722419500351,1.5720720291137695,0,0.0025000001769512892,0.0025000001769512892,0,0,0
8,2303,unknown,150.69670104980469,360.1234130859375,-0.0019409704254940152,1.572271466255188,0,0.0025000001769512892,0.0025000001769512892,0,0,0
