measurement_id,geometry_id,local_key,local0,local1,phi,theta,time,var_local0,var_local1,var_phi,var_theta,var_time
0,255,unknown,-40.245521545410156,-312.27783203125,-0.0022186238784343004,1.5709054470062256,0,0.0025000001769512892,0.0025000001769512892,0,0,0
1,511,unknown,-40.306835174560547,-312.28549194335938,-0.0022460510954260826,1.5705201625823975,0,0.0025000001769512892,0.0025000001769512892,0,0,0
2,767,unknown,-40.392181396484375,-312.20721435546875,-0.0024947656784206629,1.5706790685653687,0,0.0025000001769512892,0.0025000001769512892,0,0,0
3,1023,unknown,-40.441257476806641,-312.22250366210938,-0.0025227686855942011,1.5696029663085938,0,0.0025000001769512892,0.0025000001769512892,0,0,0
4,1279,unknown,-40.487869262695312,-312.21890258789062,-0.0016765319742262363,1.5697985887527466,0,0.0025000001769512892,0.0025000001769512892,0,0,0
5,1535,unknown,-40.469173431396484,-312.17147827148438,-0.0019592654425650835,1.5701403617858887,0,0.0025000001769512892,0.0025000001769512892,0,0,0
6,1791,unknown,-40.527332305908203,-312.21688842773438,-0.0030869815964251757,1.5706467628479004,0,0.0025000001769512892,0.0025000001769512892,0,0,0
7,2047,unknown,-40.736183166503906,-312.1658935546875,-0.0035962848924100399,1.5707509517669678,0,0.0025000001769512892,0.0025000001769512892,0,0,0
8,2303,unknown,-40.683116912841797,-312.14956665039062,-0.0024831723421812057,1.5706554651260376,0,0.0025000001769512892,0.0025000001769512892,0,0,0
