measurement_id,geometry_id,local_key,local0,local1,phi,theta,time,var_local0,var_local1,var_phi,var_theta,var_time
0,255,unknown,-124.357421875,183.45838928222656,-0.00019736812100745738,1.5708470344543457,0,0.0025000001769512892,0.0025000001769512892,0,0,0
1,511,unknown,-124.48592376708984,183.46072387695312,-0.00081648677587509155,1.5703877210617065,0,0.0025000001769512892,0.0025000001769512892,0,0,0
2,767,unknown,-124.43413543701172,183.49940490722656,-0.00099914637394249439,1.5703390836715698,0,0.0025000001769512892,0.0025000001769512892,0,0,0
3,1023,unknown,-124.47505950927734,183.55267333984375,-0.00080467475345358253,1.5698825120925903,0,0.0025000001769512892,0.0025000001769512892,0,0,0
4,1279,unknown,-124.45685577392578,183.48707580566406,-0.00031158572528511286,1.5696022510528564,0,0.0025000001769512892,0.0025000001769512892,0,0,0
5,1535,unknown,-124.48666381835938,183.56802368164062,1.2425483873812482e-05,1.569521427154541,0,0.0025000001769512892,0.0025000001769512892,0,0,0
6,1791,unknown,-124.43994903564453,183.56983947753906,0.00047094241017475724,1.5670521259307861,0,0.0025000001769512892,0.0025000001769512892,0,0,0
7,2047,unknown,-124.45986938476562,183.55392456054688,0.00066559721017256379,1.5667695999145508,0,0.0025000001769512892,0.0025000001769512892,0,0,0
8,2303,unknown,-124.44060516357422,183.81622314453125,0.0014315327862277627,1.5663063526153564,0,0.0025000001769512892,0.0025000001769512892,0,0,0
