particle_id,particle_type,process,vx,vy,vz,vt,px,py,pz,m,q
0,0,0,0,-156.95741271972656,-326.05160522460938,0,1,0,-4.3711388286737929e-08,0,-1
