particle_id,geometry_id,tx,ty,tz,tt,tpx,tpy,tpz,te,deltapx,deltapy,deltapz,deltae,index
0,255,20,-122.56300354003906,-257.18154907226562,0,0.99983268976211548,0.0013509280979633331,0.00066002755193039775,0,0,0,0,0,0
0,511,40,-122.53605651855469,-257.16818237304688,0,0.99964797496795654,0.0025189954321831465,0.0019698010291904211,0,0,0,0,0,0
0,767,60,-122.48589324951172,-257.12847900390625,0,0.99950027465820312,0.0023367551621049643,0.0022797773126512766,0,0,0,0,0,0
0,1023,80,-122.43940734863281,-257.08258056640625,0,0.99903202056884766,0.0031323593575507402,0.0026837568730115891,0,0,0,0,0,0
0,1279,100,-122.37702178955078,-257.02847290039062,0,0.99889737367630005,0.0020267143845558167,0.0024835732765495777,0,0,0,0,0,0
0,1535,120,-122.33673858642578,-256.978515625,0,0.99868249893188477,0.0024175571743398905,0.0030021143611520529,0,0,0,0,0,0
0,1791,140,-122.28868865966797,-256.9180908203125,0,0.99854975938796997,0.002398802200332284,0.0025818692520260811,0,0,0,0,0,0
0,2047,160,-122.24095153808594,-256.8660888671875,0,0.99839723110198975,0.0035655265673995018,0.0024826973676681519,0,0,0,0,0,0
0,2303,180,-122.16983032226562,-256.81591796875,0,0.99810624122619629,0.0046123606152832508,0.0033614085987210274,0,0,0,0,0,0
