particle_id,geometry_id,tx,ty,tz,tt,tpx,tpy,tpz,te,deltapx,deltapy,deltapz,deltae,index
0,255,20,151.92787170410156,248.86967468261719,0,0.9998289942741394,-0.0005333617446012795,-0.0009341275435872376,0,0,0,0,0,0
0,511,40,151.91731262207031,248.85092163085938,0,0.99968171119689941,-0.00034471240360289812,-0.0010550681035965681,0,0,0,0,0,0
0,767,60,151.91053771972656,248.82977294921875,0,0.9994843602180481,-0.00035256132832728326,-0.0010739235440269113,0,0,0,0,0,0
0,1023,80,151.90361022949219,248.80824279785156,0,0.99926495552062988,-0.00026614998932927847,9.5730145403649658e-05,0,0,0,0,0,0
0,1279,100,151.89826965332031,248.81011962890625,0,0.99908149242401123,-8.1612733993097208e-06,0.00051494390936568379,0,0,0,0,0,0
0,1535,120,151.89804077148438,248.82041931152344,0,0.99860745668411255,-0.00036576780257746577,-0.00057692750124260783,0,0,0,0,0,0
0,1791,140,151.89077758789062,248.80882263183594,0,0.99843204021453857,-0.00070645438972860575,-0.0003018844872713089,0,0,0,0,0,0
0,2047,160,151.87666320800781,248.80268859863281,0,0.99818897247314453,-0.0019745836034417152,0.0011050506727769971,0,0,0,0,0,0
0,2303,180,151.83697509765625,248.8245849609375,0,0.99801528453826904,-0.0017349167028442025,0.0011468552984297276,0,0,0,0,0,0
