measurement_id,geometry_id,local_key,local0,local1,phi,theta,time,var_local0,var_local1,var_phi,var_theta,var_time
0,255,unknown,-133.16061401367188,138.21580505371094,0.0010328021598979831,1.5701950788497925,0,0.0025000001769512892,0.0025000001769512892,0,0,0
1,511,unknown,-133.25294494628906,138.12576293945312,-0.00041466174297966063,1.5704963207244873,0,0.0025000001769512892,0.0025000001769512892,0,0,0
2,767,unknown,-133.1678466796875,138.2059326171875,0.0011593191884458065,1.569787859916687,0,0.0025000001769512892,0.0025000001769512892,0,0,0
3,1023,unknown,-133.09495544433594,138.16888427734375,0.0011442980030551553,1.5702918767929077,0,0.0025000001769512892,0.0025000001769512892,0,0,0
4,1279,unknown,-133.14106750488281,138.21536254882812,0.0011068895692005754,1.5701569318771362,0,0.0025000001769512892,0.0025000001769512892,0,0,0
5,1535,unknown,-133.09855651855469,138.12405395507812,0.0010292170336470008,1.5688632726669312,0,0.0025000001769512892,0.0025000001769512892,0,0,0
6,1791,unknown,-133.06236267089844,138.30068969726562,0.0012949479278177023,1.5687717199325562,0,0.0025000001769512892,0.0025000001769512892,0,0,0
7,2047,unknown,-133.05921936035156,138.23616027832031,0.00056291738292202353,1.5685832500457764,0,0.0025000001769512892,0.0025000001769512892,0,0,0
8,2303,unknown,-133.09284973144531,138.26118469238281,0.00079431070480495691,1.5678865909576416,0,0.0025000001769512892,0.0025000001769512892,0,0,0
