measurement_id,geometry_id,local_key,local0,local1,phi,theta,time,var_local0,var_local1,var_phi,var_theta,var_time
0,255,unknown,-290.5384521484375,352.32220458984375,-8.0588448327034712e-05,1.5699514150619507,0,0.0025000001769512892,0.0025000001769512892,0,0,0
1,511,unknown,-290.50201416015625,352.29690551757812,4.8174661060329527e-05,1.570250391960144,0,0.0025000001769512892,0.0025000001769512892,0,0,0
2,767,unknown,-290.56399536132812,352.37570190429688,1.9630542738013901e-05,1.5704655647277832,0,0.0025000001769512892,0.0025000001769512892,0,0,0
3,1023,unknown,-290.53619384765625,352.43966674804688,0.00011779034684877843,1.5703022480010986,0,0.0025000001769512892,0.0025000001769512892,0,0,0
4,1279,unknown,-290.46145629882812,352.38897705078125,0.00090334319975227118,1.5700128078460693,0,0.0025000001769512892,0.0025000001769512892,0,0,0
5,1535,unknown,-290.50949096679688,352.3475341796875,0.00083786563482135534,1.5683965682983398,0,0.0025000001769512892,0.0025000001769512892,0,0,0
6,1791,unknown,-290.41778564453125,352.52020263671875,0.00086658087093383074,1.5683772563934326,0,0.0025000001769512892,0.0025000001769512892,0,0,0
7,2047,unknown,-290.48553466796875,352.538330078125,0.00046931588440202177,1.5682461261749268,0,0.0025000001769512892,0.0025000001769512892,0,0,0
8,2303,unknown,-290.37091064453125,352.50607299804688,0.0017079886747524142,1.566858172416687,0,0.0025000001769512892,0.0025000001769512892,0,0,0
