measurement_id,geometry_id,local_key,local0,local1,phi,theta,time,var_local0,var_local1,var_phi,var_theta,var_time
0,255,unknown,-123.56880187988281,25.147430419921875,-0.00048522904398851097,1.573445200920105,0,0.0025000001769512892,0.0025000001769512892,0,0,0
1,511,unknown,-123.55348205566406,25.171043395996094,-0.0015433228109031916,1.5748580694198608,0,0.0025000001769512892,0.0025000001769512892,0,0,0
2,767,unknown,-123.68263244628906,25.087823867797852,-0.00045362516539171338,1.5750279426574707,0,0.0025000001769512892,0.0025000001769512892,0,0,0
3,1023,unknown,-123.65562438964844,24.987558364868164,-0.00042815119377337396,1.5752332210540771,0,0.0025000001769512892,0.0025000001769512892,0,0,0
4,1279,unknown,-123.63309478759766,24.875267028808594,-0.0001230937778018415,1.5741844177246094,0,0.0025000001769512892,0.0025000001769512892,0,0,0
5,1535,unknown,-123.71463012695312,24.828264236450195,1.9741808046092046e-06,1.5740227699279785,0,0.0025000001769512892,0.0025000001769512892,0,0,0
6,1791,unknown,-123.66870880126953,24.861169815063477,-3.3995340345427394e-05,1.5737040042877197,0,0.0025000001769512892,0.0025000001769512892,0,0,0
7,2047,unknown,-123.72342681884766,24.627077102661133,0.00027754195616580546,1.5741128921508789,0,0.0025000001769512892,0.0025000001769512892,0,0,0
8,2303,unknown,-123.70759582519531,24.523252487182617,0.00015123543562367558,1.5739715099334717,0,0.0025000001769512892,0.0025000001769512892,0,0,0
