particle_id,geometry_id,tx,ty,tz,tt,tpx,tpy,tpz,te,deltapx,deltapy,deltapz,deltae,index
0,255,20,-125.92292022705078,-205.379150390625,0,0.99982476234436035,0.0011824826942756772,0.0012316507054492831,0,0,0,0,0,0
0,511,40,-125.8994140625,-205.3543701171875,0,0.99969196319580078,0.0016599621158093214,0.0020311390981078148,0,0,0,0,0,0
0,767,60,-125.86644744873047,-205.31353759765625,0,0.99950623512268066,0.0021184498909860849,0.0025829109363257885,0,0,0,0,0,0
0,1023,80,-125.82437133789062,-205.2615966796875,0,0.99931061267852783,0.003094466170296073,0.002399311400949955,0,0,0,0,0,0
0,1279,100,-125.76272583007812,-205.21321105957031,0,0.99917811155319214,0.0028912348207086325,0.0027607367374002934,0,0,0,0,0,0
0,1535,120,-125.70518493652344,-205.15760803222656,0,0.99902540445327759,0.0022972305305302143,0.00088231975678354502,0,0,0,0,0,0
0,1791,140,-125.6593017578125,-205.13966369628906,0,0.99879622459411621,0.0029935836791992188,0.00074340659193694592,0,0,0,0,0,0
0,2047,160,-125.59944915771484,-205.12442016601562,0,0.99860745668411255,0.0026897273492068052,0.00082064390880987048,0,0,0,0,0,0
0,2303,180,-125.54567718505859,-205.107666015625,0,0.99676424264907837,0.0026690810918807983,0.00091834727209061384,0,0,0,0,0,0
