particle_id,geometry_id,tx,ty,tz,tt,tpx,tpy,tpz,te,deltapx,deltapy,deltapz,deltae,index
0,255,20,93.879661560058594,-120.2081298828125,0,0.99987256526947021,-1.7675068875178113e-07,1.4259586350817699e-05,0,0,0,0,0,0
0,511,40,93.879653930664062,-120.20784759521484,0,0.99965769052505493,-3.9608104998478666e-05,-0.00032918708166107535,0,0,0,0,0,0
0,767,60,93.878898620605469,-120.21443939208984,0,0.9994504451751709,-9.4397510110866278e-05,-0.0010346886701881886,0,0,0,0,0,0
0,1023,80,93.87713623046875,-120.23515319824219,0,0.99930357933044434,-0.0007617271039634943,-0.00079366331920027733,0,0,0,0,0,0
0,1279,100,93.861984252929688,-120.25112915039062,0,0.99909192323684692,-0.0014583325246348977,-0.0010219321120530367,0,0,0,0,0,0
0,1535,120,93.832916259765625,-120.27175903320312,0,0.99891364574432373,-0.0016907205572351813,-0.00087885395623743534,0,0,0,0,0,0
0,1791,140,93.799171447753906,-120.28955841064453,0,0.9986875057220459,-0.0026822916697710752,-0.0011978390393778682,0,0,0,0,0,0
0,2047,160,93.745597839355469,-120.31386566162109,0,0.99848181009292603,-0.0022808839567005634,-0.0012730555608868599,0,0,0,0,0,0
0,2303,180,93.700065612792969,-120.33963775634766,0,0.99836653470993042,-0.0025310248602181673,-0.0021752831526100636,0,0,0,0,0,0
