measurement_id,geometry_id,local_key,local0,local1,phi,theta,time,var_local0,var_local1,var_phi,var_theta,var_time
0,255,unknown,35.771549224853516,-158.24560546875,-0.00040680938400328159,1.5706353187561035,0,0.0025000001769512892,0.0025000001769512892,0,0,0
1,511,unknown,35.729476928710938,-158.23355102539062,-0.00044787561637349427,1.5706970691680908,0,0.0025000001769512892,0.0025000001769512892,0,0,0
2,767,unknown,35.866386413574219,-158.27647399902344,0.0011675404384732246,1.5702042579650879,0,0.0025000001769512892,0.0025000001769512892,0,0,0
3,1023,unknown,35.808586120605469,-158.3382568359375,0.00041216227691620588,1.5704267024993896,0,0.0025000001769512892,0.0025000001769512892,0,0,0
4,1279,unknown,35.805465698242188,-158.22103881835938,-0.0028641615062952042,1.568612813949585,0,0.0025000001769512892,0.0025000001769512892,0,0,0
5,1535,unknown,35.765098571777344,-158.35066223144531,-0.0027343030087649822,1.5686765909194946,0,0.0025000001769512892,0.0025000001769512892,0,0,0
6,1791,unknown,35.588714599609375,-158.20816040039062,-0.0022980915382504463,1.5675356388092041,0,0.0025000001769512892,0.0025000001769512892,0,0,0
7,2047,unknown,35.606250762939453,-158.08799743652344,-0.0026877503842115402,1.5672852993011475,0,0.0025000001769512892,0.0025000001769512892,0,0,0
8,2303,unknown,35.634246826171875,-158.00321960449219,-0.0015631824498996139,1.568279504776001,0,0.0025000001769512892,0.0025000001769512892,0,0,0
