particle_id,geometry_id,tx,ty,tz,tt,tpx,tpy,tpz,te,deltapx,deltapy,deltapz,deltae,index
0,255,20,28.378471374511719,87.319107055664062,0,0.99961221218109131,0.0007993394392542541,0.00015045929467305541,0,0,0,0,0,0
0,511,40,28.394445419311523,87.322212219238281,0,0.99946027994155884,0.00063915754435583949,0.0017992855282500386,0,0,0,0,0,0
0,767,60,28.407018661499023,87.358291625976562,0,0.99917852878570557,0.0013836687430739403,0.0022711779456585646,0,0,0,0,0,0
0,1023,80,28.434440612792969,87.403915405273438,0,0.99902892112731934,0.0013891148846596479,0.0024492410011589527,0,0,0,0,0,0
0,1279,100,28.461954116821289,87.453117370605469,0,0.9988824725151062,0.0022188336588442326,0.0020377128385007381,0,0,0,0,0,0
0,1535,120,28.506134033203125,87.494186401367188,0,0.99872308969497681,0.0012040395522490144,0.0016841405304148793,0,0,0,0,0,0
0,1791,140,28.53004264831543,87.528053283691406,0,0.99854773283004761,0.0015881197759881616,0.00035444652894511819,0,0,0,0,0,0
0,2047,160,28.561807632446289,87.535346984863281,0,0.99835628271102905,0.0024198512546718121,0.0016505587846040726,0,0,0,0,0,0
0,2303,180,28.610084533691406,87.568702697753906,0,0.99819999933242798,0.0023831904400140047,0.0017786963144317269,0,0,0,0,0,0
