measurement_id,geometry_id,local_key,local0,local1,phi,theta,time,var_local0,var_local1,var_phi,var_theta,var_time
0,255,unknown,108.23263549804688,-117.43011474609375,0.001784072257578373,1.5706541538238525,0,0.0025000001769512892,0.0025000001769512892,0,0,0
1,511,unknown,108.46075439453125,-117.42091369628906,0.0011831439333036542,1.5705128908157349,0,0.0025000001769512892,0.0025000001769512892,0,0,0
2,767,unknown,108.48108673095703,-117.49095153808594,0.0013186415890231729,1.5706382989883423,0,0.0025000001769512892,0.0025000001769512892,0,0,0
3,1023,unknown,108.49600219726562,-117.39434814453125,0.0022730517666786909,1.5693004131317139,0,0.0025000001769512892,0.0025000001769512892,0,0,0
4,1279,unknown,108.50152587890625,-117.45000457763672,0.0029346882365643978,1.5691498517990112,0,0.0025000001769512892,0.0025000001769512892,0,0,0
5,1535,unknown,108.62743377685547,-117.36732482910156,0.002127825515344739,1.5708072185516357,0,0.0025000001769512892,0.0025000001769512892,0,0,0
6,1791,unknown,108.63339996337891,-117.30550384521484,0.0044875075109302998,1.5722653865814209,0,0.0025000001769512892,0.0025000001769512892,0,0,0
7,2047,unknown,108.73252868652344,-117.426025390625,0.0046724202111363411,1.5707567930221558,0,0.0025000001769512892,0.0025000001769512892,0,0,0
8,2303,unknown,108.71199035644531,-117.37239074707031,0.0038129016757011414,1.56988525390625,0,0.0025000001769512892,0.0025000001769512892,0,0,0
