particle_id,geometry_id,tx,ty,tz,tt,tpx,tpy,tpz,te,deltapx,deltapy,deltapz,deltae,index
0,255,20,-222.94287109375,109.05229187011719,0,0.99986064434051514,0.00045519217383116484,0.001109283184632659,0,0,0,0,0,0
0,511,40,-222.93389892578125,109.07453155517578,0,0.9996379017829895,0.00042548886267468333,0.0010629186872392893,0,0,0,0,0,0
0,767,60,-222.92550659179688,109.09584808349609,0,0.99949085712432861,0.0012351623736321926,0.0016642266418784857,0,0,0,0,0,0
0,1023,80,-222.90098571777344,109.12929534912109,0,0.99932283163070679,0.00086306931916624308,0.0024079075083136559,0,0,0,0,0,0
0,1279,100,-222.88400268554688,109.17758941650391,0,0.99917119741439819,0.0012432060902938247,0.0010175183415412903,0,0,0,0,0,0
0,1535,120,-222.85923767089844,109.19810485839844,0,0.99903208017349243,0.00097905751317739487,0.0015926011838018894,0,0,0,0,0,0
0,1791,140,-222.83982849121094,109.2301025390625,0,0.99888169765472412,0.00091359700309112668,0.0014533993089571595,0,0,0,0,0,0
0,2047,160,-222.82171630859375,109.25931549072266,0,0.99875283241271973,0.0022447698283940554,0.0008364784880541265,0,0,0,0,0,0
0,2303,180,-222.77687072753906,109.27633666992188,0,0.99861592054367065,0.0030412008054554462,0.00059851387050002813,0,0,0,0,0,0
