measurement_id,geometry_id,local_key,local0,local1,phi,theta,time,var_local0,var_local1,var_phi,var_theta,var_time
0,255,unknown,72.765449523925781,63.589645385742188,0.0018209011759608984,1.570945143699646,0,0.0025000001769512892,0.0025000001769512892,0,0,0
1,511,unknown,72.744743347167969,63.627487182617188,0.0018667061813175678,1.5710655450820923,0,0.0025000001769512892,0.0025000001769512892,0,0,0
2,767,unknown,72.826507568359375,63.636478424072266,0.0014603150775656104,1.5715277194976807,0,0.0025000001769512892,0.0025000001769512892,0,0,0
3,1023,unknown,72.889778137207031,63.647743225097656,0.00031575228786095977,1.5727843046188354,0,0.0025000001769512892,0.0025000001769512892,0,0,0
4,1279,unknown,72.8853759765625,63.618373870849609,0.00022758646809961647,1.5727671384811401,0,0.0025000001769512892,0.0025000001769512892,0,0,0
5,1535,unknown,72.84527587890625,63.611339569091797,-0.00047245915629900992,1.5739222764968872,0,0.0025000001769512892,0.0025000001769512892,0,0,0
6,1791,unknown,72.89892578125,63.471134185791016,0.00094173988327383995,1.5737658739089966,0,0.0025000001769512892,0.0025000001769512892,0,0,0
7,2047,unknown,72.885879516601562,63.375675201416016,0.00061996019212529063,1.5732754468917847,0,0.0025000001769512892,0.0025000001769512892,0,0,0
8,2303,unknown,72.80120849609375,63.361289978027344,-0.00017242437752429396,1.5739928483963013,0,0.0025000001769512892,0.0025000001769512892,0,0,0
