particle_id,geometry_id,tx,ty,tz,tt,tpx,tpy,tpz,te,deltapx,deltapy,deltapz,deltae,index
0,255,20,-167.53654479980469,-113.11818695068359,0,0.99983096122741699,4.1264506762672681e-06,4.179168536211364e-05,0,0,0,0,0,0
0,511,40,-167.53646850585938,-113.11734771728516,0,0.999614417552948,0.0015342661645263433,-0.001987335504963994,0,0,0,0,0,0
0,767,60,-167.50553894042969,-113.15692138671875,0,0.99943721294403076,0.0013827071525156498,-0.0019943695515394211,0,0,0,0,0,0
0,1023,80,-167.47763061523438,-113.19666290283203,0,0.99924653768539429,0.00078455696348100901,-2.1878295228816569e-06,0,0,0,0,0,0
0,1279,100,-167.46192932128906,-113.19660949707031,0,0.99906241893768311,0.0013454586733132601,-0.0020212521776556969,0,0,0,0,0,0
0,1535,120,-167.43475341796875,-113.23690795898438,0,0.99888694286346436,0.0012498174328356981,-0.002833719365298748,0,0,0,0,0,0
0,1791,140,-167.40939331054688,-113.29349517822266,0,0.99872714281082153,0.0022971250582486391,-0.0037072845734655857,0,0,0,0,0,0
0,2047,160,-167.36294555664062,-113.36745452880859,0,0.99859440326690674,0.001604170654900372,-0.0034333441872149706,0,0,0,0,0,0
0,2303,180,-167.33039855957031,-113.43601989746094,0,0.99833077192306519,0.0025148971471935511,-0.0034429172519594431,0,0,0,0,0,0
