particle_id,particle_type,process,vx,vy,vz,vt,px,py,pz,m,q
0,0,0,0,-339.67987060546875,-197.28297424316406,0,1,0,-4.3711388286737929e-08,0,-1
