measurement_id,geometry_id,local_key,local0,local1,phi,theta,time,var_local0,var_local1,var_phi,var_theta,var_time
0,255,unknown,-112.34528350830078,466.40521240234375,0.00070746726123616099,1.5714297294616699,0,0.0025000001769512892,0.0025000001769512892,0,0,0
1,511,unknown,-112.22983551025391,466.39898681640625,-2.0457197024370544e-05,1.5708590745925903,0,0.0025000001769512892,0.0025000001769512892,0,0,0
2,767,unknown,-112.32909393310547,466.45889282226562,0.0010895533487200737,1.5715295076370239,0,0.0025000001769512892,0.0025000001769512892,0,0,0
3,1023,unknown,-112.3468017578125,466.33828735351562,0.0010827772784978151,1.5717124938964844,0,0.0025000001769512892,0.0025000001769512892,0,0,0
4,1279,unknown,-112.14691925048828,466.25680541992188,-0.00034638293436728418,1.5713920593261719,0,0.0025000001769512892,0.0025000001769512892,0,0,0
5,1535,unknown,-112.26064300537109,466.26736450195312,0.00066315173171460629,1.572368860244751,0,0.0025000001769512892,0.0025000001769512892,0,0,0
6,1791,unknown,-112.35952758789062,466.26910400390625,0.00073539704317227006,1.5723026990890503,0,0.0025000001769512892,0.0025000001769512892,0,0,0
7,2047,unknown,-112.29681396484375,466.21722412109375,0.0012382190907374024,1.5723558664321899,0,0.0025000001769512892,0.0025000001769512892,0,0,0
8,2303,unknown,-112.14742279052734,466.14498901367188,0.0014001826057210565,1.5728528499603271,0,0.0025000001769512892,0.0025000001769512892,0,0,0
