measurement_id,geometry_id,local_key,local0,local1,phi,theta,time,var_local0,var_local1,var_phi,var_theta,var_time
0,255,unknown,235.10960388183594,91.4158935546875,-0.00048833579057827592,1.5715268850326538,0,0.0025000001769512892,0.0025000001769512892,0,0,0
1,511,unknown,235.14418029785156,91.461677551269531,-0.00032376105082221329,1.5722388029098511,0,0.0025000001769512892,0.0025000001769512892,0,0,0
2,767,unknown,235.172119140625,91.422874450683594,-0.00034998176852241158,1.5725013017654419,0,0.0025000001769512892,0.0025000001769512892,0,0,0
3,1023,unknown,235.11070251464844,91.352310180664062,-0.00030200072797015309,1.5729097127914429,0,0.0025000001769512892,0.0025000001769512892,0,0,0
4,1279,unknown,235.07365417480469,91.40069580078125,0.00033642948255874217,1.5718722343444824,0,0.0025000001769512892,0.0025000001769512892,0,0,0
5,1535,unknown,235.10678100585938,91.322219848632812,0.00024774105986580253,1.5720504522323608,0,0.0025000001769512892,0.0025000001769512892,0,0,0
6,1791,unknown,235.03501892089844,91.276329040527344,8.8949593191500753e-05,1.5723834037780762,0,0.0025000001769512892,0.0025000001769512892,0,0,0
7,2047,unknown,235.21778869628906,91.22125244140625,-0.0003253693284932524,1.57459557056427,0,0.0025000001769512892,0.0025000001769512892,0,0,0
8,2303,unknown,235.11610412597656,91.182518005371094,0.00059387629153206944,1.5744577646255493,0,0.0025000001769512892,0.0025000001769512892,0,0,0
