particle_id,geometry_id,tx,ty,tz,tt,tpx,tpy,tpz,te,deltapx,deltapy,deltapz,deltae,index
0,255,20,56.034202575683594,149.51945495605469,0,0.99985635280609131,0.00052175536984577775,-0.00014343189832288772,0,0,0,0,0,0
0,511,40,56.044654846191406,149.51664733886719,0,0.99973446130752563,-0.00030503582092933357,-0.00041394768049940467,0,0,0,0,0,0
0,767,60,56.038600921630859,149.50833129882812,0,0.99959129095077515,-0.00025116396136581898,-0.00041913142194971442,0,0,0,0,0,0
0,1023,80,56.033626556396484,149.49990844726562,0,0.9994359016418457,-0.00016128756396938115,-0.00027383212000131607,0,0,0,0,0,0
0,1279,100,56.030433654785156,149.49441528320312,0,0.99925363063812256,0.00084303948096930981,0.00054922036360949278,0,0,0,0,0,0
0,1535,120,56.0472412109375,149.50550842285156,0,0.99911594390869141,0.00045232663978822529,0.0024244403466582298,0,0,0,0,0,0
0,1791,140,56.056003570556641,149.55409240722656,0,0.99892133474349976,-0.0013329393696039915,0.0019354982068762183,0,0,0,0,0,0
0,2047,160,56.029083251953125,149.59268188476562,0,0.99872004985809326,0.00036422495031729341,-0.00033709322451613843,0,0,0,0,0,0
0,2303,180,56.036418914794922,149.58596801757812,0,0.9986000657081604,0.00026655205874703825,-0.00058954174164682627,0,0,0,0,0,0
