particle_id,geometry_id,tx,ty,tz,tt,tpx,tpy,tpz,te,deltapx,deltapy,deltapz,deltae,index
0,255,20,519.2291259765625,-114.19540405273438,0,0.99981921911239624,0.00066877272911369801,0.00024035801470745355,0,0,0,0,0,0
0,511,40,519.24249267578125,-114.19051361083984,0,0.99951815605163574,0.00076444505248218775,0.00029664451722055674,0,0,0,0,0,0
0,767,60,519.25775146484375,-114.18448638916016,0,0.99929732084274292,0.0013268745969980955,0.00052506214706227183,0,0,0,0,0,0
0,1023,80,519.28424072265625,-114.17382049560547,0,0.99918001890182495,0.00067586568184196949,0.00046758839744143188,0,0,0,0,0,0
0,1279,100,519.2977294921875,-114.16438293457031,0,0.99890923500061035,0.00017338832549285144,-8.8876797235570848e-05,0,0,0,0,0,0
0,1535,120,519.30120849609375,-114.16614532470703,0,0.99854069948196411,0.00023517834779340774,0.00057132600340992212,0,0,0,0,0,0
0,1791,140,519.30584716796875,-114.15467071533203,0,0.99830865859985352,0.0010394040727987885,0.0015857357066124678,0,0,0,0,0,0
0,2047,160,519.32647705078125,-114.12277984619141,0,0.99814689159393311,0.00031784153543412685,0.0021480571012943983,0,0,0,0,0,0
0,2303,180,519.33258056640625,-114.07970428466797,0,0.9979623556137085,0.00036311757867224514,0.0022519940976053476,0,0,0,0,0,0
