measurement_id,geometry_id,local_key,local0,local1,phi,theta,time,var_local0,var_local1,var_phi,var_theta,var_time
0,255,unknown,-82.974655151367188,-156.52183532714844,-8.6962951172608882e-05,1.5711705684661865,0,0.0025000001769512892,0.0025000001769512892,0,0,0
1,511,unknown,-83.016265869140625,-156.57588195800781,0.00090630777413025498,1.5708252191543579,0,0.0025000001769512892,0.0025000001769512892,0,0,0
2,767,unknown,-83.046340942382812,-156.55154418945312,0.00031082020723260939,1.571225643157959,0,0.0025000001769512892,0.0025000001769512892,0,0,0
3,1023,unknown,-82.985145568847656,-156.58380126953125,0.0003539983881637454,1.5708773136138916,0,0.0025000001769512892,0.0025000001769512892,0,0,0
4,1279,unknown,-83.031867980957031,-156.5347900390625,0.0016390711534768343,1.5730609893798828,0,0.0025000001769512892,0.0025000001769512892,0,0,0
5,1535,unknown,-82.835411071777344,-156.51620483398438,0.0016406121430918574,1.5717966556549072,0,0.0025000001769512892,0.0025000001769512892,0,0,0
6,1791,unknown,-82.920036315917969,-156.60415649414062,0.0017301042098551989,1.5718234777450562,0,0.0025000001769512892,0.0025000001769512892,0,0,0
7,2047,unknown,-82.910728454589844,-156.59193420410156,0.0011761876521632075,1.5719430446624756,0,0.0025000001769512892,0.0025000001769512892,0,0,0
8,2303,unknown,-82.890289306640625,-156.62580871582031,0.00045877802767790854,1.5711339712142944,0,0.0025000001769512892,0.0025000001769512892,0,0,0
