particle_id,particle_type,process,vx,vy,vz,vt,px,py,pz,m,q
0,0,0,0,294.11111450195312,-83.344345092773438,0,1,0,-4.3711388286737929e-08,0,-1
