particle_id,particle_type,process,vx,vy,vz,vt,px,py,pz,m,q
0,0,0,0,98.770843505859375,-214.26930236816406,0,1,0,-4.3711388286737929e-08,0,-1
