measurement_id,geometry_id,local_key,local0,local1,phi,theta,time,var_local0,var_local1,var_phi,var_theta,var_time
0,255,unknown,-269.9019775390625,102.35774230957031,-0.0003791915369220078,1.5700292587280273,0,0.0025000001769512892,0.0025000001769512892,0,0,0
1,511,unknown,-269.97207641601562,102.3380126953125,0.00022072606952860951,1.5701173543930054,0,0.0025000001769512892,0.0025000001769512892,0,0,0
2,767,unknown,-269.95108032226562,102.42068481445312,0.00014399409701582044,1.5697598457336426,0,0.0025000001769512892,0.0025000001769512892,0,0,0
3,1023,unknown,-269.933349609375,102.36435699462891,-2.1194939108681865e-05,1.5694667100906372,0,0.0025000001769512892,0.0025000001769512892,0,0,0
4,1279,unknown,-269.92721557617188,102.39259338378906,0.000156855458044447,1.5695176124572754,0,0.0025000001769512892,0.0025000001769512892,0,0,0
5,1535,unknown,-269.9114990234375,102.37754058837891,0.00044294274994172156,1.5685893297195435,0,0.0025000001769512892,0.0025000001769512892,0,0,0
6,1791,unknown,-269.92031860351562,102.4393310546875,0.00092374812811613083,1.5691570043563843,0,0.0025000001769512892,0.0025000001769512892,0,0,0
7,2047,unknown,-269.84811401367188,102.49787902832031,0.00098887376952916384,1.5698623657226562,0,0.0025000001769512892,0.0025000001769512892,0,0,0
8,2303,unknown,-269.94058227539062,102.52386474609375,0.00069952401099726558,1.5711479187011719,0,0.0025000001769512892,0.0025000001769512892,0,0,0
