particle_id,geometry_id,tx,ty,tz,tt,tpx,tpy,tpz,te,deltapx,deltapy,deltapz,deltae,index
0,255,20,155.8021240234375,65.0020751953125,0,0.99984604120254517,0.00012552330736070871,-0.0011495215585455298,0,0,0,0,0,0
0,511,40,155.80477905273438,64.979095458984375,0,0.99965953826904297,0.00032401949283666909,-0.00062865868676453829,0,0,0,0,0,0
0,767,60,155.81134033203125,64.966560363769531,0,0.99946510791778564,-8.0047590017784387e-05,0.00032343642669729888,0,0,0,0,0,0
0,1023,80,155.8096923828125,64.9730224609375,0,0.99928617477416992,-0.001009503728710115,0.00010335617116652429,0,0,0,0,0,0
0,1279,100,155.78947448730469,64.974967956542969,0,0.99903613328933716,-0.0013224809663370252,-0.00053322978783398867,0,0,0,0,0,0
0,1535,120,155.7630615234375,64.964134216308594,0,0.99882417917251587,-0.001817299285903573,-0.0018809839384630322,0,0,0,0,0,0
0,1791,140,155.72689819335938,64.926254272460938,0,0.99861818552017212,-0.0022258230019360781,-0.0023735645227134228,0,0,0,0,0,0
0,2047,160,155.68260192871094,64.878448486328125,0,0.9984472393989563,-0.0023911355528980494,-0.0025464599020779133,0,0,0,0,0,0
0,2303,180,155.635009765625,64.827156066894531,0,0.99825024604797363,-0.0025259722024202347,-0.0026924498379230499,0,0,0,0,0,0
