measurement_id,geometry_id,local_key,local0,local1,phi,theta,time,var_local0,var_local1,var_phi,var_theta,var_time
0,255,unknown,-65.397727966308594,-61.480739593505859,0.00078026414848864079,1.5709242820739746,0,0.0025000001769512892,0.0025000001769512892,0,0,0
1,511,unknown,-65.428955078125,-61.383075714111328,0.00072810053825378418,1.5711615085601807,0,0.0025000001769512892,0.0025000001769512892,0,0,0
2,767,unknown,-65.405479431152344,-61.491249084472656,0.0007158586522564292,1.5711472034454346,0,0.0025000001769512892,0.0025000001769512892,0,0,0
3,1023,unknown,-65.31597900390625,-61.523536682128906,0.00093899160856381059,1.5705235004425049,0,0.0025000001769512892,0.0025000001769512892,0,0,0
4,1279,unknown,-65.301979064941406,-61.524372100830078,0.00092443916946649551,1.5702004432678223,0,0.0025000001769512892,0.0025000001769512892,0,0,0
5,1535,unknown,-65.256187438964844,-61.495620727539062,0.00053816079162061214,1.5704308748245239,0,0.0025000001769512892,0.0025000001769512892,0,0,0
6,1791,unknown,-65.241729736328125,-61.367546081542969,0.0014729499816894531,1.5708568096160889,0,0.0025000001769512892,0.0025000001769512892,0,0,0
7,2047,unknown,-65.264533996582031,-61.453292846679688,0.00064542394829913974,1.5689711570739746,0,0.0025000001769512892,0.0025000001769512892,0,0,0
8,2303,unknown,-65.226959228515625,-61.4044189453125,0.0002130439825123176,1.5697393417358398,0,0.0025000001769512892,0.0025000001769512892,0,0,0
