measurement_id,geometry_id,local_key,local0,local1,phi,theta,time,var_local0,var_local1,var_phi,var_theta,var_time
0,255,unknown,193.18222045898438,-93.266815185546875,0.0013824314810335636,1.5714467763900757,0,0.0025000001769512892,0.0025000001769512892,0,0,0
1,511,unknown,193.32171630859375,-93.407783508300781,0.00052358623361214995,1.5728975534439087,0,0.0025000001769512892,0.0025000001769512892,0,0,0
2,767,unknown,193.28562927246094,-93.408119201660156,0.00056684599258005619,1.5730079412460327,0,0.0025000001769512892,0.0025000001769512892,0,0,0
3,1023,unknown,193.22073364257812,-93.464927673339844,0.002120315795764327,1.5721902847290039,0,0.0025000001769512892,0.0025000001769512892,0,0,0
4,1279,unknown,193.212158203125,-93.400718688964844,0.00052847404731437564,1.5719358921051025,0,0.0025000001769512892,0.0025000001769512892,0,0,0
5,1535,unknown,193.24581909179688,-93.572990417480469,0.00046333926729857922,1.5721505880355835,0,0.0025000001769512892,0.0025000001769512892,0,0,0
6,1791,unknown,193.33692932128906,-93.533653259277344,0.00058336247457191348,1.5720787048339844,0,0.0025000001769512892,0.0025000001769512892,0,0,0
7,2047,unknown,193.38229370117188,-93.486763000488281,0.00068119785282760859,1.5721831321716309,0,0.0025000001769512892,0.0025000001769512892,0,0,0
8,2303,unknown,193.33845520019531,-93.529716491699219,-0.00015287108544725925,1.5721585750579834,0,0.0025000001769512892,0.0025000001769512892,0,0,0
