measurement_id,geometry_id,local_key,local0,local1,phi,theta,time,var_local0,var_local1,var_phi,var_theta,var_time
0,255,unknown,-181.19871520996094,210.02037048339844,-0.00021158211166039109,1.5706895589828491,0,0.0025000001769512892,0.0025000001769512892,0,0,0
1,511,unknown,-181.25245666503906,210.08810424804688,-0.00031706207664683461,1.5683923959732056,0,0.0025000001769512892,0.0025000001769512892,0,0,0
2,767,unknown,-181.21792602539062,210.10830688476562,-0.00057400594232603908,1.5685186386108398,0,0.0025000001769512892,0.0025000001769512892,0,0,0
3,1023,unknown,-181.22293090820312,210.15335083007812,-0.00052676815539598465,1.5687916278839111,0,0.0025000001769512892,0.0025000001769512892,0,0,0
4,1279,unknown,-181.21127319335938,210.24397277832031,-0.00056908041005954146,1.5685653686523438,0,0.0025000001769512892,0.0025000001769512892,0,0,0
5,1535,unknown,-181.27360534667969,210.28388977050781,0.00015986066136974841,1.5664081573486328,0,0.0025000001769512892,0.0025000001769512892,0,0,0
6,1791,unknown,-181.29621887207031,210.37858581542969,0.00084450060967355967,1.5661505460739136,0,0.0025000001769512892,0.0025000001769512892,0,0,0
7,2047,unknown,-181.28752136230469,210.38534545898438,-0.00037177727790549397,1.5672181844711304,0,0.0025000001769512892,0.0025000001769512892,0,0,0
8,2303,unknown,-181.28619384765625,210.60978698730469,-0.00057556823594495654,1.5670188665390015,0,0.0025000001769512892,0.0025000001769512892,0,0,0
