particle_id,particle_type,process,vx,vy,vz,vt,px,py,pz,m,q
0,0,0,0,35.111965179443359,-321.70132446289062,0,1,0,-4.3711388286737929e-08,0,-1
