particle_id,particle_type,process,vx,vy,vz,vt,px,py,pz,m,q
0,0,0,0,-132.47802734375,331.52609252929688,0,1,0,-4.3711388286737929e-08,0,-1
