particle_id,geometry_id,tx,ty,tz,tt,tpx,tpy,tpz,te,deltapx,deltapy,deltapz,deltae,index
0,255,20,-18.595413208007812,-184.08787536621094,0,0.99982136487960815,0.00084690260700881481,0.00021795120846945792,0,0,0,0,0,0
0,511,40,-18.578498840332031,-184.08341979980469,0,0.99871748685836792,0.0011250660754740238,0.001464947359636426,0,0,0,0,0,0
0,767,60,-18.556144714355469,-184.053955078125,0,0.99855732917785645,0.0012454354437068105,0.0016087483381852508,0,0,0,0,0,0
0,1023,80,-18.531394958496094,-184.02159118652344,0,0.99840402603149414,0.0012255747569724917,0.00018038935377262533,0,0,0,0,0,0
0,1279,100,-18.506866455078125,-184.01783752441406,0,0.99813973903656006,0.00021941997692920268,0.00017463005497120321,0,0,0,0,0,0
0,1535,120,-18.502490997314453,-184.01431274414062,0,0.99795269966125488,-9.1108835476916283e-05,-0.00054359575733542442,0,0,0,0,0,0
0,1791,140,-18.504251480102539,-184.02522277832031,0,0.99778038263320923,0.0001042338481056504,-0.0014719852479174733,0,0,0,0,0,0
0,2047,160,-18.501985549926758,-184.05471801757812,0,0.99765288829803467,0.00027315408806316555,-0.0015451768413186073,0,0,0,0,0,0
0,2303,180,-18.496322631835938,-184.08566284179688,0,0.99745243787765503,-9.8297547083348036e-05,-0.0017512870253995061,0,0,0,0,0,0
