particle_id,geometry_id,tx,ty,tz,tt,tpx,tpy,tpz,te,deltapx,deltapy,deltapz,deltae,index
0,255,20,84.428321838378906,-16.395240783691406,0,0.99962478876113892,-0.00064291461603716016,-5.2714440244017169e-05,0,0,0,0,0,0
0,511,40,84.41546630859375,-16.396371841430664,0,0.99948793649673462,0.000312652817228809,-4.2222171032335609e-05,0,0,0,0,0,0
0,767,60,84.421730041503906,-16.397178649902344,0,0.99932628870010376,0.00032565259607508779,-3.4114571462851018e-05,0,0,0,0,0,0
0,1023,80,84.428253173828125,-16.397821426391602,0,0.99908781051635742,-6.0569625929929316e-05,-0.00081933650653809309,0,0,0,0,0,0
0,1279,100,84.427139282226562,-16.414230346679688,0,0.99894160032272339,-0.00012930738739669323,-0.00047792424447834492,0,0,0,0,0,0
0,1535,120,84.424606323242188,-16.42381477355957,0,0.9967157244682312,0.00021152073168195784,0.00028107929392717779,0,0,0,0,0,0
0,1791,140,84.428817749023438,-16.418149948120117,0,0.9965624213218689,-4.9279729864792898e-05,0.00013681345444638282,0,0,0,0,0,0
0,2047,160,84.427810668945312,-16.415410995483398,0,0.99634486436843872,-7.2936854849103838e-06,9.580671030562371e-05,0,0,0,0,0,0
0,2303,180,84.427650451660156,-16.413488388061523,0,0.99617671966552734,-0.001686903415247798,-0.0002227067161584273,0,0,0,0,0,0
