particle_id,particle_type,process,vx,vy,vz,vt,px,py,pz,m,q
0,0,0,0,237.52293395996094,-237.21385192871094,0,1,0,-4.3711388286737929e-08,0,-1
