measurement_id,geometry_id,local_key,local0,local1,phi,theta,time,var_local0,var_local1,var_phi,var_theta,var_time
0,255,unknown,66.107643127441406,159.71812438964844,0.00078617664985358715,1.570070743560791,0,0.0025000001769512892,0.0025000001769512892,0,0,0
1,511,unknown,66.169113159179688,159.67691040039062,0.0023773964494466782,1.5698425769805908,0,0.0025000001769512892,0.0025000001769512892,0,0,0
2,767,unknown,66.230758666992188,159.74659729003906,0.0025569740682840347,1.5691666603088379,0,0.0025000001769512892,0.0025000001769512892,0,0,0
3,1023,unknown,66.324317932128906,159.75198364257812,0.0022248274181038141,1.5685738325119019,0,0.0025000001769512892,0.0025000001769512892,0,0,0
4,1279,unknown,66.31121826171875,159.83158874511719,0.0022351301740854979,1.5681930780410767,0,0.0025000001769512892,0.0025000001769512892,0,0,0
5,1535,unknown,66.401519775390625,159.84536743164062,0.0021637738682329655,1.5669467449188232,0,0.0025000001769512892,0.0025000001769512892,0,0,0
6,1791,unknown,66.463035583496094,159.92758178710938,0.0025446445215493441,1.5683180093765259,0,0.0025000001769512892,0.0025000001769512892,0,0,0
7,2047,unknown,66.410743713378906,159.96351623535156,0.0025405124761164188,1.5686076879501343,0,0.0025000001769512892,0.0025000001769512892,0,0,0
8,2303,unknown,66.64263916015625,160.02676391601562,0.0022641886025667191,1.5687612295150757,0,0.0025000001769512892,0.0025000001769512892,0,0,0
