particle_id,geometry_id,tx,ty,tz,tt,tpx,tpy,tpz,te,deltapx,deltapy,deltapz,deltae,index
0,255,20,-104.14655303955078,118.60919189453125,0,0.99985408782958984,-0.00065349234500899911,-0.00014545785961672664,0,0,0,0,0,0
0,511,40,-104.15960693359375,118.606201171875,0,0.99967902898788452,0.00043336433009244502,-0.00061008031480014324,0,0,0,0,0,0
0,767,60,-104.15086364746094,118.59404754638672,0,0.99950671195983887,-0.00044777456787414849,-9.0836372692137957e-05,0,0,0,0,0,0
0,1023,80,-104.15981292724609,118.59217834472656,0,0.9993138313293457,-0.0016008809907361865,-0.0012968679657205939,0,0,0,0,0,0
0,1279,100,-104.19169616699219,118.56603240966797,0,0.99916815757751465,-0.0021099296864122152,-0.0026670508086681366,0,0,0,0,0,0
0,1535,120,-104.23361206054688,118.51239776611328,0,0.99895673990249634,-0.0022880479227751493,-0.002248615026473999,0,0,0,0,0,0
0,1791,140,-104.27915191650391,118.46710205078125,0,0.9987863302230835,-0.0014957993989810348,-0.0020659388974308968,0,0,0,0,0,0
0,2047,160,-104.30885314941406,118.42555236816406,0,0.9986034631729126,-0.0012487969361245632,-0.002064369386062026,0,0,0,0,0,0
0,2303,180,-104.3336181640625,118.38405609130859,0,0.99844896793365479,-0.0015941811725497246,-0.0011542250867933035,0,0,0,0,0,0
