particle_id,geometry_id,tx,ty,tz,tt,tpx,tpy,tpz,te,deltapx,deltapy,deltapz,deltae,index
0,255,20,-159.47894287109375,108.88341522216797,0,0.99986201524734497,-0.0010907065588980913,-0.0016490791458636522,0,0,0,0,0,0
0,511,40,-159.50056457519531,108.85029602050781,0,0.99969321489334106,-0.000896250712685287,-0.0021259698551148176,0,0,0,0,0,0
0,767,60,-159.51823425292969,108.80765533447266,0,0.99950659275054932,0.0011085887672379613,-0.0018910842482000589,0,0,0,0,0,0
0,1023,80,-159.49581909179688,108.76995086669922,0,0.99934673309326172,0.001149525516666472,-0.0018202557694166899,0,0,0,0,0,0
0,1279,100,-159.47259521484375,108.73365783691406,0,0.99918323755264282,0.0022441004402935505,-0.0015563651686534286,0,0,0,0,0,0
0,1535,120,-159.427490234375,108.70277404785156,0,0.9990229606628418,0.0022321012802422047,-0.0017641718732193112,0,0,0,0,0,0
0,1791,140,-159.38259887695312,108.667724609375,0,0.9985804557800293,0.002217206172645092,-0.00091284536756575108,0,0,0,0,0,0
0,2047,160,-159.33808898925781,108.64971160888672,0,0.99845999479293823,0.0016482853097841144,-0.0014707283116877079,0,0,0,0,0,0
0,2303,180,-159.30490112304688,108.62045288085938,0,0.99821645021438599,0.0010318424319848418,-0.0021412742789834738,0,0,0,0,0,0
