particle_id,geometry_id,tx,ty,tz,tt,tpx,tpy,tpz,te,deltapx,deltapy,deltapz,deltae,index
0,255,20,-14.415565490722656,128.52235412597656,0,0.99984610080718994,0.00019966911349911243,0.00012427245383150876,0,0,0,0,0,0
0,511,40,-14.411586761474609,128.52485656738281,0,0.99967163801193237,-0.00018237048061564565,0.0025606900453567505,0,0,0,0,0,0
0,767,60,-14.415542602539062,128.57606506347656,0,0.9993901252746582,-0.00010833772830665112,0.0020132481586188078,0,0,0,0,0,0
0,1023,80,-14.417952537536621,128.6163330078125,0,0.99921923875808716,-0.00065642880508676171,0.00089011224918067455,0,0,0,0,0,0
0,1279,100,-14.431198120117188,128.63406372070312,0,0.99905675649642944,-0.0012496289564296603,0.0029115274082869291,0,0,0,0,0,0
0,1535,120,-14.456563949584961,128.69219970703125,0,0.99890428781509399,-0.0010393182747066021,0.001834009075537324,0,0,0,0,0,0
0,1791,140,-14.477593421936035,128.72879028320312,0,0.99753624200820923,-0.0014608423225581646,0.0020844331011176109,0,0,0,0,0,0
0,2047,160,-14.507132530212402,128.77040100097656,0,0.99721145629882812,-0.0028514298610389233,0.0040485844947397709,0,0,0,0,0,0
0,2303,180,-14.564807891845703,128.85125732421875,0,0.99707221984863281,-0.0046922396868467331,0.0051458766683936119,0,0,0,0,0,0
