particle_id,geometry_id,tx,ty,tz,tt,tpx,tpy,tpz,te,deltapx,deltapy,deltapz,deltae,index
0,255,20,34.272991180419922,-27.311887741088867,0,0.99983793497085571,0.00054639915470033884,-0.00098753313068300486,0,0,0,0,0,0
0,511,40,34.284038543701172,-27.331575393676758,0,0.99965167045593262,0.00096935295732691884,-0.0013640394899994135,0,0,0,0,0,0
0,767,60,34.303596496582031,-27.358749389648438,0,0.99936181306838989,0.0010627397568896413,-0.0014065320137888193,0,0,0,0,0,0
0,1023,80,34.325035095214844,-27.386770248413086,0,0.99922412633895874,0.00013612331531476229,-0.00078061624662950635,0,0,0,0,0,0
0,1279,100,34.327854156494141,-27.402378082275391,0,0.99905377626419067,-0.00099744705948978662,4.2116509575862437e-05,0,0,0,0,0,0
0,1535,120,34.307880401611328,-27.401655197143555,0,0.99892657995223999,-0.0011148179182782769,0.00070932431844994426,0,0,0,0,0,0
0,1791,140,34.285476684570312,-27.387588500976562,0,0.99876171350479126,-0.0013252368662506342,-0.0015532057732343674,0,0,0,0,0,0
0,2047,160,34.259124755859375,-27.418849945068359,0,0.9986005425453186,-0.0023691169917583466,-0.00038550424505956471,0,0,0,0,0,0
0,2303,180,34.211723327636719,-27.426855087280273,0,0.99836951494216919,-0.0017683971673250198,0.00020835180475842208,0,0,0,0,0,0
