measurement_id,geometry_id,local_key,local0,local1,phi,theta,time,var_local0,var_local1,var_phi,var_theta,var_time
0,255,unknown,26.12700080871582,-148.92488098144531,8.6403560999315232e-05,1.5697717666625977,0,0.0025000001769512892,0.0025000001769512892,0,0,0
1,511,unknown,26.096551895141602,-148.8587646484375,-0.00026560024707578123,1.568953275680542,0,0.0025000001769512892,0.0025000001769512892,0,0,0
2,767,unknown,26.136804580688477,-148.7113037109375,-0.0019578051287680864,1.5697486400604248,0,0.0025000001769512892,0.0025000001769512892,0,0,0
3,1023,unknown,26.005428314208984,-148.80905151367188,-0.0023978345561772585,1.5691226720809937,0,0.0025000001769512892,0.0025000001769512892,0,0,0
4,1279,unknown,25.892602920532227,-148.6728515625,-0.0020631095394492149,1.5694458484649658,0,0.0025000001769512892,0.0025000001769512892,0,0,0
5,1535,unknown,25.940834045410156,-148.63626098632812,-0.0019010034156963229,1.5685749053955078,0,0.0025000001769512892,0.0025000001769512892,0,0,0
6,1791,unknown,25.90863037109375,-148.64933776855469,-0.0017600648570805788,1.5696487426757812,0,0.0025000001769512892,0.0025000001769512892,0,0,0
7,2047,unknown,25.922975540161133,-148.70724487304688,-0.0014841705560684204,1.5698273181915283,0,0.0025000001769512892,0.0025000001769512892,0,0,0
8,2303,unknown,25.867631912231445,-148.68701171875,-0.00083240092499181628,1.5702747106552124,0,0.0025000001769512892,0.0025000001769512892,0,0,0
