particle_id,particle_type,process,vx,vy,vz,vt,px,py,pz,m,q
0,0,0,0,285.45538330078125,15.436882972717285,0,1,0,-4.3711388286737929e-08,0,-1
