measurement_id,geometry_id,local_key,local0,local1,phi,theta,time,var_local0,var_local1,var_phi,var_theta,var_time
0,255,unknown,-5.3407812118530273,-342.80865478515625,-0.0018578314920887351,1.5706897974014282,0,0.0025000001769512892,0.0025000001769512892,0,0,0
1,511,unknown,-5.4300704002380371,-342.94052124023438,-0.001242496189661324,1.5706470012664795,0,0.0025000001769512892,0.0025000001769512892,0,0,0
2,767,unknown,-5.4445266723632812,-342.86758422851562,-0.0013693470973521471,1.5695356130599976,0,0.0025000001769512892,0.0025000001769512892,0,0,0
3,1023,unknown,-5.4157447814941406,-342.8670654296875,-0.0014775993768125772,1.5694476366043091,0,0.0025000001769512892,0.0025000001769512892,0,0,0
4,1279,unknown,-5.5039114952087402,-342.73092651367188,-0.0014278428861871362,1.5703063011169434,0,0.0025000001769512892,0.0025000001769512892,0,0,0
5,1535,unknown,-5.4785757064819336,-342.78219604492188,-0.00035687722265720367,1.5705052614212036,0,0.0025000001769512892,0.0025000001769512892,0,0,0
6,1791,unknown,-5.5589385032653809,-342.76181030273438,-0.00020851603767368942,1.5707840919494629,0,0.0025000001769512892,0.0025000001769512892,0,0,0
7,2047,unknown,-5.4659938812255859,-342.7823486328125,-0.00019329070346429944,1.5708804130554199,0,0.0025000001769512892,0.0025000001769512892,0,0,0
8,2303,unknown,-5.5640411376953125,-342.79217529296875,-2.343365122214891e-05,1.571530818939209,0,0.0025000001769512892,0.0025000001769512892,0,0,0
