particle_id,geometry_id,tx,ty,tz,tt,tpx,tpy,tpz,te,deltapx,deltapy,deltapz,deltae,index
0,255,20,-309.12139892578125,-8.987940788269043,0,0.99986773729324341,0.00044291673111729324,0.00063704582862555981,0,0,0,0,0,0
0,511,40,-309.11260986328125,-8.9751453399658203,0,0.99973434209823608,0.00039733145968057215,0.00026190874632447958,0,0,0,0,0,0
0,767,60,-309.10470581054688,-8.9698581695556641,0,0.99961268901824951,0.00055272452300414443,-5.1641334721352905e-05,0,0,0,0,0,0
0,1023,80,-309.0936279296875,-8.9708251953125,0,0.99934118986129761,0.00035349826794117689,0.00058000400895252824,0,0,0,0,0,0
0,1279,100,-309.08660888671875,-8.9591751098632812,0,0.99913758039474487,0.0015113803092390299,-0.00013272844080347568,0,0,0,0,0,0
0,1535,120,-309.05633544921875,-8.9616498947143555,0,0.99895501136779785,0.00037830678047612309,-0.0014988451730459929,0,0,0,0,0,0
0,1791,140,-309.048583984375,-8.991612434387207,0,0.99879032373428345,0.00018714051111601293,-0.00047749467194080353,0,0,0,0,0,0
0,2047,160,-309.04476928710938,-9.0011510848999023,0,0.99861425161361694,0.00019056251039728522,0.00039339711656793952,0,0,0,0,0,0
0,2303,180,-309.04098510742188,-8.9932498931884766,0,0.99848276376724243,0.0018256282201036811,0.0012780864490196109,0,0,0,0,0,0
