particle_id,geometry_id,tx,ty,tz,tt,tpx,tpy,tpz,te,deltapx,deltapy,deltapz,deltae,index
0,255,20,-138.8255615234375,-279.97088623046875,0,0.99987959861755371,0.00059324625181034207,0.0010630565229803324,0,0,0,0,0,0
0,511,40,-138.81382751464844,-279.94955444335938,0,0.99973928928375244,0.00052988191600888968,0.00064447219483554363,0,0,0,0,0,0
0,767,60,-138.80329895019531,-279.93658447265625,0,0.99820506572723389,0.00044850376434624195,0.00084553734632208943,0,0,0,0,0,0
0,1023,80,-138.79441833496094,-279.91958618164062,0,0.99805277585983276,6.5133615862578154e-05,0.0014092418132349849,0,0,0,0,0,0
0,1279,100,-138.79328918457031,-279.89132690429688,0,0.99786651134490967,0.00012785324361175299,0.001208658330142498,0,0,0,0,0,0
0,1535,120,-138.79087829589844,-279.86709594726562,0,0.99757176637649536,-0.00059918285114690661,0.001337448600679636,0,0,0,0,0,0
0,1791,140,-138.80305480957031,-279.84036254882812,0,0.99742299318313599,-0.00064809649484232068,0.0012606761883944273,0,0,0,0,0,0
0,2047,160,-138.81620788574219,-279.81515502929688,0,0.99724048376083374,0.0025494280271232128,0.00050603167619556189,0,0,0,0,0,0
0,2303,180,-138.76513671875,-279.8046875,0,0.99704986810684204,0.002898308215662837,0.0022706259042024612,0,0,0,0,0,0
