particle_id,geometry_id,tx,ty,tz,tt,tpx,tpy,tpz,te,deltapx,deltapy,deltapz,deltae,index
0,255,20,-54.049938201904297,-153.17369079589844,0,0.99596458673477173,0.00031547422986477613,-0.00018395358347333968,0,0,0,0,0,0
0,511,40,-54.043582916259766,-153.17735290527344,0,0.99576568603515625,-0.00024686031974852085,-0.0013137472560629249,0,0,0,0,0,0
0,767,60,-54.048381805419922,-153.20376586914062,0,0.99562555551528931,-0.00035848226980306208,-0.00068617792567238212,0,0,0,0,0,0
0,1023,80,-54.055500030517578,-153.21759033203125,0,0.99535238742828369,0.00029720726888626814,-0.0013512903824448586,0,0,0,0,0,0
0,1279,100,-54.049365997314453,-153.24470520019531,0,0.99521166086196899,0.00022209511371329427,-0.0013337780255824327,0,0,0,0,0,0
0,1535,120,-54.044742584228516,-153.271484375,0,0.99501746892929077,0.0012274921173229814,-0.0013526160037145019,0,0,0,0,0,0
0,1791,140,-54.019905090332031,-153.29852294921875,0,0.99482542276382446,0.00092842383310198784,-0.0014031120808795094,0,0,0,0,0,0
0,2047,160,-54.001071929931641,-153.32661437988281,0,0.99466532468795776,7.5854586611967534e-05,-0.0010318690910935402,0,0,0,0,0,0
0,2303,180,-53.999420166015625,-153.34735107421875,0,0.99364489316940308,0.00035117520019412041,-0.00045501647400669754,0,0,0,0,0,0
