measurement_id,geometry_id,local_key,local0,local1,phi,theta,time,var_local0,var_local1,var_phi,var_theta,var_time
0,255,unknown,-490.09970092773438,28.967535018920898,-0.0002126547769876197,1.5712718963623047,0,0.0025000001769512892,0.0025000001769512892,0,0,0
1,511,unknown,-490.0614013671875,29.009786605834961,0.00060968287289142609,1.5709733963012695,0,0.0025000001769512892,0.0025000001769512892,0,0,0
2,767,unknown,-490.1312255859375,29.059867858886719,0.00012594394502229989,1.571561336517334,0,0.0025000001769512892,0.0025000001769512892,0,0,0
3,1023,unknown,-490.0947265625,29.149330139160156,0.00021704111713916063,1.5716038942337036,0,0.0025000001769512892,0.0025000001769512892,0,0,0
4,1279,unknown,-490.10794067382812,28.991676330566406,-0.001558700343593955,1.5717259645462036,0,0.0025000001769512892,0.0025000001769512892,0,0,0
5,1535,unknown,-490.14089965820312,29.099811553955078,-0.0012914452236145735,1.5722849369049072,0,0.0025000001769512892,0.0025000001769512892,0,0,0
6,1791,unknown,-490.14962768554688,28.920780181884766,-0.0012144026113674045,1.5723022222518921,0,0.0025000001769512892,0.0025000001769512892,0,0,0
7,2047,unknown,-490.278564453125,29.009775161743164,0.00029866455588489771,1.5711842775344849,0,0.0025000001769512892,0.0025000001769512892,0,0,0
8,2303,unknown,-490.09146118164062,28.960098266601562,0.0011559724807739258,1.5720006227493286,0,0.0025000001769512892,0.0025000001769512892,0,0,0
