particle_id,particle_type,process,vx,vy,vz,vt,px,py,pz,m,q
0,0,0,0,56.536293029785156,-6.5800180435180664,0,1,0,-4.3711388286737929e-08,0,-1
