measurement_id,geometry_id,local_key,local0,local1,phi,theta,time,var_local0,var_local1,var_phi,var_theta,var_time
0,255,unknown,-79.376731872558594,-54.143955230712891,-0.0018480510916560888,1.5699464082717896,0,0.0025000001769512892,0.0025000001769512892,0,0,0
1,511,unknown,-79.384696960449219,-54.108135223388672,-0.0012216366594657302,1.5697104930877686,0,0.0025000001769512892,0.0025000001769512892,0,0,0
2,767,unknown,-79.50848388671875,-54.139945983886719,-0.00061460788128897548,1.5696440935134888,0,0.0025000001769512892,0.0025000001769512892,0,0,0
3,1023,unknown,-79.430686950683594,-54.147228240966797,-0.00045443023554980755,1.5693992376327515,0,0.0025000001769512892,0.0025000001769512892,0,0,0
4,1279,unknown,-79.423171997070312,-54.121417999267578,-0.00025256988010369241,1.5699163675308228,0,0.0025000001769512892,0.0025000001769512892,0,0,0
5,1535,unknown,-79.436111450195312,-54.193428039550781,-0.00055063806939870119,1.5708775520324707,0,0.0025000001769512892,0.0025000001769512892,0,0,0
6,1791,unknown,-79.454704284667969,-54.060836791992188,-0.00055267475545406342,1.5708862543106079,0,0.0025000001769512892,0.0025000001769512892,0,0,0
7,2047,unknown,-79.499458312988281,-54.14508056640625,-0.0001824578212108463,1.5692270994186401,0,0.0025000001769512892,0.0025000001769512892,0,0,0
8,2303,unknown,-79.421981811523438,-54.091693878173828,-0.00081627495819702744,1.5690456628799438,0,0.0025000001769512892,0.0025000001769512892,0,0,0
