particle_id,geometry_id,tx,ty,tz,tt,tpx,tpy,tpz,te,deltapx,deltapy,deltapz,deltae,index
0,255,20,-55.748291015625,21.887353897094727,0,0.99983787536621094,-0.00072002568049356341,-0.00087799737229943275,0,0,0,0,0,0
0,511,40,-55.762588500976562,21.869705200195312,0,0.99966400861740112,-6.8598514189943671e-05,-0.00063164072344079614,0,0,0,0,0,0
0,767,60,-55.763885498046875,21.857059478759766,0,0.99951481819152832,-0.00025592470774427056,-0.0012555433204397559,0,0,0,0,0,0
0,1023,80,-55.768856048583984,21.831905364990234,0,0.9992561936378479,-0.00083674810593947768,-0.0016352144302800298,0,0,0,0,0,0
0,1279,100,-55.785408020019531,21.799076080322266,0,0.99912923574447632,-0.0022241650149226189,0.00018468940106686205,0,0,0,0,0,0
0,1535,120,-55.829952239990234,21.802505493164062,0,0.99895834922790527,-0.0021524487528949976,0.0026543759740889072,0,0,0,0,0,0
0,1791,140,-55.873363494873047,21.855388641357422,0,0.99872869253158569,-0.0022615520283579826,0.0026836502365767956,0,0,0,0,0,0
0,2047,160,-55.918972015380859,21.908857345581055,0,0.99851757287979126,-0.001233845017850399,0.0037855703849345446,0,0,0,0,0,0
0,2303,180,-55.944141387939453,21.984531402587891,0,0.99835306406021118,-0.0012394007062539458,0.0031761873979121447,0,0,0,0,0,0
