particle_id,geometry_id,tx,ty,tz,tt,tpx,tpy,tpz,te,deltapx,deltapy,deltapz,deltae,index
0,255,20,299.49008178710938,338.81857299804688,0,0.99979811906814575,-0.0012934268452227116,0.002001914894208312,0,0,0,0,0,0
0,511,40,299.46395874023438,338.85845947265625,0,0.99961751699447632,-0.0026625916361808777,0.0025977401528507471,0,0,0,0,0,0
0,767,60,299.41036987304688,338.91012573242188,0,0.99942570924758911,-0.0021405105944722891,0.003648906946182251,0,0,0,0,0,0
0,1023,80,299.36709594726562,338.98287963867188,0,0.99918168783187866,-0.00091573194367811084,0.0034681481774896383,0,0,0,0,0,0
0,1279,100,299.34835815429688,339.05218505859375,0,0.99900847673416138,-0.00079411733895540237,0.003576754592359066,0,0,0,0,0,0
0,1535,120,299.33203125,339.12368774414062,0,0.99887865781784058,-0.00085473520448431373,0.0035880785435438156,0,0,0,0,0,0
0,1791,140,299.31448364257812,339.1954345703125,0,0.99860465526580811,-0.00022836728021502495,0.0036459011025726795,0,0,0,0,0,0
0,2047,160,299.30947875976562,339.2684326171875,0,0.99841266870498657,-0.00027582593611441553,0.0036434149369597435,0,0,0,0,0,0
0,2303,180,299.30352783203125,339.34136962890625,0,0.99823081493377686,0.0006036427803337574,0.0016244050348177552,0,0,0,0,0,0
