particle_id,geometry_id,tx,ty,tz,tt,tpx,tpy,tpz,te,deltapx,deltapy,deltapz,deltae,index
0,255,20,131.23423767089844,254.69520568847656,0,0.99987280368804932,-1.6838775991345756e-05,0.00049127452075481415,0,0,0,0,0,0
0,511,40,131.23384094238281,254.70503234863281,0,0.99970716238021851,-0.00099466263782233,-0.00094962597358971834,0,0,0,0,0,0
0,767,60,131.21405029296875,254.6859130859375,0,0.99954873323440552,-0.0032960490789264441,0.00031262202537618577,0,0,0,0,0,0
0,1023,80,131.14805603027344,254.6917724609375,0,0.99940007925033569,-0.0033594714477658272,0.001078874571248889,0,0,0,0,0,0
0,1279,100,131.08070373535156,254.71295166015625,0,0.99920767545700073,-0.0033362940885126591,0.0010476966854184866,0,0,0,0,0,0
0,1535,120,131.0137939453125,254.7335205078125,0,0.99906903505325317,-0.0034699463285505772,0.0028070085681974888,0,0,0,0,0,0
0,1791,140,130.94400024414062,254.78929138183594,0,0.99893170595169067,-0.0031863073818385601,0.0023139724507927895,0,0,0,0,0,0
0,2047,160,130.87992858886719,254.83523559570312,0,0.99870651960372925,-0.0023338817991316319,0.0023064210545271635,0,0,0,0,0,0
0,2303,180,130.83291625976562,254.88114929199219,0,0.99853241443634033,-0.002556005259975791,0.002195555716753006,0,0,0,0,0,0
