measurement_id,geometry_id,local_key,local0,local1,phi,theta,time,var_local0,var_local1,var_phi,var_theta,var_time
0,255,unknown,309.18136596679688,242.99537658691406,-0.00044216154492460191,1.5698845386505127,0,0.0025000001769512892,0.0025000001769512892,0,0,0
1,511,unknown,309.1873779296875,243.00093078613281,-0.00049069849774241447,1.5697804689407349,0,0.0025000001769512892,0.0025000001769512892,0,0,0
2,767,unknown,309.10101318359375,243.03282165527344,-0.0015880896244198084,1.5686235427856445,0,0.0025000001769512892,0.0025000001769512892,0,0,0
3,1023,unknown,309.06887817382812,243.04060363769531,-0.00125205481890589,1.5691739320755005,0,0.0025000001769512892,0.0025000001769512892,0,0,0
4,1279,unknown,309.02316284179688,243.182373046875,-0.0020448886789381504,1.5691964626312256,0,0.0025000001769512892,0.0025000001769512892,0,0,0
5,1535,unknown,309.0482177734375,243.31649780273438,-0.0020597060211002827,1.5692411661148071,0,0.0025000001769512892,0.0025000001769512892,0,0,0
6,1791,unknown,309.0440673828125,243.27326965332031,-0.0015968589577823877,1.5694459676742554,0,0.0025000001769512892,0.0025000001769512892,0,0,0
7,2047,unknown,308.904541015625,243.24301147460938,-0.0017875210614874959,1.5696293115615845,0,0.0025000001769512892,0.0025000001769512892,0,0,0
8,2303,unknown,308.93170166015625,243.22622680664062,-0.0018929922953248024,1.5698850154876709,0,0.0025000001769512892,0.0025000001769512892,0,0,0
