particle_id,geometry_id,tx,ty,tz,tt,tpx,tpy,tpz,te,deltapx,deltapy,deltapz,deltae,index
0,255,20,224.30372619628906,208.47830200195312,0,0.99983483552932739,-0.00027746992418542504,-0.0015303202671930194,0,0,0,0,0,0
0,511,40,224.29835510253906,208.44766235351562,0,0.99955672025680542,-0.0002459016686771065,-0.0015631393762305379,0,0,0,0,0,0
0,767,60,224.29362487792969,208.41635131835938,0,0.99938350915908813,-0.00045636773575097322,-0.0015142608899623156,0,0,0,0,0,0
0,1023,80,224.28466796875,208.385986328125,0,0.99919867515563965,-0.00084761279867962003,-0.0020306988153606653,0,0,0,0,0,0
0,1279,100,224.2679443359375,208.34524536132812,0,0.99903249740600586,-0.001214671996422112,-0.0021770861931145191,0,0,0,0,0,0
0,1535,120,224.243896484375,208.301513671875,0,0.99874997138977051,-0.0010709018679335713,-0.001447223243303597,0,0,0,0,0,0
0,1791,140,224.22262573242188,208.27239990234375,0,0.99857807159423828,-0.000480362941743806,-0.0012863883748650551,0,0,0,0,0,0
0,2047,160,224.21316528320312,208.24658203125,0,0.99842965602874756,0.00065067253308370709,-0.0015843483852222562,0,0,0,0,0,0
0,2303,180,224.22639465332031,208.21492004394531,0,0.99831885099411011,-0.0024754940532147884,-0.0010669620241969824,0,0,0,0,0,0
