measurement_id,geometry_id,local_key,local0,local1,phi,theta,time,var_local0,var_local1,var_phi,var_theta,var_time
0,255,unknown,-54.769596099853516,110.64028167724609,-0.00027636688901111484,1.5715298652648926,0,0.0025000001769512892,0.0025000001769512892,0,0,0
1,511,unknown,-54.761276245117188,110.66482543945312,-0.00082316360203549266,1.5716179609298706,0,0.0025000001769512892,0.0025000001769512892,0,0,0
2,767,unknown,-54.868354797363281,110.64512634277344,-0.00015748047735542059,1.5712114572525024,0,0.0025000001769512892,0.0025000001769512892,0,0,0
3,1023,unknown,-54.877307891845703,110.51670074462891,0.0018516791751608253,1.5703344345092773,0,0.0025000001769512892,0.0025000001769512892,0,0,0
4,1279,unknown,-54.828048706054688,110.63187408447266,0.0028613917529582977,1.5697224140167236,0,0.0025000001769512892,0.0025000001769512892,0,0,0
5,1535,unknown,-54.801059722900391,110.63011169433594,0.0015717636561021209,1.570662260055542,0,0.0025000001769512892,0.0025000001769512892,0,0,0
6,1791,unknown,-54.79620361328125,110.68357849121094,0.00093531695893034339,1.5699357986450195,0,0.0025000001769512892,0.0025000001769512892,0,0,0
7,2047,unknown,-54.647930145263672,110.53792572021484,0.00022361023002304137,1.570167064666748,0,0.0025000001769512892,0.0025000001769512892,0,0,0
8,2303,unknown,-54.747127532958984,110.61086273193359,0.00039547774940729141,1.5698727369308472,0,0.0025000001769512892,0.0025000001769512892,0,0,0
