particle_id,geometry_id,tx,ty,tz,tt,tpx,tpy,tpz,te,deltapx,deltapy,deltapz,deltae,index
0,255,20,6.8072290420532227,168.23985290527344,0,0.99984061717987061,0.00075720710447058082,0.00090008188271895051,0,0,0,0,0,0
0,511,40,6.8222670555114746,168.25794982910156,0,0.99968647956848145,0.0015668382402509451,0.00028382416348904371,0,0,0,0,0,0
0,767,60,6.853579044342041,168.26380920410156,0,0.999500572681427,0.0019722615834325552,-0.00016864092322066426,0,0,0,0,0,0
0,1023,80,6.8930630683898926,168.26066589355469,0,0.99934846162796021,0.0016687632305547595,-0.00090258632553741336,0,0,0,0,0,0
0,1279,100,6.926567554473877,168.2427978515625,0,0.9990391731262207,0.0024569698143750429,0.00098082399927079678,0,0,0,0,0,0
0,1535,120,6.9756350517272949,168.26272583007812,0,0.99892407655715942,0.0030150457751005888,-0.00083123322110623121,0,0,0,0,0,0
0,1791,140,7.0360994338989258,168.24644470214844,0,0.9987756609916687,0.002831560792401433,-0.00080646300921216607,0,0,0,0,0,0
0,2047,160,7.0928955078125,168.23063659667969,0,0.99863451719284058,0.0029627757612615824,-0.00087396812159568071,0,0,0,0,0,0
0,2303,180,7.1523356437683105,168.21348571777344,0,0.99852371215820312,0.0014605607138946652,-0.0018944629700854421,0,0,0,0,0,0
