particle_id,geometry_id,tx,ty,tz,tt,tpx,tpy,tpz,te,deltapx,deltapy,deltapz,deltae,index
0,255,20,51.260112762451172,-123.65553283691406,0,0.99985730648040771,-9.8705633718054742e-05,-0.00018300385272596031,0,0,0,0,0,0
0,511,40,51.258159637451172,-123.65920257568359,0,0.99970537424087524,-0.0003936472930945456,-0.00035351433325558901,0,0,0,0,0,0
0,767,60,51.250328063964844,-123.66632080078125,0,0.99955159425735474,-6.3882005633786321e-05,-0.00010156446660403162,0,0,0,0,0,0
0,1023,80,51.249061584472656,-123.66835784912109,0,0.99943083524703979,-5.8241326769348234e-05,-9.4641989562660456e-05,0,0,0,0,0,0
0,1279,100,51.247905731201172,-123.67025756835938,0,0.99924522638320923,-0.00042656157165765762,-0.00025567377451807261,0,0,0,0,0,0
0,1535,120,51.239398956298828,-123.67542266845703,0,0.99911624193191528,0.00093018822371959686,-0.0003260312951169908,0,0,0,0,0,0
0,1791,140,51.258056640625,-123.68183898925781,0,0.99888092279434204,0.0017771524144336581,-0.0025487537495791912,0,0,0,0,0,0
0,2047,160,51.2939453125,-123.73265838623047,0,0.9986909031867981,0.00056147307623177767,-0.00054733152501285076,0,0,0,0,0,0
0,2303,180,51.305255889892578,-123.74355316162109,0,0.99855154752731323,0.0015111714601516724,-0.00073390541365370154,0,0,0,0,0,0
