particle_id,particle_type,process,vx,vy,vz,vt,px,py,pz,m,q
0,0,0,0,-260.13372802734375,-163.75704956054688,0,1,0,-4.3711388286737929e-08,0,-1
