particle_id,geometry_id,tx,ty,tz,tt,tpx,tpy,tpz,te,deltapx,deltapy,deltapz,deltae,index
0,255,20,163.95822143554688,-261.55270385742188,0,0.99984651803970337,0.00038545578718185425,0.00070115702692419291,0,0,0,0,0,0
0,511,40,163.96585083007812,-261.53863525390625,0,0.99969005584716797,0.00056922243675217032,0.0023282307665795088,0,0,0,0,0,0
0,767,60,163.97695922851562,-261.49197387695312,0,0.99955254793167114,-0.00028838161961175501,0.0011539822444319725,0,0,0,0,0,0
0,1023,80,163.97105407714844,-261.46893310546875,0,0.99942070245742798,9.1734444140456617e-05,-0.0011284212814643979,0,0,0,0,0,0
0,1279,100,163.9730224609375,-261.49151611328125,0,0.99926227331161499,0.00012691233132500201,-0.00095337210223078728,0,0,0,0,0,0
0,1535,120,163.97567749023438,-261.51058959960938,0,0.99910640716552734,-0.00015543360495939851,-0.0013280402636155486,0,0,0,0,0,0
0,1791,140,163.97273254394531,-261.53720092773438,0,0.998992919921875,-0.00012549615348689258,-0.0013436091830953956,0,0,0,0,0,0
0,2047,160,163.97038269042969,-261.56411743164062,0,0.99887114763259888,-0.00039158167783170938,-0.0015704025281593204,0,0,0,0,0,0
0,2303,180,163.96273803710938,-261.59561157226562,0,0.99873936176300049,7.0108646468725055e-05,-0.0016375827835872769,0,0,0,0,0,0
