particle_id,geometry_id,tx,ty,tz,tt,tpx,tpy,tpz,te,deltapx,deltapy,deltapz,deltae,index
0,255,20,-366.68643188476562,80.388320922851562,0,0.99983197450637817,-0.00040237020584754646,0.00015835883095860481,0,0,0,0,0,0
0,511,40,-366.69448852539062,80.391441345214844,0,0.99968600273132324,0.0016045310767367482,-0.00014841285883449018,0,0,0,0,0,0
0,767,60,-366.66238403320312,80.388664245605469,0,0.99954479932785034,0.002004372188821435,-0.00070139172021299601,0,0,0,0,0,0
0,1023,80,-366.6221923828125,80.374870300292969,0,0.99940413236618042,0.0012167923850938678,-0.00055582408094778657,0,0,0,0,0,0
0,1279,100,-366.5977783203125,80.3638916015625,0,0.99928152561187744,0.0015883680898696184,-0.0018252604641020298,0,0,0,0,0,0
0,1535,120,-366.56576538085938,80.327552795410156,0,0.99913495779037476,0.0021236673928797245,-0.00077780889114364982,0,0,0,0,0,0
0,1791,140,-366.52316284179688,80.312240600585938,0,0.99902844429016113,0.0021972220856696367,-0.0016458018217235804,0,0,0,0,0,0
0,2047,160,-366.47897338867188,80.279556274414062,0,0.99883478879928589,0.0024344250559806824,-0.0015512985410168767,0,0,0,0,0,0
0,2303,180,-366.4300537109375,80.248786926269531,0,0.99856913089752197,0.0027793785557150841,-0.0015755285276100039,0,0,0,0,0,0
