particle_id,particle_type,process,vx,vy,vz,vt,px,py,pz,m,q
0,0,0,0,19.58613395690918,88.543731689453125,0,1,0,-4.3711388286737929e-08,0,-1
