measurement_id,geometry_id,local_key,local0,local1,phi,theta,time,var_local0,var_local1,var_phi,var_theta,var_time
0,255,unknown,-54.117240905761719,-85.964469909667969,-0.00027977308491244912,1.5704411268234253,0,0.0025000001769512892,0.0025000001769512892,0,0,0
1,511,unknown,-54.068492889404297,-85.93878173828125,0.00088351825252175331,1.5699992179870605,0,0.0025000001769512892,0.0025000001769512892,0,0,0
2,767,unknown,-53.958297729492188,-85.973678588867188,0.00048375540063716471,1.5697150230407715,0,0.0025000001769512892,0.0025000001769512892,0,0,0
3,1023,unknown,-53.994853973388672,-85.949729919433594,0.00012219976633787155,1.568894624710083,0,0.0025000001769512892,0.0025000001769512892,0,0,0
4,1279,unknown,-54.034255981445312,-85.806816101074219,0.00010243472206639126,1.5688960552215576,0,0.0025000001769512892,0.0025000001769512892,0,0,0
5,1535,unknown,-53.989139556884766,-85.906448364257812,-0.00020752350974362344,1.5684969425201416,0,0.0025000001769512892,0.0025000001769512892,0,0,0
6,1791,unknown,-54.042728424072266,-85.802215576171875,0.0008659829618409276,1.5681959390640259,0,0.0025000001769512892,0.0025000001769512892,0,0,0
7,2047,unknown,-54.045536041259766,-85.8203125,0.0016158504877239466,1.5699174404144287,0,0.0025000001769512892,0.0025000001769512892,0,0,0
8,2303,unknown,-53.931858062744141,-85.787727355957031,0.0014312107814475894,1.5696851015090942,0,0.0025000001769512892,0.0025000001769512892,0,0,0
