measurement_id,geometry_id,local_key,local0,local1,phi,theta,time,var_local0,var_local1,var_phi,var_theta,var_time
0,255,unknown,-31.148223876953125,141.16932678222656,-0.00076604756759479642,1.5701653957366943,0,0.0025000001769512892,0.0025000001769512892,0,0,0
1,511,unknown,-31.033723831176758,141.14909362792969,-0.0022820644080638885,1.5694553852081299,0,0.0025000001769512892,0.0025000001769512892,0,0,0
2,767,unknown,-31.168397903442383,141.24165344238281,-0.0023769817780703306,1.5682892799377441,0,0.0025000001769512892,0.0025000001769512892,0,0,0
3,1023,unknown,-31.146530151367188,141.29164123535156,-0.0020796984899789095,1.5683708190917969,0,0.0025000001769512892,0.0025000001769512892,0,0,0
4,1279,unknown,-31.181587219238281,141.352783203125,-0.0021049450151622295,1.568379282951355,0,0.0025000001769512892,0.0025000001769512892,0,0,0
5,1535,unknown,-31.290878295898438,141.46615600585938,-0.0032657103147357702,1.5691853761672974,0,0.0025000001769512892,0.0025000001769512892,0,0,0
6,1791,unknown,-31.307826995849609,141.35957336425781,-0.0033752573654055595,1.5691509246826172,0,0.0025000001769512892,0.0025000001769512892,0,0,0
7,2047,unknown,-31.455410003662109,141.40286254882812,-0.0035683829337358475,1.569733738899231,0,0.0025000001769512892,0.0025000001769512892,0,0,0
8,2303,unknown,-31.601110458374023,141.45285034179688,-0.0048524751327931881,1.5686478614807129,0,0.0025000001769512892,0.0025000001769512892,0,0,0
