particle_id,geometry_id,tx,ty,tz,tt,tpx,tpy,tpz,te,deltapx,deltapy,deltapz,deltae,index
0,255,20,45.675041198730469,-2.9579281806945801,0,0.9998701810836792,0.00073655869346112013,0.00029841769719496369,0,0,0,0,0,0
0,511,40,45.689739227294922,-2.9518709182739258,0,0.99970656633377075,0.0016578248469159007,-0.00036948459455743432,0,0,0,0,0,0
0,767,60,45.722949981689453,-2.9590637683868408,0,0.99953609704971313,0.0017814573366194963,-0.00045997885172255337,0,0,0,0,0,0
0,1023,80,45.758651733398438,-2.9680535793304443,0,0.99923896789550781,0.0017317910678684711,-0.0010319697903469205,0,0,0,0,0,0
0,1279,100,45.793437957763672,-2.9885001182556152,0,0.99876785278320312,0.0018090388039126992,-0.00057154422393068671,0,0,0,0,0,0
0,1535,120,45.829730987548828,-2.9997272491455078,0,0.99863177537918091,0.0020496584475040436,-0.00064039445715025067,0,0,0,0,0,0
0,1791,140,45.870857238769531,-3.0123059749603271,0,0.99846172332763672,0.0018840439151972532,-0.00098284264095127583,0,0,0,0,0,0
0,2047,160,45.908714294433594,-3.0317659378051758,0,0.99817794561386108,0.0016600795788690448,-0.0011848499998450279,0,0,0,0,0,0
0,2303,180,45.942119598388672,-3.0553057193756104,0,0.99803769588470459,0.0017526514129713178,-0.0012461942387744784,0,0,0,0,0,0
