particle_id,particle_type,process,vx,vy,vz,vt,px,py,pz,m,q
0,0,0,0,369.13165283203125,-82.301467895507812,0,1,0,-4.3711388286737929e-08,0,-1
