particle_id,geometry_id,tx,ty,tz,tt,tpx,tpy,tpz,te,deltapx,deltapy,deltapz,deltae,index
0,255,20,506.77938842773438,-136.43556213378906,0,0.9998471736907959,8.9467139332555234e-05,1.8311719031771645e-05,0,0,0,0,0,0
0,511,40,506.78118896484375,-136.4351806640625,0,0.99971026182174683,-6.5175496274605393e-05,0.00014666041533928365,0,0,0,0,0,0
0,767,60,506.77987670898438,-136.4322509765625,0,0.99955445528030396,-0.00087788986274972558,0.001534570474177599,0,0,0,0,0,0
0,1023,80,506.76211547851562,-136.40165710449219,0,0.99916762113571167,-0.00050261500291526318,0.0019918368197977543,0,0,0,0,0,0
0,1279,100,506.75180053710938,-136.36184692382812,0,0.9990268349647522,0.0010257704416289926,0.00067462021252140403,0,0,0,0,0,0
0,1535,120,506.77224731445312,-136.34822082519531,0,0.99885749816894531,0.00027652306016534567,-0.00038119667442515492,0,0,0,0,0,0
0,1791,140,506.77783203125,-136.35581970214844,0,0.99869143962860107,0.0010748518398031592,0.0025044872891157866,0,0,0,0,0,0
0,2047,160,506.79904174804688,-136.3055419921875,0,0.99849766492843628,0.0011871173046529293,0.0029120405670255423,0,0,0,0,0,0
0,2303,180,506.82247924804688,-136.2470703125,0,0.99835467338562012,0.0018038544803857803,0.00081662606680765748,0,0,0,0,0,0
