particle_id,particle_type,process,vx,vy,vz,vt,px,py,pz,m,q
0,0,0,0,208.52789306640625,144.37171936035156,0,1,0,-4.3711388286737929e-08,0,-1
