particle_id,geometry_id,tx,ty,tz,tt,tpx,tpy,tpz,te,deltapx,deltapy,deltapz,deltae,index
0,255,20,-67.50396728515625,-76.574325561523438,0,0.99987024068832397,0.00087439455091953278,0.00036373597686178982,0,0,0,0,0,0
0,511,40,-67.486518859863281,-76.566947937011719,0,0.99969518184661865,-0.00028531995485536754,-0.0008943178690969944,0,0,0,0,0,0
0,767,60,-67.492118835449219,-76.584877014160156,0,0.99954622983932495,-0.00094325287500396371,-0.00080398423597216606,0,0,0,0,0,0
0,1023,80,-67.510894775390625,-76.60107421875,0,0.99937039613723755,-0.00079429469769820571,-0.00091428036103025079,0,0,0,0,0,0
0,1279,100,-67.526679992675781,-76.619468688964844,0,0.99915528297424316,-0.00035220765857957304,-0.00075602612923830748,0,0,0,0,0,0
0,1535,120,-67.533638000488281,-76.6346435546875,0,0.9990198016166687,-0.0006419859710149467,-0.00082952284719794989,0,0,0,0,0,0
0,1791,140,-67.54638671875,-76.651329040527344,0,0.99882113933563232,-5.9673260693671182e-05,-0.0003724907583091408,0,0,0,0,0,0
0,2047,160,-67.547538757324219,-76.658798217773438,0,0.99867016077041626,0.00058209180133417249,-0.00082887540338560939,0,0,0,0,0,0
0,2303,180,-67.535781860351562,-76.675331115722656,0,0.99829995632171631,0.0012568350648507476,-0.0020267309155315161,0,0,0,0,0,0
