particle_id,geometry_id,tx,ty,tz,tt,tpx,tpy,tpz,te,deltapx,deltapy,deltapz,deltae,index
0,255,20,-300.46011352539062,380.15609741210938,0,0.99979096651077271,-0.00059708277694880962,0.00078025669790804386,0,0,0,0,0,0
0,511,40,-300.47213745117188,380.171630859375,0,0.99966049194335938,-0.00067543581826612353,0.00054169795475900173,0,0,0,0,0,0
0,767,60,-300.4857177734375,380.182373046875,0,0.99948471784591675,0.001200838596560061,-0.0019936298485845327,0,0,0,0,0,0
0,1023,80,-300.46145629882812,380.14263916015625,0,0.99928653240203857,0.0016929871635511518,-0.0010939636267721653,0,0,0,0,0,0
0,1279,100,-300.42742919921875,380.12094116210938,0,0.99914240837097168,0.00050870917038992047,-0.0016009632963687181,0,0,0,0,0,0
0,1535,120,-300.41705322265625,380.08895874023438,0,0.99864441156387329,0.00027441739803180099,-0.0009004016756080091,0,0,0,0,0,0
0,1791,140,-300.41143798828125,380.07095336914062,0,0.99847811460494995,0.0021105047781020403,0.00057152955560013652,0,0,0,0,0,0
0,2047,160,-300.36923217773438,380.0826416015625,0,0.9983292818069458,0.0036346062552183867,0.00023405082174576819,0,0,0,0,0,0
0,2303,180,-300.29644775390625,380.0877685546875,0,0.99781101942062378,0.0039178258739411831,0.00053356279386207461,0,0,0,0,0,0
