measurement_id,geometry_id,local_key,local0,local1,phi,theta,time,var_local0,var_local1,var_phi,var_theta,var_time
0,255,unknown,349.59429931640625,-175.22738647460938,-0.0010410078102722764,1.5695996284484863,0,0.0025000001769512892,0.0025000001769512892,0,0,0
1,511,unknown,349.55599975585938,-175.22952270507812,-0.0011313644936308265,1.5691430568695068,0,0.0025000001769512892,0.0025000001769512892,0,0,0
2,767,unknown,349.56637573242188,-175.14651489257812,-0.00010716847464209422,1.5688775777816772,0,0.0025000001769512892,0.0025000001769512892,0,0,0
3,1023,unknown,349.53030395507812,-175.12271118164062,-0.0001299140858463943,1.5685533285140991,0,0.0025000001769512892,0.0025000001769512892,0,0,0
4,1279,unknown,349.59603881835938,-175.04719543457031,0.00071039918111637235,1.5702917575836182,0,0.0025000001769512892,0.0025000001769512892,0,0,0
5,1535,unknown,349.56234741210938,-175.07133483886719,0.00074847368523478508,1.5694513320922852,0,0.0025000001769512892,0.0025000001769512892,0,0,0
6,1791,unknown,349.53793334960938,-174.97271728515625,0.0010324096074327826,1.570309042930603,0,0.0025000001769512892,0.0025000001769512892,0,0,0
7,2047,unknown,349.49942016601562,-175.16448974609375,0.0019299102714285254,1.5714168548583984,0,0.0025000001769512892,0.0025000001769512892,0,0,0
8,2303,unknown,349.58663940429688,-175.1241455078125,0.0024465217720717192,1.5721116065979004,0,0.0025000001769512892,0.0025000001769512892,0,0,0
