measurement_id,geometry_id,local_key,local0,local1,phi,theta,time,var_local0,var_local1,var_phi,var_theta,var_time
0,255,unknown,-24.932554244995117,-74.644447326660156,-0.0004185039724688977,1.5710161924362183,0,0.0025000001769512892,0.0025000001769512892,0,0,0
1,511,unknown,-24.868013381958008,-74.600074768066406,0.00033472132054157555,1.5708146095275879,0,0.0025000001769512892,0.0025000001769512892,0,0,0
2,767,unknown,-24.944887161254883,-74.691505432128906,0.00066423474345356226,1.569286584854126,0,0.0025000001769512892,0.0025000001769512892,0,0,0
3,1023,unknown,-24.912630081176758,-74.577476501464844,0.00060838321223855019,1.5687911510467529,0,0.0025000001769512892,0.0025000001769512892,0,0,0
4,1279,unknown,-24.918815612792969,-74.508163452148438,6.7650777054950595e-05,1.5698854923248291,0,0.0025000001769512892,0.0025000001769512892,0,0,0
5,1535,unknown,-24.955892562866211,-74.491287231445312,-0.00038502138340845704,1.5694769620895386,0,0.0025000001769512892,0.0025000001769512892,0,0,0
6,1791,unknown,-24.991544723510742,-74.560623168945312,-0.00014065775030758232,1.5694915056228638,0,0.0025000001769512892,0.0025000001769512892,0,0,0
7,2047,unknown,-24.927131652832031,-74.516036987304688,-1.6590658560744487e-05,1.5691802501678467,0,0.0025000001769512892,0.0025000001769512892,0,0,0
8,2303,unknown,-24.968406677246094,-74.458900451660156,0.001012939028441906,1.5685828924179077,0,0.0025000001769512892,0.0025000001769512892,0,0,0
