measurement_id,geometry_id,local_key,local0,local1,phi,theta,time,var_local0,var_local1,var_phi,var_theta,var_time
0,255,unknown,-18.599514007568359,190.68743896484375,-0.0018350862665101886,1.5698311328887939,0,0.0025000001769512892,0.0025000001769512892,0,0,0
1,511,unknown,-18.665834426879883,190.80036926269531,-0.0024568962398916483,1.5701911449432373,0,0.0025000001769512892,0.0025000001769512892,0,0,0
2,767,unknown,-18.689563751220703,190.75119018554688,-0.001488654175773263,1.5707368850708008,0,0.0025000001769512892,0.0025000001769512892,0,0,0
3,1023,unknown,-18.686588287353516,190.69447326660156,-0.0013129371218383312,1.5714294910430908,0,0.0025000001769512892,0.0025000001769512892,0,0,0
4,1279,unknown,-18.650611877441406,190.72920227050781,-0.0020867413841187954,1.5711691379547119,0,0.0025000001769512892,0.0025000001769512892,0,0,0
5,1535,unknown,-18.756565093994141,190.74639892578125,-0.0016570854932069778,1.5737150907516479,0,0.0025000001769512892,0.0025000001769512892,0,0,0
6,1791,unknown,-18.780977249145508,190.64288330078125,-0.0020828908309340477,1.5724678039550781,0,0.0025000001769512892,0.0025000001769512892,0,0,0
7,2047,unknown,-18.763063430786133,190.67489624023438,-0.0027066599577665329,1.5751909017562866,0,0.0025000001769512892,0.0025000001769512892,0,0,0
8,2303,unknown,-18.920028686523438,190.53691101074219,-0.002373870462179184,1.5748718976974487,0,0.0025000001769512892,0.0025000001769512892,0,0,0
