particle_id,particle_type,process,vx,vy,vz,vt,px,py,pz,m,q
0,0,0,0,-74.149070739746094,91.46405029296875,0,1,0,-4.3711388286737929e-08,0,-1
