particle_id,particle_type,process,vx,vy,vz,vt,px,py,pz,m,q
0,0,0,0,-278.379638671875,64.575790405273438,0,1,0,-4.3711388286737929e-08,0,-1
