particle_id,geometry_id,tx,ty,tz,tt,tpx,tpy,tpz,te,deltapx,deltapy,deltapz,deltae,index
0,255,20,-240.15994262695312,-108.16254425048828,0,0.99931013584136963,-4.2063929868163541e-05,0.00065860990434885025,0,0,0,0,0,0
0,511,40,-240.16085815429688,-108.14936828613281,0,0.99904745817184448,0.00059275660896673799,0.00059424422215670347,0,0,0,0,0,0
0,767,60,-240.14906311035156,-108.13739776611328,0,0.99750548601150513,-0.00065984128741547465,-0.00070852111093699932,0,0,0,0,0,0
0,1023,80,-240.16220092773438,-108.15167999267578,0,0.99727785587310791,-0.00045575184049084783,-0.001017935574054718,0,0,0,0,0,0
0,1279,100,-240.17121887207031,-108.17214965820312,0,0.99712377786636353,-0.00066426524426788092,-0.00099495600443333387,0,0,0,0,0,0
0,1535,120,-240.18441772460938,-108.19218444824219,0,0.9969220757484436,-0.00087238743435591459,-0.0005426780553534627,0,0,0,0,0,0
0,1791,140,-240.20185852050781,-108.20317840576172,0,0.99606013298034668,1.340557628282113e-05,0.0002532280923333019,0,0,0,0,0,0
0,2047,160,-240.20161437988281,-108.19808959960938,0,0.99416375160217285,-0.00052095169667154551,-0.0003003568563144654,0,0,0,0,0,0
0,2303,180,-240.21205139160156,-108.20419311523438,0,0.99401164054870605,-0.00084947148570790887,-0.0014199755387380719,0,0,0,0,0,0
