particle_id,geometry_id,tx,ty,tz,tt,tpx,tpy,tpz,te,deltapx,deltapy,deltapz,deltae,index
0,255,20,154.88233947753906,67.630119323730469,0,0.99985045194625854,-0.00068921881029382348,-0.0011486925650388002,0,0,0,0,0,0
0,511,40,154.86869812011719,67.607063293457031,0,0.99967283010482788,-0.00067470991052687168,-0.0011561154387891293,0,0,0,0,0,0
0,767,60,154.85533142089844,67.583854675292969,0,0.99941784143447876,0.00052923936164006591,-0.00039749444113112986,0,0,0,0,0,0
0,1023,80,154.865966796875,67.575965881347656,0,0.99921059608459473,0.00067012954968959093,-0.00071223365375772119,0,0,0,0,0,0
0,1279,100,154.87947082519531,67.561790466308594,0,0.99893981218338013,-0.000287785311229527,-0.0035265798214823008,0,0,0,0,0,0
0,1535,120,154.87413024902344,67.49114990234375,0,0.99880027770996094,-0.0018237081822007895,-0.0036248001269996166,0,0,0,0,0,0
0,1791,140,154.83804321289062,67.418350219726562,0,0.9986804723739624,-0.0015384278958663344,-0.0033638742752373219,0,0,0,0,0,0
0,2047,160,154.80763244628906,67.350799560546875,0,0.99850600957870483,-0.0019068433903157711,-0.0035920701920986176,0,0,0,0,0,0
0,2303,180,154.76986694335938,67.27862548828125,0,0.99833720922470093,-0.00095837475964799523,-0.0036960700526833534,0,0,0,0,0,0
