measurement_id,geometry_id,local_key,local0,local1,phi,theta,time,var_local0,var_local1,var_phi,var_theta,var_time
0,255,unknown,-54.356174468994141,324.06134033203125,-0.00016190277528949082,1.57059645652771,0,0.0025000001769512892,0.0025000001769512892,0,0,0
1,511,unknown,-54.423934936523438,324.0611572265625,-0.00074576359475031495,1.570629358291626,0,0.0025000001769512892,0.0025000001769512892,0,0,0
2,767,unknown,-54.558597564697266,324.017578125,0.00031942329951561987,1.5701577663421631,0,0.0025000001769512892,0.0025000001769512892,0,0,0
3,1023,unknown,-54.477386474609375,324.10568237304688,4.024954978376627e-05,1.5706601142883301,0,0.0025000001769512892,0.0025000001769512892,0,0,0
4,1279,unknown,-54.456691741943359,324.13238525390625,0.00019475549925118685,1.5695903301239014,0,0.0025000001769512892,0.0025000001769512892,0,0,0
5,1535,unknown,-54.349979400634766,324.18203735351562,0.0015204710653051734,1.5689432621002197,0,0.0025000001769512892,0.0025000001769512892,0,0,0
6,1791,unknown,-54.409969329833984,324.17987060546875,0.0014924837742000818,1.5689271688461304,0,0.0025000001769512892,0.0025000001769512892,0,0,0
7,2047,unknown,-54.381088256835938,324.1728515625,7.9951887528295629e-06,1.5687174797058105,0,0.0025000001769512892,0.0025000001769512892,0,0,0
8,2303,unknown,-54.388282775878906,324.2486572265625,-0.00090863817604258657,1.5690065622329712,0,0.0025000001769512892,0.0025000001769512892,0,0,0
