particle_id,geometry_id,tx,ty,tz,tt,tpx,tpy,tpz,te,deltapx,deltapy,deltapz,deltae,index
0,255,20,273.43017578125,-197.24374389648438,0,0.99967974424362183,-0.00056290917564183474,0.0010889426339417696,0,0,0,0,0,0
0,511,40,273.41879272460938,-197.22203063964844,0,0.99941343069076538,-0.00078731344547122717,0.00072587281465530396,0,0,0,0,0,0
0,767,60,273.4029541015625,-197.20759582519531,0,0.99927592277526855,-0.0014343108050525188,0.00068729667691513896,0,0,0,0,0,0
0,1023,80,273.37417602539062,-197.19401550292969,0,0.99911409616470337,-0.0015851905336603522,0.00034214166225865483,0,0,0,0,0,0
0,1279,100,273.3424072265625,-197.18736267089844,0,0.99845767021179199,-0.0015901640290394425,0.00027645280351862311,0,0,0,0,0,0
0,1535,120,273.31051635742188,-197.18202209472656,0,0.99834316968917847,-0.00051081797573715448,0.00074877875158563256,0,0,0,0,0,0
0,1791,140,273.30020141601562,-197.16708374023438,0,0.99823182821273804,-0.00021131522953510284,-0.00020281708566471934,0,0,0,0,0,0
0,2047,160,273.29598999023438,-197.17117309570312,0,0.99735671281814575,-0.00071040709735825658,-0.00029965702560730278,0,0,0,0,0,0
0,2303,180,273.28176879882812,-197.17726135253906,0,0.99718958139419556,0.00071638409281149507,-0.00081468926509842277,0,0,0,0,0,0
