particle_id,particle_type,process,vx,vy,vz,vt,px,py,pz,m,q
0,0,0,0,-39.626132965087891,42.507057189941406,0,1,0,-4.3711388286737929e-08,0,-1
