measurement_id,geometry_id,local_key,local0,local1,phi,theta,time,var_local0,var_local1,var_phi,var_theta,var_time
0,255,unknown,42.674610137939453,-272.8707275390625,0.0010645670117810369,1.5714399814605713,0,0.0025000001769512892,0.0025000001769512892,0,0,0
1,511,unknown,42.731250762939453,-272.90673828125,0.00011788845586124808,1.5713977813720703,0,0.0025000001769512892,0.0025000001769512892,0,0,0
2,767,unknown,42.691890716552734,-272.84222412109375,-0.00055344775319099426,1.5698766708374023,0,0.0025000001769512892,0.0025000001769512892,0,0,0
3,1023,unknown,42.761371612548828,-272.869140625,-0.00090283248573541641,1.5689250230789185,0,0.0025000001769512892,0.0025000001769512892,0,0,0
4,1279,unknown,42.650161743164062,-272.83551025390625,-7.1827613282948732e-05,1.5679433345794678,0,0.0025000001769512892,0.0025000001769512892,0,0,0
5,1535,unknown,42.702266693115234,-272.7227783203125,0.0012592657003551722,1.5693221092224121,0,0.0025000001769512892,0.0025000001769512892,0,0,0
6,1791,unknown,42.746543884277344,-272.76211547851562,-0.00055082119069993496,1.56804358959198,0,0.0025000001769512892,0.0025000001769512892,0,0,0
7,2047,unknown,42.671031951904297,-272.63507080078125,0.00065637036459520459,1.5692756175994873,0,0.0025000001769512892,0.0025000001769512892,0,0,0
8,2303,unknown,42.691608428955078,-272.62628173828125,0.00053654226940125227,1.5702750682830811,0,0.0025000001769512892,0.0025000001769512892,0,0,0
