particle_id,particle_type,process,vx,vy,vz,vt,px,py,pz,m,q
0,0,0,0,-96.545547485351562,464.28671264648438,0,1,0,-4.3711388286737929e-08,0,-1
