measurement_id,geometry_id,local_key,local0,local1,phi,theta,time,var_local0,var_local1,var_phi,var_theta,var_time
0,255,unknown,-92.39666748046875,288.26849365234375,0.00019717257237061858,1.5712779760360718,0,0.0025000001769512892,0.0025000001769512892,0,0,0
1,511,unknown,-92.313674926757812,288.15829467773438,-0.00078758614836260676,1.5711581707000732,0,0.0025000001769512892,0.0025000001769512892,0,0,0
2,767,unknown,-92.286750793457031,288.10244750976562,-0.00095605227397754788,1.5713813304901123,0,0.0025000001769512892,0.0025000001769512892,0,0,0
3,1023,unknown,-92.244949340820312,288.126220703125,-0.0019273399375379086,1.5707676410675049,0,0.0025000001769512892,0.0025000001769512892,0,0,0
4,1279,unknown,-92.422286987304688,288.12667846679688,-0.0029172410722821951,1.5712151527404785,0,0.0025000001769512892,0.0025000001769512892,0,0,0
5,1535,unknown,-92.571739196777344,288.08505249023438,-0.00096347823273390532,1.570710301399231,0,0.0025000001769512892,0.0025000001769512892,0,0,0
6,1791,unknown,-92.502105712890625,288.09341430664062,-0.0008911769837141037,1.5708062648773193,0,0.0025000001769512892,0.0025000001769512892,0,0,0
7,2047,unknown,-92.517929077148438,288.19842529296875,-0.001327347825281322,1.5708791017532349,0,0.0025000001769512892,0.0025000001769512892,0,0,0
8,2303,unknown,-92.522903442382812,288.09323120117188,-0.0012459619902074337,1.5707341432571411,0,0.0025000001769512892,0.0025000001769512892,0,0,0
