particle_id,particle_type,process,vx,vy,vz,vt,px,py,pz,m,q
0,0,0,0,11.193941116333008,156.37646484375,0,1,0,-4.3711388286737929e-08,0,-1
