measurement_id,geometry_id,local_key,local0,local1,phi,theta,time,var_local0,var_local1,var_phi,var_theta,var_time
0,255,unknown,-315.16378784179688,-8.0423583984375,0.00018192129209637642,1.5708839893341064,0,0.0025000001769512892,0.0025000001769512892,0,0,0
1,511,unknown,-315.12176513671875,-8.0388326644897461,0.0011339788325130939,1.5719623565673828,0,0.0025000001769512892,0.0025000001769512892,0,0,0
2,767,unknown,-315.25946044921875,-8.0344371795654297,0.00089116598246619105,1.5721921920776367,0,0.0025000001769512892,0.0025000001769512892,0,0,0
3,1023,unknown,-315.11129760742188,-8.1431760787963867,0.0016643209382891655,1.5699738264083862,0,0.0025000001769512892,0.0025000001769512892,0,0,0
4,1279,unknown,-315.09002685546875,-8.068699836730957,0.00088504137238487601,1.5691667795181274,0,0.0025000001769512892,0.0025000001769512892,0,0,0
5,1535,unknown,-315.06887817382812,-8.0730171203613281,0.0021743441466242075,1.568905234336853,0,0.0025000001769512892,0.0025000001769512892,0,0,0
6,1791,unknown,-315.10955810546875,-7.9762940406799316,0.0013599968515336514,1.5691263675689697,0,0.0025000001769512892,0.0025000001769512892,0,0,0
7,2047,unknown,-315.03924560546875,-7.9224042892456055,0.0013658229727298021,1.5691705942153931,0,0.0025000001769512892,0.0025000001769512892,0,0,0
8,2303,unknown,-315.02532958984375,-7.9309501647949219,0.0023924715351313353,1.5689908266067505,0,0.0025000001769512892,0.0025000001769512892,0,0,0
