particle_id,geometry_id,tx,ty,tz,tt,tpx,tpy,tpz,te,deltapx,deltapy,deltapz,deltae,index
0,255,20,-190.20018005371094,215.15455627441406,0,0.9996187686920166,-0.00028912376728840172,0.00035077470238320529,0,0,0,0,0,0
0,511,40,-190.20600891113281,215.16154479980469,0,0.99943888187408447,0.00090549502056092024,0.00023824120580684394,0,0,0,0,0,0
0,767,60,-190.18791198730469,215.16642761230469,0,0.99928086996078491,0.00059083587257191539,-0.00057410029694437981,0,0,0,0,0,0
0,1023,80,-190.176025390625,215.15501403808594,0,0.99900859594345093,0.0013183942064642906,0.0001697803963907063,0,0,0,0,0,0
0,1279,100,-190.149658203125,215.1585693359375,0,0.99886590242385864,0.0013181449612602592,0.00019773858366534114,0,0,0,0,0,0
0,1535,120,-190.123291015625,215.16268920898438,0,0.99868851900100708,0.0015015675453469157,-0.001153906574472785,0,0,0,0,0,0
0,1791,140,-190.09307861328125,215.13975524902344,0,0.99854695796966553,0.0013333319220691919,-0.0012102851178497076,0,0,0,0,0,0
0,2047,160,-190.06622314453125,215.11567687988281,0,0.99842256307601929,0.0013984157703816891,-0.001431514392606914,0,0,0,0,0,0
0,2303,180,-190.03804016113281,215.08717346191406,0,0.99825155735015869,0.00072904146509245038,-0.0017899378435686231,0,0,0,0,0,0
