particle_id,particle_type,process,vx,vy,vz,vt,px,py,pz,m,q
0,0,0,0,-248.50294494628906,216.76605224609375,0,1,0,-4.3711388286737929e-08,0,-1
