particle_id,particle_type,process,vx,vy,vz,vt,px,py,pz,m,q
0,0,0,0,-191.87275695800781,-11.469345092773438,0,1,0,-4.3711388286737929e-08,0,-1
