particle_id,geometry_id,tx,ty,tz,tt,tpx,tpy,tpz,te,deltapx,deltapy,deltapz,deltae,index
0,255,20,279.54278564453125,328.7496337890625,0,0.9998629093170166,0.00015758193330839276,-6.6076601797249168e-05,0,0,0,0,0,0
0,511,40,279.54595947265625,328.74832153320312,0,0.99964892864227295,0.00018646217358764261,0.0015337616205215454,0,0,0,0,0,0
0,767,60,279.54949951171875,328.77902221679688,0,0.9994809627532959,9.8708042060025036e-05,0.0014907299773767591,0,0,0,0,0,0
0,1023,80,279.55130004882812,328.80886840820312,0,0.99926924705505371,0.00064384291181340814,0.001087780692614615,0,0,0,0,0,0
0,1279,100,279.56405639648438,328.83071899414062,0,0.99892789125442505,-0.0011750306002795696,0.00084400665946304798,0,0,0,0,0,0
0,1535,120,279.54043579101562,328.84747314453125,0,0.99869346618652344,-0.001981047447770834,0.0013634801143780351,0,0,0,0,0,0
0,1791,140,279.5006103515625,328.87454223632812,0,0.99850136041641235,-0.00030935253016650677,0.00072080607060343027,0,0,0,0,0,0
0,2047,160,279.49432373046875,328.88894653320312,0,0.99828493595123291,-0.00036650904803536832,0.00045134179526939988,0,0,0,0,0,0
0,2303,180,279.4869384765625,328.89794921875,0,0.99814379215240479,-0.00023331154079642147,-0.00017816868785303086,0,0,0,0,0,0
