measurement_id,geometry_id,local_key,local0,local1,phi,theta,time,var_local0,var_local1,var_phi,var_theta,var_time
0,255,unknown,226.32504272460938,-298.92483520507812,-0.00020712365221697837,1.5720303058624268,0,0.0025000001769512892,0.0025000001769512892,0,0,0
1,511,unknown,226.29304504394531,-298.99710083007812,0.00036067870678380132,1.571953296661377,0,0.0025000001769512892,0.0025000001769512892,0,0,0
2,767,unknown,226.25570678710938,-298.98013305664062,-9.9659155239351094e-05,1.571448802947998,0,0.0025000001769512892,0.0025000001769512892,0,0,0
3,1023,unknown,226.20167541503906,-299.04916381835938,-0.00010190244938712567,1.5714260339736938,0,0.0025000001769512892,0.0025000001769512892,0,0,0
4,1279,unknown,226.14411926269531,-299.08279418945312,-0.0016451796982437372,1.572269082069397,0,0.0025000001769512892,0.0025000001769512892,0,0,0
5,1535,unknown,226.201416015625,-299.03329467773438,-0.0007502575172111392,1.5721638202667236,0,0.0025000001769512892,0.0025000001769512892,0,0,0
6,1791,unknown,226.18930053710938,-299.12472534179688,-0.00015715448535047472,1.5731420516967773,0,0.0025000001769512892,0.0025000001769512892,0,0,0
7,2047,unknown,226.15681457519531,-299.150390625,-0.00019707721367012709,1.572970986366272,0,0.0025000001769512892,0.0025000001769512892,0,0,0
8,2303,unknown,226.126953125,-299.16082763671875,-0.00016179819067474455,1.5727468729019165,0,0.0025000001769512892,0.0025000001769512892,0,0,0
