particle_id,geometry_id,tx,ty,tz,tt,tpx,tpy,tpz,te,deltapx,deltapy,deltapz,deltae,index
0,255,20,-2.8130402565002441,-151.85035705566406,0,0.99981838464736938,-0.00059393118135631084,0.00076239992631599307,0,0,0,0,0,0
0,511,40,-2.82501220703125,-151.83517456054688,0,0.99948853254318237,-0.00074164330726489425,0.0008372119627892971,0,0,0,0,0,0
0,767,60,-2.8399527072906494,-151.81851196289062,0,0.99934870004653931,-0.00074756122194230556,0.00079313525930047035,0,0,0,0,0,0
0,1023,80,-2.855008602142334,-151.802734375,0,0.99908918142318726,-0.00059379014419391751,0.00086546153761446476,0,0,0,0,0,0
0,1279,100,-2.8669989109039307,-151.78547668457031,0,0.99895721673965454,-0.00042811248567886651,0.00091190950479358435,0,0,0,0,0,0
0,1535,120,-2.8756794929504395,-151.76727294921875,0,0.99879372119903564,0.00016414209676440805,0.0012040662113577127,0,0,0,0,0,0
0,1791,140,-2.8725376129150391,-151.74314880371094,0,0.99864333868026733,0.00013611283793579787,0.0011995992390438914,0,0,0,0,0,0
0,2047,160,-2.8699560165405273,-151.71910095214844,0,0.99852043390274048,0.0001286783954128623,0.0011988563928753138,0,0,0,0,0,0
0,2303,180,-2.8675229549407959,-151.695068359375,0,0.99837833642959595,0.00018769332382362336,0.0011601245496422052,0,0,0,0,0,0
