measurement_id,geometry_id,local_key,local0,local1,phi,theta,time,var_local0,var_local1,var_phi,var_theta,var_time
0,255,unknown,188.77670288085938,156.07661437988281,-0.00030484161106869578,1.570809006690979,0,0.0025000001769512892,0.0025000001769512892,0,0,0
1,511,unknown,188.78633117675781,155.93363952636719,-0.00024085037875920534,1.5708829164505005,0,0.0025000001769512892,0.0025000001769512892,0,0,0
2,767,unknown,188.89276123046875,155.91775512695312,0.00087107229046523571,1.5715410709381104,0,0.0025000001769512892,0.0025000001769512892,0,0,0
3,1023,unknown,188.92855834960938,155.98188781738281,0.0013556376798078418,1.5710979700088501,0,0.0025000001769512892,0.0025000001769512892,0,0,0
4,1279,unknown,188.88795471191406,155.96885681152344,0.0011460884707048535,1.5694624185562134,0,0.0025000001769512892,0.0025000001769512892,0,0,0
5,1535,unknown,188.92225646972656,155.9534912109375,0.0021763746626675129,1.5682947635650635,0,0.0025000001769512892,0.0025000001769512892,0,0,0
6,1791,unknown,188.94392395019531,156.02629089355469,0.0021283195819705725,1.566891074180603,0,0.0025000001769512892,0.0025000001769512892,0,0,0
7,2047,unknown,188.94610595703125,156.0931396484375,0.0013263699365779757,1.5656901597976685,0,0.0025000001769512892,0.0025000001769512892,0,0,0
8,2303,unknown,188.96160888671875,156.27125549316406,0.0019065923988819122,1.5654257535934448,0,0.0025000001769512892,0.0025000001769512892,0,0,0
