measurement_id,geometry_id,local_key,local0,local1,phi,theta,time,var_local0,var_local1,var_phi,var_theta,var_time
0,255,unknown,-264.87930297851562,24.668308258056641,-0.00062995048938319087,1.5701676607131958,0,0.0025000001769512892,0.0025000001769512892,0,0,0
1,511,unknown,-264.9061279296875,24.750967025756836,-0.00040748462197370827,1.5701009035110474,0,0.0025000001769512892,0.0025000001769512892,0,0,0
2,767,unknown,-264.87405395507812,24.759210586547852,-0.00041311079985462129,1.5700675249099731,0,0.0025000001769512892,0.0025000001769512892,0,0,0
3,1023,unknown,-264.90841674804688,24.772571563720703,-0.0013378262519836426,1.5715478658676147,0,0.0025000001769512892,0.0025000001769512892,0,0,0
4,1279,unknown,-264.8707275390625,24.661317825317383,0.00031829191721044481,1.5708630084991455,0,0.0025000001769512892,0.0025000001769512892,0,0,0
5,1535,unknown,-264.97454833984375,24.717741012573242,0.00032001480576582253,1.5708600282669067,0,0.0025000001769512892,0.0025000001769512892,0,0,0
6,1791,unknown,-264.85968017578125,24.772834777832031,0.00012573729327414185,1.570723295211792,0,0.0025000001769512892,0.0025000001769512892,0,0,0
7,2047,unknown,-264.93057250976562,24.774282455444336,-0.00055472482927143574,1.5704973936080933,0,0.0025000001769512892,0.0025000001769512892,0,0,0
8,2303,unknown,-264.89791870117188,24.769546508789062,-0.00059454399161040783,1.5706216096878052,0,0.0025000001769512892,0.0025000001769512892,0,0,0
