particle_id,geometry_id,tx,ty,tz,tt,tpx,tpy,tpz,te,deltapx,deltapy,deltapz,deltae,index
0,255,20,79.564842224121094,-128.51437377929688,0,0.99984514713287354,-7.2836606705095619e-05,4.7513436584267765e-05,0,0,0,0,0,0
0,511,40,79.563377380371094,-128.513427734375,0,0.99969077110290527,-0.00011481637193355709,-0.00067444058367982507,0,0,0,0,0,0
0,767,60,79.561164855957031,-128.52693176269531,0,0.99954652786254883,-0.00090714450925588608,0.00046644927351735532,0,0,0,0,0,0
0,1023,80,79.542961120605469,-128.5177001953125,0,0.9993133544921875,-0.0013554688775911927,-0.0016668777680024505,0,0,0,0,0,0
0,1279,100,79.516036987304688,-128.55122375488281,0,0.99918520450592041,7.6954973337706178e-05,-0.0017290774267166853,0,0,0,0,0,0
0,1535,120,79.517784118652344,-128.58583068847656,0,0.99894434213638306,0.00048956397222355008,-0.0028936606831848621,0,0,0,0,0,0
0,1791,140,79.527931213378906,-128.64370727539062,0,0.99878406524658203,-0.00040775444358587265,-0.0032045524567365646,0,0,0,0,0,0
0,2047,160,79.520149230957031,-128.70791625976562,0,0.99850207567214966,-0.00064563716296106577,-0.0034063598141074181,0,0,0,0,0,0
0,2303,180,79.50762939453125,-128.77621459960938,0,0.99821043014526367,-0.00045873326598666608,-0.002888083690777421,0,0,0,0,0,0
