measurement_id,geometry_id,local_key,local0,local1,phi,theta,time,var_local0,var_local1,var_phi,var_theta,var_time
0,255,unknown,125.94136810302734,-206.79946899414062,-0.0012998777674511075,1.570594310760498,0,0.0025000001769512892,0.0025000001769512892,0,0,0
1,511,unknown,125.86734008789062,-206.84602355957031,-0.0017520271940156817,1.5707465410232544,0,0.0025000001769512892,0.0025000001769512892,0,0,0
2,767,unknown,125.90607452392578,-206.85939025878906,-0.0011697380105033517,1.5694953203201294,0,0.0025000001769512892,0.0025000001769512892,0,0,0
3,1023,unknown,125.84291839599609,-206.83834838867188,-0.0014145269524306059,1.5700371265411377,0,0.0025000001769512892,0.0025000001769512892,0,0,0
4,1279,unknown,125.81680297851562,-206.80085754394531,-0.0013910905690863729,1.5692077875137329,0,0.0025000001769512892,0.0025000001769512892,0,0,0
5,1535,unknown,125.76731109619141,-206.78025817871094,-0.0013611299218609929,1.5690548419952393,0,0.0025000001769512892,0.0025000001769512892,0,0,0
6,1791,unknown,125.73772430419922,-206.74266052246094,-0.001803393242880702,1.5694137811660767,0,0.0025000001769512892,0.0025000001769512892,0,0,0
7,2047,unknown,125.75418853759766,-206.65110778808594,-0.00041698254062794149,1.569449782371521,0,0.0025000001769512892,0.0025000001769512892,0,0,0
8,2303,unknown,125.72740173339844,-206.635009765625,-0.00097526842728257179,1.5702029466629028,0,0.0025000001769512892,0.0025000001769512892,0,0,0
