measurement_id,geometry_id,local_key,local0,local1,phi,theta,time,var_local0,var_local1,var_phi,var_theta,var_time
0,255,unknown,574.87109375,36.243331909179688,0.0015709423460066319,1.5714725255966187,0,0.0025000001769512892,0.0025000001769512892,0,0,0
1,511,unknown,575.00592041015625,36.247482299804688,1.1894386261701584e-05,1.5714455842971802,0,0.0025000001769512892,0.0025000001769512892,0,0,0
2,767,unknown,574.9415283203125,36.224643707275391,0.00010655375081114471,1.5715484619140625,0,0.0025000001769512892,0.0025000001769512892,0,0,0
3,1023,unknown,575.08551025390625,36.360813140869141,0.00012341109686531126,1.5715624094009399,0,0.0025000001769512892,0.0025000001769512892,0,0,0
4,1279,unknown,575.03631591796875,36.235992431640625,-2.4086741177598014e-05,1.5713076591491699,0,0.0025000001769512892,0.0025000001769512892,0,0,0
5,1535,unknown,574.98480224609375,36.221649169921875,-0.00096810352988541126,1.5723658800125122,0,0.0025000001769512892,0.0025000001769512892,0,0,0
6,1791,unknown,574.9888916015625,36.089397430419922,-0.00081128120655193925,1.5710644721984863,0,0.0025000001769512892,0.0025000001769512892,0,0,0
7,2047,unknown,575.03265380859375,36.176948547363281,-0.00055941479513421655,1.5709178447723389,0,0.0025000001769512892,0.0025000001769512892,0,0,0
8,2303,unknown,574.92791748046875,36.190151214599609,-0.00021690694848075509,1.571123480796814,0,0.0025000001769512892,0.0025000001769512892,0,0,0
