particle_id,geometry_id,tx,ty,tz,tt,tpx,tpy,tpz,te,deltapx,deltapy,deltapz,deltae,index
0,255,20,136.43861389160156,106.24258422851562,0,0.99987512826919556,-0.00029582675779238343,0.0004382341867312789,0,0,0,0,0,0
0,511,40,136.43264770507812,106.25131225585938,0,0.99970710277557373,0.0014417137717828155,0.0030055462848395109,0,0,0,0,0,0
0,767,60,136.46113586425781,106.31161499023438,0,0.99949967861175537,0.00093406043015420437,0.0030711684376001358,0,0,0,0,0,0
0,1023,80,136.47946166992188,106.37317657470703,0,0.99933886528015137,0.00094207545043900609,0.0039035261142998934,0,0,0,0,0,0
0,1279,100,136.49784851074219,106.45140838623047,0,0.99919551610946655,0.00022809635265730321,0.0038469801656901836,0,0,0,0,0,0
0,1535,120,136.501953125,106.52843475341797,0,0.99903964996337891,0.00063433992909267545,0.0040258597582578659,0,0,0,0,0,0
0,1791,140,136.51417541503906,106.60910034179688,0,0.99890929460525513,0.00070965493796393275,0.0035660392604768276,0,0,0,0,0,0
0,2047,160,136.5279541015625,106.68058013916016,0,0.99868440628051758,0.00090540363453328609,0.0036470270715653896,0,0,0,0,0,0
0,2303,180,136.545654296875,106.75372314453125,0,0.99845367670059204,0.00082883250433951616,0.0035600091796368361,0,0,0,0,0,0
