particle_id,particle_type,process,vx,vy,vz,vt,px,py,pz,m,q
0,0,0,0,276.23355102539062,-691.49267578125,0,1,0,-4.3711388286737929e-08,0,-1
