particle_id,geometry_id,tx,ty,tz,tt,tpx,tpy,tpz,te,deltapx,deltapy,deltapz,deltae,index
0,255,20,-3.0703601837158203,111.81385803222656,0,0.99975132942199707,-0.00024653814034536481,0.00021674408344551921,0,0,0,0,0,0
0,511,40,-3.0753180980682373,111.81816101074219,0,0.99962347745895386,0.00016912900900933892,0.00036567187635228038,0,0,0,0,0,0
0,767,60,-3.0719780921936035,111.82550048828125,0,0.99947059154510498,0.00019175159104634076,0.00055887113558128476,0,0,0,0,0,0
0,1023,80,-3.0682082176208496,111.83670806884766,0,0.99927473068237305,0.00013911265705246478,0.0012237058253958821,0,0,0,0,0,0
0,1279,100,-3.0655710697174072,111.86121368408203,0,0.99905133247375488,0.00077769038034603,-7.4121533543802798e-05,0,0,0,0,0,0
0,1535,120,-3.0499939918518066,111.85982513427734,0,0.99887824058532715,0.0010228973114863038,-0.00019175543275196105,0,0,0,0,0,0
0,1791,140,-3.0294904708862305,111.85610961914062,0,0.99872839450836182,0.0014462088001891971,-0.0022665513679385185,0,0,0,0,0,0
0,2047,160,-3.0002577304840088,111.81089782714844,0,0.99859726428985596,0.0015438185073435307,-0.0020913803018629551,0,0,0,0,0,0
0,2303,180,-2.9690871238708496,111.76919555664062,0,0.99811381101608276,0.0026554132346063852,-0.0027792991604655981,0,0,0,0,0,0
