particle_id,particle_type,process,vx,vy,vz,vt,px,py,pz,m,q
0,0,0,0,168.21917724609375,169.21311950683594,0,1,0,-4.3711388286737929e-08,0,-1
