particle_id,geometry_id,tx,ty,tz,tt,tpx,tpy,tpz,te,deltapx,deltapy,deltapz,deltae,index
0,255,20,-95.647613525390625,125.72793579101562,0,0.99986708164215088,-0.0016927422257140279,0.001096061198040843,0,0,0,0,0,0
0,511,40,-95.681602478027344,125.74965667724609,0,0.99970972537994385,-0.0027402918785810471,0.00083930697292089462,0,0,0,0,0,0
0,767,60,-95.736526489257812,125.76612091064453,0,0.99953502416610718,-0.0022261361591517925,0.0015845887828618288,0,0,0,0,0,0
0,1023,80,-95.781257629394531,125.79756164550781,0,0.9991644024848938,-0.0017984370933845639,0.0016241398407146335,0,0,0,0,0,0
0,1279,100,-95.817451477050781,125.82985687255859,0,0.99874848127365112,-0.00071139313513413072,0.0011434102198109031,0,0,0,0,0,0
0,1535,120,-95.831832885742188,125.85266876220703,0,0.99859285354614258,0.0020017926581203938,0.0012365630827844143,0,0,0,0,0,0
0,1791,140,-95.791893005371094,125.87767791748047,0,0.9984285831451416,0.0022146357223391533,0.0012114844284951687,0,0,0,0,0,0
0,2047,160,-95.7476806640625,125.90221405029297,0,0.99820023775100708,0.0028394339606165886,0.0011687279911711812,0,0,0,0,0,0
0,2303,180,-95.690933227539062,125.92597198486328,0,0.99803519248962402,0.0028111862484365702,-0.00020016048802062869,0,0,0,0,0,0
