particle_id,geometry_id,tx,ty,tz,tt,tpx,tpy,tpz,te,deltapx,deltapy,deltapz,deltae,index
0,255,20,-453.66064453125,192.64860534667969,0,0.99987888336181641,-0.0015826614107936621,0.00064539728919044137,0,0,0,0,0,0
0,511,40,-453.6923828125,192.66133117675781,0,0.99971181154251099,-0.0016004589851945639,0.00060786842368543148,0,0,0,0,0,0
0,767,60,-453.7244873046875,192.67329406738281,0,0.99952638149261475,-0.00014844229735899717,-1.7559157640789635e-05,0,0,0,0,0,0
0,1023,80,-453.72744750976562,192.67292785644531,0,0.99734687805175781,-0.00053089758148416877,-0.00023045828856993467,0,0,0,0,0,0
0,1279,100,-453.73806762695312,192.66824340820312,0,0.99717015027999878,-0.00062946876278147101,0.00041208553011529148,0,0,0,0,0,0
0,1535,120,-453.750732421875,192.67643737792969,0,0.99705779552459717,-0.001671483158133924,6.3070394389797002e-05,0,0,0,0,0,0
0,1791,140,-453.78427124023438,192.67750549316406,0,0.99683773517608643,-0.00081584102008491755,0.00018616674060467631,0,0,0,0,0,0
0,2047,160,-453.8006591796875,192.68113708496094,0,0.99669450521469116,-0.0031041889451444149,0.00060128333279863,0,0,0,0,0,0
0,2303,180,-453.86300659179688,192.69282531738281,0,0.99643427133560181,-0.0041492776945233345,0.00070934201357886195,0,0,0,0,0,0
