measurement_id,geometry_id,local_key,local0,local1,phi,theta,time,var_local0,var_local1,var_phi,var_theta,var_time
0,255,unknown,-255.2635498046875,-210.14015197753906,9.4948904006741941e-05,1.5710105895996094,0,0.0025000001769512892,0.0025000001769512892,0,0,0
1,511,unknown,-255.19419860839844,-210.11323547363281,-0.00026609504129737616,1.5699471235275269,0,0.0025000001769512892,0.0025000001769512892,0,0,0
2,767,unknown,-255.21910095214844,-210.03306579589844,0.00014465248386841267,1.5705922842025757,0,0.0025000001769512892,0.0025000001769512892,0,0,0
3,1023,unknown,-255.23432922363281,-209.99569702148438,0.00038875086465850472,1.5699068307876587,0,0.0025000001769512892,0.0025000001769512892,0,0,0
4,1279,unknown,-255.22386169433594,-210.00419616699219,0.00035625032614916563,1.5699640512466431,0,0.0025000001769512892,0.0025000001769512892,0,0,0
5,1535,unknown,-255.22248840332031,-209.88519287109375,-0.00013903083163313568,1.5693744421005249,0,0.0025000001769512892,0.0025000001769512892,0,0,0
6,1791,unknown,-255.22882080078125,-209.97990417480469,0.0010117491474375129,1.5704883337020874,0,0.0025000001769512892,0.0025000001769512892,0,0,0
7,2047,unknown,-255.14381408691406,-209.92555236816406,0.001492811250500381,1.5722049474716187,0,0.0025000001769512892,0.0025000001769512892,0,0,0
8,2303,unknown,-255.12847900390625,-210.0257568359375,0.002173533895984292,1.5722655057907104,0,0.0025000001769512892,0.0025000001769512892,0,0,0
