particle_id,geometry_id,tx,ty,tz,tt,tpx,tpy,tpz,te,deltapx,deltapy,deltapz,deltae,index
0,255,20,103.15738677978516,149.20956420898438,0,0.99984997510910034,-0.0014284681528806686,0.00046098916209302843,0,0,0,0,0,0
0,511,40,103.12876129150391,149.21861267089844,0,0.99966078996658325,0.00012739500380121171,0.00026713288389146328,0,0,0,0,0,0
0,767,60,103.13127899169922,149.22396850585938,0,0.99953043460845947,0.00010218056559097022,0.00013912736903876066,0,0,0,0,0,0
0,1023,80,103.13330841064453,149.22676086425781,0,0.99932438135147095,-0.00012580848124343902,0.00055259466171264648,0,0,0,0,0,0
0,1279,100,103.13072204589844,149.23780822753906,0,0.99916863441467285,-0.00092928169760853052,0.0011295982403680682,0,0,0,0,0,0
0,1535,120,103.11198425292969,149.26029968261719,0,0.99901866912841797,-0.00073267717380076647,0.001125736627727747,0,0,0,0,0,0
0,1791,140,103.09718322753906,149.28274536132812,0,0.99888229370117188,-0.0010810085805132985,0.0023183724842965603,0,0,0,0,0,0
0,2047,160,103.07526397705078,149.32904052734375,0,0.99871093034744263,-0.0027934475801885128,0.0040733641944825649,0,0,0,0,0,0
0,2303,180,103.01883697509766,149.4102783203125,0,0.99853318929672241,-0.0022209638264030218,0.0040563247166574001,0,0,0,0,0,0
