particle_id,geometry_id,tx,ty,tz,tt,tpx,tpy,tpz,te,deltapx,deltapy,deltapz,deltae,index
0,255,20,-37.456668853759766,124.16094207763672,0,0.99987643957138062,0.0019785307813435793,-3.9139598811743781e-05,0,0,0,0,0,0
0,511,40,-37.417091369628906,124.16039276123047,0,0.99967813491821289,0.0019653239287436008,-4.5686247176490724e-05,0,0,0,0,0,0
0,767,60,-37.377769470214844,124.15971374511719,0,0.9994317889213562,0.0026030351873487234,0.00028756502433679998,0,0,0,0,0,0
0,1023,80,-37.325714111328125,124.16577911376953,0,0.99927175045013428,0.0030200632754713297,-0.0019469928229227662,0,0,0,0,0,0
0,1279,100,-37.265037536621094,124.12717437744141,0,0.99912786483764648,0.0032882054802030325,-0.001619767164811492,0,0,0,0,0,0
0,1535,120,-37.199024200439453,124.09514617919922,0,0.99894315004348755,0.0044203773140907288,-0.0017240311717614532,0,0,0,0,0,0
0,1791,140,-37.110317230224609,124.06116485595703,0,0.99878185987472534,0.0028865823987871408,-0.0027067451737821102,0,0,0,0,0,0
0,2047,160,-37.052192687988281,124.00730895996094,0,0.99862444400787354,0.00243406742811203,-0.0027736956253647804,0,0,0,0,0,0
0,2303,180,-37.00311279296875,123.95204925537109,0,0.99842065572738647,0.0022476671729236841,-0.0023353653959929943,0,0,0,0,0,0
