particle_id,geometry_id,tx,ty,tz,tt,tpx,tpy,tpz,te,deltapx,deltapy,deltapz,deltae,index
0,255,20,-53.14581298828125,7.4635791778564453,0,0.99985522031784058,-4.3341005948605016e-05,-0.0015670626889914274,0,0,0,0,0,0
0,511,40,-53.146492004394531,7.4322290420532227,0,0.99966895580291748,0.0033996137790381908,-0.00030154510750435293,0,0,0,0,0,0
0,767,60,-53.078441619873047,7.4266042709350586,0,0.99946725368499756,0.0027670962736010551,-0.00034985705860890448,0,0,0,0,0,0
0,1023,80,-53.023029327392578,7.4199357032775879,0,0.99929273128509521,0.0024069896899163723,-0.00026319152675569057,0,0,0,0,0,0
0,1279,100,-52.974826812744141,7.4149575233459473,0,0.99913644790649414,0.0024492759257555008,-0.00065108097624033689,0,0,0,0,0,0
0,1535,120,-52.92572021484375,7.402219295501709,0,0.99897885322570801,0.0037998973857611418,-0.003042643191292882,0,0,0,0,0,0
0,1791,140,-52.849281311035156,7.3417620658874512,0,0.99879777431488037,0.0031220023520290852,-0.0026803573127835989,0,0,0,0,0,0
0,2047,160,-52.786445617675781,7.2884669303894043,0,0.99867057800292969,0.0037002039607614279,-0.0026724019553512335,0,0,0,0,0,0
0,2303,180,-52.712024688720703,7.2353940010070801,0,0.99850809574127197,0.003302109194919467,-0.00092706584837287664,0,0,0,0,0,0
