measurement_id,geometry_id,local_key,local0,local1,phi,theta,time,var_local0,var_local1,var_phi,var_theta,var_time
0,255,unknown,51.286304473876953,-14.552820205688477,-0.00019920947670470923,1.5701771974563599,0,0.0025000001769512892,0.0025000001769512892,0,0,0
1,511,unknown,51.183017730712891,-14.579039573669434,-0.0011181819718331099,1.5706033706665039,0,0.0025000001769512892,0.0025000001769512892,0,0,0
2,767,unknown,51.245319366455078,-14.496477127075195,-0.0019467864185571671,1.5700933933258057,0,0.0025000001769512892,0.0025000001769512892,0,0,0
3,1023,unknown,51.121768951416016,-14.540821075439453,-0.0017278492450714111,1.5699056386947632,0,0.0025000001769512892,0.0025000001769512892,0,0,0
4,1279,unknown,51.154685974121094,-14.554850578308105,-0.0010016107698902488,1.5690157413482666,0,0.0025000001769512892,0.0025000001769512892,0,0,0
5,1535,unknown,51.035369873046875,-14.559094429016113,-0.0001668639451963827,1.5700609683990479,0,0.0025000001769512892,0.0025000001769512892,0,0,0
6,1791,unknown,51.137134552001953,-14.579275131225586,0.00078525830758735538,1.5687758922576904,0,0.0025000001769512892,0.0025000001769512892,0,0,0
7,2047,unknown,51.103549957275391,-14.246171951293945,0.0007609642343595624,1.5687671899795532,0,0.0025000001769512892,0.0025000001769512892,0,0,0
8,2303,unknown,51.118419647216797,-14.381123542785645,0.0010291256476193666,1.5682686567306519,0,0.0025000001769512892,0.0025000001769512892,0,0,0
