measurement_id,geometry_id,local_key,local0,local1,phi,theta,time,var_local0,var_local1,var_phi,var_theta,var_time
0,255,unknown,167.2442626953125,127.5948486328125,-0.0017250347882509232,1.5713270902633667,0,0.0025000001769512892,0.0025000001769512892,0,0,0
1,511,unknown,167.24591064453125,127.56291198730469,-0.0018169097602367401,1.570794939994812,0,0.0025000001769512892,0.0025000001769512892,0,0,0
2,767,unknown,167.16462707519531,127.44261932373047,-0.003619941882789135,1.5719895362854004,0,0.0025000001769512892,0.0025000001769512892,0,0,0
3,1023,unknown,167.22090148925781,127.50756072998047,-0.0036020008847117424,1.5720312595367432,0,0.0025000001769512892,0.0025000001769512892,0,0,0
4,1279,unknown,167.09403991699219,127.47571563720703,-0.0028913645073771477,1.5728955268859863,0,0.0025000001769512892,0.0025000001769512892,0,0,0
5,1535,unknown,166.97294616699219,127.40753936767578,-0.0026937485672533512,1.5733041763305664,0,0.0025000001769512892,0.0025000001769512892,0,0,0
6,1791,unknown,166.84233093261719,127.27834320068359,-0.0013248332543298602,1.5719524621963501,0,0.0025000001769512892,0.0025000001769512892,0,0,0
7,2047,unknown,166.82748413085938,127.42298126220703,-0.0013141186209395528,1.5719728469848633,0,0.0025000001769512892,0.0025000001769512892,0,0,0
8,2303,unknown,166.89450073242188,127.38470458984375,-0.00065089727286249399,1.5726044178009033,0,0.0025000001769512892,0.0025000001769512892,0,0,0
