particle_id,geometry_id,tx,ty,tz,tt,tpx,tpy,tpz,te,deltapx,deltapy,deltapz,deltae,index
0,255,20,508.01510620117188,-111.50578308105469,0,0.99986845254898071,-0.00060528639005497098,0.001091055222786963,0,0,0,0,0,0
0,511,40,508.00286865234375,-111.48403167724609,0,0.99970477819442749,0.00054077076492831111,0.00084335164865478873,0,0,0,0,0,0
0,767,60,508.01358032226562,-111.46709442138672,0,0.99950158596038818,-0.00016940146451815963,0.00095553864957764745,0,0,0,0,0,0
0,1023,80,508.01007080078125,-111.447998046875,0,0.99921917915344238,-0.00073077419074252248,4.2480820411583409e-05,0,0,0,0,0,0
0,1279,100,507.99545288085938,-111.44723510742188,0,0.99896359443664551,-0.00088631646940484643,-0.00079375063069164753,0,0,0,0,0,0
0,1535,120,507.97781372070312,-111.46323394775391,0,0.99880856275558472,-0.00095142342615872622,-0.00037451038951985538,0,0,0,0,0,0
0,1791,140,507.95880126953125,-111.47084808349609,0,0.99865531921386719,-0.00089005689369514585,-0.00026409444399178028,0,0,0,0,0,0
0,2047,160,507.94100952148438,-111.47624206542969,0,0.99836325645446777,-0.00019865026115439832,0.00057110545458272099,0,0,0,0,0,0
0,2303,180,507.93695068359375,-111.46482849121094,0,0.99800187349319458,0.00064189377008005977,-0.00093206361634656787,0,0,0,0,0,0
