measurement_id,geometry_id,local_key,local0,local1,phi,theta,time,var_local0,var_local1,var_phi,var_theta,var_time
0,255,unknown,-39.569469451904297,-176.29460144042969,0.00025826733326539397,1.5709761381149292,0,0.0025000001769512892,0.0025000001769512892,0,0,0
1,511,unknown,-39.663761138916016,-176.26455688476562,0.00021310568263288587,1.5711941719055176,0,0.0025000001769512892,0.0025000001769512892,0,0,0
2,767,unknown,-39.643409729003906,-176.26312255859375,0.0020240745507180691,1.5718085765838623,0,0.0025000001769512892,0.0025000001769512892,0,0,0
3,1023,unknown,-39.561092376708984,-176.272216796875,0.0022506171371787786,1.5716193914413452,0,0.0025000001769512892,0.0025000001769512892,0,0,0
4,1279,unknown,-39.547977447509766,-176.27439880371094,0.0029196932446211576,1.5718622207641602,0,0.0025000001769512892,0.0025000001769512892,0,0,0
5,1535,unknown,-39.482776641845703,-176.31781005859375,0.0014105361187830567,1.5738400220870972,0,0.0025000001769512892,0.0025000001769512892,0,0,0
6,1791,unknown,-39.432281494140625,-176.37408447265625,0.0010530994040891528,1.5736849308013916,0,0.0025000001769512892,0.0025000001769512892,0,0,0
7,2047,unknown,-39.426502227783203,-176.45423889160156,0.00055582646746188402,1.572948694229126,0,0.0025000001769512892,0.0025000001769512892,0,0,0
8,2303,unknown,-39.382949829101562,-176.46975708007812,0.0014095826772972941,1.5724681615829468,0,0.0025000001769512892,0.0025000001769512892,0,0,0
