particle_id,geometry_id,tx,ty,tz,tt,tpx,tpy,tpz,te,deltapx,deltapy,deltapz,deltae,index
0,255,20,159.972900390625,-190.30209350585938,0,0.99977713823318481,8.4575243818107992e-05,0.0004303251625970006,0,0,0,0,0,0
0,511,40,159.97453308105469,-190.29347229003906,0,0.99954819679260254,-0.00097677635494619608,0.00038137304363772273,0,0,0,0,0,0
0,767,60,159.95494079589844,-190.28596496582031,0,0.99939209222793579,-0.0015328277368098497,0.0014287668745964766,0,0,0,0,0,0
0,1023,80,159.92408752441406,-190.25755310058594,0,0.99923145771026611,-0.0015966402133926749,0.001250574947334826,0,0,0,0,0,0
0,1279,100,159.89198303222656,-190.23271179199219,0,0.99892300367355347,-0.0020054131746292114,0.0013820129679515958,0,0,0,0,0,0
0,1535,120,159.85166931152344,-190.20527648925781,0,0.99874711036682129,-0.0021604094654321671,0.0010368521325290203,0,0,0,0,0,0
0,1791,140,159.80828857421875,-190.18476867675781,0,0.99851417541503906,-0.002461001742631197,0.00022219007951207459,0,0,0,0,0,0
0,2047,160,159.75897216796875,-190.18061828613281,0,0.99837630987167358,-0.0024055265821516514,-0.0015436833491548896,0,0,0,0,0,0
0,2303,180,159.71096801757812,-190.21183776855469,0,0.99815458059310913,-0.0021236680913716555,-0.0018078541615977883,0,0,0,0,0,0
