particle_id,geometry_id,tx,ty,tz,tt,tpx,tpy,tpz,te,deltapx,deltapy,deltapz,deltae,index
0,255,20,-169.03025817871094,-128.56556701660156,0,0.99982011318206787,0.00018678298511076719,0.00054655183339491487,0,0,0,0,0,0
0,511,40,-169.02658081054688,-128.55461120605469,0,0.99953961372375488,0.00024055817630141973,0.00019751430954784155,0,0,0,0,0,0
0,767,60,-169.02178955078125,-128.55062866210938,0,0.99873310327529907,-0.00018964573973789811,-0.00046972854761406779,0,0,0,0,0,0
0,1023,80,-169.02552795410156,-128.56005859375,0,0.99573987722396851,-0.00073491095099598169,-0.0015361605910584331,0,0,0,0,0,0
0,1279,100,-169.04010009765625,-128.59100341796875,0,0.99560517072677612,-0.00056415394647046924,-0.0019824483897536993,0,0,0,0,0,0
0,1535,120,-169.05119323730469,-128.63088989257812,0,0.99544733762741089,-0.00047786679351702332,-0.00084506842540577054,0,0,0,0,0,0
0,1791,140,-169.06068420410156,-128.64791870117188,0,0.99531793594360352,-0.00054977607214823365,-0.00068584736436605453,0,0,0,0,0,0
0,2047,160,-169.0716552734375,-128.66177368164062,0,0.99513137340545654,-0.0023276288993656635,-0.0011226324131712317,0,0,0,0,0,0
0,2303,180,-169.11830139160156,-128.68461608886719,0,0.99486953020095825,-0.0013337568379938602,-0.0013584635453298688,0,0,0,0,0,0
