measurement_id,geometry_id,local_key,local0,local1,phi,theta,time,var_local0,var_local1,var_phi,var_theta,var_time
0,255,unknown,75.573753356933594,7.117128849029541,-0.00017664559709373862,1.5705379247665405,0,0.0025000001769512892,0.0025000001769512892,0,0,0
1,511,unknown,75.560455322265625,7.1146278381347656,0.00025288460892625153,1.569301962852478,0,0.0025000001769512892,0.0025000001769512892,0,0,0
2,767,unknown,75.570785522460938,7.114743709564209,0.00015848519979044795,1.5694276094436646,0,0.0025000001769512892,0.0025000001769512892,0,0,0
3,1023,unknown,75.569999694824219,7.0610737800598145,0.00014512191410176456,1.5694061517715454,0,0.0025000001769512892,0.0025000001769512892,0,0,0
4,1279,unknown,75.4951171875,7.2049484252929688,-0.00060955027583986521,1.5700227022171021,0,0.0025000001769512892,0.0025000001769512892,0,0,0
5,1535,unknown,75.444580078125,7.1387853622436523,-0.00029881522641517222,1.5703656673431396,0,0.0025000001769512892,0.0025000001769512892,0,0,0
6,1791,unknown,75.637176513671875,7.2177863121032715,-0.0018325793789699674,1.57044517993927,0,0.0025000001769512892,0.0025000001769512892,0,0,0
7,2047,unknown,75.441329956054688,7.1615777015686035,-0.0017934729112312198,1.5706095695495605,0,0.0025000001769512892,0.0025000001769512892,0,0,0
8,2303,unknown,75.469207763671875,7.2093453407287598,-0.0018921219743788242,1.5707285404205322,0,0.0025000001769512892,0.0025000001769512892,0,0,0
