particle_id,geometry_id,tx,ty,tz,tt,tpx,tpy,tpz,te,deltapx,deltapy,deltapz,deltae,index
0,255,20,42.490913391113281,-92.081550598144531,0,0.99983894824981689,-0.00099825114011764526,0.00094656477449461818,0,0,0,0,0,0
0,511,40,42.470832824707031,-92.062736511230469,0,0.99967408180236816,-0.0001869366824394092,0.0014561009593307972,0,0,0,0,0,0
0,767,60,42.4669189453125,-92.03363037109375,0,0.99945491552352905,0.00012899258581455797,0.0021772028412669897,0,0,0,0,0,0
0,1023,80,42.46923828125,-91.99005126953125,0,0.99928641319274902,0.00020375489839352667,0.0031163755338639021,0,0,0,0,0,0
0,1279,100,42.472942352294922,-91.927658081054688,0,0.99904721975326538,-0.00083598418859764934,0.0023289970122277737,0,0,0,0,0,0
0,1535,120,42.455928802490234,-91.881134033203125,0,0.99892735481262207,-0.0015123647172003984,0.0018247641855850816,0,0,0,0,0,0
0,1791,140,42.425430297851562,-91.844779968261719,0,0.99869441986083984,-0.00271041807718575,0.001072157989256084,0,0,0,0,0,0
0,2047,160,42.371025085449219,-91.823638916015625,0,0.9985501766204834,-0.0017536296509206295,0.00092641881201416254,0,0,0,0,0,0
0,2303,180,42.335792541503906,-91.8052978515625,0,0.99840915203094482,-0.0017282527405768633,0.00055137526942417026,0,0,0,0,0,0
