measurement_id,geometry_id,local_key,local0,local1,phi,theta,time,var_local0,var_local1,var_phi,var_theta,var_time
0,255,unknown,-181.6407470703125,-587.22418212890625,0.00044923220411874354,1.5710344314575195,0,0.0025000001769512892,0.0025000001769512892,0,0,0
1,511,unknown,-181.61293029785156,-587.12677001953125,0.0006865218747407198,1.5704612731933594,0,0.0025000001769512892,0.0025000001769512892,0,0,0
2,767,unknown,-181.61552429199219,-587.19207763671875,0.00060643622418865561,1.5716800689697266,0,0.0025000001769512892,0.0025000001769512892,0,0,0
3,1023,unknown,-181.40640258789062,-587.13507080078125,0.00065590371377766132,1.5719075202941895,0,0.0025000001769512892,0.0025000001769512892,0,0,0
4,1279,unknown,-181.55122375488281,-587.181396484375,0.00066971773048862815,1.5719078779220581,0,0.0025000001769512892,0.0025000001769512892,0,0,0
5,1535,unknown,-181.58161926269531,-587.25506591796875,-0.00021088597713969648,1.5711433887481689,0,0.0025000001769512892,0.0025000001769512892,0,0,0
6,1791,unknown,-181.65736389160156,-587.16595458984375,8.241272735176608e-05,1.5706284046173096,0,0.0025000001769512892,0.0025000001769512892,0,0,0
7,2047,unknown,-181.53744506835938,-587.29583740234375,0.00031025829957798123,1.570618748664856,0,0.0025000001769512892,0.0025000001769512892,0,0,0
8,2303,unknown,-181.64926147460938,-587.2032470703125,0.00044454992166720331,1.570569634437561,0,0.0025000001769512892,0.0025000001769512892,0,0,0
