measurement_id,geometry_id,local_key,local0,local1,phi,theta,time,var_local0,var_local1,var_phi,var_theta,var_time
0,255,unknown,-68.13531494140625,402.00936889648438,0.00014659692533314228,1.5706865787506104,0,0.0025000001769512892,0.0025000001769512892,0,0,0
1,511,unknown,-68.050559997558594,401.94482421875,0.00039086773176677525,1.5713194608688354,0,0.0025000001769512892,0.0025000001769512892,0,0,0
2,767,unknown,-68.176712036132812,401.95932006835938,0.00046715381904505193,1.570203423500061,0,0.0025000001769512892,0.0025000001769512892,0,0,0
3,1023,unknown,-68.007461547851562,401.96408081054688,-0.00028429093072190881,1.5699269771575928,0,0.0025000001769512892,0.0025000001769512892,0,0,0
4,1279,unknown,-68.180892944335938,401.991455078125,-0.00014987311442382634,1.5700470209121704,0,0.0025000001769512892,0.0025000001769512892,0,0,0
5,1535,unknown,-68.075904846191406,401.94677734375,0.00092966610100120306,1.5683008432388306,0,0.0025000001769512892,0.0025000001769512892,0,0,0
6,1791,unknown,-68.021461486816406,402.0960693359375,-0.00045825340203009546,1.5683846473693848,0,0.0025000001769512892,0.0025000001769512892,0,0,0
7,2047,unknown,-68.141944885253906,402.096435546875,-0.00071152887539938092,1.5683249235153198,0,0.0025000001769512892,0.0025000001769512892,0,0,0
8,2303,unknown,-68.13140869140625,402.13876342773438,0.00012882400187663734,1.5685123205184937,0,0.0025000001769512892,0.0025000001769512892,0,0,0
