measurement_id,geometry_id,local_key,local0,local1,phi,theta,time,var_local0,var_local1,var_phi,var_theta,var_time
0,255,unknown,106.19877624511719,-29.022668838500977,-0.0008797246846370399,1.5714292526245117,0,0.0025000001769512892,0.0025000001769512892,0,0,0
1,511,unknown,106.14630126953125,-28.963544845581055,-0.00074534013401716948,1.5711822509765625,0,0.0025000001769512892,0.0025000001769512892,0,0,0
2,767,unknown,106.04037475585938,-28.832002639770508,-0.0007309233769774437,1.5711978673934937,0,0.0025000001769512892,0.0025000001769512892,0,0,0
3,1023,unknown,106.18186187744141,-29.015117645263672,-0.00072579091647639871,1.5712075233459473,0,0.0025000001769512892,0.0025000001769512892,0,0,0
4,1279,unknown,105.99941253662109,-28.919586181640625,0.00028141395887359977,1.570982813835144,0,0.0025000001769512892,0.0025000001769512892,0,0,0
5,1535,unknown,106.06896209716797,-29.006855010986328,0.00010042222129413858,1.5709965229034424,0,0.0025000001769512892,0.0025000001769512892,0,0,0
6,1791,unknown,106.12273406982422,-29.07612419128418,-0.00030150692327879369,1.571619987487793,0,0.0025000001769512892,0.0025000001769512892,0,0,0
7,2047,unknown,106.08721923828125,-29.004314422607422,0.0015357136726379395,1.5721156597137451,0,0.0025000001769512892,0.0025000001769512892,0,0,0
8,2303,unknown,106.180419921875,-29.109817504882812,0.0015882995212450624,1.5716656446456909,0,0.0025000001769512892,0.0025000001769512892,0,0,0
