particle_id,geometry_id,tx,ty,tz,tt,tpx,tpy,tpz,te,deltapx,deltapy,deltapz,deltae,index
0,255,20,-137.11215209960938,157.49604797363281,0,0.99980670213699341,-9.175050217891112e-05,0.00019744790915865451,0,0,0,0,0,0
0,511,40,-137.114013671875,157.49998474121094,0,0.99966442584991455,0.00021116985590197146,-0.00066095666261389852,0,0,0,0,0,0
0,767,60,-137.10971069335938,157.48678588867188,0,0.99949729442596436,-0.00026967492885887623,-0.00034962795325554907,0,0,0,0,0,0
0,1023,80,-137.11506652832031,157.47975158691406,0,0.99922174215316772,-0.00055448320927098393,-0.00013607477012556046,0,0,0,0,0,0
0,1279,100,-137.12614440917969,157.47695922851562,0,0.99898809194564819,-0.00038293961551971734,0.00056324584875255823,0,0,0,0,0,0
0,1535,120,-137.13388061523438,157.48818969726562,0,0.99874824285507202,-0.00061710173031315207,-8.0647339927963912e-05,0,0,0,0,0,0
0,1791,140,-137.14622497558594,157.48649597167969,0,0.99859625101089478,-0.00052398990374058485,2.0788693291251548e-05,0,0,0,0,0,0
0,2047,160,-137.15672302246094,157.48684692382812,0,0.99797457456588745,-0.00022054780856706202,-2.5621709937695414e-05,0,0,0,0,0,0
0,2303,180,-137.1611328125,157.48631286621094,0,0.99762743711471558,-3.3109725336544216e-05,-0.00049810769269242883,0,0,0,0,0,0
