measurement_id,geometry_id,local_key,local0,local1,phi,theta,time,var_local0,var_local1,var_phi,var_theta,var_time
0,255,unknown,-58.358989715576172,18.929752349853516,3.5711247619474307e-05,1.5706369876861572,0,0.0025000001769512892,0.0025000001769512892,0,0,0
1,511,unknown,-58.283126831054688,18.926961898803711,0.00029463996179401875,1.5689713954925537,0,0.0025000001769512892,0.0025000001769512892,0,0,0
2,767,unknown,-58.345611572265625,18.856771469116211,0.00022403444745577872,1.5691314935684204,0,0.0025000001769512892,0.0025000001769512892,0,0,0
3,1023,unknown,-58.24200439453125,18.945310592651367,0.00070365931605920196,1.569911003112793,0,0.0025000001769512892,0.0025000001769512892,0,0,0
4,1279,unknown,-58.182201385498047,19.015237808227539,0.0021403392311185598,1.5703443288803101,0,0.0025000001769512892,0.0025000001769512892,0,0,0
5,1535,unknown,-58.141979217529297,19.046457290649414,0.0022239903919398785,1.5703916549682617,0,0.0025000001769512892,0.0025000001769512892,0,0,0
6,1791,unknown,-58.159320831298828,19.090520858764648,0.0024073896929621696,1.5706751346588135,0,0.0025000001769512892,0.0025000001769512892,0,0,0
7,2047,unknown,-58.149265289306641,18.974946975708008,0.0030007974710315466,1.5685702562332153,0,0.0025000001769512892,0.0025000001769512892,0,0,0
8,2303,unknown,-58.083614349365234,19.115293502807617,0.0025779667776077986,1.5677030086517334,0,0.0025000001769512892,0.0025000001769512892,0,0,0
