particle_id,particle_type,process,vx,vy,vz,vt,px,py,pz,m,q
0,0,0,0,-102.80320739746094,-228.57853698730469,0,1,0,-4.3711388286737929e-08,0,-1
