particle_id,particle_type,process,vx,vy,vz,vt,px,py,pz,m,q
0,0,0,0,-54.410381317138672,21.133106231689453,0,1,0,-4.3711388286737929e-08,0,-1
