particle_id,particle_type,process,vx,vy,vz,vt,px,py,pz,m,q
0,0,0,0,223.89491271972656,299.8409423828125,0,1,0,-4.3711388286737929e-08,0,-1
