measurement_id,geometry_id,local_key,local0,local1,phi,theta,time,var_local0,var_local1,var_phi,var_theta,var_time
0,255,unknown,-85.98919677734375,-15.21419620513916,-0.0014868727885186672,1.5732858180999756,0,0.0025000001769512892,0.0025000001769512892,0,0,0
1,511,unknown,-86.060050964355469,-15.263498306274414,-0.00084007607074454427,1.5745545625686646,0,0.0025000001769512892,0.0025000001769512892,0,0,0
2,767,unknown,-86.0428466796875,-15.149157524108887,-4.9738260713638738e-05,1.5741544961929321,0,0.0025000001769512892,0.0025000001769512892,0,0,0
3,1023,unknown,-86.104095458984375,-15.362724304199219,2.7520625735633075e-05,1.5742096900939941,0,0.0025000001769512892,0.0025000001769512892,0,0,0
4,1279,unknown,-86.076126098632812,-15.352246284484863,0.00070364854764193296,1.5736217498779297,0,0.0025000001769512892,0.0025000001769512892,0,0,0
5,1535,unknown,-86.013038635253906,-15.427597999572754,0.00073667202377691865,1.573611855506897,0,0.0025000001769512892,0.0025000001769512892,0,0,0
6,1791,unknown,-86.039207458496094,-15.454667091369629,0.001229927409440279,1.575035572052002,0,0.0025000001769512892,0.0025000001769512892,0,0,0
7,2047,unknown,-85.981407165527344,-15.66011905670166,0.0015245438553392887,1.575410008430481,0,0.0025000001769512892,0.0025000001769512892,0,0,0
8,2303,unknown,-85.968620300292969,-15.653689384460449,0.0014894383493810892,1.5753684043884277,0,0.0025000001769512892,0.0025000001769512892,0,0,0
