particle_id,geometry_id,tx,ty,tz,tt,tpx,tpy,tpz,te,deltapx,deltapy,deltapz,deltae,index
0,255,20,-187.98361206054688,11.851451873779297,0,0.99977892637252808,0.00063178344862535596,0.00030005900771357119,0,0,0,0,0,0
0,511,40,-187.97100830078125,11.857529640197754,0,0.99959903955459595,0.0017575274687260389,9.7430551249999553e-05,0,0,0,0,0,0
0,767,60,-187.93585205078125,11.859689712524414,0,0.99937945604324341,0.0034947914537042379,-0.00066970748594030738,0,0,0,0,0,0
0,1023,80,-187.86582946777344,11.846707344055176,0,0.99925810098648071,0.0032411294523626566,-0.0011756540043279529,0,0,0,0,0,0
0,1279,100,-187.80081176757812,11.823566436767578,0,0.99898964166641235,0.0031485713552683592,-0.0016644390998408198,0,0,0,0,0,0
0,1535,120,-187.73757934570312,11.790622711181641,0,0.99885481595993042,0.0031121592037379742,-0.0016250390326604247,0,0,0,0,0,0
0,1791,140,-187.67506408691406,11.758459091186523,0,0.99867713451385498,0.0042032049968838692,-0.0016188039444386959,0,0,0,0,0,0
0,2047,160,-187.5906982421875,11.726546287536621,0,0.99838411808013916,0.0051797069609165192,-0.00058156694285571575,0,0,0,0,0,0
0,2303,180,-187.48686218261719,11.715519905090332,0,0.99604630470275879,0.0037115486338734627,-0.000425959617132321,0,0,0,0,0,0
