particle_id,geometry_id,tx,ty,tz,tt,tpx,tpy,tpz,te,deltapx,deltapy,deltapz,deltae,index
0,255,20,84.104629516601562,-430.70111083984375,0,0.99985325336456299,0.00023090993636287749,-0.00046072003897279501,0,0,0,0,0,0
0,511,40,84.109306335449219,-430.71029663085938,0,0.9997289776802063,0.00038534117629751563,-0.00080532272113487124,0,0,0,0,0,0
0,767,60,84.117111206054688,-430.72634887695312,0,0.99952214956283569,-0.00058820733102038503,0.00021264325187075883,0,0,0,0,0,0
0,1023,80,84.105316162109375,-430.72216796875,0,0.99935615062713623,-0.00056868814863264561,0.00044872870785184205,0,0,0,0,0,0
0,1279,100,84.093879699707031,-430.7132568359375,0,0.99918770790100098,-0.00071770738577470183,0.00091831386089324951,0,0,0,0,0,0
0,1535,120,84.07940673828125,-430.69497680664062,0,0.99896389245986938,-0.0014857505448162556,0.0023816791363060474,0,0,0,0,0,0
0,1791,140,84.04937744140625,-430.6474609375,0,0.99875122308731079,0.00037875035195611417,0.0033777137286961079,0,0,0,0,0,0
0,2047,160,84.056556701660156,-430.57977294921875,0,0.99852699041366577,-0.00050857377937063575,0.0036716866306960583,0,0,0,0,0,0
0,2303,180,84.045928955078125,-430.50628662109375,0,0.99838900566101074,-0.0026642065495252609,0.0043987594544887543,0,0,0,0,0,0
