measurement_id,geometry_id,local_key,local0,local1,phi,theta,time,var_local0,var_local1,var_phi,var_theta,var_time
0,255,unknown,99.416175842285156,266.07196044921875,0.0010808827355504036,1.5713549852371216,0,0.0025000001769512892,0.0025000001769512892,0,0,0
1,511,unknown,99.603111267089844,266.0712890625,0.0010946467518806458,1.5707346200942993,0,0.0025000001769512892,0.0025000001769512892,0,0,0
2,767,unknown,99.593132019042969,266.13519287109375,0.0014007698046043515,1.5714969635009766,0,0.0025000001769512892,0.0025000001769512892,0,0,0
3,1023,unknown,99.513580322265625,266.121337890625,0.0010067432885989547,1.5715138912200928,0,0.0025000001769512892,0.0025000001769512892,0,0,0
4,1279,unknown,99.611160278320312,266.04544067382812,0.00094876234652474523,1.5715413093566895,0,0.0025000001769512892,0.0025000001769512892,0,0,0
5,1535,unknown,99.616706848144531,266.01333618164062,0.00093391485279425979,1.5712287425994873,0,0.0025000001769512892,0.0025000001769512892,0,0,0
6,1791,unknown,99.633796691894531,266.09872436523438,0.001258969190530479,1.5711236000061035,0,0.0025000001769512892,0.0025000001769512892,0,0,0
7,2047,unknown,99.73663330078125,265.98843383789062,0.0014089111937209964,1.5722919702529907,0,0.0025000001769512892,0.0025000001769512892,0,0,0
8,2303,unknown,99.6572265625,265.98849487304688,0.00326951639726758,1.5724636316299438,0,0.0025000001769512892,0.0025000001769512892,0,0,0
