particle_id,geometry_id,tx,ty,tz,tt,tpx,tpy,tpz,te,deltapx,deltapy,deltapz,deltae,index
0,255,20,394.08551025390625,-593.0899658203125,0,0.99986052513122559,0.00096373510314151645,-7.9068478953558952e-05,0,0,0,0,0,0
0,511,40,394.10479736328125,-593.0914306640625,0,0.99967724084854126,0.00089235493214800954,-7.4763833254110068e-05,0,0,0,0,0,0
0,767,60,394.12265014648438,-593.09283447265625,0,0.99934577941894531,0.00088552356464788318,-0.00010797668801387772,0,0,0,0,0,0
0,1023,80,394.140380859375,-593.09490966796875,0,0.99920749664306641,0.00090571586042642593,-1.9459401300991885e-05,0,0,0,0,0,0
0,1279,100,394.15850830078125,-593.09521484375,0,0.99896341562271118,0.00028562397346831858,0.00054322549840435386,0,0,0,0,0,0
0,1535,120,394.16415405273438,-593.08428955078125,0,0.99877703189849854,-0.002108429791405797,0.00070636178134009242,0,0,0,0,0,0
0,1791,140,394.12185668945312,-593.07037353515625,0,0.99865025281906128,-0.0016142843523994088,0.001099727232940495,0,0,0,0,0,0
0,2047,160,394.08938598632812,-593.04852294921875,0,0.99822390079498291,-0.0025144116953015327,0.00096693390514701605,0,0,0,0,0,0
0,2303,180,394.03887939453125,-593.02947998046875,0,0.99809539318084717,-0.0039113331586122513,0.0021992446854710579,0,0,0,0,0,0
