measurement_id,geometry_id,local_key,local0,local1,phi,theta,time,var_local0,var_local1,var_phi,var_theta,var_time
0,255,unknown,-232.8592529296875,180.27304077148438,-0.00021443389414343983,1.5714864730834961,0,0.0025000001769512892,0.0025000001769512892,0,0,0
1,511,unknown,-232.95738220214844,180.22262573242188,-0.0018588574603199959,1.5709836483001709,0,0.0025000001769512892,0.0025000001769512892,0,0,0
2,767,unknown,-233.00331115722656,180.22463989257812,-0.0023703749757260084,1.5716317892074585,0,0.0025000001769512892,0.0025000001769512892,0,0,0
3,1023,unknown,-233.01858520507812,180.33261108398438,-0.0023649036884307861,1.5709933042526245,0,0.0025000001769512892,0.0025000001769512892,0,0,0
4,1279,unknown,-233.06898498535156,180.26446533203125,-0.0021316141355782747,1.5709713697433472,0,0.0025000001769512892,0.0025000001769512892,0,0,0
5,1535,unknown,-233.1048583984375,180.33271789550781,-0.0014938970562070608,1.5687171220779419,0,0.0025000001769512892,0.0025000001769512892,0,0,0
6,1791,unknown,-233.18345642089844,180.33489990234375,-0.0014111027121543884,1.568750262260437,0,0.0025000001769512892,0.0025000001769512892,0,0,0
7,2047,unknown,-233.1181640625,180.39788818359375,-0.00094008311862125993,1.5687588453292847,0,0.0025000001769512892,0.0025000001769512892,0,0,0
8,2303,unknown,-233.2222900390625,180.36790466308594,-0.00054992205696180463,1.5687460899353027,0,0.0025000001769512892,0.0025000001769512892,0,0,0
