particle_id,particle_type,process,vx,vy,vz,vt,px,py,pz,m,q
0,0,0,0,108.4229736328125,1.9576810598373413,0,1,0,-4.3711388286737929e-08,0,-1
