particle_id,geometry_id,tx,ty,tz,tt,tpx,tpy,tpz,te,deltapx,deltapy,deltapz,deltae,index
0,255,20,-139.20367431640625,-50.021354675292969,0,0.99977272748947144,-0.00013392340042628348,0.00016144817345775664,0,0,0,0,0,0
0,511,40,-139.20637512207031,-50.018142700195312,0,0.9996533989906311,0.00042322266381233931,-0.00055119569879025221,0,0,0,0,0,0
0,767,60,-139.19784545898438,-50.029117584228516,0,0.9994739294052124,0.00146415492054075,-0.0017892715986818075,0,0,0,0,0,0
0,1023,80,-139.1683349609375,-50.064746856689453,0,0.9993135929107666,0.0012298631481826305,-0.00091708789113909006,0,0,0,0,0,0
0,1279,100,-139.14361572265625,-50.082954406738281,0,0.99913531541824341,0.0013898040633648634,-0.00014559160626959056,0,0,0,0,0,0
0,1535,120,-139.11578369140625,-50.085700988769531,0,0.99892807006835938,0.00056968978606164455,-0.00021665295935235918,0,0,0,0,0,0
0,1791,140,-139.10435485839844,-50.089969635009766,0,0.9987604022026062,0.00057097862008959055,-0.00013244009460322559,0,0,0,0,0,0
0,2047,160,-139.09291076660156,-50.092552185058594,0,0.99859839677810669,-0.00042295421008020639,0.00065754569368436933,0,0,0,0,0,0
0,2303,180,-139.10145568847656,-50.079433441162109,0,0.99847990274429321,-0.00061513995751738548,0.001012647757306695,0,0,0,0,0,0
