particle_id,particle_type,process,vx,vy,vz,vt,px,py,pz,m,q
0,0,0,0,-173.21943664550781,133.15449523925781,0,1,0,-4.3711388286737929e-08,0,-1
