particle_id,geometry_id,tx,ty,tz,tt,tpx,tpy,tpz,te,deltapx,deltapy,deltapz,deltae,index
0,255,20,-54.961711883544922,321.58319091796875,0,0.99979132413864136,-0.00014005553384777158,0.0001469106791773811,0,0,0,0,0,0
0,511,40,-54.964530944824219,321.58612060546875,0,0.99955582618713379,0.00056478893384337425,-0.00084462418453767896,0,0,0,0,0,0
0,767,60,-54.953128814697266,321.56927490234375,0,0.99939209222793579,0.00027517607668414712,-0.00017553223005961627,0,0,0,0,0,0
0,1023,80,-54.947601318359375,321.5657958984375,0,0.999245285987854,0.0001547840511193499,-9.4267066742759198e-05,0,0,0,0,0,0
0,1279,100,-54.944492340087891,321.56393432617188,0,0.9990571141242981,0.00042789243161678314,-0.00052549928659573197,0,0,0,0,0,0
0,1535,120,-54.935863494873047,321.553466796875,0,0.99889105558395386,0.00040303572313860059,-0.0013419243041425943,0,0,0,0,0,0
0,1791,140,-54.927631378173828,321.52664184570312,0,0.99835729598999023,0.00036845536669716239,-0.0010699752019718289,0,0,0,0,0,0
0,2047,160,-54.920120239257812,321.5052490234375,0,0.99814897775650024,0.00052258151117712259,-0.0018367543816566467,0,0,0,0,0,0
0,2303,180,-54.909427642822266,321.468505859375,0,0.99799376726150513,4.7451017053390387e-06,-0.0017314176075160503,0,0,0,0,0,0
