measurement_id,geometry_id,local_key,local0,local1,phi,theta,time,var_local0,var_local1,var_phi,var_theta,var_time
0,255,unknown,201.04978942871094,-226.24456787109375,9.6849144028965384e-05,1.5697486400604248,0,0.0025000001769512892,0.0025000001769512892,0,0,0
1,511,unknown,201.08631896972656,-226.19947814941406,-5.8990524848923087e-05,1.5701378583908081,0,0.0025000001769512892,0.0025000001769512892,0,0,0
2,767,unknown,201.04965209960938,-226.24053955078125,0.0010561777744442225,1.5701942443847656,0,0.0025000001769512892,0.0025000001769512892,0,0,0
3,1023,unknown,201.07991027832031,-226.16189575195312,0.0017579847481101751,1.5705517530441284,0,0.0025000001769512892,0.0025000001769512892,0,0,0
4,1279,unknown,201.07388305664062,-226.26141357421875,0.0023252787068486214,1.5705903768539429,0,0.0025000001769512892,0.0025000001769512892,0,0,0
5,1535,unknown,201.27464294433594,-226.20350646972656,0.0027558612637221813,1.5706099271774292,0,0.0025000001769512892,0.0025000001769512892,0,0,0
6,1791,unknown,201.29202270507812,-226.12301635742188,0.002820346737280488,1.5705227851867676,0,0.0025000001769512892,0.0025000001769512892,0,0,0
7,2047,unknown,201.30868530273438,-226.22586059570312,0.0014560758136212826,1.5708574056625366,0,0.0025000001769512892,0.0025000001769512892,0,0,0
8,2303,unknown,201.3243408203125,-226.22578430175781,-0.00048761552898213267,1.5696219205856323,0,0.0025000001769512892,0.0025000001769512892,0,0,0
