particle_id,geometry_id,tx,ty,tz,tt,tpx,tpy,tpz,te,deltapx,deltapy,deltapz,deltae,index
0,255,20,75.084861755371094,-19.00146484375,0,0.9998289942741394,-0.00010468676191521809,-0.00032972023473121226,0,0,0,0,0,0
0,511,40,75.082809448242188,-19.008071899414062,0,0.99970054626464844,-0.00030506495386362076,-0.00025543273659422994,0,0,0,0,0,0
0,767,60,75.076736450195312,-19.013217926025391,0,0.99953925609588623,0.00059100444195792079,-0.00040850494406186044,0,0,0,0,0,0
0,1023,80,75.088607788085938,-19.021320343017578,0,0.99935197830200195,0.00088294676970690489,-0.000457749207271263,0,0,0,0,0,0
0,1279,100,75.106330871582031,-19.030374526977539,0,0.99891698360443115,0.0010792482644319534,-0.00046398036647588015,0,0,0,0,0,0
0,1535,120,75.12799072265625,-19.039533615112305,0,0.99876141548156738,0.0028877125587314367,0.00023331813281401992,0,0,0,0,0,0
0,1791,140,75.185783386230469,-19.034515380859375,0,0.99851739406585693,0.0026214420795440674,0.00092270015738904476,0,0,0,0,0,0
0,2047,160,75.238174438476562,-19.015718460083008,0,0.99830657243728638,0.0052004936151206493,-6.7045730247627944e-05,0,0,0,0,0,0
0,2303,180,75.342369079589844,-19.016435623168945,0,0.99801105260848999,0.0054659144952893257,-0.00017053334158845246,0,0,0,0,0,0
