particle_id,particle_type,process,vx,vy,vz,vt,px,py,pz,m,q
0,0,0,0,-18.109298706054688,-269.53482055664062,0,1,0,-4.3711388286737929e-08,0,-1
