measurement_id,geometry_id,local_key,local0,local1,phi,theta,time,var_local0,var_local1,var_phi,var_theta,var_time
0,255,unknown,162.6407470703125,181.92628479003906,0.0012283216929063201,1.5726193189620972,0,0.0025000001769512892,0.0025000001769512892,0,0,0
1,511,unknown,162.67578125,181.85806274414062,0.0012323817936703563,1.5728328227996826,0,0.0025000001769512892,0.0025000001769512892,0,0,0
2,767,unknown,162.73785400390625,181.94715881347656,0.0019285682355985045,1.5724458694458008,0,0.0025000001769512892,0.0025000001769512892,0,0,0
3,1023,unknown,162.74436950683594,181.85093688964844,0.0024869772605597973,1.5704894065856934,0,0.0025000001769512892,0.0025000001769512892,0,0,0
4,1279,unknown,162.83512878417969,181.85017395019531,0.0001489212445449084,1.570926308631897,0,0.0025000001769512892,0.0025000001769512892,0,0,0
5,1535,unknown,162.78590393066406,181.82595825195312,6.0453894548118114e-05,1.5690451860427856,0,0.0025000001769512892,0.0025000001769512892,0,0,0
6,1791,unknown,162.78730773925781,181.86488342285156,0.00018482095038052648,1.5693848133087158,0,0.0025000001769512892,0.0025000001769512892,0,0,0
7,2047,unknown,162.75831604003906,181.94316101074219,-0.00055694719776511192,1.5710873603820801,0,0.0025000001769512892,0.0025000001769512892,0,0,0
8,2303,unknown,162.83259582519531,181.93679809570312,-3.7090732803335413e-05,1.5707036256790161,0,0.0025000001769512892,0.0025000001769512892,0,0,0
