particle_id,particle_type,process,vx,vy,vz,vt,px,py,pz,m,q
0,0,0,0,-18.168235778808594,-69.06707763671875,0,1,0,-4.3711388286737929e-08,0,-1
