particle_id,particle_type,process,vx,vy,vz,vt,px,py,pz,m,q
0,0,0,0,52.1563720703125,-56.242168426513672,0,1,0,-4.3711388286737929e-08,0,-1
