particle_id,geometry_id,tx,ty,tz,tt,tpx,tpy,tpz,te,deltapx,deltapy,deltapz,deltae,index
0,255,20,5.6343903541564941,-368.530029296875,0,0.99985015392303467,-0.0010104094399139285,0.00040473061380907893,0,0,0,0,0,0
0,511,40,5.614130973815918,-368.52206420898438,0,0.99962544441223145,-0.0012642189394682646,0.00079466606257483363,0,0,0,0,0,0
0,767,60,5.5887422561645508,-368.50631713867188,0,0.99941098690032959,-0.00031858694273978472,-0.00093373691197484732,0,0,0,0,0,0
0,1023,80,5.5824790000915527,-368.52505493164062,0,0.9992029070854187,-0.00024994942941702902,-0.0020410697907209396,0,0,0,0,0,0
0,1279,100,5.577721118927002,-368.56594848632812,0,0.99898731708526611,0.00050319475121796131,-0.002465301426127553,0,0,0,0,0,0
0,1535,120,5.5880913734436035,-368.615234375,0,0.99876302480697632,0.0010397910373285413,-0.002342709805816412,0,0,0,0,0,0
0,1791,140,5.609194278717041,-368.66201782226562,0,0.99860292673110962,0.0012501733144745231,-0.0026520860847085714,0,0,0,0,0,0
0,2047,160,5.6345510482788086,-368.71499633789062,0,0.99839895963668823,0.0014201733283698559,-0.0033592358231544495,0,0,0,0,0,0
0,2303,180,5.6634035110473633,-368.7821044921875,0,0.99805742502212524,0.00012508462532423437,-0.0009517466532997787,0,0,0,0,0,0
