particle_id,geometry_id,tx,ty,tz,tt,tpx,tpy,tpz,te,deltapx,deltapy,deltapz,deltae,index
0,255,20,106.09633636474609,194.86833190917969,0,0.999869704246521,0.00068850023671984673,-0.00023330595286097378,0,0,0,0,0,0
0,511,40,106.11013793945312,194.86375427246094,0,0.99970799684524536,-0.0011056996881961823,-0.0011857118224725127,0,0,0,0,0,0
0,767,60,106.08815765380859,194.83990478515625,0,0.99958479404449463,-0.00090501096565276384,-0.001098817097954452,0,0,0,0,0,0
0,1023,80,106.07018280029297,194.81781005859375,0,0.99942511320114136,-0.0012049246579408646,-0.00040095264557749033,0,0,0,0,0,0
0,1279,100,106.04611968994141,194.80964660644531,0,0.99928396940231323,-0.0021345312707126141,-0.00069620565045624971,0,0,0,0,0,0
0,1535,120,106.00348663330078,194.79545593261719,0,0.99915397167205811,-0.0032243805471807718,-0.0011180016444995999,0,0,0,0,0,0
0,1791,140,105.93907928466797,194.77268981933594,0,0.99901688098907471,-0.0052511673420667648,0.00020479755767155439,0,0,0,0,0,0
0,2047,160,105.83393096923828,194.77615356445312,0,0.99886137247085571,-0.0052125453948974609,0.00013308238703757524,0,0,0,0,0,0
0,2303,180,105.72954559326172,194.7781982421875,0,0.99836581945419312,-0.0052265143021941185,0.00027559770387597382,0,0,0,0,0,0
