particle_id,particle_type,process,vx,vy,vz,vt,px,py,pz,m,q
0,0,0,0,235.40594482421875,-0.96420162916183472,0,1,0,-4.3711388286737929e-08,0,-1
