particle_id,particle_type,process,vx,vy,vz,vt,px,py,pz,m,q
0,0,0,0,165.09394836425781,-156.25248718261719,0,1,0,-4.3711388286737929e-08,0,-1
