particle_id,geometry_id,tx,ty,tz,tt,tpx,tpy,tpz,te,deltapx,deltapy,deltapz,deltae,index
0,255,20,-43.992897033691406,-104.64638519287109,0,0.99981594085693359,-8.2500569988042116e-05,-0.0005489015020430088,0,0,0,0,0,0
0,511,40,-43.994480133056641,-104.65737152099609,0,0.99968844652175903,9.7198477305937558e-05,-0.00040773165528662503,0,0,0,0,0,0
0,767,60,-43.992485046386719,-104.66551971435547,0,0.99909102916717529,0.00043438508873805404,-0.00047025425010360777,0,0,0,0,0,0
0,1023,80,-43.983734130859375,-104.67488098144531,0,0.99892187118530273,-0.0005997355910949409,-0.00092875497648492455,0,0,0,0,0,0
0,1279,100,-43.995628356933594,-104.69355010986328,0,0.99876642227172852,-0.0019607467111200094,-0.00037449513911269605,0,0,0,0,0,0
0,1535,120,-44.034847259521484,-104.70128631591797,0,0.99863874912261963,-0.0018642133800312877,3.3646712836343795e-05,0,0,0,0,0,0
0,1791,140,-44.072185516357422,-104.70083618164062,0,0.99843460321426392,-0.0020135361701250076,-0.00017203176685143262,0,0,0,0,0,0
0,2047,160,-44.112499237060547,-104.70452117919922,0,0.99823355674743652,-0.0010899339104071259,-0.00049567362293601036,0,0,0,0,0,0
0,2303,180,-44.13427734375,-104.71458435058594,0,0.99800467491149902,-0.00065736571559682488,0.00026074182824231684,0,0,0,0,0,0
