particle_id,geometry_id,tx,ty,tz,tt,tpx,tpy,tpz,te,deltapx,deltapy,deltapz,deltae,index
0,255,20,-193.30671691894531,-32.607872009277344,0,0.99985247850418091,0.00093266775365918875,0.00069210288347676396,0,0,0,0,0,0
0,511,40,-193.28814697265625,-32.593917846679688,0,0.99948298931121826,0.0020118504762649536,-8.8213135313708335e-05,0,0,0,0,0,0
0,767,60,-193.24787902832031,-32.595439910888672,0,0.99930208921432495,0.0024248179979622364,-0.00015264465764630586,0,0,0,0,0,0
0,1023,80,-193.19932556152344,-32.59820556640625,0,0.9991689920425415,0.0025618970394134521,-0.00040001716115511954,0,0,0,0,0,0
0,1279,100,-193.14799499511719,-32.605903625488281,0,0.99901145696640015,0.0030675353482365608,-0.0012726616114377975,0,0,0,0,0,0
0,1535,120,-193.08642578125,-32.631011962890625,0,0.99877798557281494,0.0042689465917646885,-0.0019043667707592249,0,0,0,0,0,0
0,1791,140,-193.00071716308594,-32.668632507324219,0,0.99865055084228516,0.003776931669563055,-0.0025365129113197327,0,0,0,0,0,0
0,2047,160,-192.92477416992188,-32.718975067138672,0,0.99848383665084839,0.0032489192672073841,-0.0021174571011215448,0,0,0,0,0,0
0,2303,180,-192.85945129394531,-32.760997772216797,0,0.99834543466567993,0.0026864958927035332,-0.0019378074211999774,0,0,0,0,0,0
