particle_id,geometry_id,tx,ty,tz,tt,tpx,tpy,tpz,te,deltapx,deltapy,deltapz,deltae,index
0,255,20,244.50566101074219,-92.188850402832031,0,0.99985671043395996,-0.0001735902187647298,-0.00047168729361146688,0,0,0,0,0,0
0,511,40,244.50224304199219,-92.19830322265625,0,0.99973547458648682,0.0019761638250201941,-5.6450653573847376e-06,0,0,0,0,0,0
0,767,60,244.54177856445312,-92.19818115234375,0,0.99956649541854858,0.0022847224026918411,-1.5176749002421275e-05,0,0,0,0,0,0
0,1023,80,244.58749389648438,-92.198211669921875,0,0.99934864044189453,0.0020444921683520079,-0.0011770672863349319,0,0,0,0,0,0
0,1279,100,244.62855529785156,-92.221519470214844,0,0.99920910596847534,0.0021163923665881157,-0.0014150149654597044,0,0,0,0,0,0
0,1535,120,244.67108154296875,-92.249588012695312,0,0.99900943040847778,0.003041077172383666,-0.0028141895309090614,0,0,0,0,0,0
0,1791,140,244.7322998046875,-92.305557250976562,0,0.99883538484573364,0.0031269907485693693,-0.0029115770012140274,0,0,0,0,0,0
0,2047,160,244.79525756835938,-92.363479614257812,0,0.99867928028106689,0.0019274456426501274,-0.0051099224947392941,0,0,0,0,0,0
0,2303,180,244.83447265625,-92.465576171875,0,0.99847841262817383,0.0017999659758061171,-0.0049066594801843166,0,0,0,0,0,0
