particle_id,geometry_id,tx,ty,tz,tt,tpx,tpy,tpz,te,deltapx,deltapy,deltapz,deltae,index
0,255,20,181.26904296875,-224.21620178222656,0,0.99985456466674805,0.0021150244865566492,5.1804912800434977e-05,0,0,0,0,0,0
0,511,40,181.31134033203125,-224.21490478515625,0,0.99953866004943848,0.0018447693437337875,0.00032608219771645963,0,0,0,0,0,0
0,767,60,181.34820556640625,-224.20816040039062,0,0.99936127662658691,0.0019011662807315588,0.00026788725517690182,0,0,0,0,0,0
0,1023,80,181.38621520996094,-224.20257568359375,0,0.9991757869720459,0.0024303516838699579,0.0015011184150353074,0,0,0,0,0,0
0,1279,100,181.43467712402344,-224.1722412109375,0,0.99778568744659424,0.0022173649631440639,0.00093284709146246314,0,0,0,0,0,0
0,1535,120,181.47900390625,-224.15327453613281,0,0.99761778116226196,0.0010118221398442984,0.00055284053087234497,0,0,0,0,0,0
0,1791,140,181.49922180175781,-224.14207458496094,0,0.99739837646484375,0.00029869849095121026,0.00035237352130934596,0,0,0,0,0,0
0,2047,160,181.50517272949219,-224.13497924804688,0,0.99724656343460083,0.0015169536927714944,-0.00093765981728211045,0,0,0,0,0,0
0,2303,180,181.53570556640625,-224.15359497070312,0,0.99699091911315918,0.00069945317227393389,-0.00043539339094422758,0,0,0,0,0,0
