particle_id,geometry_id,tx,ty,tz,tt,tpx,tpy,tpz,te,deltapx,deltapy,deltapz,deltae,index
0,255,20,-62.756973266601562,-305.89108276367188,0,0.99945938587188721,-0.00075252581154927611,-0.00021986599313095212,0,0,0,0,0,0
0,511,40,-62.772006988525391,-305.89556884765625,0,0.99879181385040283,-0.00038039017817936838,-0.00051011930918321013,0,0,0,0,0,0
0,767,60,-62.779563903808594,-305.90582275390625,0,0.99864369630813599,-0.00050186668522655964,-0.0012067109346389771,0,0,0,0,0,0
0,1023,80,-62.789470672607422,-305.9300537109375,0,0.99851936101913452,-0.001338425325229764,-0.00064353551715612411,0,0,0,0,0,0
0,1279,100,-62.816200256347656,-305.943115234375,0,0.99831604957580566,-0.00059306772891432047,0.00032437374466098845,0,0,0,0,0,0
0,1535,120,-62.828121185302734,-305.93667602539062,0,0.9981156587600708,-0.0011102281277999282,0.00068435666617006063,0,0,0,0,0,0
0,1791,140,-62.850448608398438,-305.923095703125,0,0.99796879291534424,-0.0013228834141045809,0.00084426719695329666,0,0,0,0,0,0
0,2047,160,-62.877059936523438,-305.90634155273438,0,0.99756050109863281,-0.001933505991473794,0.00019641009566839784,0,0,0,0,0,0
0,2303,180,-62.915847778320312,-305.90264892578125,0,0.99741172790527344,-0.0015192623250186443,-0.00051428994629532099,0,0,0,0,0,0
