particle_id,particle_type,process,vx,vy,vz,vt,px,py,pz,m,q
0,0,0,0,-254.7344970703125,207.22113037109375,0,1,0,-4.3711388286737929e-08,0,-1
