measurement_id,geometry_id,local_key,local0,local1,phi,theta,time,var_local0,var_local1,var_phi,var_theta,var_time
0,255,unknown,453.82205200195312,-7.877016544342041,0.00026227167109027505,1.5707603693008423,0,0.0025000001769512892,0.0025000001769512892,0,0,0
1,511,unknown,453.9774169921875,-7.9535956382751465,-0.00042475122609175742,1.5700466632843018,0,0.0025000001769512892,0.0025000001769512892,0,0,0
2,767,unknown,453.95037841796875,-7.9071006774902344,-0.00086922838818281889,1.5686932802200317,0,0.0025000001769512892,0.0025000001769512892,0,0,0
3,1023,unknown,453.86196899414062,-7.8212637901306152,-0.0015901405131444335,1.5687267780303955,0,0.0025000001769512892,0.0025000001769512892,0,0,0
4,1279,unknown,453.80963134765625,-7.8282904624938965,-0.0017025296110659838,1.5685480833053589,0,0.0025000001769512892,0.0025000001769512892,0,0,0
5,1535,unknown,453.85000610351562,-7.7644267082214355,-0.0013034207513555884,1.5667998790740967,0,0.0025000001769512892,0.0025000001769512892,0,0,0
6,1791,unknown,453.8758544921875,-7.5959010124206543,-0.0017909531015902758,1.5664017200469971,0,0.0025000001769512892,0.0025000001769512892,0,0,0
7,2047,unknown,453.74688720703125,-7.5663743019104004,-0.001952081685885787,1.5663200616836548,0,0.0025000001769512892,0.0025000001769512892,0,0,0
8,2303,unknown,453.64364624023438,-7.5838375091552734,-0.0017498200759291649,1.5666285753250122,0,0.0025000001769512892,0.0025000001769512892,0,0,0
