measurement_id,geometry_id,local_key,local0,local1,phi,theta,time,var_local0,var_local1,var_phi,var_theta,var_time
0,255,unknown,-44.622951507568359,10.531990051269531,-0.00012239401985425502,1.5713193416595459,0,0.0025000001769512892,0.0025000001769512892,0,0,0
1,511,unknown,-44.672016143798828,10.552316665649414,-0.00025066893431358039,1.5714274644851685,0,0.0025000001769512892,0.0025000001769512892,0,0,0
2,767,unknown,-44.631649017333984,10.467040061950684,-0.00087182020070031285,1.5719548463821411,0,0.0025000001769512892,0.0025000001769512892,0,0,0
3,1023,unknown,-44.631004333496094,10.352227210998535,-0.0014003586256876588,1.5707907676696777,0,0.0025000001769512892,0.0025000001769512892,0,0,0
4,1279,unknown,-44.722888946533203,10.493319511413574,-0.00031297226087190211,1.5704004764556885,0,0.0025000001769512892,0.0025000001769512892,0,0,0
5,1535,unknown,-44.814277648925781,10.428449630737305,-0.00039543848834000528,1.570502758026123,0,0.0025000001769512892,0.0025000001769512892,0,0,0
6,1791,unknown,-44.625270843505859,10.456591606140137,-0.00042043440043926239,1.5704056024551392,0,0.0025000001769512892,0.0025000001769512892,0,0,0
7,2047,unknown,-44.751873016357422,10.530182838439941,-0.0014127823524177074,1.5695962905883789,0,0.0025000001769512892,0.0025000001769512892,0,0,0
8,2303,unknown,-44.762195587158203,10.532186508178711,-0.0005158978165127337,1.5689101219177246,0,0.0025000001769512892,0.0025000001769512892,0,0,0
