particle_id,geometry_id,tx,ty,tz,tt,tpx,tpy,tpz,te,deltapx,deltapy,deltapz,deltae,index
0,255,20,143.26165771484375,-136.76792907714844,0,0.99981993436813354,8.6981308413669467e-05,4.1076098568737507e-05,0,0,0,0,0,0
0,511,40,143.26339721679688,-136.76708984375,0,0.99966919422149658,0.00013173829938750714,2.3790273189661093e-05,0,0,0,0,0,0
0,767,60,143.26603698730469,-136.7666015625,0,0.99954712390899658,0.0015197126194834709,-0.00015006038302090019,0,0,0,0,0,0
0,1023,80,143.29646301269531,-136.76942443847656,0,0.99940270185470581,0.00055704242549836636,0.0016358430730178952,0,0,0,0,0,0
0,1279,100,143.30741882324219,-136.73661804199219,0,0.99925416707992554,0.00050316343549638987,0.0020217893179506063,0,0,0,0,0,0
0,1535,120,143.31724548339844,-136.69609069824219,0,0.99882137775421143,0.00013232066703494638,0.0012485123006626964,0,0,0,0,0,0
0,1791,140,143.31974792480469,-136.67108154296875,0,0.99869340658187866,-0.00085884472355246544,0.0012075173435732722,0,0,0,0,0,0
0,2047,160,143.30239868164062,-136.64700317382812,0,0.99802052974700928,-0.00030432743369601667,0.00060208042850717902,0,0,0,0,0,0
0,2303,180,143.29623413085938,-136.63497924804688,0,0.99784743785858154,-0.0010771966772153974,1.886987047328148e-05,0,0,0,0,0,0
