measurement_id,geometry_id,local_key,local0,local1,phi,theta,time,var_local0,var_local1,var_phi,var_theta,var_time
0,255,unknown,-56.628025054931641,271.41799926757812,-0.0024946422781795263,1.5700024366378784,0,0.0025000001769512892,0.0025000001769512892,0,0,0
1,511,unknown,-56.641490936279297,271.3411865234375,-0.0024295833427459002,1.5705951452255249,0,0.0025000001769512892,0.0025000001769512892,0,0,0
2,767,unknown,-56.829750061035156,271.3326416015625,-0.0022945136297494173,1.5696940422058105,0,0.0025000001769512892,0.0025000001769512892,0,0,0
3,1023,unknown,-56.757587432861328,271.34420776367188,-0.0021776787471026182,1.5698305368423462,0,0.0025000001769512892,0.0025000001769512892,0,0,0
4,1279,unknown,-56.789718627929688,271.37417602539062,-0.0031067433301359415,1.5690202713012695,0,0.0025000001769512892,0.0025000001769512892,0,0,0
5,1535,unknown,-56.868152618408203,271.52166748046875,-0.0023248507641255856,1.5698617696762085,0,0.0025000001769512892,0.0025000001769512892,0,0,0
6,1791,unknown,-56.903697967529297,271.460693359375,-0.002942041726782918,1.5698901414871216,0,0.0025000001769512892,0.0025000001769512892,0,0,0
7,2047,unknown,-57.057716369628906,271.3673095703125,-0.0034883033949881792,1.5698692798614502,0,0.0025000001769512892,0.0025000001769512892,0,0,0
8,2303,unknown,-57.054645538330078,271.601318359375,-0.00074395147385075688,1.5701932907104492,0,0.0025000001769512892,0.0025000001769512892,0,0,0
