particle_id,geometry_id,tx,ty,tz,tt,tpx,tpy,tpz,te,deltapx,deltapy,deltapz,deltae,index
0,255,20,81.616203308105469,142.68675231933594,0,0.99984955787658691,0.00086295179789885879,0.00070628465618938208,0,0,0,0,0,0
0,511,40,81.633377075195312,142.70098876953125,0,0.99971044063568115,0.00087425758829340339,0.00026309429085813463,0,0,0,0,0,0
0,767,60,81.650833129882812,142.70635986328125,0,0.99955099821090698,0.0011133787920698524,0.00069820962380617857,0,0,0,0,0,0
0,1023,80,81.673027038574219,142.720458984375,0,0.99941110610961914,0.0010415227152407169,0.00088706670794636011,0,0,0,0,0,0
0,1279,100,81.693763732910156,142.73834228515625,0,0.99888664484024048,-5.7587829360272735e-05,0.001702752779237926,0,0,0,0,0,0
0,1535,120,81.692405700683594,142.77243041992188,0,0.9987339973449707,-0.00014710077084600925,0.0016678465763106942,0,0,0,0,0,0
0,1791,140,81.689262390136719,142.80581665039062,0,0.99859720468521118,5.2328981837490574e-05,0.0004385073552839458,0,0,0,0,0,0
0,2047,160,81.690254211425781,142.81460571289062,0,0.99842351675033569,0.0021125627681612968,0.0030101414304226637,0,0,0,0,0,0
0,2303,180,81.732208251953125,142.87515258789062,0,0.99828058481216431,0.0021180564071983099,0.0032778305467218161,0,0,0,0,0,0
