measurement_id,geometry_id,local_key,local0,local1,phi,theta,time,var_local0,var_local1,var_phi,var_theta,var_time
0,255,unknown,-155.98188781738281,228.79725646972656,9.5622301159892231e-05,1.5725436210632324,0,0.0025000001769512892,0.0025000001769512892,0,0,0
1,511,unknown,-156.01533508300781,228.70867919921875,-0.00060260674217715859,1.5723474025726318,0,0.0025000001769512892,0.0025000001769512892,0,0,0
2,767,unknown,-155.98234558105469,228.67230224609375,0.00023083570704329759,1.5719363689422607,0,0.0025000001769512892,0.0025000001769512892,0,0,0
3,1023,unknown,-155.96759033203125,228.75857543945312,-5.3299310820875689e-05,1.5724071264266968,0,0.0025000001769512892,0.0025000001769512892,0,0,0
4,1279,unknown,-155.95997619628906,228.67706298828125,0.0001041596187860705,1.5721161365509033,0,0.0025000001769512892,0.0025000001769512892,0,0,0
5,1535,unknown,-155.96315002441406,228.61849975585938,0.00010492802539374679,1.572053074836731,0,0.0025000001769512892,0.0025000001769512892,0,0,0
6,1791,unknown,-155.95780944824219,228.69845581054688,0.00063120224513113499,1.5716894865036011,0,0.0025000001769512892,0.0025000001769512892,0,0,0
7,2047,unknown,-155.93788146972656,228.65719604492188,0.00089491182006895542,1.5720641613006592,0,0.0025000001769512892,0.0025000001769512892,0,0,0
8,2303,unknown,-155.79728698730469,228.59776306152344,0.00082884629955515265,1.572266697883606,0,0.0025000001769512892,0.0025000001769512892,0,0,0
