measurement_id,geometry_id,local_key,local0,local1,phi,theta,time,var_local0,var_local1,var_phi,var_theta,var_time
0,255,unknown,-80.452552795410156,-286.11749267578125,0.00015431616338901222,1.5717267990112305,0,0.0025000001769512892,0.0025000001769512892,0,0,0
1,511,unknown,-80.368728637695312,-286.24856567382812,-0.00024770482559688389,1.571306586265564,0,0.0025000001769512892,0.0025000001769512892,0,0,0
2,767,unknown,-80.408004760742188,-286.22994995117188,-0.00035029879654757679,1.5708467960357666,0,0.0025000001769512892,0.0025000001769512892,0,0,0
3,1023,unknown,-80.596015930175781,-286.24606323242188,-0.00097607570933178067,1.5701999664306641,0,0.0025000001769512892,0.0025000001769512892,0,0,0
4,1279,unknown,-80.52520751953125,-286.22872924804688,-0.00057285733055323362,1.5697176456451416,0,0.0025000001769512892,0.0025000001769512892,0,0,0
5,1535,unknown,-80.450202941894531,-286.15206909179688,-0.00059102399973198771,1.5697405338287354,0,0.0025000001769512892,0.0025000001769512892,0,0,0
6,1791,unknown,-80.505996704101562,-286.26467895507812,1.5541103493887931e-05,1.5698041915893555,0,0.0025000001769512892,0.0025000001769512892,0,0,0
7,2047,unknown,-80.556961059570312,-286.10928344726562,0.00086994067532941699,1.5676848888397217,0,0.0025000001769512892,0.0025000001769512892,0,0,0
8,2303,unknown,-80.481712341308594,-286.12774658203125,0.00087106670252978802,1.5682337284088135,0,0.0025000001769512892,0.0025000001769512892,0,0,0
