measurement_id,geometry_id,local_key,local0,local1,phi,theta,time,var_local0,var_local1,var_phi,var_theta,var_time
0,255,unknown,-226.67967224121094,-318.40164184570312,-0.00021094286057632416,1.5706053972244263,0,0.0025000001769512892,0.0025000001769512892,0,0,0
1,511,unknown,-226.79000854492188,-318.55804443359375,-0.00034622213570401073,1.5708093643188477,0,0.0025000001769512892,0.0025000001769512892,0,0,0
2,767,unknown,-226.67756652832031,-318.44692993164062,0.00051948515465483069,1.5706321001052856,0,0.0025000001769512892,0.0025000001769512892,0,0,0
3,1023,unknown,-226.65872192382812,-318.3172607421875,0.000351322116330266,1.5701427459716797,0,0.0025000001769512892,0.0025000001769512892,0,0,0
4,1279,unknown,-226.77122497558594,-318.44613647460938,-0.00064277614001184702,1.5711213350296021,0,0.0025000001769512892,0.0025000001769512892,0,0,0
5,1535,unknown,-226.80000305175781,-318.38790893554688,0.00055898266145959496,1.5711612701416016,0,0.0025000001769512892,0.0025000001769512892,0,0,0
6,1791,unknown,-226.75273132324219,-318.38284301757812,0.0024304580874741077,1.569509744644165,0,0.0025000001769512892,0.0025000001769512892,0,0,0
7,2047,unknown,-226.66249084472656,-318.35324096679688,0.0028249947354197502,1.5698957443237305,0,0.0025000001769512892,0.0025000001769512892,0,0,0
8,2303,unknown,-226.66610717773438,-318.44680786132812,0.003835911862552166,1.5703463554382324,0,0.0025000001769512892,0.0025000001769512892,0,0,0
