particle_id,geometry_id,tx,ty,tz,tt,tpx,tpy,tpz,te,deltapx,deltapy,deltapz,deltae,index
0,255,20,-198.49691772460938,-176.244140625,0,0.99983108043670654,-0.00043927485239692032,1.5331697795772925e-05,0,0,0,0,0,0
0,511,40,-198.50570678710938,-176.24388122558594,0,0.9996798038482666,-0.00091658608289435506,0.001147932605817914,0,0,0,0,0,0
0,767,60,-198.52418518066406,-176.22102355957031,0,0.99955207109451294,-0.00060477980878204107,0.0012489493237808347,0,0,0,0,0,0
0,1023,80,-198.53643798828125,-176.19610595703125,0,0.98493456840515137,-0.00028556428151205182,0.00073836970841512084,0,0,0,0,0,0
0,1279,100,-198.54232788085938,-176.18115234375,0,0.98481571674346924,2.1978297809255309e-05,-5.6629451137268916e-05,0,0,0,0,0,0
0,1535,120,-198.5418701171875,-176.18229675292969,0,0.98465090990066528,-0.00058938207803294063,-6.3662759202998132e-05,0,0,0,0,0,0
0,1791,140,-198.5538330078125,-176.18367004394531,0,0.98449492454528809,0.0007167615694925189,-0.0021188813261687756,0,0,0,0,0,0
0,2047,160,-198.53901672363281,-176.22662353515625,0,0.98436242341995239,0.0011125910095870495,-0.0020158020779490471,0,0,0,0,0,0
0,2303,180,-198.51615905761719,-176.26744079589844,0,0.98419773578643799,-0.00030035476083867252,-0.00053363951155915856,0,0,0,0,0,0
