measurement_id,geometry_id,local_key,local0,local1,phi,theta,time,var_local0,var_local1,var_phi,var_theta,var_time
0,255,unknown,135.97691345214844,-59.092685699462891,0.00052491092355921865,1.57050621509552,0,0.0025000001769512892,0.0025000001769512892,0,0,0
1,511,unknown,135.96461486816406,-59.157028198242188,0.00060171569930389524,1.5705715417861938,0,0.0025000001769512892,0.0025000001769512892,0,0,0
2,767,unknown,135.99667358398438,-59.208053588867188,0.0016313442029058933,1.5708334445953369,0,0.0025000001769512892,0.0025000001769512892,0,0,0
3,1023,unknown,136.01431274414062,-59.21905517578125,0.0020847215782850981,1.5713182687759399,0,0.0025000001769512892,0.0025000001769512892,0,0,0
4,1279,unknown,136.08317565917969,-59.173862457275391,0.00092939869500696659,1.5717957019805908,0,0.0025000001769512892,0.0025000001769512892,0,0,0
5,1535,unknown,136.12812805175781,-59.170242309570312,0.0011769053526222706,1.5723251104354858,0,0.0025000001769512892,0.0025000001769512892,0,0,0
6,1791,unknown,136.11837768554688,-59.239112854003906,0.0012227402767166495,1.5731370449066162,0,0.0025000001769512892,0.0025000001769512892,0,0,0
7,2047,unknown,136.0849609375,-59.227222442626953,0.0011796044418588281,1.5729819536209106,0,0.0025000001769512892,0.0025000001769512892,0,0,0
8,2303,unknown,136.154541015625,-59.303524017333984,0.00085082091391086578,1.5731515884399414,0,0.0025000001769512892,0.0025000001769512892,0,0,0
