measurement_id,geometry_id,local_key,local0,local1,phi,theta,time,var_local0,var_local1,var_phi,var_theta,var_time
0,255,unknown,189.78718566894531,-20.339221954345703,-0.00090041477233171463,1.5705766677856445,0,0.0025000001769512892,0.0025000001769512892,0,0,0
1,511,unknown,189.89045715332031,-20.52235221862793,-0.0010935572208836675,1.5707156658172607,0,0.0025000001769512892,0.0025000001769512892,0,0,0
2,767,unknown,189.71565246582031,-20.434438705444336,-0.0011002992978319526,1.570733904838562,0,0.0025000001769512892,0.0025000001769512892,0,0,0
3,1023,unknown,189.78164672851562,-20.388082504272461,-0.0023364624939858913,1.5709404945373535,0,0.0025000001769512892,0.0025000001769512892,0,0,0
4,1279,unknown,189.78471374511719,-20.401618957519531,-0.0018329527229070663,1.5714129209518433,0,0.0025000001769512892,0.0025000001769512892,0,0,0
5,1535,unknown,189.72015380859375,-20.370399475097656,-0.0020502069965004921,1.5699748992919922,0,0.0025000001769512892,0.0025000001769512892,0,0,0
6,1791,unknown,189.64154052734375,-20.435182571411133,-0.00074379873694851995,1.5710239410400391,0,0.0025000001769512892,0.0025000001769512892,0,0,0
7,2047,unknown,189.73585510253906,-20.503206253051758,0.00092191912699490786,1.5705798864364624,0,0.0025000001769512892,0.0025000001769512892,0,0,0
8,2303,unknown,189.68367004394531,-20.421297073364258,0.0016662647249177098,1.5704202651977539,0,0.0025000001769512892,0.0025000001769512892,0,0,0
