particle_id,geometry_id,tx,ty,tz,tt,tpx,tpy,tpz,te,deltapx,deltapy,deltapz,deltae,index
0,255,20,209.29277038574219,90.004920959472656,0,0.99984532594680786,-0.00025246097357012331,0.00049149943515658379,0,0,0,0,0,0
0,511,40,209.28765869140625,90.014724731445312,0,0.99968725442886353,-0.00040543332579545677,-0.00042834793566726148,0,0,0,0,0,0
0,767,60,209.27960205078125,90.006103515625,0,0.99941813945770264,-0.00034577332553453743,-0.00031802817829884589,0,0,0,0,0,0
0,1023,80,209.27272033691406,89.99969482421875,0,0.99919253587722778,-0.00099172128830105066,-0.0010986241977661848,0,0,0,0,0,0
0,1279,100,209.25300598144531,89.977584838867188,0,0.99896478652954102,-0.00012534661800600588,-0.00044816386071033776,0,0,0,0,0,0
0,1535,120,209.25054931640625,89.968597412109375,0,0.99882388114929199,0.00028901838231831789,-0.0013879139441996813,0,0,0,0,0,0
0,1791,140,209.25650024414062,89.940841674804688,0,0.99866366386413574,0.00019526707183104008,-0.0014826932456344366,0,0,0,0,0,0
0,2047,160,209.26058959960938,89.911170959472656,0,0.99848473072052002,0.00048689456889405847,-0.0023451505694538355,0,0,0,0,0,0
0,2303,180,209.2706298828125,89.8642578125,0,0.99828952550888062,0.00073838786920532584,-0.0020449166186153889,0,0,0,0,0,0
