particle_id,geometry_id,tx,ty,tz,tt,tpx,tpy,tpz,te,deltapx,deltapy,deltapz,deltae,index
0,255,20,208.93122863769531,224.34713745117188,0,0.99987596273422241,-1.2915304978378117e-05,-0.00032186889438889921,0,0,0,0,0,0
0,511,40,208.93101501464844,224.3406982421875,0,0.99966168403625488,0.0010588621953502297,0.00055206648539751768,0,0,0,0,0,0
0,767,60,208.95213317871094,224.35186767578125,0,0.99952411651611328,0.00018023500160779804,0.0022470580879598856,0,0,0,0,0,0
0,1023,80,208.95547485351562,224.3968505859375,0,0.99926310777664185,0.00093628751346841455,0.0048483582213521004,0,0,0,0,0,0
0,1279,100,208.9736328125,224.49400329589844,0,0.99907231330871582,-3.4512435377109796e-05,0.003545182291418314,0,0,0,0,0,0
0,1535,120,208.97251892089844,224.56497192382812,0,0.9989282488822937,0.00030992855317890644,0.0034952519927173853,0,0,0,0,0,0
0,1791,140,208.97830200195312,224.63499450683594,0,0.99873834848403931,0.00044252455700188875,0.0047205579467117786,0,0,0,0,0,0
0,2047,160,208.98660278320312,224.72956848144531,0,0.9984898567199707,0.00067382626002654433,0.0044195428490638733,0,0,0,0,0,0
0,2303,180,208.99957275390625,224.81817626953125,0,0.99833059310913086,0.0025885934010148048,0.0038080785889178514,0,0,0,0,0,0
