measurement_id,geometry_id,local_key,local0,local1,phi,theta,time,var_local0,var_local1,var_phi,var_theta,var_time
0,255,unknown,246.61009216308594,-170.96310424804688,0.001300120260566473,1.5689955949783325,0,0.0025000001769512892,0.0025000001769512892,0,0,0
1,511,unknown,246.62388610839844,-171.010498046875,0.0016530425054952502,1.5682092905044556,0,0.0025000001769512892,0.0025000001769512892,0,0,0
2,767,unknown,246.74154663085938,-170.85638427734375,0.00081724044866859913,1.5680407285690308,0,0.0025000001769512892,0.0025000001769512892,0,0,0
3,1023,unknown,246.71585083007812,-170.87925720214844,-0.00011528490722412243,1.5688785314559937,0,0.0025000001769512892,0.0025000001769512892,0,0,0
4,1279,unknown,246.71299743652344,-170.77140808105469,-0.00011045372230000794,1.569300651550293,0,0.0025000001769512892,0.0025000001769512892,0,0,0
5,1535,unknown,246.682373046875,-170.83433532714844,-4.436915332917124e-05,1.5681149959564209,0,0.0025000001769512892,0.0025000001769512892,0,0,0
6,1791,unknown,246.70646667480469,-170.71772766113281,-0.00090312823886051774,1.5681729316711426,0,0.0025000001769512892,0.0025000001769512892,0,0,0
7,2047,unknown,246.69264221191406,-170.77940368652344,-0.00084409653209149837,1.5687426328659058,0,0.0025000001769512892,0.0025000001769512892,0,0,0
8,2303,unknown,246.65817260742188,-170.544677734375,-0.00039744825335219502,1.5690015554428101,0,0.0025000001769512892,0.0025000001769512892,0,0,0
