particle_id,particle_type,process,vx,vy,vz,vt,px,py,pz,m,q
0,0,0,0,161.748046875,-54.742778778076172,0,1,0,-4.3711388286737929e-08,0,-1
