measurement_id,geometry_id,local_key,local0,local1,phi,theta,time,var_local0,var_local1,var_phi,var_theta,var_time
0,255,unknown,-26.485124588012695,105.79191589355469,0.00026674487162381411,1.5718123912811279,0,0.0025000001769512892,0.0025000001769512892,0,0,0
1,511,unknown,-26.317459106445312,105.82865142822266,0.00097251415718346834,1.5725554227828979,0,0.0025000001769512892,0.0025000001769512892,0,0,0
2,767,unknown,-26.372478485107422,105.78199768066406,0.0024197683669626713,1.5719864368438721,0,0.0025000001769512892,0.0025000001769512892,0,0,0
3,1023,unknown,-26.395500183105469,105.69666290283203,0.0021474314853549004,1.5723587274551392,0,0.0025000001769512892,0.0025000001769512892,0,0,0
4,1279,unknown,-26.282070159912109,105.81205749511719,0.0012388653121888638,1.5712162256240845,0,0.0025000001769512892,0.0025000001769512892,0,0,0
5,1535,unknown,-26.222915649414062,105.71455383300781,0.0023594493977725506,1.570589542388916,0,0.0025000001769512892,0.0025000001769512892,0,0,0
6,1791,unknown,-26.142389297485352,105.75026702880859,0.002606589812785387,1.5716671943664551,0,0.0025000001769512892,0.0025000001769512892,0,0,0
7,2047,unknown,-26.172557830810547,105.74105072021484,0.002725852420553565,1.5712926387786865,0,0.0025000001769512892,0.0025000001769512892,0,0,0
8,2303,unknown,-26.035820007324219,105.70381927490234,0.0024037458933889866,1.5695312023162842,0,0.0025000001769512892,0.0025000001769512892,0,0,0
