measurement_id,geometry_id,local_key,local0,local1,phi,theta,time,var_local0,var_local1,var_phi,var_theta,var_time
0,255,unknown,-330.875732421875,355.37042236328125,0.00026115990476682782,1.5707217454910278,0,0.0025000001769512892,0.0025000001769512892,0,0,0
1,511,unknown,-330.89862060546875,355.2589111328125,-0.00014872188330627978,1.5707964897155762,0,0.0025000001769512892,0.0025000001769512892,0,0,0
2,767,unknown,-330.8602294921875,355.301513671875,0.00093144015409052372,1.5701195001602173,0,0.0025000001769512892,0.0025000001769512892,0,0,0
3,1023,unknown,-330.79443359375,355.2823486328125,0.00150039151776582,1.5708992481231689,0,0.0025000001769512892,0.0025000001769512892,0,0,0
4,1279,unknown,-330.8099365234375,355.36209106445312,0.0012929107761010528,1.5707277059555054,0,0.0025000001769512892,0.0025000001769512892,0,0,0
5,1535,unknown,-330.68814086914062,355.37240600585938,0.0011922164121642709,1.5707799196243286,0,0.0025000001769512892,0.0025000001769512892,0,0,0
6,1791,unknown,-330.73614501953125,355.39434814453125,0.0016676447121426463,1.5699635744094849,0,0.0025000001769512892,0.0025000001769512892,0,0,0
7,2047,unknown,-330.6827392578125,355.3350830078125,0.0015271806623786688,1.571793794631958,0,0.0025000001769512892,0.0025000001769512892,0,0,0
8,2303,unknown,-330.71856689453125,355.35397338867188,0.0011172104859724641,1.5719606876373291,0,0.0025000001769512892,0.0025000001769512892,0,0,0
