measurement_id,geometry_id,local_key,local0,local1,phi,theta,time,var_local0,var_local1,var_phi,var_theta,var_time
0,255,unknown,149.9527587890625,322.09490966796875,-0.00043293452472425997,1.5709853172302246,0,0.0025000001769512892,0.0025000001769512892,0,0,0
1,511,unknown,149.90866088867188,322.13980102539062,-0.0010201401310041547,1.5710352659225464,0,0.0025000001769512892,0.0025000001769512892,0,0,0
2,767,unknown,149.93144226074219,322.14462280273438,-0.0021914576645940542,1.5699208974838257,0,0.0025000001769512892,0.0025000001769512892,0,0,0
3,1023,unknown,149.883544921875,322.14788818359375,-0.0022750694770365953,1.5702438354492188,0,0.0025000001769512892,0.0025000001769512892,0,0,0
4,1279,unknown,149.81385803222656,322.07693481445312,-0.0022908998653292656,1.568060040473938,0,0.0025000001769512892,0.0025000001769512892,0,0,0
5,1535,unknown,149.75276184082031,322.19622802734375,-0.0023378613404929638,1.5671699047088623,0,0.0025000001769512892,0.0025000001769512892,0,0,0
6,1791,unknown,149.65350341796875,322.29534912109375,-0.0018557870062068105,1.5670948028564453,0,0.0025000001769512892,0.0025000001769512892,0,0,0
7,2047,unknown,149.75515747070312,322.43280029296875,-0.0017516743391752243,1.567109227180481,0,0.0025000001769512892,0.0025000001769512892,0,0,0
8,2303,unknown,149.67695617675781,322.42529296875,-0.0019790653605014086,1.5677067041397095,0,0.0025000001769512892,0.0025000001769512892,0,0,0
