measurement_id,geometry_id,local_key,local0,local1,phi,theta,time,var_local0,var_local1,var_phi,var_theta,var_time
0,255,unknown,-159.24761962890625,47.564083099365234,-0.00010401713370811194,1.5706988573074341,0,0.0025000001769512892,0.0025000001769512892,0,0,0
1,511,unknown,-159.27372741699219,47.598968505859375,0.00056511018192395568,1.5698657035827637,0,0.0025000001769512892,0.0025000001769512892,0,0,0
2,767,unknown,-159.23529052734375,47.640274047851562,0.0008017438231036067,1.5691955089569092,0,0.0025000001769512892,0.0025000001769512892,0,0,0
3,1023,unknown,-159.18978881835938,47.673027038574219,-0.0011143952142447233,1.5695145130157471,0,0.0025000001769512892,0.0025000001769512892,0,0,0
4,1279,unknown,-159.20928955078125,47.760715484619141,0.00066470640012994409,1.5710722208023071,0,0.0025000001769512892,0.0025000001769512892,0,0,0
5,1535,unknown,-159.22581481933594,47.660453796386719,0.0014852428575977683,1.5722718238830566,0,0.0025000001769512892,0.0025000001769512892,0,0,0
6,1791,unknown,-159.29081726074219,47.520915985107422,0.0025077059399336576,1.572195291519165,0,0.0025000001769512892,0.0025000001769512892,0,0,0
7,2047,unknown,-159.25196838378906,47.706504821777344,0.0012336289510130882,1.5719819068908691,0,0.0025000001769512892,0.0025000001769512892,0,0,0
8,2303,unknown,-159.02717590332031,47.611598968505859,0.0012505491031333804,1.5719661712646484,0,0.0025000001769512892,0.0025000001769512892,0,0,0
