particle_id,geometry_id,tx,ty,tz,tt,tpx,tpy,tpz,te,deltapx,deltapy,deltapz,deltae,index
0,255,20,-74.897506713867188,148.79295349121094,0,0.99968242645263672,-0.0014076076913625002,-0.00058326934231445193,0,0,0,0,0,0
0,511,40,-74.92559814453125,148.78111267089844,0,0.99944531917572021,-0.00041334365960210562,0.00014864698459859937,0,0,0,0,0,0
0,767,60,-74.933883666992188,148.78404235839844,0,0.99926918745040894,-0.00071960268542170525,0.00019460199109744281,0,0,0,0,0,0
0,1023,80,-74.948310852050781,148.78785705566406,0,0.99914014339447021,0.00080872443504631519,-0.0002747040125541389,0,0,0,0,0,0
0,1279,100,-74.932090759277344,148.78245544433594,0,0.9989926815032959,0.0011176487896591425,-0.00028514341101981699,0,0,0,0,0,0
0,1535,120,-74.909683227539062,148.77688598632812,0,0.99880605936050415,-0.00059287255862727761,-0.0008662561303935945,0,0,0,0,0,0
0,1791,140,-74.92144775390625,148.75947570800781,0,0.99862492084503174,-0.00064018351258710027,-0.00088967010378837585,0,0,0,0,0,0
0,2047,160,-74.934158325195312,148.7415771484375,0,0.99838542938232422,1.6793601389508694e-05,-0.0017722058109939098,0,0,0,0,0,0
0,2303,180,-74.933609008789062,148.70608520507812,0,0.99824357032775879,0.00057734828442335129,-0.0018470436334609985,0,0,0,0,0,0
