particle_id,geometry_id,tx,ty,tz,tt,tpx,tpy,tpz,te,deltapx,deltapy,deltapz,deltae,index
0,255,20,-230.96170043945312,22.245943069458008,0,0.99983829259872437,-0.00099449011031538248,-0.0025093574076890945,0,0,0,0,0,0
0,511,40,-230.98129272460938,22.195629119873047,0,0.99969989061355591,0.00020943452545907348,-0.0029789137188345194,0,0,0,0,0,0
0,767,60,-230.97674560546875,22.136058807373047,0,0.99945873022079468,0.00014989939518272877,-0.0046361186541616917,0,0,0,0,0,0
0,1023,80,-230.97319030761719,22.043306350708008,0,0.99923485517501831,0.002494466258212924,-0.006208338774740696,0,0,0,0,0,0
0,1279,100,-230.92251586914062,21.919347763061523,0,0.9990348219871521,0.0024568610824644566,-0.0056381607428193092,0,0,0,0,0,0
0,1535,120,-230.87265014648438,21.806774139404297,0,0.99890375137329102,0.0030439659021794796,-0.0057593709789216518,0,0,0,0,0,0
0,1791,140,-230.81101989746094,21.691829681396484,0,0.99864488840103149,0.0043244096450507641,-0.0058454093523323536,0,0,0,0,0,0
0,2047,160,-230.72370910644531,21.575284957885742,0,0.99849820137023926,0.0040384465828537941,-0.0073295230977237225,0,0,0,0,0,0
0,2303,180,-230.64193725585938,21.428962707519531,0,0.99828493595123291,0.0042080837301909924,-0.0070481658913195133,0,0,0,0,0,0
