measurement_id,geometry_id,local_key,local0,local1,phi,theta,time,var_local0,var_local1,var_phi,var_theta,var_time
0,255,unknown,-122.62381744384766,-298.68270874023438,-0.0011638434370979667,1.5695098638534546,0,0.0025000001769512892,0.0025000001769512892,0,0,0
1,511,unknown,-122.67369079589844,-298.62661743164062,0.00040723106940276921,1.5692739486694336,0,0.0025000001769512892,0.0025000001769512892,0,0,0
2,767,unknown,-122.72400665283203,-298.53057861328125,0.00036501634167507291,1.569133996963501,0,0.0025000001769512892,0.0025000001769512892,0,0,0
3,1023,unknown,-122.78098297119141,-298.66677856445312,0.0015766121214255691,1.5718511343002319,0,0.0025000001769512892,0.0025000001769512892,0,0,0
4,1279,unknown,-122.6580810546875,-298.63253784179688,0.0013705228921025991,1.5706286430358887,0,0.0025000001769512892,0.0025000001769512892,0,0,0
5,1535,unknown,-122.56745147705078,-298.68527221679688,0.0018604826182126999,1.5690730810165405,0,0.0025000001769512892,0.0025000001769512892,0,0,0
6,1791,unknown,-122.5345458984375,-298.64407348632812,0.0023900251835584641,1.5696487426757812,0,0.0025000001769512892,0.0025000001769512892,0,0,0
7,2047,unknown,-122.55914306640625,-298.53375244140625,0.002004656009376049,1.5695346593856812,0,0.0025000001769512892,0.0025000001769512892,0,0,0
8,2303,unknown,-122.47871398925781,-298.6031494140625,0.0026946587022393942,1.5694459676742554,0,0.0025000001769512892,0.0025000001769512892,0,0,0
