particle_id,geometry_id,tx,ty,tz,tt,tpx,tpy,tpz,te,deltapx,deltapy,deltapz,deltae,index
0,255,20,288.3865966796875,-442.02090454101562,0,0.99987053871154785,7.2995621849258896e-06,-2.1021825887146406e-05,0,0,0,0,0,0
0,511,40,288.38674926757812,-442.02133178710938,0,0.99956005811691284,0.00063054973725229502,-0.001258340897038579,0,0,0,0,0,0
0,767,60,288.39950561523438,-442.04644775390625,0,0.3990442156791687,1.4405796719074715e-05,-0.00039075571112334728,0,0,0,0,0,0
0,1023,80,288.4005126953125,-442.06600952148438,0,0.39881744980812073,0.00089536298764869571,6.2786690250504762e-05,0,0,0,0,0,0
0,1279,100,288.44537353515625,-442.06219482421875,0,0.39865553379058838,0.00096035806927829981,-0.00053655897499993443,0,0,0,0,0,0
0,1535,120,288.49395751953125,-442.08837890625,0,0.3984987735748291,0.00293111358769238,-0.00027674014563672245,0,0,0,0,0,0
0,1791,140,288.64126586914062,-442.10006713867188,0,0.39816516637802124,0.0029148007743060589,-0.00022201712999958545,0,0,0,0,0,0
0,2047,160,288.78781127929688,-442.1090087890625,0,0.39801332354545593,0.0015674661844968796,-0.00084979902021586895,0,0,0,0,0,0
0,2303,180,288.86721801757812,-442.1505126953125,0,0.39778319001197815,0.0016496536554768682,-0.00058963632909581065,0,0,0,0,0,0
