particle_id,geometry_id,tx,ty,tz,tt,tpx,tpy,tpz,te,deltapx,deltapy,deltapz,deltae,index
0,255,20,143.3836669921875,-265.20953369140625,0,0.99986302852630615,0.00011303350038360804,8.5536841652356088e-05,0,0,0,0,0,0
0,511,40,143.38591003417969,-265.20779418945312,0,0.99968749284744263,-0.0008812629384920001,0.00068507675314322114,0,0,0,0,0,0
0,767,60,143.36819458007812,-265.19418334960938,0,0.9994882345199585,-0.0010250979103147984,0.00060904270503669977,0,0,0,0,0,0
0,1023,80,143.34761047363281,-265.18212890625,0,0.99935585260391235,-0.0010321986628696322,0.00059502350632101297,0,0,0,0,0,0
0,1279,100,143.32688903808594,-265.17034912109375,0,0.99907064437866211,-0.0012466302141547203,0.0006357046659104526,0,0,0,0,0,0
0,1535,120,143.30186462402344,-265.15777587890625,0,0.99846446514129639,-0.0013822040054947138,0.0014795740135014057,0,0,0,0,0,0
0,1791,140,143.27400207519531,-265.1282958984375,0,0.99829334020614624,-0.0024401915725320578,0.0020046182908117771,0,0,0,0,0,0
0,2047,160,143.22486877441406,-265.08843994140625,0,0.99807524681091309,-0.0016764382598921657,0.0015257572522386909,0,0,0,0,0,0
0,2303,180,143.19108581542969,-265.05807495117188,0,0.99767047166824341,-0.0021916765253990889,0.0022797654382884502,0,0,0,0,0,0
