measurement_id,geometry_id,local_key,local0,local1,phi,theta,time,var_local0,var_local1,var_phi,var_theta,var_time
0,255,unknown,63.753326416015625,124.28511810302734,-0.00071677146479487419,1.5718144178390503,0,0.0025000001769512892,0.0025000001769512892,0,0,0
1,511,unknown,63.733474731445312,124.23487091064453,-0.001425999216735363,1.5706888437271118,0,0.0025000001769512892,0.0025000001769512892,0,0,0
2,767,unknown,63.706619262695312,124.33432769775391,-0.00094429246382787824,1.5695816278457642,0,0.0025000001769512892,0.0025000001769512892,0,0,0
3,1023,unknown,63.717769622802734,124.34577941894531,-0.001035375171341002,1.5701112747192383,0,0.0025000001769512892,0.0025000001769512892,0,0,0
4,1279,unknown,63.614910125732422,124.26698303222656,0.00037797944969497621,1.570273756980896,0,0.0025000001769512892,0.0025000001769512892,0,0,0
5,1535,unknown,63.638351440429688,124.39408874511719,0.0006893891841173172,1.5701682567596436,0,0.0025000001769512892,0.0025000001769512892,0,0,0
6,1791,unknown,63.653724670410156,124.34690856933594,0.00093558488879352808,1.5702115297317505,0,0.0025000001769512892,0.0025000001769512892,0,0,0
7,2047,unknown,63.654609680175781,124.35465240478516,0.00027124059852212667,1.5701810121536255,0,0.0025000001769512892,0.0025000001769512892,0,0,0
8,2303,unknown,63.674491882324219,124.46493530273438,0.0023893110919743776,1.5700628757476807,0,0.0025000001769512892,0.0025000001769512892,0,0,0
