particle_id,geometry_id,tx,ty,tz,tt,tpx,tpy,tpz,te,deltapx,deltapy,deltapz,deltae,index
0,255,20,232.64689636230469,16.69230842590332,0,0.99987411499023438,-0.0004708333290182054,0.00017469513113610446,0,0,0,0,0,0
0,511,40,232.637451171875,16.695745468139648,0,0.99967098236083984,-0.00054083619033917785,-2.7095305995317176e-05,0,0,0,0,0,0
0,767,60,232.62663269042969,16.695138931274414,0,0.9995121955871582,-0.0013783926842734218,-0.0015349512686952949,0,0,0,0,0,0
0,1023,80,232.5992431640625,16.664260864257812,0,0.99936330318450928,-0.0010341082233935595,-0.0018410150660201907,0,0,0,0,0,0
0,1279,100,232.57876586914062,16.627294540405273,0,0.99923676252365112,-0.0012853167718276381,-0.0017273813718929887,0,0,0,0,0,0
0,1535,120,232.55325317382812,16.592567443847656,0,0.99911320209503174,0.00024096638662740588,-0.0016462948406115174,0,0,0,0,0,0
0,1791,140,232.55827331542969,16.559642791748047,0,0.99897825717926025,-9.7561372967902571e-05,-0.0015116223366931081,0,0,0,0,0,0
0,2047,160,232.55650329589844,16.529369354248047,0,0.99884063005447388,0.00049061665777117014,-0.00022877924493514001,0,0,0,0,0,0
0,2303,180,232.56636047363281,16.524847030639648,0,0.99862402677536011,0.00019707546744029969,-0.0029823745135217905,0,0,0,0,0,0
