particle_id,geometry_id,tx,ty,tz,tt,tpx,tpy,tpz,te,deltapx,deltapy,deltapz,deltae,index
0,255,20,-209.872314453125,-25.961887359619141,0,0.99987083673477173,-0.00028225197456777096,-0.00017633147945161909,0,0,0,0,0,0
0,511,40,-209.87794494628906,-25.965448379516602,0,0.99968290328979492,0.0010878026951104403,-0.00043561577331274748,0,0,0,0,0,0
0,767,60,-209.85612487792969,-25.974033355712891,0,0.99953585863113403,0.00059776607668027282,-0.00050072878366336226,0,0,0,0,0,0
0,1023,80,-209.84410095214844,-25.983980178833008,0,0.99939095973968506,-0.00011141061258967966,-0.00023212195083033293,0,0,0,0,0,0
0,1279,100,-209.84629821777344,-25.988637924194336,0,0.9992334246635437,0.00014247147191781551,-0.00027889871853403747,0,0,0,0,0,0
0,1535,120,-209.84341430664062,-25.994203567504883,0,0.99908071756362915,0.00071656331419944763,0.00031271224725060165,0,0,0,0,0,0
0,1791,140,-209.8291015625,-25.987857818603516,0,0.99893057346343994,-0.00092458393191918731,0.00083603023085743189,0,0,0,0,0,0
0,2047,160,-209.84771728515625,-25.971231460571289,0,0.99875956773757935,-0.00085629941895604134,0.00093137443764135242,0,0,0,0,0,0
0,2303,180,-209.86497497558594,-25.95268440246582,0,0.99860203266143799,-0.0012135178549215198,0.00064362044213339686,0,0,0,0,0,0
