particle_id,geometry_id,tx,ty,tz,tt,tpx,tpy,tpz,te,deltapx,deltapy,deltapz,deltae,index
0,255,20,-151.45156860351562,352.32965087890625,0,0.99982911348342896,-0.0010213368805125356,0.0017550159245729446,0,0,0,0,0,0
0,511,40,-151.47221374511719,352.3646240234375,0,0.99966210126876831,-0.00062759284628555179,0.0026362196076661348,0,0,0,0,0,0
0,767,60,-151.48509216308594,352.41729736328125,0,0.99942737817764282,-0.0023291120305657387,0.0018259187927469611,0,0,0,0,0,0
0,1023,80,-151.53192138671875,352.45355224609375,0,0.99923735857009888,-0.0039842934347689152,0.0012091371463611722,0,0,0,0,0,0
0,1279,100,-151.61181640625,352.47726440429688,0,0.99907803535461426,-0.0040474841371178627,0.0013063688529655337,0,0,0,0,0,0
0,1535,120,-151.6929931640625,352.5029296875,0,0.99890786409378052,-0.0044401953928172588,0.0019309644121676683,0,0,0,0,0,0
0,1791,140,-151.78211975097656,352.54104614257812,0,0.99875646829605103,-0.0049043353646993637,0.0015562232583761215,0,0,0,0,0,0
0,2047,160,-151.88050842285156,352.57162475585938,0,0.99856662750244141,-0.0063781067728996277,0.0011715568834915757,0,0,0,0,0,0
0,2303,180,-152.00839233398438,352.59432983398438,0,0.99842441082000732,-0.0063607795163989067,0.00020539155229926109,0,0,0,0,0,0
