measurement_id,geometry_id,local_key,local0,local1,phi,theta,time,var_local0,var_local1,var_phi,var_theta,var_time
0,255,unknown,-173.18025207519531,12.96632194519043,-0.00017205553012900054,1.5710269212722778,0,0.0025000001769512892,0.0025000001769512892,0,0,0
1,511,unknown,-173.15924072265625,12.898360252380371,-0.00086569733684882522,1.5706617832183838,0,0.0025000001769512892,0.0025000001769512892,0,0,0
2,767,unknown,-173.14569091796875,12.924583435058594,-0.0010240136180073023,1.5708805322647095,0,0.0025000001769512892,0.0025000001769512892,0,0,0
3,1023,unknown,-173.21055603027344,12.916378021240234,-0.00096741568995639682,1.5714637041091919,0,0.0025000001769512892,0.0025000001769512892,0,0,0
4,1279,unknown,-173.16807556152344,13.009329795837402,-0.00083877251017838717,1.5696899890899658,0,0.0025000001769512892,0.0025000001769512892,0,0,0
5,1535,unknown,-173.30239868164062,13.006740570068359,-0.0007156862411648035,1.569902777671814,0,0.0025000001769512892,0.0025000001769512892,0,0,0
6,1791,unknown,-173.34844970703125,12.98686695098877,-0.0010117664933204651,1.5700970888137817,0,0.0025000001769512892,0.0025000001769512892,0,0,0
7,2047,unknown,-173.30232238769531,13.052542686462402,-0.0011305114021524787,1.5706206560134888,0,0.0025000001769512892,0.0025000001769512892,0,0,0
8,2303,unknown,-173.33909606933594,12.892177581787109,-0.00038626746390946209,1.5699297189712524,0,0.0025000001769512892,0.0025000001769512892,0,0,0
