particle_id,geometry_id,tx,ty,tz,tt,tpx,tpy,tpz,te,deltapx,deltapy,deltapz,deltae,index
0,255,20,-76.042510986328125,296.75778198242188,0,0.99980562925338745,7.0652851718477905e-05,7.5842090154765174e-06,0,0,0,0,0,0
0,511,40,-76.041099548339844,296.7579345703125,0,0.9996638298034668,-0.0020396588370203972,-0.001923798699863255,0,0,0,0,0,0
0,767,60,-76.081672668457031,296.71920776367188,0,0.99952739477157593,-0.0019577145576477051,-0.0018518053693696856,0,0,0,0,0,0
0,1023,80,-76.120620727539062,296.68191528320312,0,0.99915105104446411,-0.0023315593134611845,-0.0019263863796368241,0,0,0,0,0,0
0,1279,100,-76.167060852050781,296.64306640625,0,0.99900692701339722,-0.0036952770315110683,-0.0019598195794969797,0,0,0,0,0,0
0,1535,120,-76.240798950195312,296.6033935546875,0,0.99745166301727295,-0.0034161738585680723,-0.0029260958544909954,0,0,0,0,0,0
0,1791,140,-76.308944702148438,296.5443115234375,0,0.99720817804336548,-0.004193170927464962,-0.0041427114047110081,0,0,0,0,0,0
0,2047,160,-76.392539978027344,296.46072387695312,0,0.99703890085220337,-0.0032816478051245213,-0.0021961668971925974,0,0,0,0,0,0
0,2303,180,-76.458099365234375,296.41629028320312,0,0.99688714742660522,-0.0027289462741464376,-0.0020559551194310188,0,0,0,0,0,0
