particle_id,geometry_id,tx,ty,tz,tt,tpx,tpy,tpz,te,deltapx,deltapy,deltapz,deltae,index
0,255,20,-23.252433776855469,204.83639526367188,0,0.99978381395339966,7.8415750977001153e-06,-1.8314547105546808e-06,0,0,0,0,0,0
0,511,40,-23.252277374267578,204.83636474609375,0,0.99963665008544922,-0.00012183404032839462,-0.0011938490206375718,0,0,0,0,0,0
0,767,60,-23.254571914672852,204.81246948242188,0,0.9981122612953186,-0.00022957615146879107,-0.00034259931999258697,0,0,0,0,0,0
0,1023,80,-23.259130477905273,204.80557250976562,0,0.99795645475387573,-0.00040004108450375497,-1.8483304302208126e-05,0,0,0,0,0,0
0,1279,100,-23.267145156860352,204.80516052246094,0,0.99779766798019409,0.00028937027673237026,-0.00013243136345408857,0,0,0,0,0,0
0,1535,120,-23.261329650878906,204.80253601074219,0,0.99767357110977173,-6.8817287683486938e-05,2.1839869077666663e-05,0,0,0,0,0,0
0,1791,140,-23.262712478637695,204.80296325683594,0,0.99748826026916504,0.00010517729970160872,0.0012167616514489055,0,0,0,0,0,0
0,2047,160,-23.260749816894531,204.82737731933594,0,0.99734270572662354,0.00010350900993216783,0.00091245671501383185,0,0,0,0,0,0
0,2303,180,-23.258783340454102,204.84568786621094,0,0.99717366695404053,0.00051750493003055453,0.0012040153378620744,0,0,0,0,0,0
