particle_id,geometry_id,tx,ty,tz,tt,tpx,tpy,tpz,te,deltapx,deltapy,deltapz,deltae,index
0,255,20,23.985342025756836,-219.00491333007812,0,0.99979627132415771,0.0010758962016552687,0.00029207894112914801,0,0,0,0,0,0
0,511,40,24.006828308105469,-218.99894714355469,0,0.99964761734008789,0.0015154748689383268,-0.00088664953364059329,0,0,0,0,0,0
0,767,60,24.037254333496094,-219.01651000976562,0,0.99940311908721924,0.0033774999901652336,-0.0018246567342430353,0,0,0,0,0,0
0,1023,80,24.105062484741211,-219.0526123046875,0,0.99918729066848755,0.00345069938339293,-0.0015610223636031151,0,0,0,0,0,0
0,1279,100,24.174318313598633,-219.08345031738281,0,0.99901646375656128,0.0042126304470002651,-3.0209964734240202e-06,0,0,0,0,0,0
0,1535,120,24.258651733398438,-219.0830078125,0,0.99887818098068237,0.0045039872638881207,-0.00024427013704553246,0,0,0,0,0,0
0,1791,140,24.348859786987305,-219.08735656738281,0,0.99872642755508423,0.0044465861283242702,-0.00013374652189668268,0,0,0,0,0,0
0,2047,160,24.437919616699219,-219.08949279785156,0,0.99857622385025024,0.0047641126438975334,-1.5995134162949398e-05,0,0,0,0,0,0
0,2303,180,24.533336639404297,-219.0892333984375,0,0.99843454360961914,0.0053748404607176781,-0.00076727510895580053,0,0,0,0,0,0
