particle_id,particle_type,process,vx,vy,vz,vt,px,py,pz,m,q
0,0,0,0,114.07632446289062,246.49594116210938,0,1,0,-4.3711388286737929e-08,0,-1
