measurement_id,geometry_id,local_key,local0,local1,phi,theta,time,var_local0,var_local1,var_phi,var_theta,var_time
0,255,unknown,56.665714263916016,-27.166969299316406,0.00020496222714427859,1.5700079202651978,0,0.0025000001769512892,0.0025000001769512892,0,0,0
1,511,unknown,56.694385528564453,-27.105205535888672,-0.00019548801355995238,1.5690408945083618,0,0.0025000001769512892,0.0025000001769512892,0,0,0
2,767,unknown,56.625469207763672,-27.151391983032227,-9.6724019385874271e-05,1.5684592723846436,0,0.0025000001769512892,0.0025000001769512892,0,0,0
3,1023,unknown,56.650947570800781,-27.078329086303711,-9.5242707175202668e-05,1.5682682991027832,0,0.0025000001769512892,0.0025000001769512892,0,0,0
4,1279,unknown,56.594429016113281,-27.059337615966797,0.00039780104998499155,1.5681862831115723,0,0.0025000001769512892,0.0025000001769512892,0,0,0
5,1535,unknown,56.662555694580078,-26.926706314086914,0.0014643189497292042,1.5681819915771484,0,0.0025000001769512892,0.0025000001769512892,0,0,0
6,1791,unknown,56.792343139648438,-26.937358856201172,0.0014002654934301972,1.5676366090774536,0,0.0025000001769512892,0.0025000001769512892,0,0,0
7,2047,unknown,56.903247833251953,-26.780540466308594,0.0013675007503479719,1.5676789283752441,0,0.0025000001769512892,0.0025000001769512892,0,0,0
8,2303,unknown,56.632144927978516,-26.801214218139648,0.0013594579650089145,1.56763756275177,0,0.0025000001769512892,0.0025000001769512892,0,0,0
