particle_id,particle_type,process,vx,vy,vz,vt,px,py,pz,m,q
0,0,0,0,-11.131959915161133,21.922571182250977,0,1,0,-4.3711388286737929e-08,0,-1
