particle_id,geometry_id,tx,ty,tz,tt,tpx,tpy,tpz,te,deltapx,deltapy,deltapz,deltae,index
0,255,20,71.280746459960938,-306.4736328125,0,0.9996756911277771,-0.0017477670917287469,0.00055421987781301141,0,0,0,0,0,0
0,511,40,71.245712280273438,-306.4627685546875,0,0.99954420328140259,-0.0017573852092027664,6.0129656048957258e-05,0,0,0,0,0,0
0,767,60,71.210540771484375,-306.46176147460938,0,0.99940115213394165,-0.001926164492033422,0.00015138086746446788,0,0,0,0,0,0
0,1023,80,71.171974182128906,-306.45895385742188,0,0.99920403957366943,-0.0017581974389031529,0.0008953409269452095,0,0,0,0,0,0
0,1279,100,71.136672973632812,-306.44125366210938,0,0.99901509284973145,-0.0015903286403045058,0.0010156926000490785,0,0,0,0,0,0
0,1535,120,71.104713439941406,-306.42111206054688,0,0.9964364767074585,-0.00062772247474640608,0.0021727662533521652,0,0,0,0,0,0
0,1791,140,71.091850280761719,-306.3775634765625,0,0.99575948715209961,-0.00033905109739862382,0.001939816283993423,0,0,0,0,0,0
0,2047,160,71.084808349609375,-306.33865356445312,0,0.99556457996368408,-0.00080803892342373729,0.0023979025427252054,0,0,0,0,0,0
0,2303,180,71.068283081054688,-306.29058837890625,0,0.99540120363235474,-0.0016327013727277517,0.0030787505675107241,0,0,0,0,0,0
