measurement_id,geometry_id,local_key,local0,local1,phi,theta,time,var_local0,var_local1,var_phi,var_theta,var_time
0,255,unknown,13.495469093322754,109.64129638671875,-0.00034423591569066048,1.5708608627319336,0,0.0025000001769512892,0.0025000001769512892,0,0,0
1,511,unknown,13.519193649291992,109.61941528320312,0.00082566490164026618,1.571263313293457,0,0.0025000001769512892,0.0025000001769512892,0,0,0
2,767,unknown,13.501206398010254,109.56005859375,0.00097274186555296183,1.5714019536972046,0,0.0025000001769512892,0.0025000001769512892,0,0,0
3,1023,unknown,13.541693687438965,109.48774719238281,0.00082832062616944313,1.5710210800170898,0,0.0025000001769512892,0.0025000001769512892,0,0,0
4,1279,unknown,13.624898910522461,109.54550170898438,0.0015859678387641907,1.5714436769485474,0,0.0025000001769512892,0.0025000001769512892,0,0,0
5,1535,unknown,13.553777694702148,109.66650390625,0.0021167432423681021,1.5716104507446289,0,0.0025000001769512892,0.0025000001769512892,0,0,0
6,1791,unknown,13.647644996643066,109.58138275146484,0.0025744501035660505,1.5717744827270508,0,0.0025000001769512892,0.0025000001769512892,0,0,0
7,2047,unknown,13.603991508483887,109.52132415771484,0.0018013060325756669,1.5729316473007202,0,0.0025000001769512892,0.0025000001769512892,0,0,0
8,2303,unknown,13.629948616027832,109.48012542724609,0.0021932758390903473,1.573067307472229,0,0.0025000001769512892,0.0025000001769512892,0,0,0
