particle_id,geometry_id,tx,ty,tz,tt,tpx,tpy,tpz,te,deltapx,deltapy,deltapz,deltae,index
0,255,20,355.07650756835938,103.26052856445312,0,0.99982810020446777,8.8536588009446859e-05,-2.7099562430521473e-05,0,0,0,0,0,0
0,511,40,355.07827758789062,103.25999450683594,0,0.99968093633651733,-0.00027086716727353632,-0.0006784857832826674,0,0,0,0,0,0
0,767,60,355.07293701171875,103.24639129638672,0,0.99949818849563599,-0.00016656897787470371,-0.0017997983377426863,0,0,0,0,0,0
0,1023,80,355.06982421875,103.21035766601562,0,0.99897903203964233,-0.00019639266247395426,-0.0013665745500475168,0,0,0,0,0,0
0,1279,100,355.06607055664062,103.18297576904297,0,0.99881023168563843,0.0014004141557961702,-0.0017783197108656168,0,0,0,0,0,0
0,1535,120,355.09432983398438,103.14753723144531,0,0.99866563081741333,0.0002823303802870214,-0.0012131660478189588,0,0,0,0,0,0
0,1791,140,355.10012817382812,103.12327575683594,0,0.99828159809112549,0.00056873267749324441,0.00054975709645077586,0,0,0,0,0,0
0,2047,160,355.1114501953125,103.13436126708984,0,0.99810421466827393,0.00065812480170279741,9.0383691713213921e-05,0,0,0,0,0,0
0,2303,180,355.1246337890625,103.13625335693359,0,0.99788039922714233,0.00088214379502460361,-0.00037939645699225366,0,0,0,0,0,0
