particle_id,geometry_id,tx,ty,tz,tt,tpx,tpy,tpz,te,deltapx,deltapy,deltapz,deltae,index
0,255,20,19.58613395690918,88.543731689453125,0,0.99987983703613281,0.00031147236586548388,0.00024704748648218811,0,0,0,0,0,0
0,511,40,19.592334747314453,88.548713684082031,0,0.99975192546844482,-0.00062467949464917183,0.00022723205620422959,0,0,0,0,0,0
0,767,60,19.579811096191406,88.553184509277344,0,0.99946272373199463,-0.00072979816468432546,0.00025278260000050068,0,0,0,0,0,0
0,1023,80,19.565177917480469,88.558158874511719,0,0.99927961826324463,-8.5680521806352772e-06,0.0012335990322753787,0,0,0,0,0,0
0,1279,100,19.564857482910156,88.582847595214844,0,0.99890321493148804,-0.00070884317392483354,0.0019783303141593933,0,0,0,0,0,0
0,1535,120,19.55042839050293,88.622367858886719,0,0.9986385703086853,-0.00075655523687601089,0.0016635210486128926,0,0,0,0,0,0
0,1791,140,19.535076141357422,88.655593872070312,0,0.9984930157661438,-0.0017278502928093076,0.0033468492329120636,0,0,0,0,0,0
0,2047,160,19.500064849853516,88.722419738769531,0,0.99822187423706055,-0.0015444719465449452,0.004037800244987011,0,0,0,0,0,0
0,2303,180,19.468635559082031,88.803131103515625,0,0.99809873104095459,-0.0015647432301193476,0.0040020830929279327,0,0,0,0,0,0
