measurement_id,geometry_id,local_key,local0,local1,phi,theta,time,var_local0,var_local1,var_phi,var_theta,var_time
0,255,unknown,128.4852294921875,-187.29443359375,-0.00038789727841503918,1.5707063674926758,0,0.0025000001769512892,0.0025000001769512892,0,0,0
1,511,unknown,128.67939758300781,-187.31192016601562,-0.0013781544985249639,1.5693913698196411,0,0.0025000001769512892,0.0025000001769512892,0,0,0
2,767,unknown,128.43948364257812,-187.25656127929688,-0.00222349027171731,1.5713831186294556,0,0.0025000001769512892,0.0025000001769512892,0,0,0
3,1023,unknown,128.49940490722656,-187.31015014648438,-0.0023669176734983921,1.5698716640472412,0,0.0025000001769512892,0.0025000001769512892,0,0,0
4,1279,unknown,128.44004821777344,-187.24758911132812,-0.0029380191117525101,1.5712276697158813,0,0.0025000001769512892,0.0025000001769512892,0,0,0
5,1535,unknown,128.35385131835938,-187.32440185546875,-0.0042494107037782669,1.5716184377670288,0,0.0025000001769512892,0.0025000001769512892,0,0,0
6,1791,unknown,128.3629150390625,-187.26303100585938,-0.0055524497292935848,1.5709911584854126,0,0.0025000001769512892,0.0025000001769512892,0,0,0
7,2047,unknown,128.26416015625,-187.33209228515625,-0.0046768626198172569,1.5705388784408569,0,0.0025000001769512892,0.0025000001769512892,0,0,0
8,2303,unknown,128.16299438476562,-187.34329223632812,-0.0049879844300448895,1.5702170133590698,0,0.0025000001769512892,0.0025000001769512892,0,0,0
