measurement_id,geometry_id,local_key,local0,local1,phi,theta,time,var_local0,var_local1,var_phi,var_theta,var_time
0,255,unknown,-242.85548400878906,75.060829162597656,-0.00087170145707204938,1.5708043575286865,0,0.0025000001769512892,0.0025000001769512892,0,0,0
1,511,unknown,-242.89532470703125,75.025299072265625,-0.0010808001970872283,1.5710139274597168,0,0.0025000001769512892,0.0025000001769512892,0,0,0
2,767,unknown,-242.87200927734375,75.144615173339844,0.00084205821622163057,1.5719506740570068,0,0.0025000001769512892,0.0025000001769512892,0,0,0
3,1023,unknown,-242.803466796875,74.9869384765625,0.0015503739705309272,1.5712530612945557,0,0.0025000001769512892,0.0025000001769512892,0,0,0
4,1279,unknown,-242.95132446289062,75.05169677734375,0.00072338071186095476,1.570310115814209,0,0.0025000001769512892,0.0025000001769512892,0,0,0
5,1535,unknown,-242.82107543945312,75.000320434570312,0.00065671082120388746,1.5707160234451294,0,0.0025000001769512892,0.0025000001769512892,0,0,0
6,1791,unknown,-242.78031921386719,74.998222351074219,0.0010288299527019262,1.570246696472168,0,0.0025000001769512892,0.0025000001769512892,0,0,0
7,2047,unknown,-242.83445739746094,75.1146240234375,0.0025258765090256929,1.5705139636993408,0,0.0025000001769512892,0.0025000001769512892,0,0,0
8,2303,unknown,-242.7672119140625,75.050186157226562,0.001788601977750659,1.5706596374511719,0,0.0025000001769512892,0.0025000001769512892,0,0,0
