particle_id,geometry_id,tx,ty,tz,tt,tpx,tpy,tpz,te,deltapx,deltapy,deltapz,deltae,index
0,255,20,-14.320661544799805,26.217334747314453,0,0.9998849630355835,-0.00019919143232982606,1.9623563275672495e-05,0,0,0,0,0,0
0,511,40,-14.324647903442383,26.217702865600586,0,0.99974852800369263,-0.0021447921171784401,-0.0014105350710451603,0,0,0,0,0,0
0,767,60,-14.36738395690918,26.189228057861328,0,0.99954938888549805,-0.0018522597383707762,-0.0013644973514601588,0,0,0,0,0,0
0,1023,80,-14.404281616210938,26.161705017089844,0,0.99935156106948853,-0.0020005826372653246,-0.0015612727729603648,0,0,0,0,0,0
0,1279,100,-14.444130897521973,26.130220413208008,0,0.99918019771575928,-0.0022808103822171688,-0.0036743041127920151,0,0,0,0,0,0
0,1535,120,-14.489341735839844,26.056402206420898,0,0.99899327754974365,-0.0022194772027432919,-0.0038454649038612843,0,0,0,0,0,0
0,1791,140,-14.533312797546387,25.979150772094727,0,0.99882423877716064,-0.0022840055171400309,-0.0039426917210221291,0,0,0,0,0,0
0,2047,160,-14.578571319580078,25.899930953979492,0,0.99863547086715698,-0.0035520610399544239,-0.0043298243544995785,0,0,0,0,0,0
0,2303,180,-14.649187088012695,25.81279182434082,0,0.99843686819076538,-0.0041786506772041321,-0.0042725554667413235,0,0,0,0,0,0
