particle_id,geometry_id,tx,ty,tz,tt,tpx,tpy,tpz,te,deltapx,deltapy,deltapz,deltae,index
0,255,20,84.107864379882812,-7.8126463890075684,0,0.99985671043395996,-0.00034132704604417086,-0.00039445076254196465,0,0,0,0,0,0
0,511,40,84.101081848144531,-7.8205771446228027,0,0.99953544139862061,-0.00026490722666494548,-0.00031222696998156607,0,0,0,0,0,0
0,767,60,84.095817565917969,-7.8268561363220215,0,0.99934470653533936,-0.0032516457140445709,-0.00047669006744399667,0,0,0,0,0,0
0,1023,80,84.030799865722656,-7.8367862701416016,0,0.9992186427116394,-0.0026771763805299997,-0.0002631722018122673,0,0,0,0,0,0
0,1279,100,83.977249145507812,-7.8423752784729004,0,0.99905663728713989,-0.002696692943572998,-0.00024859968107193708,0,0,0,0,0,0
0,1535,120,83.923294067382812,-7.8476758003234863,0,0.99889665842056274,-0.0038595155347138643,-0.0016828647349029779,0,0,0,0,0,0
0,1791,140,83.846221923828125,-7.8818330764770508,0,0.99870520830154419,-0.0036508357152342796,-0.0024161655455827713,0,0,0,0,0,0
0,2047,160,83.773399353027344,-7.930656909942627,0,0.99854046106338501,-0.0047279931604862213,-0.0028506217058748007,0,0,0,0,0,0
0,2303,180,83.679046630859375,-7.9883198738098145,0,0.99836719036102295,-0.0039623267948627472,-0.003034831490367651,0,0,0,0,0,0
