particle_id,geometry_id,tx,ty,tz,tt,tpx,tpy,tpz,te,deltapx,deltapy,deltapz,deltae,index
0,255,20,35.495361328125,-80.190078735351562,0,0.99986535310745239,0.00041242741281166673,-0.00048849766608327627,0,0,0,0,0,0
0,511,40,35.503669738769531,-80.199798583984375,0,0.99966281652450562,0.0016066621756181121,-0.0011426389683037996,0,0,0,0,0,0
0,767,60,35.53594970703125,-80.222465515136719,0,0.99939954280853271,0.0026172217912971973,-0.0023797131143510342,0,0,0,0,0,0
0,1023,80,35.588611602783203,-80.269775390625,0,0.99922287464141846,0.0024937307462096214,-0.0039322357624769211,0,0,0,0,0,0
0,1279,100,35.638996124267578,-80.348182678222656,0,0.99907773733139038,0.0018981106113642454,-0.0044783367775380611,0,0,0,0,0,0
0,1535,120,35.677532196044922,-80.437599182128906,0,0.9988136887550354,0.0020374064333736897,-0.0067338049411773682,0,0,0,0,0,0
0,1791,140,35.719135284423828,-80.572189331054688,0,0.99863290786743164,0.001183542306534946,-0.0070554465055465698,0,0,0,0,0,0
0,2047,160,35.743686676025391,-80.713348388671875,0,0.99843108654022217,0.00050252297660335898,-0.0071398355066776276,0,0,0,0,0,0
0,2303,180,35.754611968994141,-80.856307983398438,0,0.99809223413467407,0.00021261969232000411,-0.006614461075514555,0,0,0,0,0,0
