particle_id,geometry_id,tx,ty,tz,tt,tpx,tpy,tpz,te,deltapx,deltapy,deltapz,deltae,index
0,255,20,432.78619384765625,-332.45111083984375,0,0.99984210729598999,-6.8553825258277357e-05,0.0014230913948267698,0,0,0,0,0,0
0,511,40,432.78463745117188,-332.42266845703125,0,0.99969851970672607,0.0016325904289260507,0.00069330784026533365,0,0,0,0,0,0
0,767,60,432.81723022460938,-332.40859985351562,0,0.99927538633346558,0.0021621782798320055,-0.001036296715028584,0,0,0,0,0,0
0,1023,80,432.86062622070312,-332.4290771484375,0,0.99910128116607666,0.004168730229139328,0.00088656070875003934,0,0,0,0,0,0
0,1279,100,432.9439697265625,-332.41082763671875,0,0.99888628721237183,0.0041662761941552162,0.00090661313151940703,0,0,0,0,0,0
0,1535,120,433.02728271484375,-332.39218139648438,0,0.99839109182357788,0.0045193643309175968,0.0016995451878756285,0,0,0,0,0,0
0,1791,140,433.11761474609375,-332.35760498046875,0,0.99824798107147217,0.0048274886794388294,0.00062400201568379998,0,0,0,0,0,0
0,2047,160,433.21426391601562,-332.34451293945312,0,0.99806201457977295,0.0046088527888059616,0.00055404414888471365,0,0,0,0,0,0
0,2303,180,433.30654907226562,-332.33285522460938,0,0.99792712926864624,0.0046028080396354198,-0.00013661365665029734,0,0,0,0,0,0
