particle_id,geometry_id,tx,ty,tz,tt,tpx,tpy,tpz,te,deltapx,deltapy,deltapz,deltae,index
0,255,20,-183.70716857910156,143.50839233398438,0,0.99980610609054565,-0.00043195858597755432,0.00010448258399264887,0,0,0,0,0,0
0,511,40,-183.7158203125,143.51043701171875,0,0.99951756000518799,-0.001821605022996664,-8.7143787823151797e-05,0,0,0,0,0,0
0,767,60,-183.75225830078125,143.50846862792969,0,0.99932670593261719,-0.002185542369261384,-6.2384060584008694e-06,0,0,0,0,0,0
0,1023,80,-183.79598999023438,143.50808715820312,0,0.9991949200630188,-0.0027107803616672754,-2.3389973648590967e-05,0,0,0,0,0,0
0,1279,100,-183.85025024414062,143.50729370117188,0,0.99904066324234009,-0.0026332107372581959,0.00049872766248881817,0,0,0,0,0,0
0,1535,120,-183.90303039550781,143.5169677734375,0,0.99889707565307617,-0.0028385401237756014,0.0010017623426392674,0,0,0,0,0,0
0,1791,140,-183.95997619628906,143.53668212890625,0,0.99875253438949585,-0.0027643432840704918,0.0010594808263704181,0,0,0,0,0,0
0,2047,160,-184.01545715332031,143.55757141113281,0,0.99862450361251831,-0.0020329304970800877,0.0016246916493400931,0,0,0,0,0,0
0,2303,180,-184.05636596679688,143.58985900878906,0,0.99846565723419189,-0.0001615761430002749,0.0013639995595440269,0,0,0,0,0,0
