measurement_id,geometry_id,local_key,local0,local1,phi,theta,time,var_local0,var_local1,var_phi,var_theta,var_time
0,255,unknown,-101.44427490234375,76.186256408691406,0.00048707096721045673,1.5712871551513672,0,0.0025000001769512892,0.0025000001769512892,0,0,0
1,511,unknown,-101.26707458496094,76.184127807617188,0.00057381769875064492,1.5712020397186279,0,0.0025000001769512892,0.0025000001769512892,0,0,0
2,767,unknown,-101.28260040283203,76.168235778808594,0.00043431681115180254,1.5710198879241943,0,0.0025000001769512892,0.0025000001769512892,0,0,0
3,1023,unknown,-101.36848449707031,76.267486572265625,0.00030464172596111894,1.5709567070007324,0,0.0025000001769512892,0.0025000001769512892,0,0,0
4,1279,unknown,-101.24168395996094,76.241554260253906,0.00063488440355286002,1.5705717802047729,0,0.0025000001769512892,0.0025000001769512892,0,0,0
5,1535,unknown,-101.28645324707031,76.283988952636719,0.0015913939569145441,1.5688223838806152,0,0.0025000001769512892,0.0025000001769512892,0,0,0
6,1791,unknown,-101.26955413818359,76.280258178710938,0.0017788554541766644,1.5689671039581299,0,0.0025000001769512892,0.0025000001769512892,0,0,0
7,2047,unknown,-101.23994445800781,76.256782531738281,0.0023795324377715588,1.5698052644729614,0,0.0025000001769512892,0.0025000001769512892,0,0,0
8,2303,unknown,-101.19403076171875,76.293258666992188,0.0023434567265212536,1.5697262287139893,0,0.0025000001769512892,0.0025000001769512892,0,0,0
