particle_id,particle_type,process,vx,vy,vz,vt,px,py,pz,m,q
0,0,0,0,8.1744174957275391,-83.97686767578125,0,1,0,-4.3711388286737929e-08,0,-1
