measurement_id,geometry_id,local_key,local0,local1,phi,theta,time,var_local0,var_local1,var_phi,var_theta,var_time
0,255,unknown,-159.44154357910156,-264.66549682617188,0.00080817146226763725,1.5699632167816162,0,0.0025000001769512892,0.0025000001769512892,0,0,0
1,511,unknown,-159.41302490234375,-264.70501708984375,0.0009514367557130754,1.5693740844726562,0,0.0025000001769512892,0.0025000001769512892,0,0,0
2,767,unknown,-159.39848327636719,-264.6085205078125,0.0010065267561003566,1.5693289041519165,0,0.0025000001769512892,0.0025000001769512892,0,0,0
3,1023,unknown,-159.41453552246094,-264.73056030273438,0.0012054523685947061,1.5701020956039429,0,0.0025000001769512892,0.0025000001769512892,0,0,0
4,1279,unknown,-159.39486694335938,-264.59295654296875,0.0012728327419608831,1.5700312852859497,0,0.0025000001769512892,0.0025000001769512892,0,0,0
5,1535,unknown,-159.32989501953125,-264.62387084960938,0.0016210736939683557,1.5680112838745117,0,0.0025000001769512892,0.0025000001769512892,0,0,0
6,1791,unknown,-159.35447692871094,-264.60064697265625,0.0019964063540101051,1.5666887760162354,0,0.0025000001769512892,0.0025000001769512892,0,0,0
7,2047,unknown,-159.31549072265625,-264.48300170898438,0.0015781079418957233,1.5661331415176392,0,0.0025000001769512892,0.0025000001769512892,0,0,0
8,2303,unknown,-159.37484741210938,-264.41363525390625,0.0011212427634745836,1.5662835836410522,0,0.0025000001769512892,0.0025000001769512892,0,0,0
