measurement_id,geometry_id,local_key,local0,local1,phi,theta,time,var_local0,var_local1,var_phi,var_theta,var_time
0,255,unknown,-222.37945556640625,-116.8511962890625,-0.00085374031914398074,1.5711398124694824,0,0.0025000001769512892,0.0025000001769512892,0,0,0
1,511,unknown,-222.36631774902344,-116.93141937255859,-0.00063716218573972583,1.5715616941452026,0,0.0025000001769512892,0.0025000001769512892,0,0,0
2,767,unknown,-222.40440368652344,-116.91755676269531,-0.00061849731719121337,1.571074366569519,0,0.0025000001769512892,0.0025000001769512892,0,0,0
3,1023,unknown,-222.431396484375,-116.90340423583984,-0.001327157486230135,1.5701549053192139,0,0.0025000001769512892,0.0025000001769512892,0,0,0
4,1279,unknown,-222.39100646972656,-116.91941070556641,-0.00032575783552601933,1.5696784257888794,0,0.0025000001769512892,0.0025000001769512892,0,0,0
5,1535,unknown,-222.51536560058594,-116.90963745117188,-0.00022057394380681217,1.570462703704834,0,0.0025000001769512892,0.0025000001769512892,0,0,0
6,1791,unknown,-222.48976135253906,-116.93157958984375,-0.00107603520154953,1.5707343816757202,0,0.0025000001769512892,0.0025000001769512892,0,0,0
7,2047,unknown,-222.45401000976562,-116.83250427246094,-0.001809361856430769,1.5712217092514038,0,0.0025000001769512892,0.0025000001769512892,0,0,0
8,2303,unknown,-222.44955444335938,-116.94329071044922,-0.00189831608440727,1.571031928062439,0,0.0025000001769512892,0.0025000001769512892,0,0,0
