particle_id,particle_type,process,vx,vy,vz,vt,px,py,pz,m,q
0,0,0,0,182.70536804199219,-47.144557952880859,0,1,0,-4.3711388286737929e-08,0,-1
