particle_id,geometry_id,tx,ty,tz,tt,tpx,tpy,tpz,te,deltapx,deltapy,deltapz,deltae,index
0,255,20,40.450595855712891,-153.54890441894531,0,0.98937398195266724,-0.0025787181220948696,-8.1895668699871749e-05,0,0,0,0,0,0
0,511,40,40.398479461669922,-153.55087280273438,0,0.98918759822845459,-0.0022182539105415344,-0.0012119143502786756,0,0,0,0,0,0
0,767,60,40.353778839111328,-153.57565307617188,0,0.98896962404251099,-0.0031696362420916557,-0.00020765628141816705,0,0,0,0,0,0
0,1023,80,40.289707183837891,-153.58024597167969,0,0.98883944749832153,-0.0054273889400064945,-0.0010946831898763776,0,0,0,0,0,0
0,1279,100,40.180072784423828,-153.60305786132812,0,0.98864549398422241,-0.0054287994280457497,-0.00058650219580158591,0,0,0,0,0,0
0,1535,120,40.070323944091797,-153.61558532714844,0,0.98654299974441528,-0.0067455475218594074,-0.00057008839212357998,0,0,0,0,0,0
0,1791,140,39.933647155761719,-153.62797546386719,0,0.98637515306472778,-0.007020928431302309,-7.2712537075858563e-05,0,0,0,0,0,0
0,2047,160,39.791301727294922,-153.63031005859375,0,0.98623275756835938,-0.0069181788712739944,-0.00048878579400479794,0,0,0,0,0,0
0,2303,180,39.651069641113281,-153.64106750488281,0,0.98608732223510742,-0.0069848038256168365,-0.00053526519332081079,0,0,0,0,0,0
