measurement_id,geometry_id,local_key,local0,local1,phi,theta,time,var_local0,var_local1,var_phi,var_theta,var_time
0,255,unknown,275.27569580078125,188.35462951660156,-0.00010404438216937706,1.5708980560302734,0,0.0025000001769512892,0.0025000001769512892,0,0,0
1,511,unknown,275.3123779296875,188.35885620117188,-0.00011031455505872145,1.5712568759918213,0,0.0025000001769512892,0.0025000001769512892,0,0,0
2,767,unknown,275.25421142578125,188.30325317382812,-0.0005999296554364264,1.570984959602356,0,0.0025000001769512892,0.0025000001769512892,0,0,0
3,1023,unknown,275.26193237304688,188.29637145996094,0.00097803724929690361,1.5712747573852539,0,0.0025000001769512892,0.0025000001769512892,0,0,0
4,1279,unknown,275.23126220703125,188.28977966308594,0.0012715349439531565,1.5711590051651001,0,0.0025000001769512892,0.0025000001769512892,0,0,0
5,1535,unknown,275.32669067382812,188.32673645019531,0.001053687883540988,1.5712258815765381,0,0.0025000001769512892,0.0025000001769512892,0,0,0
6,1791,unknown,275.34173583984375,188.20420837402344,0.00125325215049088,1.5710828304290771,0,0.0025000001769512892,0.0025000001769512892,0,0,0
7,2047,unknown,275.46514892578125,188.22911071777344,0.00037628717836923897,1.5711376667022705,0,0.0025000001769512892,0.0025000001769512892,0,0,0
8,2303,unknown,275.47732543945312,188.21528625488281,-0.00035259348805993795,1.5711467266082764,0,0.0025000001769512892,0.0025000001769512892,0,0,0
