particle_id,particle_type,process,vx,vy,vz,vt,px,py,pz,m,q
0,0,0,0,73.361221313476562,98.6484375,0,1,0,-4.3711388286737929e-08,0,-1
