measurement_id,geometry_id,local_key,local0,local1,phi,theta,time,var_local0,var_local1,var_phi,var_theta,var_time
0,255,unknown,-396.26651000976562,-259.72689819335938,4.0187907870858908e-05,1.5709420442581177,0,0.0025000001769512892,0.0025000001769512892,0,0,0
1,511,unknown,-396.25491333007812,-259.668212890625,0.00011781616194639355,1.5706943273544312,0,0.0025000001769512892,0.0025000001769512892,0,0,0
2,767,unknown,-396.26422119140625,-259.67794799804688,0.00030025100568309426,1.5709635019302368,0,0.0025000001769512892,0.0025000001769512892,0,0,0
3,1023,unknown,-396.30401611328125,-259.67898559570312,0.0006099504535086453,1.5694252252578735,0,0.0025000001769512892,0.0025000001769512892,0,0,0
4,1279,unknown,-396.2841796875,-259.60162353515625,-9.9696269899141043e-05,1.570489764213562,0,0.0025000001769512892,0.0025000001769512892,0,0,0
5,1535,unknown,-396.20819091796875,-259.62176513671875,-0.0010265286546200514,1.5704208612442017,0,0.0025000001769512892,0.0025000001769512892,0,0,0
6,1791,unknown,-396.23788452148438,-259.7098388671875,-0.00083172053564339876,1.5702269077301025,0,0.0025000001769512892,0.0025000001769512892,0,0,0
7,2047,unknown,-396.3170166015625,-259.53155517578125,-0.00056385702919214964,1.5700740814208984,0,0.0025000001769512892,0.0025000001769512892,0,0,0
8,2303,unknown,-396.3031005859375,-259.65106201171875,-0.0014166886685416102,1.5690406560897827,0,0.0025000001769512892,0.0025000001769512892,0,0,0
