measurement_id,geometry_id,local_key,local0,local1,phi,theta,time,var_local0,var_local1,var_phi,var_theta,var_time
0,255,unknown,-30.366392135620117,156.3704833984375,-0.0015937375137582421,1.5698995590209961,0,0.0025000001769512892,0.0025000001769512892,0,0,0
1,511,unknown,-30.477834701538086,156.33781433105469,-0.0012126989895477891,1.5698864459991455,0,0.0025000001769512892,0.0025000001769512892,0,0,0
2,767,unknown,-30.374530792236328,156.44219970703125,0.0012887414777651429,1.5693637132644653,0,0.0025000001769512892,0.0025000001769512892,0,0,0
3,1023,unknown,-30.32916259765625,156.34872436523438,0.00057505152653902769,1.5687603950500488,0,0.0025000001769512892,0.0025000001769512892,0,0,0
4,1279,unknown,-30.440826416015625,156.41851806640625,0.00068548048147931695,1.5692304372787476,0,0.0025000001769512892,0.0025000001769512892,0,0,0
5,1535,unknown,-30.328433990478516,156.50129699707031,-0.00024508612114004791,1.5684739351272583,0,0.0025000001769512892,0.0025000001769512892,0,0,0
6,1791,unknown,-30.400901794433594,156.44538879394531,-0.00036366289714351296,1.5686612129211426,0,0.0025000001769512892,0.0025000001769512892,0,0,0
7,2047,unknown,-30.326423645019531,156.46257019042969,-0.00077073555439710617,1.5688979625701904,0,0.0025000001769512892,0.0025000001769512892,0,0,0
8,2303,unknown,-30.540555953979492,156.63929748535156,-0.00055596110178157687,1.5688126087188721,0,0.0025000001769512892,0.0025000001769512892,0,0,0
