particle_id,geometry_id,tx,ty,tz,tt,tpx,tpy,tpz,te,deltapx,deltapy,deltapz,deltae,index
0,255,20,22.295829772949219,-384.2164306640625,0,0.99986755847930908,0.00077879545278847218,-0.00093654758529737592,0,0,0,0,0,0
0,511,40,22.311519622802734,-384.23507690429688,0,0.9994957447052002,0.00077403540490195155,-0.0011457829969003797,0,0,0,0,0,0
0,767,60,22.327144622802734,-384.25790405273438,0,0.9991949200630188,0.00071098614716902375,-0.0010979118524119258,0,0,0,0,0,0
0,1023,80,22.341506958007812,-384.27978515625,0,0.9990430474281311,4.1114129999186844e-05,-0.001185160712338984,0,0,0,0,0,0
0,1279,100,22.342472076416016,-384.30349731445312,0,0.99877446889877319,0.00013524948735721409,-0.0011898427037522197,0,0,0,0,0,0
0,1535,120,22.34532356262207,-384.32730102539062,0,0.99859845638275146,0.00015020444698166102,-0.001228678971529007,0,0,0,0,0,0
0,1791,140,22.348480224609375,-384.35189819335938,0,0.99844843149185181,0.00019424017227720469,-0.0010360317537561059,0,0,0,0,0,0
0,2047,160,22.352495193481445,-384.37261962890625,0,0.99829089641571045,0.0017418345669284463,-0.0031770316418260336,0,0,0,0,0,0
0,2303,180,22.387773513793945,-384.43606567382812,0,0.99805325269699097,0.0020808631088584661,-0.0030031630303710699,0,0,0,0,0,0
