particle_id,geometry_id,tx,ty,tz,tt,tpx,tpy,tpz,te,deltapx,deltapy,deltapz,deltae,index
0,255,20,-348.04660034179688,-82.148887634277344,0,0.99977707862854004,-0.00043236496276222169,0.00039325933903455734,0,0,0,0,0,0
0,511,40,-348.0552978515625,-82.141075134277344,0,0.99960130453109741,0.00065685651497915387,0.0018221804639324546,0,0,0,0,0,0
0,767,60,-348.04238891601562,-82.104537963867188,0,0.99944168329238892,0.0017356645548716187,0.001858349540270865,0,0,0,0,0,0
0,1023,80,-348.00787353515625,-82.067146301269531,0,0.999248206615448,0.0009710302110761404,0.0019474471919238567,0,0,0,0,0,0
0,1279,100,-347.98867797851562,-82.028053283691406,0,0.99903661012649536,0.004099598154425621,0.001118739484809339,0,0,0,0,0,0
0,1535,120,-347.90673828125,-82.005165100097656,0,0.99891775846481323,0.0045796819031238556,0.0026309497188776731,0,0,0,0,0,0
0,1791,140,-347.81536865234375,-81.951942443847656,0,0.98696351051330566,0.0035543080884963274,0.003300101961940527,0,0,0,0,0,0
0,2047,160,-347.74374389648438,-81.884635925292969,0,0.98683977127075195,0.0035342823248356581,0.0034013311378657818,0,0,0,0,0,0
0,2303,180,-347.67254638671875,-81.815269470214844,0,0.98669683933258057,0.0029356202576309443,0.0040091909468173981,0,0,0,0,0,0
