particle_id,geometry_id,tx,ty,tz,tt,tpx,tpy,tpz,te,deltapx,deltapy,deltapz,deltae,index
0,255,20,24.209676742553711,268.42153930664062,0,0.99987602233886719,0.00031447326182387769,-0.00030959188006818295,0,0,0,0,0,0
0,511,40,24.21600341796875,268.41537475585938,0,0.99972176551818848,-0.00038676470285281539,-0.0010820442112162709,0,0,0,0,0,0
0,767,60,24.208396911621094,268.3936767578125,0,0.99958181381225586,-0.00065936241298913956,-0.00075229757931083441,0,0,0,0,0,0
0,1023,80,24.195295333862305,268.3785400390625,0,0.99944078922271729,-0.00070759543450549245,-0.0010096589103341103,0,0,0,0,0,0
0,1279,100,24.181257247924805,268.35824584960938,0,0.99928063154220581,-0.0025212988257408142,-0.00030321406666189432,0,0,0,0,0,0
0,1535,120,24.130832672119141,268.35186767578125,0,0.99914729595184326,-0.0025353033561259508,-0.00016143504763022065,0,0,0,0,0,0
0,1791,140,24.080104827880859,268.34832763671875,0,0.99900937080383301,-0.0028987487312406301,-0.00054858007933944464,0,0,0,0,0,0
0,2047,160,24.022140502929688,268.33700561523438,0,0.99886560440063477,-0.0019845422357320786,-0.00073830445762723684,0,0,0,0,0,0
0,2303,180,23.982494354248047,268.32199096679688,0,0.99828594923019409,-0.0012976889265701175,-0.00070395867805927992,0,0,0,0,0,0
