measurement_id,geometry_id,local_key,local0,local1,phi,theta,time,var_local0,var_local1,var_phi,var_theta,var_time
0,255,unknown,-7.4587578773498535,-150.38262939453125,2.2027861632523127e-05,1.5708132982254028,0,0.0025000001769512892,0.0025000001769512892,0,0,0
1,511,unknown,-7.3929638862609863,-150.39785766601562,-0.0012291877064853907,1.5712795257568359,0,0.0025000001769512892,0.0025000001769512892,0,0,0
2,767,unknown,-7.5238895416259766,-150.30570983886719,-0.0018266282277181745,1.5703418254852295,0,0.0025000001769512892,0.0025000001769512892,0,0,0
3,1023,unknown,-7.5137414932250977,-150.25669860839844,-0.0041281469166278839,1.569527268409729,0,0.0025000001769512892,0.0025000001769512892,0,0,0
4,1279,unknown,-7.5336365699768066,-150.28469848632812,-0.0041623730212450027,1.5696067810058594,0,0.0025000001769512892,0.0025000001769512892,0,0,0
5,1535,unknown,-7.6653590202331543,-150.24371337890625,-0.0042144227772951126,1.5699751377105713,0,0.0025000001769512892,0.0025000001769512892,0,0,0
6,1791,unknown,-7.689176082611084,-150.32064819335938,-0.0036819519009441137,1.5697283744812012,0,0.0025000001769512892,0.0025000001769512892,0,0,0
7,2047,unknown,-7.8796091079711914,-150.22225952148438,-0.0042532095685601234,1.5712910890579224,0,0.0025000001769512892,0.0025000001769512892,0,0,0
8,2303,unknown,-7.906303882598877,-150.21931457519531,-0.003894873196259141,1.5710006952285767,0,0.0025000001769512892,0.0025000001769512892,0,0,0
