measurement_id,geometry_id,local_key,local0,local1,phi,theta,time,var_local0,var_local1,var_phi,var_theta,var_time
0,255,unknown,-87.679298400878906,344.7052001953125,0.00019959734345320612,1.5707242488861084,0,0.0025000001769512892,0.0025000001769512892,0,0,0
1,511,unknown,-87.681739807128906,344.810302734375,6.7391119955573231e-05,1.5707656145095825,0,0.0025000001769512892,0.0025000001769512892,0,0,0
2,767,unknown,-87.6781005859375,344.72412109375,0.00059911771677434444,1.5706168413162231,0,0.0025000001769512892,0.0025000001769512892,0,0,0
3,1023,unknown,-87.760116577148438,344.74148559570312,0.0018555988790467381,1.5715353488922119,0,0.0025000001769512892,0.0025000001769512892,0,0,0
4,1279,unknown,-87.625648498535156,344.73648071289062,-0.00033947877818718553,1.5714093446731567,0,0.0025000001769512892,0.0025000001769512892,0,0,0
5,1535,unknown,-87.688697814941406,344.7720947265625,-0.001150039373897016,1.5707187652587891,0,0.0025000001769512892,0.0025000001769512892,0,0,0
6,1791,unknown,-87.716110229492188,344.66748046875,-0.0010957673657685518,1.5706933736801147,0,0.0025000001769512892,0.0025000001769512892,0,0,0
7,2047,unknown,-87.789199829101562,344.7276611328125,-0.00077632698230445385,1.5716593265533447,0,0.0025000001769512892,0.0025000001769512892,0,0,0
8,2303,unknown,-87.714164733886719,344.55953979492188,-0.0011577088152989745,1.5717183351516724,0,0.0025000001769512892,0.0025000001769512892,0,0,0
