measurement_id,geometry_id,local_key,local0,local1,phi,theta,time,var_local0,var_local1,var_phi,var_theta,var_time
0,255,unknown,-181.43055725097656,-1.2842204570770264,0.00090262998128309846,1.5715264081954956,0,0.0025000001769512892,0.0025000001769512892,0,0,0
1,511,unknown,-181.37025451660156,-1.333728551864624,0.00084213679656386375,1.5716725587844849,0,0.0025000001769512892,0.0025000001769512892,0,0,0
2,767,unknown,-181.42411804199219,-1.2305169105529785,0.00078953494084998965,1.5715512037277222,0,0.0025000001769512892,0.0025000001769512892,0,0,0
3,1023,unknown,-181.49639892578125,-1.3054677248001099,0.00013689094339497387,1.5713893175125122,0,0.0025000001769512892,0.0025000001769512892,0,0,0
4,1279,unknown,-181.35890197753906,-1.3048985004425049,0.00032801431370899081,1.5713160037994385,0,0.0025000001769512892,0.0025000001769512892,0,0,0
5,1535,unknown,-181.28013610839844,-1.2850735187530518,-0.00035207526525482535,1.5728193521499634,0,0.0025000001769512892,0.0025000001769512892,0,0,0
6,1791,unknown,-181.32443237304688,-1.3570462465286255,-0.00036733763408847153,1.5715299844741821,0,0.0025000001769512892,0.0025000001769512892,0,0,0
7,2047,unknown,-181.38789367675781,-1.5228389501571655,-0.00036433304194360971,1.5715357065200806,0,0.0025000001769512892,0.0025000001769512892,0,0,0
8,2303,unknown,-181.33909606933594,-1.4113143682479858,-0.00064527010545134544,1.5713353157043457,0,0.0025000001769512892,0.0025000001769512892,0,0,0
