measurement_id,geometry_id,local_key,local0,local1,phi,theta,time,var_local0,var_local1,var_phi,var_theta,var_time
0,255,unknown,-461.91043090820312,-118.18268585205078,-4.3966469092993066e-05,1.5707559585571289,0,0.0025000001769512892,0.0025000001769512892,0,0,0
1,511,unknown,-461.94952392578125,-118.09250640869141,-0.00019732356304302812,1.5698432922363281,0,0.0025000001769512892,0.0025000001769512892,0,0,0
2,767,unknown,-462.02285766601562,-118.07461547851562,-0.00046633277088403702,1.5691739320755005,0,0.0025000001769512892,0.0025000001769512892,0,0,0
3,1023,unknown,-462.0028076171875,-118.09678649902344,-0.00089240755187347531,1.5689411163330078,0,0.0025000001769512892,0.0025000001769512892,0,0,0
4,1279,unknown,-461.82156372070312,-117.95145416259766,-0.003288530046120286,1.568071722984314,0,0.0025000001769512892,0.0025000001769512892,0,0,0
5,1535,unknown,-461.99072265625,-117.99602508544922,-0.0033467500470578671,1.5674141645431519,0,0.0025000001769512892,0.0025000001769512892,0,0,0
6,1791,unknown,-462.10888671875,-117.91591644287109,-0.0031693668570369482,1.5669956207275391,0,0.0025000001769512892,0.0025000001769512892,0,0,0
7,2047,unknown,-462.13961791992188,-117.82916259765625,-0.0032619794365018606,1.5657824277877808,0,0.0025000001769512892,0.0025000001769512892,0,0,0
8,2303,unknown,-462.3031005859375,-117.76228332519531,-0.0015146576333791018,1.565942645072937,0,0.0025000001769512892,0.0025000001769512892,0,0,0
