particle_id,geometry_id,tx,ty,tz,tt,tpx,tpy,tpz,te,deltapx,deltapy,deltapz,deltae,index
0,255,20,230.72866821289062,-226.97911071777344,0,0.99986773729324341,0.00061091361567378044,-8.7448343037976883e-06,0,0,0,0,0,0
0,511,40,230.74089050292969,-226.97921752929688,0,0.99972844123840332,0.00036272889701649547,-0.0010833623819053173,0,0,0,0,0,0
0,767,60,230.74827575683594,-227.00083923339844,0,0.99953615665435791,0.0012015993706882,-0.0020086267031729221,0,0,0,0,0,0
0,1023,80,230.77255249023438,-227.04087829589844,0,0.99942243099212646,0.0017233452526852489,-0.0033022763673216105,0,0,0,0,0,0
0,1279,100,230.80743408203125,-227.10675048828125,0,0.9992561936378479,0.0019125359831377864,-0.0031024368945509195,0,0,0,0,0,0
0,1535,120,230.84608459472656,-227.16860961914062,0,0.99908071756362915,0.0018297269707545638,-0.0031130868010222912,0,0,0,0,0,0
0,1791,140,230.88308715820312,-227.230712890625,0,0.99891114234924316,0.0018820647383108735,-0.0036455658264458179,0,0,0,0,0,0
0,2047,160,230.92120361328125,-227.30348205566406,0,0.99878275394439697,0.0019312119111418724,-0.0036241419147700071,0,0,0,0,0,0
0,2303,180,230.96031188964844,-227.37582397460938,0,0.99824362993240356,0.0024576499126851559,-0.0030603832565248013,0,0,0,0,0,0
