particle_id,particle_type,process,vx,vy,vz,vt,px,py,pz,m,q
0,0,0,0,-297.5111083984375,67.359954833984375,0,1,0,-4.3711388286737929e-08,0,-1
