particle_id,geometry_id,tx,ty,tz,tt,tpx,tpy,tpz,te,deltapx,deltapy,deltapz,deltae,index
0,255,20,382.68746948242188,8.7513599395751953,0,0.99981087446212769,8.7573811470065266e-05,0.00021711454610340297,0,0,0,0,0,0
0,511,40,382.689208984375,8.7557134628295898,0,0.99966537952423096,0.00017493098857812583,-0.00020966267038602382,0,0,0,0,0,0
0,767,60,382.6927490234375,8.7515401840209961,0,0.99945068359375,0.00015913887182250619,-0.001158479368314147,0,0,0,0,0,0
0,1023,80,382.69607543945312,8.7283773422241211,0,0.99929940700531006,0.00078479869989678264,0.00093497504713013768,0,0,0,0,0,0
0,1279,100,382.711669921875,8.7471837997436523,0,0.99914425611495972,0.00098983815405517817,0.0010470292763784528,0,0,0,0,0,0
0,1535,120,382.73135375976562,8.7682609558105469,0,0.99899888038635254,0.0027835257351398468,0.0016032719286158681,0,0,0,0,0,0
0,1791,140,382.78689575195312,8.8006925582885742,0,0.99882864952087402,0.0015934782568365335,0.0020667728967964649,0,0,0,0,0,0
0,2047,160,382.81854248046875,8.8422670364379883,0,0.99868988990783691,0.0011606646003201604,0.0025442473124712706,0,0,0,0,0,0
0,2303,180,382.84149169921875,8.8933572769165039,0,0.99853324890136719,0.0015289334114640951,0.0038466968107968569,0,0,0,0,0,0
