particle_id,geometry_id,tx,ty,tz,tt,tpx,tpy,tpz,te,deltapx,deltapy,deltapz,deltae,index
0,255,20,12.40015697479248,481.76522827148438,0,0.99985665082931519,-0.0004936333280056715,0.00064311752794310451,0,0,0,0,0,0
0,511,40,12.390206336975098,481.77804565429688,0,0.99955755472183228,0.00030901114223524928,0.0013143729884177446,0,0,0,0,0,0
0,767,60,12.396231651306152,481.80438232421875,0,0.99944466352462769,0.00036831782199442387,0.0015055687399581075,0,0,0,0,0,0
0,1023,80,12.403421401977539,481.83456420898438,0,0.99927937984466553,0.0010618555825203657,0.0010838611051440239,0,0,0,0,0,0
0,1279,100,12.424543380737305,481.85638427734375,0,0.9991157054901123,0.00034357159165665507,0.001064030802808702,0,0,0,0,0,0
0,1535,120,12.431292533874512,481.87771606445312,0,0.99899744987487793,0.00045728497207164764,0.00088265008525922894,0,0,0,0,0,0
0,1791,140,12.440340995788574,481.89544677734375,0,0.99885290861129761,0.00040439018630422652,0.00083501235349103808,0,0,0,0,0,0
0,2047,160,12.448337554931641,481.91220092773438,0,0.99869638681411743,0.00064142432529479265,0.0016812372487038374,0,0,0,0,0,0
0,2303,180,12.460980415344238,481.94595336914062,0,0.99852204322814941,0.0004806226643268019,0.0019316280959174037,0,0,0,0,0,0
