particle_id,particle_type,process,vx,vy,vz,vt,px,py,pz,m,q
0,0,0,0,158.85536193847656,-169.70887756347656,0,1,0,-4.3711388286737929e-08,0,-1
