measurement_id,geometry_id,local_key,local0,local1,phi,theta,time,var_local0,var_local1,var_phi,var_theta,var_time
0,255,unknown,-126.0238037109375,235.70393371582031,0.00064397841924801469,1.5711807012557983,0,0.0025000001769512892,0.0025000001769512892,0,0,0
1,511,unknown,-125.85143280029297,235.61383056640625,-0.00099258730188012123,1.5710670948028564,0,0.0025000001769512892,0.0025000001769512892,0,0,0
2,767,unknown,-125.84297180175781,235.64634704589844,-0.00040582890505902469,1.5712591409683228,0,0.0025000001769512892,0.0025000001769512892,0,0,0
3,1023,unknown,-126.05156707763672,235.74906921386719,-0.00077576807234436274,1.5708608627319336,0,0.0025000001769512892,0.0025000001769512892,0,0,0
4,1279,unknown,-125.91011810302734,235.67071533203125,-0.00067050714278593659,1.5712890625,0,0.0025000001769512892,0.0025000001769512892,0,0,0
5,1535,unknown,-125.9765625,235.64926147460938,-0.00049007020425051451,1.5720161199569702,0,0.0025000001769512892,0.0025000001769512892,0,0,0
6,1791,unknown,-125.98820495605469,235.70004272460938,-0.0019493381259962916,1.5731403827667236,0,0.0025000001769512892,0.0025000001769512892,0,0,0
7,2047,unknown,-125.97572326660156,235.66694641113281,-0.0043511195108294487,1.5706900358200073,0,0.0025000001769512892,0.0025000001769512892,0,0,0
8,2303,unknown,-126.0404052734375,235.50570678710938,-0.0043910518288612366,1.5706919431686401,0,0.0025000001769512892,0.0025000001769512892,0,0,0
