particle_id,geometry_id,tx,ty,tz,tt,tpx,tpy,tpz,te,deltapx,deltapy,deltapz,deltae,index
0,255,20,-248.9388427734375,107.40464019775391,0,0.99981921911239624,0.0004190956533420831,-0.0011210049269720912,0,0,0,0,0,0
0,511,40,-248.93032836914062,107.38226318359375,0,0.9996916651725769,0.0010966595727950335,-0.0010417317971587181,0,0,0,0,0,0
0,767,60,-248.90826416015625,107.36155700683594,0,0.99915456771850586,0.00118461181409657,-0.001080359099432826,0,0,0,0,0,0
0,1023,80,-248.88442993164062,107.34007263183594,0,0.99897795915603638,0.0011963731376454234,-0.0010409882524982095,0,0,0,0,0,0
0,1279,100,-248.8603515625,107.31937408447266,0,0.99880599975585938,0.0015578604070469737,-0.0028777844272553921,0,0,0,0,0,0
0,1535,120,-248.82881164550781,107.26194000244141,0,0.99865663051605225,-0.0002407859283266589,-0.0030367588624358177,0,0,0,0,0,0
0,1791,140,-248.83326721191406,107.20109558105469,0,0.9984973669052124,-0.00095911649987101555,-0.0023489901795983315,0,0,0,0,0,0
0,2047,160,-248.85218811035156,107.1539306640625,0,0.99836957454681396,-0.00087497819913551211,-0.0026594395749270916,0,0,0,0,0,0
0,2303,180,-248.86940002441406,107.10054779052734,0,0.99820780754089355,-0.0013068588450551033,-0.0025898725725710392,0,0,0,0,0,0
