particle_id,particle_type,process,vx,vy,vz,vt,px,py,pz,m,q
0,0,0,0,-7.434319019317627,-150.32415771484375,0,1,0,-4.3711388286737929e-08,0,-1
