particle_id,geometry_id,tx,ty,tz,tt,tpx,tpy,tpz,te,deltapx,deltapy,deltapz,deltae,index
0,255,20,-25.607820510864258,52.475101470947266,0,0.99982470273971558,-0.0011562892468646169,-0.0010491410503163934,0,0,0,0,0,0
0,511,40,-25.630823135375977,52.453975677490234,0,0.99969214200973511,-0.0011765382951125503,-0.0012265695258975029,0,0,0,0,0,0
0,767,60,-25.654212951660156,52.429294586181641,0,0.99944180250167847,-0.0017051397589966655,-0.0019488668767735362,0,0,0,0,0,0
0,1023,80,-25.688100814819336,52.390090942382812,0,0.99931514263153076,-0.001235125819221139,-0.0026567175518721342,0,0,0,0,0,0
0,1279,100,-25.712501525878906,52.336772918701172,0,0.99919462203979492,-0.00084041192894801497,-0.0024727222044020891,0,0,0,0,0,0
0,1535,120,-25.729026794433594,52.287178039550781,0,0.99904686212539673,-0.0024000878911465406,-0.0024870117194950581,0,0,0,0,0,0
0,1791,140,-25.776773452758789,52.237102508544922,0,0.99860024452209473,-0.0025102733634412289,-0.0039413333870470524,0,0,0,0,0,0
0,2047,160,-25.826574325561523,52.157863616943359,0,0.99847817420959473,-0.0019910528790205717,-0.0042941281571984291,0,0,0,0,0,0
0,2303,180,-25.865938186645508,52.071613311767578,0,0.99834150075912476,-0.0024275763425976038,-0.004725567065179348,0,0,0,0,0,0
