measurement_id,geometry_id,local_key,local0,local1,phi,theta,time,var_local0,var_local1,var_phi,var_theta,var_time
0,255,unknown,155.86787414550781,65.010200500488281,0.00012554264685604721,1.5719460248947144,0,0.0025000001769512892,0.0025000001769512892,0,0,0
1,511,unknown,155.85906982421875,64.999252319335938,0.00032412982545793056,1.571425199508667,0,0.0025000001769512892,0.0025000001769512892,0,0,0
2,767,unknown,155.75309753417969,65.044387817382812,-8.0090430856216699e-05,1.5704727172851562,0,0.0025000001769512892,0.0025000001769512892,0,0,0
3,1023,unknown,155.76622009277344,64.945259094238281,-0.0010102244559675455,1.5706928968429565,0,0.0025000001769512892,0.0025000001769512892,0,0,0
4,1279,unknown,155.82618713378906,65.018966674804688,-0.0013237560633569956,1.5713300704956055,0,0.0025000001769512892,0.0025000001769512892,0,0,0
5,1535,unknown,155.73271179199219,64.915802001953125,-0.0018194366712123156,1.5726795196533203,0,0.0025000001769512892,0.0025000001769512892,0,0,0
6,1791,unknown,155.7681884765625,64.964157104492188,-0.002228899160400033,1.5731731653213501,0,0.0025000001769512892,0.0025000001769512892,0,0,0
7,2047,unknown,155.70501708984375,64.924835205078125,-0.0023948496673256159,1.573346734046936,0,0.0025000001769512892,0.0025000001769512892,0,0,0
8,2303,unknown,155.63613891601562,64.829559326171875,-0.0025303945876657963,1.573493480682373,0,0.0025000001769512892,0.0025000001769512892,0,0,0
