particle_id,particle_type,process,vx,vy,vz,vt,px,py,pz,m,q
0,0,0,0,-180.24354553222656,37.090457916259766,0,1,0,-4.3711388286737929e-08,0,-1
