particle_id,geometry_id,tx,ty,tz,tt,tpx,tpy,tpz,te,deltapx,deltapy,deltapz,deltae,index
0,255,20,-1.8674595355987549,-364.32992553710938,0,0.99981909990310669,2.927979949163273e-05,6.3840911025181413e-05,0,0,0,0,0,0
0,511,40,-1.8668814897537231,-364.32864379882812,0,0.99967890977859497,-0.00031928293174132705,9.4935603556223214e-05,0,0,0,0,0,0
0,767,60,-1.87328040599823,-364.3267822265625,0,0.999534010887146,-0.00032235198887065053,0.00032953560003079474,0,0,0,0,0,0
0,1023,80,-1.8797698020935059,-364.32022094726562,0,0.99935019016265869,-0.00074563163798302412,0.00023440782388206571,0,0,0,0,0,0
0,1279,100,-1.8947199583053589,-364.31561279296875,0,0.99905520677566528,-0.0014202183810994029,0.00126012007240206,0,0,0,0,0,0
0,1535,120,-1.9233019351959229,-364.29055786132812,0,0.99887049198150635,-0.0013347422936931252,0.00068487436510622501,0,0,0,0,0,0
0,1791,140,-1.9501086473464966,-364.27700805664062,0,0.99869316816329956,-0.00077388336649164557,0.00091750221326947212,0,0,0,0,0,0
0,2047,160,-1.9657164812088013,-364.25872802734375,0,0.99808549880981445,-0.0010022206697613001,0.00083556096069514751,0,0,0,0,0,0
0,2303,180,-1.9858994483947754,-364.24209594726562,0,0.9978136420249939,-0.0035695659462362528,0.0023745482321828604,0,0,0,0,0,0
