particle_id,geometry_id,tx,ty,tz,tt,tpx,tpy,tpz,te,deltapx,deltapy,deltapz,deltae,index
0,255,20,-115.9051513671875,-224.96774291992188,0,0.99988210201263428,0.00013764608593191952,-6.9534529757220298e-05,0,0,0,0,0,0
0,511,40,-115.90238952636719,-224.9691162109375,0,0.99975031614303589,-0.00015409925254061818,0.00081466772826388478,0,0,0,0,0,0
0,767,60,-115.90557098388672,-224.95283508300781,0,0.99960601329803467,-0.00048566868645139039,0.0016578633803874254,0,0,0,0,0,0
0,1023,80,-115.91548919677734,-224.91972351074219,0,0.99942934513092041,-0.00049298506928607821,0.0016417246079072356,0,0,0,0,0,0
0,1279,100,-115.92555236816406,-224.88693237304688,0,0.99915558099746704,-0.00041871826397255063,0.0021399843972176313,0,0,0,0,0,0
0,1535,120,-115.93418884277344,-224.84414672851562,0,0.99901986122131348,-0.00051618559518828988,0.001372616970911622,0,0,0,0,0,0
0,1791,140,-115.94468688964844,-224.81672668457031,0,0.99877256155014038,-0.0021354067139327526,0.00015545292990282178,0,0,0,0,0,0
0,2047,160,-115.98746490478516,-224.81387329101562,0,0.99863505363464355,-0.0033105972688645124,-0.0010409930255264044,0,0,0,0,0,0
0,2303,180,-116.05364227294922,-224.83511352539062,0,0.99848008155822754,-0.0039622420445084572,-0.00051282078493386507,0,0,0,0,0,0
