particle_id,particle_type,process,vx,vy,vz,vt,px,py,pz,m,q
0,0,0,0,-151.71549987792969,-345.97314453125,0,1,0,-4.3711388286737929e-08,0,-1
