particle_id,geometry_id,tx,ty,tz,tt,tpx,tpy,tpz,te,deltapx,deltapy,deltapz,deltae,index
0,255,20,285.23696899414062,6.444340705871582,0,0.99984228610992432,4.5853994379285723e-05,0.0006527627119794488,0,0,0,0,0,0
0,511,40,285.23779296875,6.4574031829833984,0,0.99967223405838013,0.0022411965765058994,0.00094199948944151402,0,0,0,0,0,0
0,767,60,285.28253173828125,6.4765176773071289,0,0.99948543310165405,0.0027324471157044172,0.00021347023721318692,0,0,0,0,0,0
0,1023,80,285.33718872070312,6.4811172485351562,0,0.99925047159194946,0.0023174036759883165,0.0015833041397854686,0,0,0,0,0,0
0,1279,100,285.38339233398438,6.5130844116210938,0,0.99902468919754028,0.0019126295810565352,0.0030924603343009949,0,0,0,0,0,0
0,1535,120,285.42129516601562,6.5752224922180176,0,0.99887323379516602,0.0022887850645929575,0.0032970437314361334,0,0,0,0,0,0
0,1791,140,285.46673583984375,6.6415114402770996,0,0.99872338771820068,0.0018191395793110132,0.0031064096838235855,0,0,0,0,0,0
0,2047,160,285.50277709960938,6.7039361000061035,0,0.99850398302078247,0.0015422685537487268,0.0025294916704297066,0,0,0,0,0,0
0,2303,180,285.53335571289062,6.7547860145568848,0,0.99833780527114868,0.0010398797458037734,0.0035515036433935165,0,0,0,0,0,0
