particle_id,particle_type,process,vx,vy,vz,vt,px,py,pz,m,q
0,0,0,0,-14.935055732727051,-266.03787231445312,0,1,0,-4.3711388286737929e-08,0,-1
