particle_id,geometry_id,tx,ty,tz,tt,tpx,tpy,tpz,te,deltapx,deltapy,deltapz,deltae,index
0,255,20,-193.49861145019531,417.47293090820312,0,0.99973857402801514,-0.00018714735051617026,0.00041028659325093031,0,0,0,0,0,0
0,511,40,-193.50241088867188,417.48110961914062,0,0.99957418441772461,-0.0003582076751627028,0.00017917074728757143,0,0,0,0,0,0
0,767,60,-193.50959777832031,417.48464965820312,0,0.99906843900680542,-0.00098844408057630062,8.3801525761373341e-05,0,0,0,0,0,0
0,1023,80,-193.52938842773438,417.4862060546875,0,0.99892765283584595,-0.00037422089371830225,-0.00088255666196346283,0,0,0,0,0,0
0,1279,100,-193.53677368164062,417.468505859375,0,0.99692976474761963,-0.00039063396980054677,-0.00017759545880835503,0,0,0,0,0,0
0,1535,120,-193.54458618164062,417.46490478515625,0,0.99679368734359741,-0.00015788654854986817,0.00019447633530944586,0,0,0,0,0,0
0,1791,140,-193.54777526855469,417.46878051757812,0,0.99665480852127075,0.00031072288402356207,2.332645181013504e-06,0,0,0,0,0,0
0,2047,160,-193.54153442382812,417.4688720703125,0,0.99644237756729126,2.7362919354345649e-05,-0.00098655489273369312,0,0,0,0,0,0
0,2303,180,-193.54086303710938,417.44906616210938,0,0.99629217386245728,0.00080985721433535218,-0.0017579206032678485,0,0,0,0,0,0
