particle_id,geometry_id,tx,ty,tz,tt,tpx,tpy,tpz,te,deltapx,deltapy,deltapz,deltae,index
0,255,20,286.4765625,56.723331451416016,0,0.99976545572280884,0.00060646148631349206,-0.0011367958504706621,0,0,0,0,0,0
0,511,40,286.48883056640625,56.700664520263672,0,0.99957597255706787,0.00040071987314149737,-0.00051695440197363496,0,0,0,0,0,0
0,767,60,286.49691772460938,56.69036865234375,0,0.99936413764953613,-0.00012479486758820713,0.00029373951838351786,0,0,0,0,0,0
0,1023,80,286.494384765625,56.696231842041016,0,0.99912726879119873,-9.116232831729576e-05,0.00036644321517087519,0,0,0,0,0,0
0,1279,100,286.49252319335938,56.703556060791016,0,0.99899822473526001,1.0814703273354098e-05,0.00013690967170987278,0,0,0,0,0,0
0,1535,120,286.49273681640625,56.706298828125,0,0.99857771396636963,0.00027569671510718763,0.00025339197600260377,0,0,0,0,0,0
0,1791,140,286.49822998046875,56.711406707763672,0,0.99831277132034302,-6.7172040871810168e-05,0.00029402552172541618,0,0,0,0,0,0
0,2047,160,286.49685668945312,56.717288970947266,0,0.99812769889831543,0.00025956361787393689,-0.0008172403322532773,0,0,0,0,0,0
0,2303,180,286.50216674804688,56.700946807861328,0,0.9978407621383667,0.0011221677996218204,-0.0011600636644288898,0,0,0,0,0,0
