particle_id,particle_type,process,vx,vy,vz,vt,px,py,pz,m,q
0,0,0,0,181.03378295898438,-269.71102905273438,0,1,0,-4.3711388286737929e-08,0,-1
