measurement_id,geometry_id,local_key,local0,local1,phi,theta,time,var_local0,var_local1,var_phi,var_theta,var_time
0,255,unknown,22.31988525390625,-174.71566772460938,-0.00088249449618160725,1.5711926221847534,0,0.0025000001769512892,0.0025000001769512892,0,0,0
1,511,unknown,22.302698135375977,-174.81036376953125,-0.00068979425122961402,1.570294976234436,0,0.0025000001769512892,0.0025000001769512892,0,0,0
2,767,unknown,22.244985580444336,-174.74148559570312,-0.0016723826993256807,1.5714243650436401,0,0.0025000001769512892,0.0025000001769512892,0,0,0
3,1023,unknown,22.361970901489258,-174.79096984863281,-0.001575607224367559,1.5720089673995972,0,0.0025000001769512892,0.0025000001769512892,0,0,0
4,1279,unknown,22.236495971679688,-174.84515380859375,-0.00031432777177542448,1.5709848403930664,0,0.0025000001769512892,0.0025000001769512892,0,0,0
5,1535,unknown,22.238880157470703,-174.85577392578125,-0.00041999947279691696,1.5710539817810059,0,0.0025000001769512892,0.0025000001769512892,0,0,0
6,1791,unknown,22.123918533325195,-174.83029174804688,2.4503775421180762e-05,1.5699483156204224,0,0.0025000001769512892,0.0025000001769512892,0,0,0
7,2047,unknown,22.213584899902344,-174.78125,-3.5677949199452996e-05,1.5691317319869995,0,0.0025000001769512892,0.0025000001769512892,0,0,0
8,2303,unknown,22.165412902832031,-174.82481384277344,0.00023075226636137813,1.5690939426422119,0,0.0025000001769512892,0.0025000001769512892,0,0,0
