particle_id,geometry_id,tx,ty,tz,tt,tpx,tpy,tpz,te,deltapx,deltapy,deltapz,deltae,index
0,255,20,-40.657825469970703,-178.50028991699219,0,0.99980032444000244,0.00042299917549826205,0.00058146240189671516,0,0,0,0,0,0
0,511,40,-40.649433135986328,-178.48860168457031,0,0.99955809116363525,0.00037142875953577459,0.0008235670393332839,0,0,0,0,0,0
0,767,60,-40.642101287841797,-178.47207641601562,0,0.99938714504241943,-0.0016786943888291717,0.0022346014156937599,0,0,0,0,0,0
0,1023,80,-40.67596435546875,-178.42756652832031,0,0.99920511245727539,-0.0016112925950437784,0.0032274993136525154,0,0,0,0,0,0
0,1279,100,-40.708602905273438,-178.3631591796875,0,0.99907678365707397,-0.003350541926920414,0.0032976064831018448,0,0,0,0,0,0
0,1535,120,-40.776069641113281,-178.29754638671875,0,0.99890971183776855,-0.0040539996698498726,0.0021785339340567589,0,0,0,0,0,0
0,1791,140,-40.857498168945312,-178.25440979003906,0,0.99872738122940063,-0.0034733950160443783,0.0027875946834683418,0,0,0,0,0,0
0,2047,160,-40.927387237548828,-178.19900512695312,0,0.99842250347137451,-0.0034645989071577787,0.0027510367799550295,0,0,0,0,0,0
0,2303,180,-40.997116088867188,-178.14431762695312,0,0.99826282262802124,-0.0046250480227172375,0.0026080424431711435,0,0,0,0,0,0
