particle_id,geometry_id,tx,ty,tz,tt,tpx,tpy,tpz,te,deltapx,deltapy,deltapz,deltae,index
0,255,20,96.999038696289062,178.18312072753906,0,0.99988847970962524,0.00012215411697980016,0.00039187274524010718,0,0,0,0,0,0
0,511,40,97.001434326171875,178.19097900390625,0,0.99974989891052246,4.6625886170659214e-05,0.0012476468691602349,0,0,0,0,0,0
0,767,60,97.002220153808594,178.2159423828125,0,0.99958896636962891,0.00039139305590651929,-0.00067973416298627853,0,0,0,0,0,0
0,1023,80,97.0101318359375,178.202392578125,0,0.99939584732055664,0.00063860591035336256,-0.00062849296955391765,0,0,0,0,0,0
0,1279,100,97.022987365722656,178.18989562988281,0,0.99921596050262451,0.001122970599681139,0.00042019726242870092,0,0,0,0,0,0
0,1535,120,97.04541015625,178.19844055175781,0,0.99902141094207764,0.00091568817151710391,-0.0016368549549952149,0,0,0,0,0,0
0,1791,140,97.063934326171875,178.16578674316406,0,0.99886834621429443,0.00047846109373494983,-0.0014108381001278758,0,0,0,0,0,0
0,2047,160,97.073684692382812,178.13760375976562,0,0.99874389171600342,0.00066094048088416457,-0.0021153783891350031,0,0,0,0,0,0
0,2303,180,97.087173461914062,178.09532165527344,0,0.99861288070678711,0.0014123802538961172,-0.002269265241920948,0,0,0,0,0,0
