particle_id,geometry_id,tx,ty,tz,tt,tpx,tpy,tpz,te,deltapx,deltapy,deltapz,deltae,index
0,255,20,-125.33145141601562,13.985212326049805,0,0.99959540367126465,0.0004103745159227401,-8.488637104164809e-05,0,0,0,0,0,0
0,511,40,-125.32322692871094,13.983563423156738,0,0.99941486120223999,0.00032613301300443709,7.1678317908663303e-05,0,0,0,0,0,0
0,767,60,-125.31671142578125,13.985036849975586,0,0.99921542406082153,-0.00013100432988721877,-0.00026936442009173334,0,0,0,0,0,0
0,1023,80,-125.31929779052734,13.979629516601562,0,0.99907028675079346,-0.001301084877923131,0.00097989954520016909,0,0,0,0,0,0
0,1279,100,-125.345458984375,13.999089241027832,0,0.99891799688339233,-0.0021071068476885557,0.00010462815407663584,0,0,0,0,0,0
0,1535,120,-125.38765716552734,14.000930786132812,0,0.99879193305969238,-0.0030844211578369141,-0.00095304695423692465,0,0,0,0,0,0
0,1791,140,-125.44930267333984,13.981476783752441,0,0.99852222204208374,-0.0031066387891769409,-0.0013121528318151832,0,0,0,0,0,0
0,2047,160,-125.51136779785156,13.954821586608887,0,0.99740630388259888,-0.004992164671421051,-0.00065209995955228806,0,0,0,0,0,0
0,2303,180,-125.61138916015625,13.941143989562988,0,0.99707567691802979,-0.005124368704855442,-0.0010800265008583665,0,0,0,0,0,0
