particle_id,geometry_id,tx,ty,tz,tt,tpx,tpy,tpz,te,deltapx,deltapy,deltapz,deltae,index
0,255,20,-228.04093933105469,157.38713073730469,0,0.99971723556518555,-0.00037574846646748483,0.00016739800048526376,0,0,0,0,0,0
0,511,40,-228.04847717285156,157.39044189453125,0,0.99956172704696655,-0.00038545537972822785,0.00029248688952066004,0,0,0,0,0,0
0,767,60,-228.05622863769531,157.396240234375,0,0.99940794706344604,-0.001362374983727932,0.0023715381976217031,0,0,0,0,0,0
0,1023,80,-228.08377075195312,157.44352722167969,0,0.99923819303512573,-0.0010409705573692918,0.0021253915037959814,0,0,0,0,0,0
0,1279,100,-228.1048583984375,157.48594665527344,0,0.99901014566421509,-0.0011321394704282284,0.0025790047366172075,0,0,0,0,0,0
0,1535,120,-228.12783813476562,157.53744506835938,0,0.99886965751647949,-0.0021630383562296629,0.0017430944135412574,0,0,0,0,0,0
0,1791,140,-228.17135620117188,157.57208251953125,0,0.99869418144226074,-0.0022424452472478151,0.0014594394015148282,0,0,0,0,0,0
0,2047,160,-228.2164306640625,157.60104370117188,0,0.99851179122924805,-0.0023939209058880806,0.0014898838708177209,0,0,0,0,0,0
0,2303,180,-228.26455688476562,157.63059997558594,0,0.99834418296813965,-0.0033566372003406286,0.0032042618840932846,0,0,0,0,0,0
