measurement_id,geometry_id,local_key,local0,local1,phi,theta,time,var_local0,var_local1,var_phi,var_theta,var_time
0,255,unknown,-455.82095336914062,165.67237854003906,0.0001785883359843865,1.5708962678909302,0,0.0025000001769512892,0.0025000001769512892,0,0,0
1,511,unknown,-455.8306884765625,165.62953186035156,-0.00049526954535394907,1.5682128667831421,0,0.0025000001769512892,0.0025000001769512892,0,0,0
2,767,unknown,-455.8280029296875,165.66035461425781,-0.00016065927047748119,1.5685181617736816,0,0.0025000001769512892,0.0025000001769512892,0,0,0
3,1023,unknown,-455.891845703125,165.63609313964844,-0.00030419233371503651,1.5688009262084961,0,0.0025000001769512892,0.0025000001769512892,0,0,0
4,1279,unknown,-455.86209106445312,165.72897338867188,-5.1523216825444251e-05,1.5686432123184204,0,0.0025000001769512892,0.0025000001769512892,0,0,0
5,1535,unknown,-455.9134521484375,165.80734252929688,-0.00051595928380265832,1.5703152418136597,0,0.0025000001769512892,0.0025000001769512892,0,0,0
6,1791,unknown,-455.8594970703125,165.7392578125,-0.00085651193512603641,1.5704435110092163,0,0.0025000001769512892,0.0025000001769512892,0,0,0
7,2047,unknown,-455.88674926757812,165.7811279296875,-0.0017783083021640778,1.572309136390686,0,0.0025000001769512892,0.0025000001769512892,0,0,0
8,2303,unknown,-455.9111328125,165.74073791503906,-0.0018982210895046592,1.5732612609863281,0,0.0025000001769512892,0.0025000001769512892,0,0,0
