particle_id,geometry_id,tx,ty,tz,tt,tpx,tpy,tpz,te,deltapx,deltapy,deltapz,deltae,index
0,255,20,-219.6302490234375,-38.931949615478516,0,0.99852800369262695,0.00070303701795637608,0.001365037402138114,0,0,0,0,0,0
0,511,40,-219.6163330078125,-38.904525756835938,0,0.9983641505241394,-0.00092713360209017992,0.0016444978537037969,0,0,0,0,0,0
0,767,60,-219.63510131835938,-38.871692657470703,0,0.99816560745239258,-9.3860056949779391e-05,0.0019349842332303524,0,0,0,0,0,0
0,1023,80,-219.63722229003906,-38.832935333251953,0,0.99799442291259766,-0.000238860520767048,0.0024584808852523565,0,0,0,0,0,0
0,1279,100,-219.64230346679688,-38.783695220947266,0,0.99775481224060059,-0.00097586441552266479,0.0028000890742987394,0,0,0,0,0,0
0,1535,120,-219.66220092773438,-38.727687835693359,0,0.99742484092712402,-0.0014224235201254487,0.0026332945562899113,0,0,0,0,0,0
0,1791,140,-219.6910400390625,-38.675060272216797,0,0.99729794263839722,-0.00084231706568971276,0.0029377872124314308,0,0,0,0,0,0
0,2047,160,-219.70828247070312,-38.616249084472656,0,0.99673449993133545,-0.0005693299463018775,0.0025374824181199074,0,0,0,0,0,0
0,2303,180,-219.72001647949219,-38.565402984619141,0,0.99658298492431641,0.00027200899785384536,0.0032907824497669935,0,0,0,0,0,0
