measurement_id,geometry_id,local_key,local0,local1,phi,theta,time,var_local0,var_local1,var_phi,var_theta,var_time
0,255,unknown,-396.701416015625,550.8724365234375,0.00044891689321957529,1.5734868049621582,0,0.0025000001769512892,0.0025000001769512892,0,0,0
1,511,unknown,-396.68533325195312,550.827880859375,7.7860990131739527e-05,1.5709811449050903,0,0.0025000001769512892,0.0025000001769512892,0,0,0
2,767,unknown,-396.6873779296875,550.6661376953125,0.00034258989035151899,1.5719631910324097,0,0.0025000001769512892,0.0025000001769512892,0,0,0
3,1023,unknown,-396.58547973632812,550.7208251953125,-0.00034447875805199146,1.5709837675094604,0,0.0025000001769512892,0.0025000001769512892,0,0,0
4,1279,unknown,-396.6474609375,550.762451171875,-0.0016702772118151188,1.571332573890686,0,0.0025000001769512892,0.0025000001769512892,0,0,0
5,1535,unknown,-396.73110961914062,550.84088134765625,-0.0019043346401304007,1.5722965002059937,0,0.0025000001769512892,0.0025000001769512892,0,0,0
6,1791,unknown,-396.78302001953125,550.73040771484375,-0.0016494643641635776,1.5726615190505981,0,0.0025000001769512892,0.0025000001769512892,0,0,0
7,2047,unknown,-396.71871948242188,550.6981201171875,-0.0015262835659086704,1.572706937789917,0,0.0025000001769512892,0.0025000001769512892,0,0,0
8,2303,unknown,-396.84622192382812,550.63726806640625,-0.0020513322670012712,1.57133948802948,0,0.0025000001769512892,0.0025000001769512892,0,0,0
