particle_id,geometry_id,tx,ty,tz,tt,tpx,tpy,tpz,te,deltapx,deltapy,deltapz,deltae,index
0,255,20,-147.2825927734375,143.04666137695312,0,0.99983322620391846,-0.00041264868923462927,-0.00025975744938477874,0,0,0,0,0,0
0,511,40,-147.29081726074219,143.04141235351562,0,0.99967795610427856,0.0010383989429101348,0.0016958799678832293,0,0,0,0,0,0
0,767,60,-147.27024841308594,143.07546997070312,0,0.99950546026229858,0.00089045404456555843,0.0019008838571608067,0,0,0,0,0,0
0,1023,80,-147.25265502929688,143.11361694335938,0,0.99928116798400879,0.00036875478690490127,0.0022345997858792543,0,0,0,0,0,0
0,1279,100,-147.24554443359375,143.15838623046875,0,0.99617522954940796,-0.0011358853662386537,0.00086958793690428138,0,0,0,0,0,0
0,1535,120,-147.26844787597656,143.17570495605469,0,0.99604076147079468,-0.0016765159089118242,0.00038537834188900888,0,0,0,0,0,0
0,1791,140,-147.30215454101562,143.18324279785156,0,0.99590826034545898,-0.0021605263464152813,0.00055866129696369171,0,0,0,0,0,0
0,2047,160,-147.34561157226562,143.19419860839844,0,0.99577397108078003,-0.0016724057495594025,0.0012822159333154559,0,0,0,0,0,0
0,2303,180,-147.37934875488281,143.21974182128906,0,0.99554431438446045,0.00026262816390953958,8.6116808233782649e-05,0,0,0,0,0,0
