particle_id,geometry_id,tx,ty,tz,tt,tpx,tpy,tpz,te,deltapx,deltapy,deltapz,deltae,index
0,255,20,-386.20187377929688,28.028900146484375,0,0.99982154369354248,0.0002140712458640337,-0.001806578366085887,0,0,0,0,0,0
0,511,40,-386.1973876953125,27.992788314819336,0,0.99960821866989136,0.00078081351239234209,-0.0026545163709670305,0,0,0,0,0,0
0,767,60,-386.18145751953125,27.93977165222168,0,0.99944382905960083,0.0015726616838946939,-0.00025226973230019212,0,0,0,0,0,0
0,1023,80,-386.14996337890625,27.934911727905273,0,0.99928587675094604,0.0014349524863064289,-0.00030774172046221793,0,0,0,0,0,0
0,1279,100,-386.1212158203125,27.928924560546875,0,0.99914669990539551,-0.00012016441905871034,0.00052569719264283776,0,0,0,0,0,0
0,1535,120,-386.12368774414062,27.939432144165039,0,0.99892181158065796,0.00020735520229209214,0.00054689438547939062,0,0,0,0,0,0
0,1791,140,-386.11959838867188,27.950407028198242,0,0.99878501892089844,-8.1783735367935151e-05,0.00026582728605717421,0,0,0,0,0,0
0,2047,160,-386.12127685546875,27.955720901489258,0,0.99858230352401733,-2.9685725166928023e-05,0.00025910706608556211,0,0,0,0,0,0
0,2303,180,-386.12191772460938,27.960906982421875,0,0.99841004610061646,0.0011986594181507826,0.00092605000827461481,0,0,0,0,0,0
