measurement_id,geometry_id,local_key,local0,local1,phi,theta,time,var_local0,var_local1,var_phi,var_theta,var_time
0,255,unknown,142.46046447753906,42.296817779541016,0.00030853351927362382,1.5709787607192993,0,0.0025000001769512892,0.0025000001769512892,0,0,0
1,511,unknown,142.48828125,42.321468353271484,0.00029168135370127857,1.5707731246948242,0,0.0025000001769512892,0.0025000001769512892,0,0,0
2,767,unknown,142.48260498046875,42.250759124755859,0.00026791277923621237,1.5705382823944092,0,0.0025000001769512892,0.0025000001769512892,0,0,0
3,1023,unknown,142.47544860839844,42.280330657958984,-0.00039542160811834037,1.572757363319397,0,0.0025000001769512892,0.0025000001769512892,0,0,0
4,1279,unknown,142.47332763671875,42.283096313476562,2.8001848477288149e-05,1.5716341733932495,0,0.0025000001769512892,0.0025000001769512892,0,0,0
5,1535,unknown,142.43829345703125,42.242755889892578,3.6747347621712834e-05,1.5720729827880859,0,0.0025000001769512892,0.0025000001769512892,0,0,0
6,1791,unknown,142.44143676757812,42.194236755371094,-0.00025173509493470192,1.5717324018478394,0,0.0025000001769512892,0.0025000001769512892,0,0,0
7,2047,unknown,142.43771362304688,42.149436950683594,0.00013771942758467048,1.5702528953552246,0,0.0025000001769512892,0.0025000001769512892,0,0,0
8,2303,unknown,142.45191955566406,42.139610290527344,0.00095244642579928041,1.5703332424163818,0,0.0025000001769512892,0.0025000001769512892,0,0,0
