measurement_id,geometry_id,local_key,local0,local1,phi,theta,time,var_local0,var_local1,var_phi,var_theta,var_time
0,255,unknown,17.685365676879883,350.00057983398438,-0.00010742110316641629,1.5702149868011475,0,0.0025000001769512892,0.0025000001769512892,0,0,0
1,511,unknown,17.668483734130859,350.04763793945312,0.0013303876621648669,1.5708094835281372,0,0.0025000001769512892,0.0025000001769512892,0,0,0
2,767,unknown,17.692237854003906,350.04568481445312,0.00069282349431887269,1.5705927610397339,0,0.0025000001769512892,0.0025000001769512892,0,0,0
3,1023,unknown,17.70667839050293,350.00894165039062,0.00077935663284733891,1.5698556900024414,0,0.0025000001769512892,0.0025000001769512892,0,0,0
4,1279,unknown,17.766717910766602,350.07870483398438,0.00098903069738298655,1.5696951150894165,0,0.0025000001769512892,0.0025000001769512892,0,0,0
5,1535,unknown,17.83207893371582,350.12966918945312,0.00018102362810168415,1.5685720443725586,0,0.0025000001769512892,0.0025000001769512892,0,0,0
6,1791,unknown,17.704675674438477,350.16668701171875,0.00050695275422185659,1.568681001663208,0,0.0025000001769512892,0.0025000001769512892,0,0,0
7,2047,unknown,17.679636001586914,350.2203369140625,0.00058897584676742554,1.5678372383117676,0,0.0025000001769512892,0.0025000001769512892,0,0,0
8,2303,unknown,17.810199737548828,350.38519287109375,0.0035783590283244848,1.5674177408218384,0,0.0025000001769512892,0.0025000001769512892,0,0,0
