particle_id,geometry_id,tx,ty,tz,tt,tpx,tpy,tpz,te,deltapx,deltapy,deltapz,deltae,index
0,255,20,-326.44790649414062,-126.30070495605469,0,0.99987071752548218,0.00019302312284708023,-0.00031078216852620244,0,0,0,0,0,0
0,511,40,-326.44400024414062,-126.30690002441406,0,0.99968159198760986,0.0003278925723861903,-0.00042143356404267251,0,0,0,0,0,0
0,767,60,-326.4373779296875,-126.31529235839844,0,0.99953693151473999,0.00061239406932145357,-0.00051764922682195902,0,0,0,0,0,0
0,1023,80,-326.425048828125,-126.32557678222656,0,0.99936378002166748,0.00074907875386998057,0.00049995956942439079,0,0,0,0,0,0
0,1279,100,-326.41012573242188,-126.31548309326172,0,0.99918901920318604,-0.00029126336448825896,0.00043245431152172387,0,0,0,0,0,0
0,1535,120,-326.416015625,-126.30686187744141,0,0.99880003929138184,-0.0018526006024330854,0.00060362328076735139,0,0,0,0,0,0
0,1791,140,-326.45318603515625,-126.29499816894531,0,0.99841362237930298,-0.0019340399885550141,0.00072836130857467651,0,0,0,0,0,0
0,2047,160,-326.49200439453125,-126.2806396484375,0,0.9982527494430542,-0.0024752505123615265,0.00062887865351513028,0,0,0,0,0,0
0,2303,180,-326.54165649414062,-126.26834106445312,0,0.99812358617782593,-0.0025316481478512287,0.0015319021185860038,0,0,0,0,0,0
