measurement_id,geometry_id,local_key,local0,local1,phi,theta,time,var_local0,var_local1,var_phi,var_theta,var_time
0,255,unknown,-36.135829925537109,-85.536460876464844,0.00034871464595198631,1.5708683729171753,0,0.0025000001769512892,0.0025000001769512892,0,0,0
1,511,unknown,-36.085025787353516,-85.628410339355469,7.1920316258911043e-05,1.5718079805374146,0,0.0025000001769512892,0.0025000001769512892,0,0,0
2,767,unknown,-36.196781158447266,-85.543174743652344,-0.0011310201371088624,1.5704994201660156,0,0.0025000001769512892,0.0025000001769512892,0,0,0
3,1023,unknown,-36.253715515136719,-85.615478515625,-0.0012362065026536584,1.5711855888366699,0,0.0025000001769512892,0.0025000001769512892,0,0,0
4,1279,unknown,-36.28924560546875,-85.636238098144531,-0.0010397605365142226,1.5712974071502686,0,0.0025000001769512892,0.0025000001769512892,0,0,0
5,1535,unknown,-36.208877563476562,-85.636131286621094,-0.001339379814453423,1.5687029361724854,0,0.0025000001769512892,0.0025000001769512892,0,0,0
6,1791,unknown,-36.194339752197266,-85.569038391113281,-0.0016272562788799405,1.5686924457550049,0,0.0025000001769512892,0.0025000001769512892,0,0,0
7,2047,unknown,-36.269027709960938,-85.551307678222656,-0.0019851452670991421,1.5690363645553589,0,0.0025000001769512892,0.0025000001769512892,0,0,0
8,2303,unknown,-36.374683380126953,-85.543861389160156,-0.0018146067159250379,1.5705267190933228,0,0.0025000001769512892,0.0025000001769512892,0,0,0
