particle_id,geometry_id,tx,ty,tz,tt,tpx,tpy,tpz,te,deltapx,deltapy,deltapz,deltae,index
0,255,20,-289.47421264648438,-350.19839477539062,0,0.99981385469436646,-0.00081192870857194066,-8.4070641605649143e-05,0,0,0,0,0,0
0,511,40,-289.49044799804688,-350.20016479492188,0,0.97915929555892944,-0.00069712591357529163,-0.00088446773588657379,0,0,0,0,0,0
0,767,60,-289.50457763671875,-350.21832275390625,0,0.97895520925521851,-0.00017040366947185248,-0.0019317895639687777,0,0,0,0,0,0
0,1023,80,-289.5078125,-350.2578125,0,0.97878521680831909,-4.9436632252763957e-05,-0.0018286582781001925,0,0,0,0,0,0
0,1279,100,-289.50860595703125,-350.29519653320312,0,0.97854948043823242,6.7132295953342691e-06,-0.0011693648993968964,0,0,0,0,0,0
0,1535,120,-289.50833129882812,-350.319091796875,0,0.97832471132278442,9.7275566076859832e-05,-0.0012181956553831697,0,0,0,0,0,0
0,1791,140,-289.50619506835938,-350.343994140625,0,0.97815090417861938,0.00013426622899714857,-0.0011685388162732124,0,0,0,0,0,0
0,2047,160,-289.5032958984375,-350.36785888671875,0,0.97797155380249023,-4.3334799556760117e-05,-0.0032455003820359707,0,0,0,0,0,0
0,2303,180,-289.5037841796875,-350.43423461914062,0,0.974651038646698,-0.0011256085708737373,-0.0029407578986138105,0,0,0,0,0,0
