particle_id,geometry_id,tx,ty,tz,tt,tpx,tpy,tpz,te,deltapx,deltapy,deltapz,deltae,index
0,255,20,-115.69863891601562,-156.33270263671875,0,0.9998631477355957,-0.00023541272094007581,-0.0016875795554369688,0,0,0,0,0,0
0,511,40,-115.70314788818359,-156.36648559570312,0,0.99819976091384888,0.0010477103060111403,-0.0011934424983337522,0,0,0,0,0,0
0,767,60,-115.68201446533203,-156.39027404785156,0,0.9979899525642395,0.00089896394638344646,-0.00099486869294196367,0,0,0,0,0,0
0,1023,80,-115.66387939453125,-156.41009521484375,0,0.99777615070343018,-0.00039783984539099038,-0.0012959412997588515,0,0,0,0,0,0
0,1279,100,-115.67169952392578,-156.43612670898438,0,0.99756675958633423,-0.00045271494309417903,-0.001241442165337503,0,0,0,0,0,0
0,1535,120,-115.68062591552734,-156.46107482910156,0,0.99727094173431396,-0.00051431386964395642,-0.0006201424403116107,0,0,0,0,0,0
0,1791,140,-115.69086456298828,-156.47357177734375,0,0.99708229303359985,0.00019140687072649598,-0.00096947804559022188,0,0,0,0,0,0
0,2047,160,-115.68690490722656,-156.49299621582031,0,0.99694687128067017,-9.7936150268651545e-05,-0.00097528862534090877,0,0,0,0,0,0
0,2303,180,-115.68875122070312,-156.5125732421875,0,0.99678117036819458,-0.00026193610392510891,-0.0009715618216432631,0,0,0,0,0,0
