particle_id,geometry_id,tx,ty,tz,tt,tpx,tpy,tpz,te,deltapx,deltapy,deltapz,deltae,index
0,255,20,100.25322723388672,143.01646423339844,0,0.99964165687561035,-0.00012656096077989787,0.0013701344141736627,0,0,0,0,0,0
0,511,40,100.25053405761719,143.04385375976562,0,0.99950200319290161,0.00037066737422719598,0.0011126979952678084,0,0,0,0,0,0
0,767,60,100.25782012939453,143.066162109375,0,0.99930429458618164,0.00061361759435385466,0.0018502293387427926,0,0,0,0,0,0
0,1023,80,100.26988220214844,143.103271484375,0,0.9991191029548645,0.00060142303118482232,0.0012521004537120461,0,0,0,0,0,0
0,1279,100,100.28176879882812,143.12840270996094,0,0.99894565343856812,0.00075204647146165371,0.0017309577669948339,0,0,0,0,0,0
0,1535,120,100.29661560058594,143.16314697265625,0,0.99880224466323853,0.00015245353279169649,0.0019896794110536575,0,0,0,0,0,0
0,1791,140,100.29943084716797,143.2030029296875,0,0.99858999252319336,0.00062190921744331717,0.0027587437070906162,0,0,0,0,0,0
0,2047,160,100.31155395507812,143.25833129882812,0,0.99843865633010864,0.0010811272077262402,0.0028448575176298618,0,0,0,0,0,0
0,2303,180,100.33287048339844,143.31544494628906,0,0.99829286336898804,0.00019094366871286184,0.0040796166285872459,0,0,0,0,0,0
