measurement_id,geometry_id,local_key,local0,local1,phi,theta,time,var_local0,var_local1,var_phi,var_theta,var_time
0,255,unknown,219.31521606445312,310.74313354492188,-0.00010526936966925859,1.5708379745483398,0,0.0025000001769512892,0.0025000001769512892,0,0,0
1,511,unknown,219.45698547363281,310.85867309570312,0.00028279543039388955,1.5702658891677856,0,0.0025000001769512892,0.0025000001769512892,0,0,0
2,767,unknown,219.32830810546875,310.81005859375,-0.0002411497407592833,1.569904088973999,0,0.0025000001769512892,0.0025000001769512892,0,0,0
3,1023,unknown,219.393798828125,310.8751220703125,8.2660582847893238e-05,1.5684512853622437,0,0.0025000001769512892,0.0025000001769512892,0,0,0
4,1279,unknown,219.40885925292969,310.93890380859375,0.00065144029213115573,1.5687499046325684,0,0.0025000001769512892,0.0025000001769512892,0,0,0
5,1535,unknown,219.39527893066406,311.01910400390625,0.00029019356588833034,1.5689462423324585,0,0.0025000001769512892,0.0025000001769512892,0,0,0
6,1791,unknown,219.39344787597656,310.95819091796875,0.00043423511669971049,1.5691770315170288,0,0.0025000001769512892,0.0025000001769512892,0,0,0
7,2047,unknown,219.43994140625,310.98416137695312,0.00023065402638167143,1.5697504281997681,0,0.0025000001769512892,0.0025000001769512892,0,0,0
8,2303,unknown,219.37135314941406,311.04400634765625,0.00013873538409825414,1.569665789604187,0,0.0025000001769512892,0.0025000001769512892,0,0,0
