particle_id,particle_type,process,vx,vy,vz,vt,px,py,pz,m,q
0,0,0,0,-86.456230163574219,49.473369598388672,0,1,0,-4.3711388286737929e-08,0,-1
