measurement_id,geometry_id,local_key,local0,local1,phi,theta,time,var_local0,var_local1,var_phi,var_theta,var_time
0,255,unknown,75.753707885742188,326.89089965820312,0.0010474524460732937,1.5702625513076782,0,0.0025000001769512892,0.0025000001769512892,0,0,0
1,511,unknown,75.756340026855469,327.00375366210938,0.0010966315167024732,1.5694953203201294,0,0.0025000001769512892,0.0025000001769512892,0,0,0
2,767,unknown,75.780723571777344,326.88650512695312,0.00043133561848662794,1.5696414709091187,0,0.0025000001769512892,0.0025000001769512892,0,0,0
3,1023,unknown,75.834518432617188,327.04351806640625,0.00084830872947350144,1.5693402290344238,0,0.0025000001769512892,0.0025000001769512892,0,0,0
4,1279,unknown,75.718925476074219,326.94015502929688,0.0011751207057386637,1.5688592195510864,0,0.0025000001769512892,0.0025000001769512892,0,0,0
5,1535,unknown,75.82525634765625,327.01025390625,0.0012024304596707225,1.5687476396560669,0,0.0025000001769512892,0.0025000001769512892,0,0,0
6,1791,unknown,75.830917358398438,327.1041259765625,0.0010028574615716934,1.5688347816467285,0,0.0025000001769512892,0.0025000001769512892,0,0,0
7,2047,unknown,75.895591735839844,327.10287475585938,0.0031830389052629471,1.5683733224868774,0,0.0025000001769512892,0.0025000001769512892,0,0,0
8,2303,unknown,75.973518371582031,327.24020385742188,0.002175724133849144,1.5692733526229858,0,0.0025000001769512892,0.0025000001769512892,0,0,0
