measurement_id,geometry_id,local_key,local0,local1,phi,theta,time,var_local0,var_local1,var_phi,var_theta,var_time
0,255,unknown,-218.25828552246094,-73.833305358886719,0.00082176778232678771,1.5713236331939697,0,0.0025000001769512892,0.0025000001769512892,0,0,0
1,511,unknown,-218.33514404296875,-73.783233642578125,0.00020263831538613886,1.569782018661499,0,0.0025000001769512892,0.0025000001769512892,0,0,0
2,767,unknown,-218.34539794921875,-73.797439575195312,0.00058526726206764579,1.570075511932373,0,0.0025000001769512892,0.0025000001769512892,0,0,0
3,1023,unknown,-218.33676147460938,-73.668800354003906,0.00051344005623832345,1.5700433254241943,0,0.0025000001769512892,0.0025000001769512892,0,0,0
4,1279,unknown,-218.36508178710938,-73.762481689453125,-0.00054917455418035388,1.5708774328231812,0,0.0025000001769512892,0.0025000001769512892,0,0,0
5,1535,unknown,-218.33953857421875,-73.781150817871094,-0.0015429091872647405,1.5723975896835327,0,0.0025000001769512892,0.0025000001769512892,0,0,0
6,1791,unknown,-218.29777526855469,-73.79901123046875,-0.0037879094015806913,1.5704988241195679,0,0.0025000001769512892,0.0025000001769512892,0,0,0
7,2047,unknown,-218.31745910644531,-73.806655883789062,-0.003812470706179738,1.5705740451812744,0,0.0025000001769512892,0.0025000001769512892,0,0,0
8,2303,unknown,-218.53042602539062,-73.886520385742188,-0.0029472778551280499,1.5697723627090454,0,0.0025000001769512892,0.0025000001769512892,0,0,0
