particle_id,geometry_id,tx,ty,tz,tt,tpx,tpy,tpz,te,deltapx,deltapy,deltapz,deltae,index
0,255,20,-16.802837371826172,114.15767669677734,0,0.99906986951828003,0.00050357187865301967,-0.00014355727762449533,0,0,0,0,0,0
0,511,40,-16.792739868164062,114.15486145019531,0,0.9988400936126709,0.00039401632966473699,-4.9255727390118409e-06,0,0,0,0,0,0
0,767,60,-16.784849166870117,114.15480804443359,0,0.99829423427581787,0.0013675579102709889,-0.0019236599327996373,0,0,0,0,0,0
0,1023,80,-16.757221221923828,114.11643218994141,0,0.99813598394393921,0.0017187776975333691,-0.0022924561053514481,0,0,0,0,0,0
0,1279,100,-16.722505569458008,114.07070922851562,0,0.99798864126205444,0.0023149356711655855,-0.0042928587645292282,0,0,0,0,0,0
0,1535,120,-16.67559814453125,113.98496246337891,0,0.99784201383590698,0.0020046182908117771,-0.0050257006660103798,0,0,0,0,0,0
0,1791,140,-16.634815216064453,113.88447570800781,0,0.99767011404037476,0.0017756472807377577,-0.0048838951624929905,0,0,0,0,0,0
0,2047,160,-16.598630905151367,113.78678894042969,0,0.9974668025970459,0.0021456489339470863,-0.004552571102976799,0,0,0,0,0,0
0,2303,180,-16.555061340332031,113.69577026367188,0,0.9972880482673645,0.0025267014279961586,-0.0050604855641722679,0,0,0,0,0,0
