particle_id,geometry_id,tx,ty,tz,tt,tpx,tpy,tpz,te,deltapx,deltapy,deltapz,deltae,index
0,255,20,181.18727111816406,-234.35482788085938,0,0.99986493587493896,-0.00033497033291496336,-0.00038885194226168096,0,0,0,0,0,0
0,511,40,181.18061828613281,-234.36264038085938,0,0.99965977668762207,-0.00045661177136935294,-0.00067835231311619282,0,0,0,0,0,0
0,767,60,181.17156982421875,-234.37626647949219,0,0.999492347240448,-0.0012691429583355784,-0.00063749018590897322,0,0,0,0,0,0
0,1023,80,181.14625549316406,-234.38917541503906,0,0.99935483932495117,-0.0019150875741615891,-0.00066682894248515368,0,0,0,0,0,0
0,1279,100,181.10801696777344,-234.40275573730469,0,0.99916547536849976,-0.0016916351160034537,0.0012446562759578228,0,0,0,0,0,0
0,1535,120,181.07400512695312,-234.3780517578125,0,0.99864959716796875,-0.00059312256053090096,0.00052519765449687839,0,0,0,0,0,0
0,1791,140,181.06205749511719,-234.36759948730469,0,0.99840134382247925,8.4341727415448986e-06,-0.00013393969857133925,0,0,0,0,0,0
0,2047,160,181.06224060058594,-234.37028503417969,0,0.99816232919692993,-0.00017841151566244662,-0.0004714829265139997,0,0,0,0,0,0
0,2303,180,181.0587158203125,-234.3797607421875,0,0.99795401096343994,0.00037112351856194437,-0.0013470896519720554,0,0,0,0,0,0
