particle_id,geometry_id,tx,ty,tz,tt,tpx,tpy,tpz,te,deltapx,deltapy,deltapz,deltae,index
0,255,20,209.97509765625,-21.592784881591797,0,0.9998435378074646,-0.0015620200429111719,0.00037719513056799769,0,0,0,0,0,0
0,511,40,209.94380187988281,-21.585428237915039,0,0.99962151050567627,-0.0022233836352825165,-0.00038172749918885529,0,0,0,0,0,0
0,767,60,209.89936828613281,-21.593332290649414,0,0.99926096200942993,-0.0033127125352621078,-0.0006705806590616703,0,0,0,0,0,0
0,1023,80,209.83314514160156,-21.607151031494141,0,0.99910515546798706,-0.0038043924141675234,-8.7584732682444155e-05,0,0,0,0,0,0
0,1279,100,209.75700378417969,-21.60936164855957,0,0.99896490573883057,-0.0049828598275780678,0.00061492359964177012,0,0,0,0,0,0
0,1535,120,209.65716552734375,-21.597648620605469,0,0.99881589412689209,-0.0026307434309273958,0.0014974826481193304,0,0,0,0,0,0
0,1791,140,209.60430908203125,-21.56797981262207,0,0.99867528676986694,-0.0019161176169291139,0.0011552334763109684,0,0,0,0,0,0
0,2047,160,209.5657958984375,-21.545076370239258,0,0.99847066402435303,-0.0018755937926471233,0.0011584485182538629,0,0,0,0,0,0
0,2303,180,209.52809143066406,-21.522098541259766,0,0.99827909469604492,-0.0029274178668856621,0.0018589302198961377,0,0,0,0,0,0
