particle_id,geometry_id,tx,ty,tz,tt,tpx,tpy,tpz,te,deltapx,deltapy,deltapz,deltae,index
0,255,20,135.00782775878906,3.3598861694335938,0,0.9997672438621521,0.00011505940346978605,-0.00015414544031955302,0,0,0,0,0,0
0,511,40,135.01014709472656,3.3568165302276611,0,0.99959081411361694,0.00070929952198639512,-0.00020964708528481424,0,0,0,0,0,0
0,767,60,135.02436828613281,3.3527071475982666,0,0.99943405389785767,0.0006687078857794404,-0.0001836412848206237,0,0,0,0,0,0
0,1023,80,135.03776550292969,3.3491125106811523,0,0.99928337335586548,0.0012498346623033285,0.00030348417931236327,0,0,0,0,0,0
0,1279,100,135.062744140625,3.3553364276885986,0,0.9991225004196167,0.0010994145413860679,0.00036429779720492661,0,0,0,0,0,0
0,1535,120,135.08470153808594,3.3627607822418213,0,0.99887615442276001,0.0013628286542370915,0.00042719903285615146,0,0,0,0,0,0
0,1791,140,135.1119384765625,3.3714780807495117,0,0.99862813949584961,0.00017041258979588747,-0.00012313695333432406,0,0,0,0,0,0
0,2047,160,135.11537170410156,3.369032621383667,0,0.99847602844238281,0.0011240479070693254,0.0002269421675009653,0,0,0,0,0,0
0,2303,180,135.13786315917969,3.373713493347168,0,0.99828493595123291,0.0013761024456471205,0.00058272364549338818,0,0,0,0,0,0
