measurement_id,geometry_id,local_key,local0,local1,phi,theta,time,var_local0,var_local1,var_phi,var_theta,var_time
0,255,unknown,451.692138671875,-277.94717407226562,0.00091260351473465562,1.571058988571167,0,0.0025000001769512892,0.0025000001769512892,0,0,0
1,511,unknown,451.66085815429688,-277.96548461914062,-0.0014955416554585099,1.5710568428039551,0,0.0025000001769512892,0.0025000001769512892,0,0,0
2,767,unknown,451.6580810546875,-277.94488525390625,-0.0029002483934164047,1.5722490549087524,0,0.0025000001769512892,0.0025000001769512892,0,0,0
3,1023,unknown,451.58224487304688,-277.94039916992188,-0.0031207478605210781,1.5733792781829834,0,0.0025000001769512892,0.0025000001769512892,0,0,0
4,1279,unknown,451.55258178710938,-277.97015380859375,-0.0024444754235446453,1.5744079351425171,0,0.0025000001769512892,0.0025000001769512892,0,0,0
5,1535,unknown,451.4000244140625,-277.97097778320312,-0.00072130630724132061,1.5755493640899658,0,0.0025000001769512892,0.0025000001769512892,0,0,0
6,1791,unknown,451.41497802734375,-278.19622802734375,-0.00099887687247246504,1.5748779773712158,0,0.0025000001769512892,0.0025000001769512892,0,0,0
7,2047,unknown,451.39242553710938,-278.21408081054688,-0.0010716893011704087,1.5750745534896851,0,0.0025000001769512892,0.0025000001769512892,0,0,0
8,2303,unknown,451.48635864257812,-278.31939697265625,-0.0017407662235200405,1.573936939239502,0,0.0025000001769512892,0.0025000001769512892,0,0,0
