particle_id,geometry_id,tx,ty,tz,tt,tpx,tpy,tpz,te,deltapx,deltapy,deltapz,deltae,index
0,255,20,-179.16921997070312,66.203819274902344,0,0.99978095293045044,0.00046829573693685234,0.00019934977171942592,0,0,0,0,0,0
0,511,40,-179.15988159179688,66.207862854003906,0,0.99964618682861328,0.0025989147834479809,0.0019891031552106142,0,0,0,0,0,0
0,767,60,-179.10812377929688,66.247970581054688,0,0.99946093559265137,0.0032193523366004229,0.0030950126238167286,0,0,0,0,0,0
0,1023,80,-179.04408264160156,66.310287475585938,0,0.9992905855178833,0.003759180661290884,0.0013346399646252394,0,0,0,0,0,0
0,1279,100,-178.96900939941406,66.337448120117188,0,0.99890196323394775,0.003297128714621067,0.0014144971501082182,0,0,0,0,0,0
0,1535,120,-178.90316772460938,66.366165161132812,0,0.99871522188186646,0.003243868937715888,0.0016088908305391669,0,0,0,0,0,0
0,1791,140,-178.83840942382812,66.398773193359375,0,0.99833673238754272,0.0032355943694710732,0.0015957847936078906,0,0,0,0,0,0
0,2047,160,-178.77378845214844,66.431129455566406,0,0.99817728996276855,0.0031044525094330311,0.0021358763333410025,0,0,0,0,0,0
0,2303,180,-178.71183776855469,66.474296569824219,0,0.99790716171264648,0.002251442288979888,-0.00018526450730860233,0,0,0,0,0,0
