measurement_id,geometry_id,local_key,local0,local1,phi,theta,time,var_local0,var_local1,var_phi,var_theta,var_time
0,255,unknown,-134.33619689941406,130.08453369140625,-0.00040925375651568174,1.5707724094390869,0,0.0025000001769512892,0.0025000001769512892,0,0,0
1,511,unknown,-134.31916809082031,130.06544494628906,-0.00022420666937250644,1.5707472562789917,0,0.0025000001769512892,0.0025000001769512892,0,0,0
2,767,unknown,-134.33116149902344,130.17311096191406,-0.00025712465867400169,1.5707520246505737,0,0.0025000001769512892,0.0025000001769512892,0,0,0
3,1023,unknown,-134.29338073730469,130.16812133789062,-0.0013196384534239769,1.5698570013046265,0,0.0025000001769512892,0.0025000001769512892,0,0,0
4,1279,unknown,-134.3004150390625,130.20819091796875,-0.0015068039065226912,1.5695756673812866,0,0.0025000001769512892,0.0025000001769512892,0,0,0
5,1535,unknown,-134.330078125,130.23907470703125,-0.001697822823189199,1.5690751075744629,0,0.0025000001769512892,0.0025000001769512892,0,0,0
6,1791,unknown,-134.40773010253906,130.27897644042969,-0.0014833874301984906,1.5692756175994873,0,0.0025000001769512892,0.0025000001769512892,0,0,0
7,2047,unknown,-134.38726806640625,130.213134765625,-0.0017492325277999043,1.5692034959793091,0,0.0025000001769512892,0.0025000001769512892,0,0,0
8,2303,unknown,-134.56182861328125,130.25448608398438,-0.0020933721680194139,1.5693010091781616,0,0.0025000001769512892,0.0025000001769512892,0,0,0
