measurement_id,geometry_id,local_key,local0,local1,phi,theta,time,var_local0,var_local1,var_phi,var_theta,var_time
0,255,unknown,134.21017456054688,53.749839782714844,-0.00048013549530878663,1.571623682975769,0,0.0025000001769512892,0.0025000001769512892,0,0,0
1,511,unknown,134.10397338867188,53.532417297363281,-0.00032421955256722867,1.5716748237609863,0,0.0025000001769512892,0.0025000001769512892,0,0,0
2,767,unknown,134.1644287109375,53.740127563476562,-0.00041718807187862694,1.5720982551574707,0,0.0025000001769512892,0.0025000001769512892,0,0,0
3,1023,unknown,134.16285705566406,53.720676422119141,-0.00033879774855449796,1.5723508596420288,0,0.0025000001769512892,0.0025000001769512892,0,0,0
4,1279,unknown,134.11680603027344,53.547492980957031,-7.2342452767770737e-05,1.572989821434021,0,0.0025000001769512892,0.0025000001769512892,0,0,0
5,1535,unknown,134.23631286621094,53.59765625,-0.0017823093803599477,1.5714070796966553,0,0.0025000001769512892,0.0025000001769512892,0,0,0
6,1791,unknown,134.07377624511719,53.605499267578125,-0.001922694849781692,1.5703971385955811,0,0.0025000001769512892,0.0025000001769512892,0,0,0
7,2047,unknown,134.09465026855469,53.607017517089844,-0.0020142798312008381,1.5700527429580688,0,0.0025000001769512892,0.0025000001769512892,0,0,0
8,2303,unknown,133.93128967285156,53.604103088378906,-0.0021734826732426882,1.5703697204589844,0,0.0025000001769512892,0.0025000001769512892,0,0,0
