measurement_id,geometry_id,local_key,local0,local1,phi,theta,time,var_local0,var_local1,var_phi,var_theta,var_time
0,255,unknown,-311.56201171875,-214.02461242675781,0.00019853324920404702,1.5688533782958984,0,0.0025000001769512892,0.0025000001769512892,0,0,0
1,511,unknown,-311.54171752929688,-214.00901794433594,0.00033611667458899319,1.568932056427002,0,0.0025000001769512892,0.0025000001769512892,0,0,0
2,767,unknown,-311.56268310546875,-214.05366516113281,0.0033727588597685099,1.5697681903839111,0,0.0025000001769512892,0.0025000001769512892,0,0,0
3,1023,unknown,-311.46746826171875,-213.90121459960938,0.0024860319681465626,1.5700353384017944,0,0.0025000001769512892,0.0025000001769512892,0,0,0
4,1279,unknown,-311.38388061523438,-213.96855163574219,0.0031710776966065168,1.5719799995422363,0,0.0025000001769512892,0.0025000001769512892,0,0,0
5,1535,unknown,-311.19705200195312,-213.96589660644531,0.0029006677214056253,1.5715762376785278,0,0.0025000001769512892,0.0025000001769512892,0,0,0
6,1791,unknown,-311.26742553710938,-214.03939819335938,0.0015273939352482557,1.5710244178771973,0,0.0025000001769512892,0.0025000001769512892,0,0,0
7,2047,unknown,-311.24496459960938,-213.93156433105469,0.0026809503324329853,1.5705150365829468,0,0.0025000001769512892,0.0025000001769512892,0,0,0
8,2303,unknown,-311.14996337890625,-213.93264770507812,0.0040679569356143475,1.5693564414978027,0,0.0025000001769512892,0.0025000001769512892,0,0,0
