measurement_id,geometry_id,local_key,local0,local1,phi,theta,time,var_local0,var_local1,var_phi,var_theta,var_time
0,255,unknown,145.52381896972656,-561.50067138671875,0.0009743560804054141,1.5697909593582153,0,0.0025000001769512892,0.0025000001769512892,0,0,0
1,511,unknown,145.52653503417969,-561.42694091796875,0.00038672093069180846,1.5697809457778931,0,0.0025000001769512892,0.0025000001769512892,0,0,0
2,767,unknown,145.51954650878906,-561.42877197265625,0.00043046768405474722,1.5684467554092407,0,0.0025000001769512892,0.0025000001769512892,0,0,0
3,1023,unknown,145.54803466796875,-561.36395263671875,-0.00074953876901417971,1.5693731307983398,0,0.0025000001769512892,0.0025000001769512892,0,0,0
4,1279,unknown,145.52743530273438,-561.2938232421875,-0.0030060259159654379,1.5694715976715088,0,0.0025000001769512892,0.0025000001769512892,0,0,0
5,1535,unknown,145.4991455078125,-561.3070068359375,-0.0031990879215300083,1.5691990852355957,0,0.0025000001769512892,0.0025000001769512892,0,0,0
6,1791,unknown,145.45179748535156,-561.40167236328125,-0.0030995639972388744,1.5691705942153931,0,0.0025000001769512892,0.0025000001769512892,0,0,0
7,2047,unknown,145.26275634765625,-561.3399658203125,-0.0027672189753502607,1.5685062408447266,0,0.0025000001769512892,0.0025000001769512892,0,0,0
8,2303,unknown,145.25119018554688,-561.1412353515625,-0.0021505297627300024,1.567989706993103,0,0.0025000001769512892,0.0025000001769512892,0,0,0
