particle_id,geometry_id,tx,ty,tz,tt,tpx,tpy,tpz,te,deltapx,deltapy,deltapz,deltae,index
0,255,20,-51.302951812744141,-176.48121643066406,0,0.99978572130203247,8.4296116256155074e-05,-0.0013083243975415826,0,0,0,0,0,0
0,511,40,-51.301109313964844,-176.50738525390625,0,0.99963188171386719,0.0018616499146446586,-0.0027374038472771645,0,0,0,0,0,0
0,767,60,-51.263534545898438,-176.56193542480469,0,0.99932777881622314,0.0018992976984009147,-0.001687512849457562,0,0,0,0,0,0
0,1023,80,-51.225322723388672,-176.59547424316406,0,0.99786615371704102,0.0024459208361804485,-0.0034386971965432167,0,0,0,0,0,0
0,1279,100,-51.175888061523438,-176.66409301757812,0,0.99767333269119263,0.0025184245314449072,-0.0033740471117198467,0,0,0,0,0,0
0,1535,120,-51.124996185302734,-176.73143005371094,0,0.99750202894210815,0.0021599424071609974,-0.0034396995324641466,0,0,0,0,0,0
0,1791,140,-51.081275939941406,-176.80014038085938,0,0.99730426073074341,0.0021573745179921389,-0.0032593756914138794,0,0,0,0,0,0
0,2047,160,-51.037620544433594,-176.86524963378906,0,0.99705523252487183,0.0019109126878902316,-0.0032919596415013075,0,0,0,0,0,0
0,2303,180,-50.998893737792969,-176.93104553222656,0,0.99691241979598999,0.0052761305123567581,-0.0046034557744860649,0,0,0,0,0,0
