particle_id,geometry_id,tx,ty,tz,tt,tpx,tpy,tpz,te,deltapx,deltapy,deltapz,deltae,index
0,255,20,396.51779174804688,362.27670288085938,0,0.99987852573394775,0.00010155620839213952,2.0457800928852521e-05,0,0,0,0,0,0
0,511,40,396.51980590820312,362.27713012695312,0,0.99974149465560913,-0.00017029714945238084,-0.00014842090604361147,0,0,0,0,0,0
0,767,60,396.51641845703125,362.27413940429688,0,0.99957162141799927,-0.00059225043514743447,0.00040020886808633804,0,0,0,0,0,0
0,1023,80,396.5045166015625,362.28207397460938,0,0.99943745136260986,-0.0024728807620704174,0.00017402363300789148,0,0,0,0,0,0
0,1279,100,396.45501708984375,362.28524780273438,0,0.99927717447280884,-0.0020678360015153885,6.5474174334667623e-05,0,0,0,0,0,0
0,1535,120,396.41363525390625,362.28631591796875,0,0.9991106390953064,-0.0032250990625470877,0.00057248881785199046,0,0,0,0,0,0
0,1791,140,396.3489990234375,362.29739379882812,0,0.99883800745010376,-0.002984651830047369,0.00036252845893613994,0,0,0,0,0,0
0,2047,160,396.2891845703125,362.30429077148438,0,0.99869829416275024,-0.0032417166512459517,0.00027425849111750722,0,0,0,0,0,0
0,2303,180,396.2242431640625,362.30938720703125,0,0.99837762117385864,-0.0032514459453523159,0.00017729097453411669,0,0,0,0,0,0
