particle_id,geometry_id,tx,ty,tz,tt,tpx,tpy,tpz,te,deltapx,deltapy,deltapz,deltae,index
0,255,20,507.1964111328125,-34.994186401367188,0,0.9998701810836792,7.7575423347298056e-06,-9.1703754151239991e-05,0,0,0,0,0,0
0,511,40,507.19656372070312,-34.996021270751953,0,0.99963206052780151,0.001630579587072134,0.00028154460596852005,0,0,0,0,0,0
0,767,60,507.22915649414062,-34.990192413330078,0,0.99948978424072266,0.0013726494507864118,-0.00042528499034233391,0,0,0,0,0,0
0,1023,80,507.25668334960938,-34.998538970947266,0,0.99918299913406372,-0.0015906622866168618,-0.0011599572608247399,0,0,0,0,0,0
0,1279,100,507.2249755859375,-35.021945953369141,0,0.99900954961776733,-0.0015260246582329273,-0.00056941952789202332,0,0,0,0,0,0
0,1535,120,507.19448852539062,-35.033527374267578,0,0.99869042634963989,-0.00055518752196803689,-0.00040613414603285491,0,0,0,0,0,0
0,1791,140,507.18341064453125,-35.041728973388672,0,0.99855959415435791,0.00074098544428125024,0.0010739142308011651,0,0,0,0,0,0
0,2047,160,507.1981201171875,-35.020130157470703,0,0.99835211038589478,0.00063005933770909905,-0.00018165727669838816,0,0,0,0,0,0
0,2303,180,507.21075439453125,-35.023693084716797,0,0.99821501970291138,0.00065833405824378133,-0.00028861023019999266,0,0,0,0,0,0
