particle_id,particle_type,process,vx,vy,vz,vt,px,py,pz,m,q
0,0,0,0,216.21408081054688,210.10696411132812,0,1,0,-4.3711388286737929e-08,0,-1
