measurement_id,geometry_id,local_key,local0,local1,phi,theta,time,var_local0,var_local1,var_phi,var_theta,var_time
0,255,unknown,-17.765525817871094,-121.33673858642578,0.0017154038650915027,1.5702327489852905,0,0.0025000001769512892,0.0025000001769512892,0,0,0
1,511,unknown,-17.815629959106445,-121.26987457275391,0.001888126484118402,1.5702686309814453,0,0.0025000001769512892,0.0025000001769512892,0,0,0
2,767,unknown,-17.726272583007812,-121.25936126708984,0.001349322497844696,1.5716056823730469,0,0.0025000001769512892,0.0025000001769512892,0,0,0
3,1023,unknown,-17.662250518798828,-121.46382904052734,0.00094395264750346541,1.5709255933761597,0,0.0025000001769512892,0.0025000001769512892,0,0,0
4,1279,unknown,-17.672544479370117,-121.3331298828125,0.000768772151786834,1.5694649219512939,0,0.0025000001769512892,0.0025000001769512892,0,0,0
5,1535,unknown,-17.582147598266602,-121.34125518798828,-5.7369077694602311e-05,1.5692645311355591,0,0.0025000001769512892,0.0025000001769512892,0,0,0
6,1791,unknown,-17.609750747680664,-121.3917236328125,-0.00073199765756726265,1.568321704864502,0,0.0025000001769512892,0.0025000001769512892,0,0,0
7,2047,unknown,-17.687620162963867,-121.28629302978516,-0.00073912879452109337,1.5683341026306152,0,0.0025000001769512892,0.0025000001769512892,0,0,0
8,2303,unknown,-17.689577102661133,-121.184326171875,-0.00034127983963117003,1.5682880878448486,0,0.0025000001769512892,0.0025000001769512892,0,0,0
