measurement_id,geometry_id,local_key,local0,local1,phi,theta,time,var_local0,var_local1,var_phi,var_theta,var_time
0,255,unknown,-130.22615051269531,61.945133209228516,-0.00023685426276642829,1.5700324773788452,0,0.0025000001769512892,0.0025000001769512892,0,0,0
1,511,unknown,-130.22447204589844,61.820480346679688,-0.00040645853732712567,1.5692648887634277,0,0.0025000001769512892,0.0025000001769512892,0,0,0
2,767,unknown,-130.17353820800781,61.893566131591797,-0.00039964649477042258,1.569238543510437,0,0.0025000001769512892,0.0025000001769512892,0,0,0
3,1023,unknown,-130.10919189453125,61.9439697265625,-0.00063659792067483068,1.5695286989212036,0,0.0025000001769512892,0.0025000001769512892,0,0,0
4,1279,unknown,-130.25065612792969,62.024917602539062,-0.00063778122421354055,1.5695450305938721,0,0.0025000001769512892,0.0025000001769512892,0,0,0
5,1535,unknown,-130.15780639648438,62.059036254882812,-1.5261937733157538e-05,1.5697367191314697,0,0.0025000001769512892,0.0025000001769512892,0,0,0
6,1791,unknown,-130.20292663574219,62.056083679199219,-0.00024515308905392885,1.5697329044342041,0,0.0025000001769512892,0.0025000001769512892,0,0,0
7,2047,unknown,-130.23696899414062,61.975555419921875,-0.0012362624984234571,1.567988395690918,0,0.0025000001769512892,0.0025000001769512892,0,0,0
8,2303,unknown,-130.20742797851562,62.080024719238281,-0.00097935658413916826,1.5686225891113281,0,0.0025000001769512892,0.0025000001769512892,0,0,0
