particle_id,particle_type,process,vx,vy,vz,vt,px,py,pz,m,q
0,0,0,0,-258.918701171875,85.133552551269531,0,1,0,-4.3711388286737929e-08,0,-1
