measurement_id,geometry_id,local_key,local0,local1,phi,theta,time,var_local0,var_local1,var_phi,var_theta,var_time
0,255,unknown,-50.589649200439453,-45.980564117431641,-0.0010536606423556805,1.5707968473434448,0,0.0025000001769512892,0.0025000001769512892,0,0,0
1,511,unknown,-50.618255615234375,-45.938793182373047,-0.00049653305904939771,1.5707293748855591,0,0.0025000001769512892,0.0025000001769512892,0,0,0
2,767,unknown,-50.520694732666016,-45.936721801757812,-0.00023325669462792575,1.5707124471664429,0,0.0025000001769512892,0.0025000001769512892,0,0,0
3,1023,unknown,-50.615440368652344,-46.103748321533203,-0.00031934145954437554,1.5711410045623779,0,0.0025000001769512892,0.0025000001769512892,0,0,0
4,1279,unknown,-50.677032470703125,-46.0316162109375,-0.00027180564939044416,1.5710266828536987,0,0.0025000001769512892,0.0025000001769512892,0,0,0
5,1535,unknown,-50.631416320800781,-46.044029235839844,-0.00051070336485281587,1.5702872276306152,0,0.0025000001769512892,0.0025000001769512892,0,0,0
6,1791,unknown,-50.648818969726562,-45.990562438964844,-0.00051688705570995808,1.5702924728393555,0,0.0025000001769512892,0.0025000001769512892,0,0,0
7,2047,unknown,-50.615825653076172,-46.048866271972656,0.00012741255341097713,1.5702651739120483,0,0.0025000001769512892,0.0025000001769512892,0,0,0
8,2303,unknown,-50.594398498535156,-45.964504241943359,0.0011853697942569852,1.570997953414917,0,0.0025000001769512892,0.0025000001769512892,0,0,0
