measurement_id,geometry_id,local_key,local0,local1,phi,theta,time,var_local0,var_local1,var_phi,var_theta,var_time
0,255,unknown,84.075637817382812,-7.8779792785644531,-0.00034137594047933817,1.5711908340454102,0,0.0025000001769512892,0.0025000001769512892,0,0,0
1,511,unknown,84.095649719238281,-7.7809896469116211,-0.00026503033586777747,1.5711086988449097,0,0.0025000001769512892,0.0025000001769512892,0,0,0
2,767,unknown,84.076416015625,-7.9065284729003906,-0.003253766568377614,1.5712733268737793,0,0.0025000001769512892,0.0025000001769512892,0,0,0
3,1023,unknown,83.967231750488281,-7.8454089164733887,-0.002679263474419713,1.5710597038269043,0,0.0025000001769512892,0.0025000001769512892,0,0,0
4,1279,unknown,84.035552978515625,-7.7056179046630859,-0.0026992328930646181,1.5710451602935791,0,0.0025000001769512892,0.0025000001769512892,0,0,0
5,1535,unknown,83.960220336914062,-7.879755973815918,-0.0038637593388557434,1.5724810361862183,0,0.0025000001769512892,0.0025000001769512892,0,0,0
6,1791,unknown,83.913185119628906,-7.8251099586486816,-0.0036555526312440634,1.5732156038284302,0,0.0025000001769512892,0.0025000001769512892,0,0,0
7,2047,unknown,83.801673889160156,-7.9489617347717285,-0.0047348681837320328,1.5736510753631592,0,0.0025000001769512892,0.0025000001769512892,0,0,0
8,2303,unknown,83.573715209960938,-8.0507879257202148,-0.0039687859825789928,1.573836088180542,0,0.0025000001769512892,0.0025000001769512892,0,0,0
