measurement_id,geometry_id,local_key,local0,local1,phi,theta,time,var_local0,var_local1,var_phi,var_theta,var_time
0,255,unknown,9.6648740768432617,-18.921916961669922,-0.0020069780293852091,1.5695102214813232,0,0.0025000001769512892,0.0025000001769512892,0,0,0
1,511,unknown,9.6928625106811523,-18.764947891235352,-0.0021999499294906855,1.5693399906158447,0,0.0025000001769512892,0.0025000001769512892,0,0,0
2,767,unknown,9.5197172164916992,-18.818408966064453,-0.0015292497118934989,1.5685734748840332,0,0.0025000001769512892,0.0025000001769512892,0,0,0
3,1023,unknown,9.6120109558105469,-18.703157424926758,-2.8255904908291996e-05,1.5707148313522339,0,0.0025000001769512892,0.0025000001769512892,0,0,0
4,1279,unknown,9.467280387878418,-18.727632522583008,-6.1301587265916169e-05,1.5707037448883057,0,0.0025000001769512892,0.0025000001769512892,0,0,0
5,1535,unknown,9.5854301452636719,-18.806417465209961,-0.00043845438631251454,1.5708014965057373,0,0.0025000001769512892,0.0025000001769512892,0,0,0
6,1791,unknown,9.5313320159912109,-18.825607299804688,-0.00013425722136162221,1.5705230236053467,0,0.0025000001769512892,0.0025000001769512892,0,0,0
7,2047,unknown,9.5183944702148438,-18.781427383422852,-0.00025252741761505604,1.5697001218795776,0,0.0025000001769512892,0.0025000001769512892,0,0,0
8,2303,unknown,9.5736618041992188,-18.744497299194336,-6.626779941143468e-05,1.5707913637161255,0,0.0025000001769512892,0.0025000001769512892,0,0,0
