measurement_id,geometry_id,local_key,local0,local1,phi,theta,time,var_local0,var_local1,var_phi,var_theta,var_time
0,255,unknown,-144.03666687011719,-214.9705810546875,-0.00012727724970318377,1.5706796646118164,0,0.0025000001769512892,0.0025000001769512892,0,0,0
1,511,unknown,-144.06843566894531,-214.95745849609375,0.0017107694875448942,1.5708854198455811,0,0.0025000001769512892,0.0025000001769512892,0,0,0
2,767,unknown,-144.01780700683594,-214.94142150878906,0.0019869222305715084,1.5713376998901367,0,0.0025000001769512892,0.0025000001769512892,0,0,0
3,1023,unknown,-143.99252319335938,-214.87568664550781,0.00081870512804016471,1.5724064111709595,0,0.0025000001769512892,0.0025000001769512892,0,0,0
4,1279,unknown,-143.9322509765625,-214.99488830566406,0.000906936707906425,1.5723856687545776,0,0.0025000001769512892,0.0025000001769512892,0,0,0
5,1535,unknown,-143.89028930664062,-215.06594848632812,0.0015583558706566691,1.5726016759872437,0,0.0025000001769512892,0.0025000001769512892,0,0,0
6,1791,unknown,-143.93121337890625,-215.12239074707031,0.0018811940681189299,1.5715318918228149,0,0.0025000001769512892,0.0025000001769512892,0,0,0
7,2047,unknown,-143.93540954589844,-215.10926818847656,0.00091419921955093741,1.5715079307556152,0,0.0025000001769512892,0.0025000001769512892,0,0,0
8,2303,unknown,-143.90156555175781,-215.08001708984375,0.00062344473553821445,1.5721487998962402,0,0.0025000001769512892,0.0025000001769512892,0,0,0
