particle_id,geometry_id,tx,ty,tz,tt,tpx,tpy,tpz,te,deltapx,deltapy,deltapz,deltae,index
0,255,20,158.58094787597656,-163.53059387207031,0,0.99979740381240845,-0.0011678074952214956,-0.0010088277049362659,0,0,0,0,0,0
0,511,40,158.55770874023438,-163.55091857910156,0,0.99965387582778931,-0.0012552101397886872,-0.001309344545006752,0,0,0,0,0,0
0,767,60,158.53276062011719,-163.5772705078125,0,0.99953728914260864,-0.001431154552847147,-0.001478868187405169,0,0,0,0,0,0
0,1023,80,158.50430297851562,-163.60702514648438,0,0.99935215711593628,-0.0023476618807762861,-0.0030480551067739725,0,0,0,0,0,0
0,1279,100,158.45768737792969,-163.66830444335938,0,0.99918508529663086,-0.0036755676846951246,-0.0017922191182151437,0,0,0,0,0,0
0,1535,120,158.38433837890625,-163.70462036132812,0,0.9990391731262207,-0.0053406869992613792,-0.0015173335559666157,0,0,0,0,0,0
0,1791,140,158.27760314941406,-163.73564147949219,0,0.99887961149215698,-0.0052487198263406754,-0.0017666774801909924,0,0,0,0,0,0
0,2047,160,158.1727294921875,-163.77165222167969,0,0.99877059459686279,-0.0034428553190082312,-0.0024595421273261309,0,0,0,0,0,0
0,2303,180,158.10408020019531,-163.82131958007812,0,0.99860382080078125,-0.0035688474308699369,-0.004325520247220993,0,0,0,0,0,0
