particle_id,geometry_id,tx,ty,tz,tt,tpx,tpy,tpz,te,deltapx,deltapy,deltapz,deltae,index
0,255,20,-231.37948608398438,96.134696960449219,0,0.9998818039894104,-0.00034948505344800651,0.00020103860879316926,0,0,0,0,0,0
0,511,40,-231.38650512695312,96.138679504394531,0,0.99970871210098267,0.00063034798949956894,-0.00064120301976799965,0,0,0,0,0,0
0,767,60,-231.37382507324219,96.125930786132812,0,0.99950277805328369,0.00095096544828265905,-0.00023393527953885496,0,0,0,0,0,0
0,1023,80,-231.35476684570312,96.121360778808594,0,0.99910444021224976,0.0013946912949904799,-0.00052647740812972188,0,0,0,0,0,0
0,1279,100,-231.3267822265625,96.110992431640625,0,0.99895048141479492,0.0014248786028474569,-0.0011319404002279043,0,0,0,0,0,0
0,1535,120,-231.29812622070312,96.0885009765625,0,0.9987751841545105,0.0032218846026808023,0.00063921045511960983,0,0,0,0,0,0
0,1791,140,-231.23368835449219,96.1016845703125,0,0.99862682819366455,0.0037150348071008921,0.00073316338239237666,0,0,0,0,0,0
0,2047,160,-231.15937805175781,96.116813659667969,0,0.99844819307327271,0.0054936427623033524,0.00037048463127575815,0,0,0,0,0,0
0,2303,180,-231.04937744140625,96.124893188476562,0,0.99830400943756104,0.0062299864366650581,0.00041041988879442215,0,0,0,0,0,0
