particle_id,particle_type,process,vx,vy,vz,vt,px,py,pz,m,q
0,0,0,0,-222.85537719726562,383.6556396484375,0,1,0,-4.3711388286737929e-08,0,-1
