particle_id,geometry_id,tx,ty,tz,tt,tpx,tpy,tpz,te,deltapx,deltapy,deltapz,deltae,index
0,255,20,536.1856689453125,-369.85150146484375,0,0.99980580806732178,0.0002106784813804552,0.00028445362113416195,0,0,0,0,0,0
0,511,40,536.1898193359375,-369.84579467773438,0,0.99956077337265015,0.00048768529086373746,0.0010891704587265849,0,0,0,0,0,0
0,767,60,536.199462890625,-369.82394409179688,0,0.99940353631973267,-0.000240581706748344,0.0012241018703207374,0,0,0,0,0,0
0,1023,80,536.19451904296875,-369.79946899414062,0,0.99919629096984863,-0.00012874437379650772,0.0010469642002135515,0,0,0,0,0,0
0,1279,100,536.19183349609375,-369.77853393554688,0,0.99907350540161133,2.3205144316307269e-05,0.001615176210179925,0,0,0,0,0,0
0,1535,120,536.19207763671875,-369.74618530273438,0,0.99889874458312988,0.00043248906149528921,0.0023828314151614904,0,0,0,0,0,0
0,1791,140,536.200439453125,-369.69842529296875,0,0.99831598997116089,0.00042096676770597696,0.0022783791646361351,0,0,0,0,0,0
0,2047,160,536.2086181640625,-369.65274047851562,0,0.99818605184555054,0.00048684520879760385,0.0029157707467675209,0,0,0,0,0,0
0,2303,180,536.218017578125,-369.59426879882812,0,0.99798232316970825,0.00079722231021150947,0.0030051174107939005,0,0,0,0,0,0
