measurement_id,geometry_id,local_key,local0,local1,phi,theta,time,var_local0,var_local1,var_phi,var_theta,var_time
0,255,unknown,-278.35226440429688,64.582473754882812,0.00016125617548823357,1.570884108543396,0,0.0025000001769512892,0.0025000001769512892,0,0,0
1,511,unknown,-278.4488525390625,64.681388854980469,0.0016811151290312409,1.5707210302352905,0,0.0025000001769512892,0.0025000001769512892,0,0,0
2,767,unknown,-278.28274536132812,64.588172912597656,-0.00050108949653804302,1.5704129934310913,0,0.0025000001769512892,0.0025000001769512892,0,0,0
3,1023,unknown,-278.393798828125,64.52130126953125,-4.3119300244143233e-05,1.57093346118927,0,0.0025000001769512892,0.0025000001769512892,0,0,0
4,1279,unknown,-278.35983276367188,64.696426391601562,-2.1216728782746941e-05,1.5709468126296997,0,0.0025000001769512892,0.0025000001769512892,0,0,0
5,1535,unknown,-278.45391845703125,64.487022399902344,0.0013025029329583049,1.5742470026016235,0,0.0025000001769512892,0.0025000001769512892,0,0,0
6,1791,unknown,-278.34866333007812,64.4727783203125,0.0028985470999032259,1.573849081993103,0,0.0025000001769512892,0.0025000001769512892,0,0,0
7,2047,unknown,-278.31182861328125,64.481231689453125,0.0020405349787324667,1.5747727155685425,0,0.0025000001769512892,0.0025000001769512892,0,0,0
8,2303,unknown,-278.14334106445312,64.334495544433594,0.0023671854287385941,1.574760913848877,0,0.0025000001769512892,0.0025000001769512892,0,0,0
