particle_id,particle_type,process,vx,vy,vz,vt,px,py,pz,m,q
0,0,0,0,55.41485595703125,-105.23876190185547,0,1,0,-4.3711388286737929e-08,0,-1
