measurement_id,geometry_id,local_key,local0,local1,phi,theta,time,var_local0,var_local1,var_phi,var_theta,var_time
0,255,unknown,182.7421875,-149.50291442871094,-0.00052494433475658298,1.5707921981811523,0,0.0025000001769512892,0.0025000001769512892,0,0,0
1,511,unknown,182.70829772949219,-149.47866821289062,0.0013900406192988157,1.5691925287246704,0,0.0025000001769512892,0.0025000001769512892,0,0,0
2,767,unknown,182.73161315917969,-149.51252746582031,0.001315190689638257,1.5691601037979126,0,0.0025000001769512892,0.0025000001769512892,0,0,0
3,1023,unknown,182.89027404785156,-149.50173950195312,0.00034667973523028195,1.5696687698364258,0,0.0025000001769512892,0.0025000001769512892,0,0,0
4,1279,unknown,182.93504333496094,-149.36689758300781,-0.00091016344958916306,1.5682764053344727,0,0.0025000001769512892,0.0025000001769512892,0,0,0
5,1535,unknown,182.81842041015625,-149.42672729492188,-0.00096302665770053864,1.5683273077011108,0,0.0025000001769512892,0.0025000001769512892,0,0,0
6,1791,unknown,182.74064636230469,-149.38114929199219,-0.0034086399246007204,1.5689830780029297,0,0.0025000001769512892,0.0025000001769512892,0,0,0
7,2047,unknown,182.70213317871094,-149.33137512207031,-0.0039524650201201439,1.5687618255615234,0,0.0025000001769512892,0.0025000001769512892,0,0,0
8,2303,unknown,182.63174438476562,-149.21781921386719,-0.004008214920759201,1.5688104629516602,0,0.0025000001769512892,0.0025000001769512892,0,0,0
