particle_id,geometry_id,tx,ty,tz,tt,tpx,tpy,tpz,te,deltapx,deltapy,deltapz,deltae,index
0,255,20,-58.643192291259766,-300.90054321289062,0,0.99983674287796021,0.00044733262620866299,-0.00055284623522311449,0,0,0,0,0,0
0,511,40,-58.634178161621094,-300.91156005859375,0,0.99968671798706055,0.0007265312597155571,-0.00065203366102650762,0,0,0,0,0,0
0,767,60,-58.619564056396484,-300.92453002929688,0,0.99955344200134277,0.0017723377095535398,0.00093902694061398506,0,0,0,0,0,0
0,1023,80,-58.584213256835938,-300.905517578125,0,0.99939286708831787,0.003034030320122838,0.00075814727460965514,0,0,0,0,0,0
0,1279,100,-58.523590087890625,-300.88998413085938,0,0.99922710657119751,0.0034011139068752527,0.00020531547488644719,0,0,0,0,0,0
0,1535,120,-58.455539703369141,-300.88546752929688,0,0.99906039237976074,0.0038019220810383558,2.8146846489107702e-06,0,0,0,0,0,0
0,1791,140,-58.379432678222656,-300.88494873046875,0,0.99889099597930908,0.0039506694301962852,0.00024620967451483011,0,0,0,0,0,0
0,2047,160,-58.300361633300781,-300.87954711914062,0,0.99874615669250488,0.003388305427506566,0.00078658928396180272,0,0,0,0,0,0
0,2303,180,-58.23260498046875,-300.8634033203125,0,0.99855667352676392,0.0029756976291537285,0.00046979839680716395,0,0,0,0,0,0
