particle_id,particle_type,process,vx,vy,vz,vt,px,py,pz,m,q
0,0,0,0,-286.874267578125,-57.226734161376953,0,1,0,-4.3711388286737929e-08,0,-1
