particle_id,geometry_id,tx,ty,tz,tt,tpx,tpy,tpz,te,deltapx,deltapy,deltapz,deltae,index
0,255,20,-62.807334899902344,-228.23625183105469,0,0.99970799684524536,-0.00010789003863465041,6.6217311541549861e-05,0,0,0,0,0,0
0,511,40,-62.809501647949219,-228.23493957519531,0,0.99950879812240601,0.00054292159620672464,0.00080124527448788285,0,0,0,0,0,0
0,767,60,-62.798732757568359,-228.21884155273438,0,0.99937021732330322,0.00062212336342781782,0.00065269286278635263,0,0,0,0,0,0
0,1023,80,-62.786361694335938,-228.20570373535156,0,0.99924212694168091,0.0006291730678640306,0.00052789162145927548,0,0,0,0,0,0
0,1279,100,-62.773834228515625,-228.195068359375,0,0.99909466505050659,0.0011931660119444132,0.00040466309292241931,0,0,0,0,0,0
0,1535,120,-62.75,-228.18682861328125,0,0.99853646755218506,0.0011954661458730698,0.00042919628322124481,0,0,0,0,0,0
0,1791,140,-62.726108551025391,-228.17808532714844,0,0.99839341640472412,0.00088507164036855102,0.001108488766476512,0,0,0,0,0,0
0,2047,160,-62.708511352539062,-228.15577697753906,0,0.99826145172119141,0.0013222474372014403,0.00021035215468145907,0,0,0,0,0,0
0,2303,180,-62.682044982910156,-228.15139770507812,0,0.99806368350982666,0.0012853121152147651,0.00027527278871275485,0,0,0,0,0,0
