particle_id,particle_type,process,vx,vy,vz,vt,px,py,pz,m,q
0,0,0,0,187.79496765136719,75.028434753417969,0,1,0,-4.3711388286737929e-08,0,-1
