particle_id,particle_type,process,vx,vy,vz,vt,px,py,pz,m,q
0,0,0,0,-64.855522155761719,15.639209747314453,0,1,0,-4.3711388286737929e-08,0,-1
