measurement_id,geometry_id,local_key,local0,local1,phi,theta,time,var_local0,var_local1,var_phi,var_theta,var_time
0,255,unknown,-13.414148330688477,-26.515663146972656,0.0017218927387148142,1.5705053806304932,0,0.0025000001769512892,0.0025000001769512892,0,0,0
1,511,unknown,-13.442538261413574,-26.535961151123047,0.0019916254095733166,1.5706920623779297,0,0.0025000001769512892,0.0025000001769512892,0,0,0
2,767,unknown,-13.411216735839844,-26.620756149291992,0.0032031591981649399,1.5708001852035522,0,0.0025000001769512892,0.0025000001769512892,0,0,0
3,1023,unknown,-13.334248542785645,-26.601184844970703,0.0026767540257424116,1.5710209608078003,0,0.0025000001769512892,0.0025000001769512892,0,0,0
4,1279,unknown,-13.22852611541748,-26.625766754150391,0.002860320033505559,1.5707516670227051,0,0.0025000001769512892,0.0025000001769512892,0,0,0
5,1535,unknown,-13.210153579711914,-26.564144134521484,0.002837552223354578,1.568698525428772,0,0.0025000001769512892,0.0025000001769512892,0,0,0
6,1791,unknown,-13.153448104858398,-26.668134689331055,0.0026742175687104464,1.5687254667282104,0,0.0025000001769512892,0.0025000001769512892,0,0,0
7,2047,unknown,-13.130508422851562,-26.508018493652344,0.0026387644466012716,1.5677982568740845,0,0.0025000001769512892,0.0025000001769512892,0,0,0
8,2303,unknown,-13.061293601989746,-26.41724967956543,0.0033809575252234936,1.5687286853790283,0,0.0025000001769512892,0.0025000001769512892,0,0,0
