measurement_id,geometry_id,local_key,local0,local1,phi,theta,time,var_local0,var_local1,var_phi,var_theta,var_time
0,255,unknown,-193.66580200195312,181.25460815429688,-0.00061190826818346977,1.5703235864639282,0,0.0025000001769512892,0.0025000001769512892,0,0,0
1,511,unknown,-193.65225219726562,181.30705261230469,-0.00050893746083602309,1.5702908039093018,0,0.0025000001769512892,0.0025000001769512892,0,0,0
2,767,unknown,-193.64556884765625,181.21536254882812,0.0004484914243221283,1.5700440406799316,0,0.0025000001769512892,0.0025000001769512892,0,0,0
3,1023,unknown,-193.709228515625,181.30390930175781,0.0020290752872824669,1.5678966045379639,0,0.0025000001769512892,0.0025000001769512892,0,0,0
4,1279,unknown,-193.55831909179688,181.27313232421875,0.0019877036102116108,1.5678684711456299,0,0.0025000001769512892,0.0025000001769512892,0,0,0
5,1535,unknown,-193.57553100585938,181.32373046875,0.0036249984987080097,1.5666348934173584,0,0.0025000001769512892,0.0025000001769512892,0,0,0
6,1791,unknown,-193.44052124023438,181.39219665527344,0.0036727425176650286,1.5667392015457153,0,0.0025000001769512892,0.0025000001769512892,0,0,0
7,2047,unknown,-193.51055908203125,181.58412170410156,0.0042783180251717567,1.5667223930358887,0,0.0025000001769512892,0.0025000001769512892,0,0,0
8,2303,unknown,-193.43125915527344,181.63960266113281,0.0042712483555078506,1.5665925741195679,0,0.0025000001769512892,0.0025000001769512892,0,0,0
