particle_id,geometry_id,tx,ty,tz,tt,tpx,tpy,tpz,te,deltapx,deltapy,deltapz,deltae,index
0,255,20,107.18415832519531,-310.265625,0,0.99983769655227661,-0.00012498786963988096,0.0016410840908065438,0,0,0,0,0,0
0,511,40,107.18146514892578,-310.23281860351562,0,0.99961251020431519,7.2881673986557871e-05,-7.9406316217500716e-05,0,0,0,0,0,0
0,767,60,107.18292999267578,-310.23440551757812,0,0.99946790933609009,0.0010170101886615157,-0.0006430742796510458,0,0,0,0,0,0
0,1023,80,107.20336151123047,-310.24716186523438,0,0.9992600679397583,0.0015378695679828525,-0.00056491658324375749,0,0,0,0,0,0
0,1279,100,107.23420715332031,-310.25827026367188,0,0.99907726049423218,0.001817357144318521,0.00040989680564962327,0,0,0,0,0,0
0,1535,120,107.27053833007812,-310.24984741210938,0,0.99894499778747559,0.0018749105511233211,0.00059906666865572333,0,0,0,0,0,0
0,1791,140,107.30800628662109,-310.23764038085938,0,0.99878370761871338,0.0015805957373231649,0.0013118090573698282,0,0,0,0,0,0
0,2047,160,107.33950042724609,-310.211181640625,0,0.99861294031143188,0.00059525482356548309,0.0015551478136330843,0,0,0,0,0,0
0,2303,180,107.35123443603516,-310.17996215820312,0,0.9984886646270752,0.0010930795688182116,0.0016796980053186417,0,0,0,0,0,0
