particle_id,geometry_id,tx,ty,tz,tt,tpx,tpy,tpz,te,deltapx,deltapy,deltapz,deltae,index
0,255,20,182.12037658691406,214.76371765136719,0,0.99978929758071899,-0.00013109511928632855,-0.00024258349731098861,0,0,0,0,0,0
0,511,40,182.11778259277344,214.75885009765625,0,0.99963182210922241,-0.00015703731332905591,-0.00027090666117146611,0,0,0,0,0,0
0,767,60,182.11466979980469,214.75341796875,0,0.99946010112762451,0.00023694490664638579,-0.00077508162939921021,0,0,0,0,0,0
0,1023,80,182.1195068359375,214.73793029785156,0,0.99924445152282715,9.5493902335874736e-05,-0.00082422973355278373,0,0,0,0,0,0
0,1279,100,182.12152099609375,214.72145080566406,0,0.99907195568084717,0.0021006455644965172,-0.00090912601444870234,0,0,0,0,0,0
0,1535,120,182.16368103027344,214.70350646972656,0,0.9988972544670105,0.0036839423701167107,-0.002738382900133729,0,0,0,0,0,0
0,1791,140,182.23776245117188,214.64912414550781,0,0.99875527620315552,0.0042191585525870323,-0.0026891839224845171,0,0,0,0,0,0
0,2047,160,182.32257080078125,214.59577941894531,0,0.9986383318901062,0.0042146923951804638,-0.0026898214127868414,0,0,0,0,0,0
0,2303,180,182.40730285644531,214.54241943359375,0,0.99822121858596802,0.0022233088966459036,-0.002381189027801156,0,0,0,0,0,0
