measurement_id,geometry_id,local_key,local0,local1,phi,theta,time,var_local0,var_local1,var_phi,var_theta,var_time
0,255,unknown,46.187767028808594,-155.25202941894531,0.0012549810344353318,1.5699336528778076,0,0.0025000001769512892,0.0025000001769512892,0,0,0
1,511,unknown,46.206401824951172,-155.38107299804688,0.0012451480142772198,1.5699177980422974,0,0.0025000001769512892,0.0025000001769512892,0,0,0
2,767,unknown,46.170673370361328,-155.28575134277344,0.0011632239911705256,1.5698158740997314,0,0.0025000001769512892,0.0025000001769512892,0,0,0
3,1023,unknown,46.26318359375,-155.20867919921875,0.00092349579790607095,1.5695103406906128,0,0.0025000001769512892,0.0025000001769512892,0,0,0
4,1279,unknown,46.223983764648438,-155.19369506835938,0.0017368589760735631,1.5695151090621948,0,0.0025000001769512892,0.0025000001769512892,0,0,0
5,1535,unknown,46.340038299560547,-155.21305847167969,0.0039587742649018764,1.5699139833450317,0,0.0025000001769512892,0.0025000001769512892,0,0,0
6,1791,unknown,46.378322601318359,-155.07493591308594,0.0046785357408225536,1.569191575050354,0,0.0025000001769512892,0.0025000001769512892,0,0,0
7,2047,unknown,46.426017761230469,-155.09539794921875,0.00353845558129251,1.5695344209671021,0,0.0025000001769512892,0.0025000001769512892,0,0,0
8,2303,unknown,46.533382415771484,-155.10794067382812,0.0032788233365863562,1.5693280696868896,0,0.0025000001769512892,0.0025000001769512892,0,0,0
