particle_id,particle_type,process,vx,vy,vz,vt,px,py,pz,m,q
0,0,0,0,396.51779174804688,362.27670288085938,0,1,0,-4.3711388286737929e-08,0,-1
