measurement_id,geometry_id,local_key,local0,local1,phi,theta,time,var_local0,var_local1,var_phi,var_theta,var_time
0,255,unknown,-118.04630279541016,67.371299743652344,0.00072562647983431816,1.570681095123291,0,0.0025000001769512892,0.0025000001769512892,0,0,0
1,511,unknown,-118.05987548828125,67.285415649414062,0.00015761912800371647,1.5707293748855591,0,0.0025000001769512892,0.0025000001769512892,0,0,0
2,767,unknown,-118.10927581787109,67.350486755371094,0.00028661967371590436,1.5721375942230225,0,0.0025000001769512892,0.0025000001769512892,0,0,0
3,1023,unknown,-118.05780029296875,67.255699157714844,-0.00079206767259165645,1.5718491077423096,0,0.0025000001769512892,0.0025000001769512892,0,0,0
4,1279,unknown,-118.07490539550781,67.358497619628906,-0.00084563368000090122,1.5718573331832886,0,0.0025000001769512892,0.0025000001769512892,0,0,0
5,1535,unknown,-118.09696960449219,67.262496948242188,-0.0013050950365141034,1.5714393854141235,0,0.0025000001769512892,0.0025000001769512892,0,0,0
6,1791,unknown,-118.19970703125,67.214775085449219,-0.001878738054074347,1.5718799829483032,0,0.0025000001769512892,0.0025000001769512892,0,0,0
7,2047,unknown,-118.23314666748047,67.173271179199219,-0.00087043282110244036,1.5715419054031372,0,0.0025000001769512892,0.0025000001769512892,0,0,0
8,2303,unknown,-118.26563262939453,67.135231018066406,-0.00072740827454254031,1.5712294578552246,0,0.0025000001769512892,0.0025000001769512892,0,0,0
