particle_id,geometry_id,tx,ty,tz,tt,tpx,tpy,tpz,te,deltapx,deltapy,deltapz,deltae,index
0,255,20,-84.614166259765625,65.085220336914062,0,0.99986463785171509,0.0020280710887163877,9.0662470029201359e-05,0,0,0,0,0,0
0,511,40,-84.5736083984375,65.0872802734375,0,0.99922603368759155,0.00198893784545362,9.1081026766914874e-05,0,0,0,0,0,0
0,767,60,-84.5338134765625,65.089340209960938,0,0.99909418821334839,0.0031182859092950821,0.00090632197679951787,0,0,0,0,0,0
0,1023,80,-84.471504211425781,65.107856750488281,0,0.99895459413528442,0.0030190579127520323,0.0012071237433701754,0,0,0,0,0,0
0,1279,100,-84.411209106445312,65.13238525390625,0,0.99876976013183594,0.0026506541762501001,0.0012057084823027253,0,0,0,0,0,0
0,1535,120,-84.3582763671875,65.156845092773438,0,0.99853581190109253,0.0026058424264192581,0.0012043545721098781,0,0,0,0,0,0
0,1791,140,-84.306228637695312,65.181282043457031,0,0.99840682744979858,0.001868759747594595,0.00026870256988331676,0,0,0,0,0,0
0,2047,160,-84.268829345703125,65.1868896484375,0,0.99815070629119873,0.00051725859520956874,-0.0013565173139795661,0,0,0,0,0,0
0,2303,180,-84.25830078125,65.159774780273438,0,0.9979250431060791,0.001281490083783865,-0.0013670373009517789,0,0,0,0,0,0
