measurement_id,geometry_id,local_key,local0,local1,phi,theta,time,var_local0,var_local1,var_phi,var_theta,var_time
0,255,unknown,-152.60636901855469,-7.441835880279541,0.0011087566381320357,1.5700539350509644,0,0.0025000001769512892,0.0025000001769512892,0,0,0
1,511,unknown,-152.46592712402344,-7.3309512138366699,0.0016133638564497232,1.5702177286148071,0,0.0025000001769512892,0.0025000001769512892,0,0,0
2,767,unknown,-152.43434143066406,-7.4124813079833984,0.0036788210272789001,1.5708810091018677,0,0.0025000001769512892,0.0025000001769512892,0,0,0
3,1023,unknown,-152.30909729003906,-7.3473153114318848,0.0043728956952691078,1.5707874298095703,0,0.0025000001769512892,0.0025000001769512892,0,0,0
4,1279,unknown,-152.23089599609375,-7.3393115997314453,0.0064828279428184032,1.5704379081726074,0,0.0025000001769512892,0.0025000001769512892,0,0,0
5,1535,unknown,-152.13763427734375,-7.3615031242370605,0.007447513286024332,1.5710567235946655,0,0.0025000001769512892,0.0025000001769512892,0,0,0
6,1791,unknown,-152.04817199707031,-7.3648238182067871,0.0074766725301742554,1.5708900690078735,0,0.0025000001769512892,0.0025000001769512892,0,0,0
7,2047,unknown,-151.80183410644531,-7.3265352249145508,0.0070397802628576756,1.5701001882553101,0,0.0025000001769512892,0.0025000001769512892,0,0,0
8,2303,unknown,-151.77198791503906,-7.334263801574707,0.0065298513509333134,1.5706514120101929,0,0.0025000001769512892,0.0025000001769512892,0,0,0
