particle_id,geometry_id,tx,ty,tz,tt,tpx,tpy,tpz,te,deltapx,deltapy,deltapz,deltae,index
0,255,20,51.422206878662109,-80.163589477539062,0,0.99985039234161377,0.00021083142200950533,-1.7922424376592971e-05,0,0,0,0,0,0
0,511,40,51.426425933837891,-80.163925170898438,0,0.99959135055541992,-0.00037238307413645089,-0.0001085989861167036,0,0,0,0,0,0
0,767,60,51.418987274169922,-80.166145324707031,0,0.99944895505905151,-0.00071549450512975454,-0.00019067349785473198,0,0,0,0,0,0
0,1023,80,51.404693603515625,-80.1700439453125,0,0.99900949001312256,0.00042914293590001762,-9.519755985820666e-05,0,0,0,0,0,0
0,1279,100,51.413295745849609,-80.171897888183594,0,0.99886929988861084,0.00082229910185560584,-0.00026176951359957457,0,0,0,0,0,0
0,1535,120,51.429790496826172,-80.177040100097656,0,0.99871104955673218,0.0014651301316916943,-0.0011527420720085502,0,0,0,0,0,0
0,1791,140,51.459270477294922,-80.199951171875,0,0.99858903884887695,0.0011015661293640733,-0.001734236953780055,0,0,0,0,0,0
0,2047,160,51.481540679931641,-80.234550476074219,0,0.99843251705169678,0.002249817131087184,-0.002182090887799859,0,0,0,0,0,0
0,2303,180,51.526870727539062,-80.277992248535156,0,0.99823558330535889,0.0021835272200405598,-0.0016966173425316811,0,0,0,0,0,0
