particle_id,particle_type,process,vx,vy,vz,vt,px,py,pz,m,q
0,0,0,0,-60.939807891845703,-167.61807250976562,0,1,0,-4.3711388286737929e-08,0,-1
