measurement_id,geometry_id,local_key,local0,local1,phi,theta,time,var_local0,var_local1,var_phi,var_theta,var_time
0,255,unknown,107.33473205566406,94.8692626953125,-3.1554573070025072e-05,1.5709114074707031,0,0.0025000001769512892,0.0025000001769512892,0,0,0
1,511,unknown,107.24858856201172,94.810836791992188,-0.00013816826685797423,1.5710433721542358,0,0.0025000001769512892,0.0025000001769512892,0,0,0
2,767,unknown,107.36007690429688,94.823585510253906,-0.00087673758389428258,1.5714646577835083,0,0.0025000001769512892,0.0025000001769512892,0,0,0
3,1023,unknown,107.25477600097656,94.838676452636719,-0.00091263081412762403,1.572053074836731,0,0.0025000001769512892,0.0025000001769512892,0,0,0
4,1279,unknown,107.17139434814453,94.802703857421875,-0.00039435323560610414,1.5725944042205811,0,0.0025000001769512892,0.0025000001769512892,0,0,0
5,1535,unknown,107.26966857910156,94.842041015625,-0.00025328694027848542,1.5727602243423462,0,0.0025000001769512892,0.0025000001769512892,0,0,0
6,1791,unknown,107.20807647705078,94.741539001464844,-0.00095227768179029226,1.5718826055526733,0,0.0025000001769512892,0.0025000001769512892,0,0,0
7,2047,unknown,107.32372283935547,94.725250244140625,-0.0010046495590358973,1.5718542337417603,0,0.0025000001769512892,0.0025000001769512892,0,0,0
8,2303,unknown,107.15462493896484,94.67010498046875,6.4255459619744215e-06,1.5699608325958252,0,0.0025000001769512892,0.0025000001769512892,0,0,0
