measurement_id,geometry_id,local_key,local0,local1,phi,theta,time,var_local0,var_local1,var_phi,var_theta,var_time
0,255,unknown,-61.13446044921875,71.506538391113281,0.00054548063781112432,1.5694228410720825,0,0.0025000001769512892,0.0025000001769512892,0,0,0
1,511,unknown,-60.963039398193359,71.489120483398438,0.00085970258805900812,1.5693740844726562,0,0.0025000001769512892,0.0025000001769512892,0,0,0
2,767,unknown,-61.050727844238281,71.627761840820312,-0.00023239779693540186,1.5697352886199951,0,0.0025000001769512892,0.0025000001769512892,0,0,0
3,1023,unknown,-60.936092376708984,71.494743347167969,0.00033626254298724234,1.5699751377105713,0,0.0025000001769512892,0.0025000001769512892,0,0,0
4,1279,unknown,-61.045001983642578,71.573677062988281,0.00096337019931524992,1.5684839487075806,0,0.0025000001769512892,0.0025000001769512892,0,0,0
5,1535,unknown,-60.936969757080078,71.666656494140625,-6.3079496612772346e-05,1.5690536499023438,0,0.0025000001769512892,0.0025000001769512892,0,0,0
6,1791,unknown,-61.037979125976562,71.742851257324219,-0.00096131506143137813,1.5710182189941406,0,0.0025000001769512892,0.0025000001769512892,0,0,0
7,2047,unknown,-61.118076324462891,71.668037414550781,-0.00096925115212798119,1.5710349082946777,0,0.0025000001769512892,0.0025000001769512892,0,0,0
8,2303,unknown,-61.044204711914062,71.777175903320312,-0.0004826162476092577,1.5711435079574585,0,0.0025000001769512892,0.0025000001769512892,0,0,0
