particle_id,particle_type,process,vx,vy,vz,vt,px,py,pz,m,q
0,0,0,0,224.06260681152344,-212.72447204589844,0,1,0,-4.3711388286737929e-08,0,-1
