particle_id,geometry_id,tx,ty,tz,tt,tpx,tpy,tpz,te,deltapx,deltapy,deltapz,deltae,index
0,255,20,-114.46251678466797,166.69035339355469,0,0.9998394250869751,0.00012042660091537982,-0.00042674446012824774,0,0,0,0,0,0
0,511,40,-114.46006011962891,166.68183898925781,0,0.99969738721847534,8.1937578215729445e-05,-0.00041834168951027095,0,0,0,0,0,0
0,767,60,-114.4583740234375,166.67347717285156,0,0.99948078393936157,0.00017001116066239774,-0.00049939047312363982,0,0,0,0,0,0
0,1023,80,-114.45491027832031,166.66349792480469,0,0.99933874607086182,0.00017938643577508628,-0.00037744900328107178,0,0,0,0,0,0
0,1279,100,-114.45127868652344,166.65596008300781,0,0.99921238422393799,0.00052195927128195763,-0.00016513763694092631,0,0,0,0,0,0
0,1535,120,-114.44081115722656,166.6527099609375,0,0.99909329414367676,0.0010881936177611351,-0.00015225510287564248,0,0,0,0,0,0
0,1791,140,-114.41900634765625,166.64979553222656,0,0.99896919727325439,0.0010585024720057845,-0.00028847111389040947,0,0,0,0,0,0
0,2047,160,-114.39778137207031,166.64414978027344,0,0.99881136417388916,0.0013261974090710282,-0.00038570395554415882,0,0,0,0,0,0
0,2303,180,-114.37117767333984,166.63658142089844,0,0.99857085943222046,0.00022261895355768502,-0.0015035064425319433,0,0,0,0,0,0
