measurement_id,geometry_id,local_key,local0,local1,phi,theta,time,var_local0,var_local1,var_phi,var_theta,var_time
0,255,unknown,-103.46195220947266,99.697402954101562,-9.8434451501816511e-05,1.5711973905563354,0,0.0025000001769512892,0.0025000001769512892,0,0,0
1,511,unknown,-103.41208648681641,99.637466430664062,0.00039872436900623143,1.5736203193664551,0,0.0025000001769512892,0.0025000001769512892,0,0,0
2,767,unknown,-103.38116455078125,99.674209594726562,0.00014196784468367696,1.5732245445251465,0,0.0025000001769512892,0.0025000001769512892,0,0,0
3,1023,unknown,-103.33259582519531,99.660690307617188,-0.00037999622873030603,1.5732396841049194,0,0.0025000001769512892,0.0025000001769512892,0,0,0
4,1279,unknown,-103.42469787597656,99.494758605957031,-0.0014722859486937523,1.5742459297180176,0,0.0025000001769512892,0.0025000001769512892,0,0,0
5,1535,unknown,-103.41112518310547,99.436103820800781,-0.0019626768771559,1.5749853849411011,0,0.0025000001769512892,0.0025000001769512892,0,0,0
6,1791,unknown,-103.44698333740234,99.323387145996094,-0.0020420877262949944,1.5745706558227539,0,0.0025000001769512892,0.0025000001769512892,0,0,0
7,2047,unknown,-103.48505401611328,99.337310791015625,-0.0016774064861238003,1.573466420173645,0,0.0025000001769512892,0.0025000001769512892,0,0,0
8,2303,unknown,-103.4908447265625,99.217247009277344,-0.0015775494975969195,1.5735278129577637,0,0.0025000001769512892,0.0025000001769512892,0,0,0
