measurement_id,geometry_id,local_key,local0,local1,phi,theta,time,var_local0,var_local1,var_phi,var_theta,var_time
0,255,unknown,-20.496406555175781,62.025238037109375,0.00021995659335516393,1.5709004402160645,0,0.0025000001769512892,0.0025000001769512892,0,0,0
1,511,unknown,-20.455211639404297,62.023967742919922,0.00091328338021412492,1.5706026554107666,0,0.0025000001769512892,0.0025000001769512892,0,0,0
2,767,unknown,-20.460577011108398,62.105197906494141,0.00067446514731273055,1.5705481767654419,0,0.0025000001769512892,0.0025000001769512892,0,0,0
3,1023,unknown,-20.348480224609375,62.152179718017578,0.0012991490075364709,1.5702499151229858,0,0.0025000001769512892,0.0025000001769512892,0,0,0
4,1279,unknown,-20.434528350830078,62.120216369628906,0.0014588866615667939,1.5700368881225586,0,0.0025000001769512892,0.0025000001769512892,0,0,0
5,1535,unknown,-20.287498474121094,62.143810272216797,0.001500835525803268,1.5705130100250244,0,0.0025000001769512892,0.0025000001769512892,0,0,0
6,1791,unknown,-20.344415664672852,62.16998291015625,0.0019139837240800261,1.5721895694732666,0,0.0025000001769512892,0.0025000001769512892,0,0,0
7,2047,unknown,-20.367168426513672,62.130146026611328,0.0029594551306217909,1.5726361274719238,0,0.0025000001769512892,0.0025000001769512892,0,0,0
8,2303,unknown,-20.185546875,62.114536285400391,0.0017519824905321002,1.5731885433197021,0,0.0025000001769512892,0.0025000001769512892,0,0,0
