particle_id,geometry_id,tx,ty,tz,tt,tpx,tpy,tpz,te,deltapx,deltapy,deltapz,deltae,index
0,255,20,-415.46951293945312,153.16561889648438,0,0.99975776672363281,0.00059153838083148003,5.2395691454876214e-05,0,0,0,0,0,0
0,511,40,-415.45767211914062,153.16673278808594,0,0.99925404787063599,0.00038587025483138859,0.00029370718402788043,0,0,0,0,0,0
0,767,60,-415.44998168945312,153.17265319824219,0,0.99911439418792725,0.0010425616055727005,0.0013747721677646041,0,0,0,0,0,0
0,1023,80,-415.42929077148438,153.20030212402344,0,0.99885553121566772,0.00062955112662166357,0.001075899344868958,0,0,0,0,0,0
0,1279,100,-415.41680908203125,153.221923828125,0,0.99850994348526001,0.00071598723297938704,0.0010871923295781016,0,0,0,0,0,0
0,1535,120,-415.402587890625,153.24378967285156,0,0.99839222431182861,0.0012976423604413867,0.00091091828653588891,0,0,0,0,0,0
0,1791,140,-415.376708984375,153.26219177246094,0,0.9982527494430542,0.0014541125856339931,0.00042098236735910177,0,0,0,0,0,0
0,2047,160,-415.34762573242188,153.27079772949219,0,0.99810165166854858,0.00062541686929762363,-0.00058401230489835143,0,0,0,0,0,0
0,2303,180,-415.33502197265625,153.25917053222656,0,0.99780356884002686,0.0011107047321274877,0.00027091885567642748,0,0,0,0,0,0
