measurement_id,geometry_id,local_key,local0,local1,phi,theta,time,var_local0,var_local1,var_phi,var_theta,var_time
0,255,unknown,581.0313720703125,-313.79727172851562,2.360711368964985e-05,1.5707041025161743,0,0.0025000001769512892,0.0025000001769512892,0,0,0
1,511,unknown,581.02972412109375,-313.779052734375,0.00034477317240089178,1.5704597234725952,0,0.0025000001769512892,0.0025000001769512892,0,0,0
2,767,unknown,580.9149169921875,-313.8604736328125,0.00046881497837603092,1.5697174072265625,0,0.0025000001769512892,0.0025000001769512892,0,0,0
3,1023,unknown,581.007568359375,-313.78985595703125,0.00051926955347880721,1.5706603527069092,0,0.0025000001769512892,0.0025000001769512892,0,0,0
4,1279,unknown,581.00628662109375,-313.78756713867188,0.00030000726110301912,1.5707262754440308,0,0.0025000001769512892,0.0025000001769512892,0,0,0
5,1535,unknown,581.09381103515625,-313.79568481445312,-0.00012709590373560786,1.5703299045562744,0,0.0025000001769512892,0.0025000001769512892,0,0,0
6,1791,unknown,581.02752685546875,-313.83322143554688,-7.0580434112343937e-05,1.570421576499939,0,0.0025000001769512892,0.0025000001769512892,0,0,0
7,2047,unknown,581.0079345703125,-313.8089599609375,-2.2192776668816805e-05,1.5704460144042969,0,0.0025000001769512892,0.0025000001769512892,0,0,0
8,2303,unknown,581.02178955078125,-313.83203125,0.00039316821494139731,1.5715523958206177,0,0.0025000001769512892,0.0025000001769512892,0,0,0
