particle_id,geometry_id,tx,ty,tz,tt,tpx,tpy,tpz,te,deltapx,deltapy,deltapz,deltae,index
0,255,20,40.562049865722656,-325.79257202148438,0,0.99975842237472534,-0.00023409344430547208,-0.0023904514964669943,0,0,0,0,0,0
0,511,40,40.557655334472656,-325.84042358398438,0,0.99930906295776367,-0.0012287747813388705,-0.0016543620731681585,0,0,0,0,0,0
0,767,60,40.533260345458984,-325.87368774414062,0,0.99908697605133057,-0.0027037765830755234,-0.0012385743902996182,0,0,0,0,0,0
0,1023,80,40.479286193847656,-325.8988037109375,0,0.99886906147003174,-0.0032754421699792147,-0.00035750717506743968,0,0,0,0,0,0
0,1279,100,40.413745880126953,-325.90634155273438,0,0.99863934516906738,-0.0029765588697046041,0.00070412311470136046,0,0,0,0,0,0
0,1535,120,40.354049682617188,-325.89260864257812,0,0.99840867519378662,-0.0034703055862337351,0.00063112110365182161,0,0,0,0,0,0
0,1791,140,40.284458160400391,-325.88037109375,0,0.99826282262802124,-0.0038883963134139776,0.0020240829326212406,0,0,0,0,0,0
0,2047,160,40.206314086914062,-325.84030151367188,0,0.99796885251998901,-0.0044549438171088696,0.0023250780068337917,0,0,0,0,0,0
0,2303,180,40.116756439208984,-325.79425048828125,0,0.99784278869628906,-0.0048806099221110344,0.0017611846560612321,0,0,0,0,0,0
