particle_id,geometry_id,tx,ty,tz,tt,tpx,tpy,tpz,te,deltapx,deltapy,deltapz,deltae,index
0,255,20,118.14320373535156,221.97589111328125,0,0.999839186668396,-0.00065878330497071147,0.00070127123035490513,0,0,0,0,0,0
0,511,40,118.12994384765625,221.98983764648438,0,0.99962145090103149,-0.00057957728859037161,0.0010022465139627457,0,0,0,0,0,0
0,767,60,118.11822509765625,222.00982666015625,0,0.99945670366287231,0.00024565859348513186,0.0014162282459437847,0,0,0,0,0,0
0,1023,80,118.12297058105469,222.03819274902344,0,0.99931752681732178,0.0012013589730486274,0.0026287601795047522,0,0,0,0,0,0
0,1279,100,118.14669799804688,222.0909423828125,0,0.99919551610946655,0.0011313477298244834,0.0031446812208741903,0,0,0,0,0,0
0,1535,120,118.16896820068359,222.15402221679688,0,0.99853593111038208,4.1687027987791225e-05,0.0032441413495689631,0,0,0,0,0,0
0,1791,140,118.16941070556641,222.21900939941406,0,0.99836379289627075,0.00026760454056784511,0.003765227971598506,0,0,0,0,0,0
0,2047,160,118.17431640625,222.29446411132812,0,0.99823594093322754,-6.2887163949199021e-05,0.0016841507749632001,0,0,0,0,0,0
0,2303,180,118.1728515625,222.32820129394531,0,0.99788033962249756,-0.00019131496082991362,0.0014337413012981415,0,0,0,0,0,0
