particle_id,particle_type,process,vx,vy,vz,vt,px,py,pz,m,q
0,0,0,0,38.886844635009766,240.17100524902344,0,1,0,-4.3711388286737929e-08,0,-1
