particle_id,geometry_id,tx,ty,tz,tt,tpx,tpy,tpz,te,deltapx,deltapy,deltapz,deltae,index
0,255,20,-151.94461059570312,80.068084716796875,0,0.99986237287521362,5.6571760069346055e-05,0.0010201286058872938,0,0,0,0,0,0
0,511,40,-151.943603515625,80.088493347167969,0,0.99931573867797852,-3.0427492674789391e-05,0.0011160643771290779,0,0,0,0,0,0
0,767,60,-151.94435119628906,80.110824584960938,0,0.99915248155593872,-0.00020225286425556988,0.0011489941971376538,0,0,0,0,0,0
0,1023,80,-151.94853210449219,80.133796691894531,0,0.99894297122955322,0.00042582774767652154,0.0003376765816938132,0,0,0,0,0,0
0,1279,100,-151.94004821777344,80.140609741210938,0,0.99875783920288086,0.00065151171293109655,0.0021263931412249804,0,0,0,0,0,0
0,1535,120,-151.92726135253906,80.183265686035156,0,0.99861711263656616,0.001476285164244473,0.0022487121168524027,0,0,0,0,0,0
0,1791,140,-151.89796447753906,80.228477478027344,0,0.99845981597900391,0.00076041516149416566,0.004705911036580801,0,0,0,0,0,0
0,2047,160,-151.88330078125,80.322830200195312,0,0.9983142614364624,0.00093085644766688347,0.0043927030637860298,0,0,0,0,0,0
0,2303,180,-151.86518859863281,80.410942077636719,0,0.99804103374481201,0.0011086543090641499,0.0042187455110251904,0,0,0,0,0,0
