particle_id,particle_type,process,vx,vy,vz,vt,px,py,pz,m,q
0,0,0,0,-206.12626647949219,-114.43121337890625,0,1,0,-4.3711388286737929e-08,0,-1
