particle_id,particle_type,process,vx,vy,vz,vt,px,py,pz,m,q
0,0,0,0,389.89193725585938,-71.689956665039062,0,1,0,-4.3711388286737929e-08,0,-1
