particle_id,particle_type,process,vx,vy,vz,vt,px,py,pz,m,q
0,0,0,0,444.0333251953125,299.04299926757812,0,1,0,-4.3711388286737929e-08,0,-1
