measurement_id,geometry_id,local_key,local0,local1,phi,theta,time,var_local0,var_local1,var_phi,var_theta,var_time
0,255,unknown,-379.81057739257812,337.72900390625,-5.0191047193948179e-05,1.5703418254852295,0,0.0025000001769512892,0.0025000001769512892,0,0,0
1,511,unknown,-379.74148559570312,337.70819091796875,-0.00022863673802930862,1.5700505971908569,0,0.0025000001769512892,0.0025000001769512892,0,0,0
2,767,unknown,-379.76406860351562,337.78369140625,-4.3825253669638187e-05,1.5701721906661987,0,0.0025000001769512892,0.0025000001769512892,0,0,0
3,1023,unknown,-379.75152587890625,337.80661010742188,0.0002471401821821928,1.5698399543762207,0,0.0025000001769512892,0.0025000001769512892,0,0,0
4,1279,unknown,-379.83929443359375,337.767333984375,0.00041256385156884789,1.5680001974105835,0,0.0025000001769512892,0.0025000001769512892,0,0,0
5,1535,unknown,-379.73037719726562,337.8543701171875,-4.9582227802602574e-05,1.5685275793075562,0,0.0025000001769512892,0.0025000001769512892,0,0,0
6,1791,unknown,-379.77587890625,337.81607055664062,0.00022195033670868725,1.5694072246551514,0,0.0025000001769512892,0.0025000001769512892,0,0,0
7,2047,unknown,-379.748046875,337.8558349609375,-8.9358371042180806e-05,1.5680381059646606,0,0.0025000001769512892,0.0025000001769512892,0,0,0
8,2303,unknown,-379.83285522460938,337.97702026367188,-0.00012146734661655501,1.5681067705154419,0,0.0025000001769512892,0.0025000001769512892,0,0,0
