particle_id,geometry_id,tx,ty,tz,tt,tpx,tpy,tpz,te,deltapx,deltapy,deltapz,deltae,index
0,255,20,-571.23065185546875,-47.694911956787109,0,0.99988186359405518,0.0003073191037401557,-0.00025667101726867259,0,0,0,0,0,0
0,511,40,-571.2244873046875,-47.700008392333984,0,0.99972778558731079,0.00030457580578513443,-0.0002522219147067517,0,0,0,0,0,0
0,767,60,-571.2183837890625,-47.70501708984375,0,0.99954748153686523,-0.00026098266243934631,-0.00082304986426606774,0,0,0,0,0,0
0,1023,80,-571.2235107421875,-47.721515655517578,0,0.99939519166946411,-0.0015693360473960638,0.00068952335277572274,0,0,0,0,0,0
0,1279,100,-571.2550048828125,-47.707904815673828,0,0.99917852878570557,-0.0018463206943124533,0.0024989221710711718,0,0,0,0,0,0
0,1535,120,-571.292236328125,-47.658107757568359,0,0.99902611970901489,-0.0019137299386784434,0.0024829399771988392,0,0,0,0,0,0
0,1791,140,-571.33087158203125,-47.608631134033203,0,0.99883186817169189,-0.0010442709317430854,0.00085642776684835553,0,0,0,0,0,0
0,2047,160,-571.35186767578125,-47.591609954833984,0,0.99867779016494751,-0.0010658721439540386,0.00084558106027543545,0,0,0,0,0,0
0,2303,180,-571.373291015625,-47.574806213378906,0,0.9985051155090332,-0.0015476007247343659,0.0010599298402667046,0,0,0,0,0,0
