measurement_id,geometry_id,local_key,local0,local1,phi,theta,time,var_local0,var_local1,var_phi,var_theta,var_time
0,255,unknown,-29.365325927734375,175.56307983398438,-0.00032604040461592376,1.571802020072937,0,0.0025000001769512892,0.0025000001769512892,0,0,0
1,511,unknown,-29.403398513793945,175.68562316894531,-0.0022430981043726206,1.5712326765060425,0,0.0025000001769512892,0.0025000001769512892,0,0,0
2,767,unknown,-29.419368743896484,175.62338256835938,-0.0021380919497460127,1.5712593793869019,0,0.0025000001769512892,0.0025000001769512892,0,0,0
3,1023,unknown,-29.552499771118164,175.50326538085938,-0.0026184453163295984,1.5708743333816528,0,0.0025000001769512892,0.0025000001769512892,0,0,0
4,1279,unknown,-29.477739334106445,175.4822998046875,-0.0037506863009184599,1.5699201822280884,0,0.0025000001769512892,0.0025000001769512892,0,0,0
5,1535,unknown,-29.717775344848633,175.45826721191406,-0.0042751403525471687,1.5704705715179443,0,0.0025000001769512892,0.0025000001769512892,0,0,0
6,1791,unknown,-29.693466186523438,175.50851440429688,-0.0043346364982426167,1.5705907344818115,0,0.0025000001769512892,0.0025000001769512892,0,0,0
7,2047,unknown,-29.877302169799805,175.60826110839844,-0.0045301523059606552,1.570499062538147,0,0.0025000001769512892,0.0025000001769512892,0,0,0
8,2303,unknown,-29.948326110839844,175.61351013183594,-0.0047362181358039379,1.5702297687530518,0,0.0025000001769512892,0.0025000001769512892,0,0,0
