particle_id,particle_type,process,vx,vy,vz,vt,px,py,pz,m,q
0,0,0,0,-39.365039825439453,158.42070007324219,0,1,0,-4.3711388286737929e-08,0,-1
