measurement_id,geometry_id,local_key,local0,local1,phi,theta,time,var_local0,var_local1,var_phi,var_theta,var_time
0,255,unknown,-89.84442138671875,365.01333618164062,-6.2418046582024544e-05,1.5705413818359375,0,0.0025000001769512892,0.0025000001769512892,0,0,0
1,511,unknown,-89.821235656738281,364.9180908203125,1.4508257706324912e-08,1.5707985162734985,0,0.0025000001769512892,0.0025000001769512892,0,0,0
2,767,unknown,-89.747581481933594,365.03927612304688,2.1541374735534191e-05,1.5707756280899048,0,0.0025000001769512892,0.0025000001769512892,0,0,0
3,1023,unknown,-89.846420288085938,364.91217041015625,-0.00039016542723402381,1.5705740451812744,0,0.0025000001769512892,0.0025000001769512892,0,0,0
4,1279,unknown,-89.753433227539062,365.07241821289062,-0.00021438635303638875,1.5704948902130127,0,0.0025000001769512892,0.0025000001769512892,0,0,0
5,1535,unknown,-89.814926147460938,364.96420288085938,4.8440233513247222e-05,1.5705732107162476,0,0.0025000001769512892,0.0025000001769512892,0,0,0
6,1791,unknown,-89.832649230957031,364.978271484375,0.00082360714441165328,1.5687390565872192,0,0.0025000001769512892,0.0025000001769512892,0,0,0
7,2047,unknown,-89.765228271484375,365.1214599609375,0.0016932080034166574,1.5690701007843018,0,0.0025000001769512892,0.0025000001769512892,0,0,0
8,2303,unknown,-89.767471313476562,365.034912109375,0.0015438675181940198,1.5687519311904907,0,0.0025000001769512892,0.0025000001769512892,0,0,0
