particle_id,geometry_id,tx,ty,tz,tt,tpx,tpy,tpz,te,deltapx,deltapy,deltapz,deltae,index
0,255,20,-50.425033569335938,-33.288837432861328,0,0.99986070394515991,-0.0013783319154754281,-0.00076120905578136444,0,0,0,0,0,0
0,511,40,-50.452510833740234,-33.304229736328125,0,0.99932849407196045,-0.00012179569603176787,-0.00066966924350708723,0,0,0,0,0,0
0,767,60,-50.454868316650391,-33.317646026611328,0,0.99732214212417603,0.0012400140985846519,-0.0021746668498963118,0,0,0,0,0,0
0,1023,80,-50.429740905761719,-33.361106872558594,0,0.99717515707015991,0.0027057123370468616,-0.0029083981644362211,0,0,0,0,0,0
0,1279,100,-50.3751220703125,-33.419113159179688,0,0.99698424339294434,0.0026736732106655836,-0.0030739952344447374,0,0,0,0,0,0
0,1535,120,-50.321117401123047,-33.480453491210938,0,0.99682700634002686,0.0030508360359817743,-0.0041364762000739574,0,0,0,0,0,0
0,1791,140,-50.259407043457031,-33.563076019287109,0,0.99666309356689453,0.0027568144723773003,-0.0051204082556068897,0,0,0,0,0,0
0,2047,160,-50.203468322753906,-33.665493011474609,0,0.9955289363861084,0.003626831341534853,-0.0061636166647076607,0,0,0,0,0,0
0,2303,180,-50.129863739013672,-33.788875579833984,0,0.99533146619796753,0.0035620925482362509,-0.0059889145195484161,0,0,0,0,0,0
