particle_id,particle_type,process,vx,vy,vz,vt,px,py,pz,m,q
0,0,0,0,11.72905158996582,-165.96319580078125,0,1,0,-4.3711388286737929e-08,0,-1
