measurement_id,geometry_id,local_key,local0,local1,phi,theta,time,var_local0,var_local1,var_phi,var_theta,var_time
0,255,unknown,-152.85195922851562,318.93002319335938,0.00054703914793208241,1.5720032453536987,0,0.0025000001769512892,0.0025000001769512892,0,0,0
1,511,unknown,-152.81637573242188,318.9425048828125,0.0022177537903189659,1.5706878900527954,0,0.0025000001769512892,0.0025000001769512892,0,0,0
2,767,unknown,-152.678955078125,318.97116088867188,0.0025917650200426579,1.571973443031311,0,0.0025000001769512892,0.0025000001769512892,0,0,0
3,1023,unknown,-152.70159912109375,318.94952392578125,0.0028589305002242327,1.5727128982543945,0,0.0025000001769512892,0.0025000001769512892,0,0,0
4,1279,unknown,-152.6708984375,318.80532836914062,0.0035524012055248022,1.5726306438446045,0,0.0025000001769512892,0.0025000001769512892,0,0,0
5,1535,unknown,-152.56675720214844,318.77694702148438,0.0040489044040441513,1.572221040725708,0,0.0025000001769512892,0.0025000001769512892,0,0,0
6,1791,unknown,-152.52140808105469,318.74261474609375,0.0040110391564667225,1.572212815284729,0,0.0025000001769512892,0.0025000001769512892,0,0,0
7,2047,unknown,-152.41229248046875,318.75521850585938,0.0041382405906915665,1.5722899436950684,0,0.0025000001769512892,0.0025000001769512892,0,0,0
8,2303,unknown,-152.46044921875,318.703125,0.0045049977488815784,1.572046160697937,0,0.0025000001769512892,0.0025000001769512892,0,0,0
