measurement_id,geometry_id,local_key,local0,local1,phi,theta,time,var_local0,var_local1,var_phi,var_theta,var_time
0,255,unknown,82.053779602050781,427.46832275390625,5.3391584515338764e-05,1.5708920955657959,0,0.0025000001769512892,0.0025000001769512892,0,0,0
1,511,unknown,81.991325378417969,427.4111328125,0.0011973085347563028,1.5699570178985596,0,0.0025000001769512892,0.0025000001769512892,0,0,0
2,767,unknown,82.060577392578125,427.4969482421875,-0.00067309458972886205,1.5697197914123535,0,0.0025000001769512892,0.0025000001769512892,0,0,0
3,1023,unknown,82.141006469726562,427.473388671875,-0.0014396249316632748,1.5699023008346558,0,0.0025000001769512892,0.0025000001769512892,0,0,0
4,1279,unknown,81.9097900390625,427.50930786132812,-0.00099956395570188761,1.5709127187728882,0,0.0025000001769512892,0.0025000001769512892,0,0,0
5,1535,unknown,81.960479736328125,427.52236938476562,-0.0011057845549657941,1.5711711645126343,0,0.0025000001769512892,0.0025000001769512892,0,0,0
6,1791,unknown,81.897964477539062,427.58993530273438,-0.0010707147885113955,1.5724835395812988,0,0.0025000001769512892,0.0025000001769512892,0,0,0
7,2047,unknown,81.909156799316406,427.47177124023438,-0.00087968446314334869,1.5727081298828125,0,0.0025000001769512892,0.0025000001769512892,0,0,0
8,2303,unknown,81.934516906738281,427.47628784179688,-0.00066382600925862789,1.5743337869644165,0,0.0025000001769512892,0.0025000001769512892,0,0,0
