particle_id,particle_type,process,vx,vy,vz,vt,px,py,pz,m,q
0,0,0,0,-474.64617919921875,42.136627197265625,0,1,0,-4.3711388286737929e-08,0,-1
