measurement_id,geometry_id,local_key,local0,local1,phi,theta,time,var_local0,var_local1,var_phi,var_theta,var_time
0,255,unknown,25.854791641235352,10.755033493041992,0.0010207388550043106,1.5709315538406372,0,0.0025000001769512892,0.0025000001769512892,0,0,0
1,511,unknown,25.818672180175781,10.684232711791992,0.00100613699760288,1.5694044828414917,0,0.0025000001769512892,0.0025000001769512892,0,0,0
2,767,unknown,25.895807266235352,10.681696891784668,0.00057594012469053268,1.5691448450088501,0,0.0025000001769512892,0.0025000001769512892,0,0,0
3,1023,unknown,25.899587631225586,10.704237937927246,0.0011768299154937267,1.5665812492370605,0,0.0025000001769512892,0.0025000001769512892,0,0,0
4,1279,unknown,26.042295455932617,10.821751594543457,0.00085593515541404486,1.5678653717041016,0,0.0025000001769512892,0.0025000001769512892,0,0,0
5,1535,unknown,25.854055404663086,10.945719718933105,0.0025266685988754034,1.5691374540328979,0,0.0025000001769512892,0.0025000001769512892,0,0,0
6,1791,unknown,25.896520614624023,10.933170318603516,0.0024802107363939285,1.5683685541152954,0,0.0025000001769512892,0.0025000001769512892,0,0,0
7,2047,unknown,25.988611221313477,10.87064266204834,0.0036774284671992064,1.5677791833877563,0,0.0025000001769512892,0.0025000001769512892,0,0,0
8,2303,unknown,26.122352600097656,10.99688720703125,0.0036918697878718376,1.5677124261856079,0,0.0025000001769512892,0.0025000001769512892,0,0,0
