particle_id,geometry_id,tx,ty,tz,tt,tpx,tpy,tpz,te,deltapx,deltapy,deltapz,deltae,index
0,255,20,28.821701049804688,-58.811832427978516,0,0.99979233741760254,0.00062249944312497973,-2.0781815692316741e-05,0,0,0,0,0,0
0,511,40,28.834156036376953,-58.812171936035156,0,0.99830150604248047,0.00035438252962194383,0.00090107624419033527,0,0,0,0,0,0
0,767,60,28.841146469116211,-58.794078826904297,0,0.99782091379165649,0.00029008364072069526,0.0015592669369652867,0,0,0,0,0,0
0,1023,80,28.846773147583008,-58.762790679931641,0,0.99762135744094849,0.00059101259103044868,0.00059720157878473401,0,0,0,0,0,0
0,1279,100,28.858549118041992,-58.750747680664062,0,0.99747192859649658,0.00048890477046370506,0.0020471971947699785,0,0,0,0,0,0
0,1535,120,28.868104934692383,-58.709640502929688,0,0.99726969003677368,0.00051596475532278419,0.0017706139478832483,0,0,0,0,0,0
0,1791,140,28.878238677978516,-58.674068450927734,0,0.99713593721389771,0.00044344854541122913,0.0014850929146632552,0,0,0,0,0,0
0,2047,160,28.886953353881836,-58.644229888916016,0,0.99692291021347046,-4.807820005225949e-05,0.0013721125433221459,0,0,0,0,0,0
0,2303,180,28.885824203491211,-58.616710662841797,0,0.99607670307159424,-0.00052881520241498947,0.0024158779997378588,0,0,0,0,0,0
