particle_id,particle_type,process,vx,vy,vz,vt,px,py,pz,m,q
0,0,0,0,-246.20561218261719,347.2642822265625,0,1,0,-4.3711388286737929e-08,0,-1
