measurement_id,geometry_id,local_key,local0,local1,phi,theta,time,var_local0,var_local1,var_phi,var_theta,var_time
0,255,unknown,399.2225341796875,-265.8643798828125,-0.0012403737055137753,1.5705132484436035,0,0.0025000001769512892,0.0025000001769512892,0,0,0
1,511,unknown,399.08746337890625,-265.73568725585938,-0.0014743772335350513,1.5709058046340942,0,0.0025000001769512892,0.0025000001769512892,0,0,0
2,767,unknown,399.02957153320312,-265.76336669921875,-0.0014492563204839826,1.5702973604202271,0,0.0025000001769512892,0.0025000001769512892,0,0,0
3,1023,unknown,398.986572265625,-265.7796630859375,-0.0013926244573667645,1.5710456371307373,0,0.0025000001769512892,0.0025000001769512892,0,0,0
4,1279,unknown,398.97845458984375,-265.76910400390625,-0.002071768743917346,1.5723553895950317,0,0.0025000001769512892,0.0025000001769512892,0,0,0
5,1535,unknown,398.93548583984375,-265.88729858398438,-0.0019515074091032147,1.5732861757278442,0,0.0025000001769512892,0.0025000001769512892,0,0,0
6,1791,unknown,398.85934448242188,-265.93569946289062,-0.0047917594201862812,1.573259711265564,0,0.0025000001769512892,0.0025000001769512892,0,0,0
7,2047,unknown,398.83016967773438,-265.89523315429688,-0.0048229699023067951,1.573145866394043,0,0.0025000001769512892,0.0025000001769512892,0,0,0
8,2303,unknown,398.67239379882812,-266.03079223632812,-0.0035691570956259966,1.5736833810806274,0,0.0025000001769512892,0.0025000001769512892,0,0,0
