particle_id,particle_type,process,vx,vy,vz,vt,px,py,pz,m,q
0,0,0,0,-56.657672882080078,194.54734802246094,0,1,0,-4.3711388286737929e-08,0,-1
