measurement_id,geometry_id,local_key,local0,local1,phi,theta,time,var_local0,var_local1,var_phi,var_theta,var_time
0,255,unknown,-1.3477782011032104,22.553903579711914,0.00030984557815827429,1.5710911750793457,0,0.0025000001769512892,0.0025000001769512892,0,0,0
1,511,unknown,-1.3750330209732056,22.57111930847168,0.0018325274577364326,1.5718626976013184,0,0.0025000001769512892,0.0025000001769512892,0,0,0
2,767,unknown,-1.369948148727417,22.517868041992188,0.001357686473056674,1.569928765296936,0,0.0025000001769512892,0.0025000001769512892,0,0,0
3,1023,unknown,-1.2803192138671875,22.478668212890625,0.00057039427338168025,1.5693589448928833,0,0.0025000001769512892,0.0025000001769512892,0,0,0
4,1279,unknown,-1.2843954563140869,22.555414199829102,0.00028872204711660743,1.5718966722488403,0,0.0025000001769512892,0.0025000001769512892,0,0,0
5,1535,unknown,-1.4066909551620483,22.468988418579102,0.00068267533788457513,1.5721817016601562,0,0.0025000001769512892,0.0025000001769512892,0,0,0
6,1791,unknown,-1.2838608026504517,22.399442672729492,0.00063996732933446765,1.5722414255142212,0,0.0025000001769512892,0.0025000001769512892,0,0,0
7,2047,unknown,-1.3022993803024292,22.447566986083984,0.0016567123821005225,1.5711698532104492,0,0.0025000001769512892,0.0025000001769512892,0,0,0
8,2303,unknown,-1.202126145362854,22.441421508789062,0.0014299404574558139,1.5724028348922729,0,0.0025000001769512892,0.0025000001769512892,0,0,0
