particle_id,geometry_id,tx,ty,tz,tt,tpx,tpy,tpz,te,deltapx,deltapy,deltapz,deltae,index
0,255,20,121.431396484375,-241.29647827148438,0,0.99984472990036011,-0.00018109564553014934,-0.0010308059863746166,0,0,0,0,0,0
0,511,40,121.42789459228516,-241.31712341308594,0,0.9996904730796814,-0.00021894964447710663,-0.0013321534497663379,0,0,0,0,0,0
0,767,60,121.42367553710938,-241.34379577636719,0,0.9995456337928772,-5.7075088989222422e-05,-0.0028882527258247137,0,0,0,0,0,0
0,1023,80,121.42288208007812,-241.40159606933594,0,0.99615013599395752,-0.0010133067844435573,-0.003569458844140172,0,0,0,0,0,0
0,1279,100,121.40296936035156,-241.473388671875,0,0.99602550268173218,-0.00048220454482361674,-0.0032344099599868059,0,0,0,0,0,0
0,1535,120,121.3936767578125,-241.53839111328125,0,0.9958992600440979,-0.00045007863081991673,-0.0032610688358545303,0,0,0,0,0,0
0,1791,140,121.38503265380859,-241.60392761230469,0,0.9954606294631958,-0.00097707170061767101,-0.0041699502617120743,0,0,0,0,0,0
0,2047,160,121.36590576171875,-241.68782043457031,0,0.99511474370956421,-0.00094756949692964554,-0.0020363971125334501,0,0,0,0,0,0
0,2303,180,121.34710693359375,-241.72886657714844,0,0.99495863914489746,-0.0011722691124305129,-0.0019902950152754784,0,0,0,0,0,0
