measurement_id,geometry_id,local_key,local0,local1,phi,theta,time,var_local0,var_local1,var_phi,var_theta,var_time
0,255,unknown,-193.07888793945312,-243.79386901855469,0.00075175968231633306,1.5707969665527344,0,0.0025000001769512892,0.0025000001769512892,0,0,0
1,511,unknown,-193.15452575683594,-243.78121948242188,0.00064216996543109417,1.5725482702255249,0,0.0025000001769512892,0.0025000001769512892,0,0,0
2,767,unknown,-193.19291687011719,-243.79034423828125,0.00094034773064777255,1.5729315280914307,0,0.0025000001769512892,0.0025000001769512892,0,0,0
3,1023,unknown,-193.08331298828125,-243.82807922363281,0.00057202053721994162,1.5737967491149902,0,0.0025000001769512892,0.0025000001769512892,0,0,0
4,1279,unknown,-193.10267639160156,-243.94668579101562,0.00023137866810429841,1.5738981962203979,0,0.0025000001769512892,0.0025000001769512892,0,0,0
5,1535,unknown,-193.08721923828125,-244.10040283203125,0.00037091525155119598,1.5737768411636353,0,0.0025000001769512892,0.0025000001769512892,0,0,0
6,1791,unknown,-193.12205505371094,-243.98207092285156,0.00098469248041510582,1.5732123851776123,0,0.0025000001769512892,0.0025000001769512892,0,0,0
7,2047,unknown,-193.10797119140625,-244.14418029785156,0.00030325181432999671,1.5747339725494385,0,0.0025000001769512892,0.0025000001769512892,0,0,0
8,2303,unknown,-193.10675048828125,-244.15045166015625,0.00072375294985249639,1.5745412111282349,0,0.0025000001769512892,0.0025000001769512892,0,0,0
