particle_id,geometry_id,tx,ty,tz,tt,tpx,tpy,tpz,te,deltapx,deltapy,deltapz,deltae,index
0,255,20,113.81710815429688,-49.613399505615234,0,0.99974852800369263,0.0005976268439553678,0.00035773267154581845,0,0,0,0,0,0
0,511,40,113.82901763916016,-49.606170654296875,0,0.99926179647445679,0.00061114144045859575,0.00034576549660414457,0,0,0,0,0,0
0,767,60,113.84120941162109,-49.599178314208984,0,0.99867808818817139,-0.00069924414856359363,0.00035842112265527248,0,0,0,0,0,0
0,1023,80,113.82716369628906,-49.592082977294922,0,0.99852198362350464,-0.00065180368255823851,0.00043049920350313187,0,0,0,0,0,0
0,1279,100,113.81405639648438,-49.583538055419922,0,0.99837243556976318,8.8952459918800741e-05,0.0019998918287456036,0,0,0,0,0,0
0,1535,120,113.81559753417969,-49.543464660644531,0,0.99824172258377075,0.00065566797275096178,0.00075060670496895909,0,0,0,0,0,0
0,1791,140,113.82864379882812,-49.528347015380859,0,0.99808782339096069,0.00047522070235572755,0.0017690920503810048,0,0,0,0,0,0
0,2047,160,113.83795166015625,-49.492839813232422,0,0.99790716171264648,0.0019837443251162767,0.0012962645851075649,0,0,0,0,0,0
0,2303,180,113.87755584716797,-49.466621398925781,0,0.99768626689910889,0.0032016076147556305,0.00096201448468491435,0,0,0,0,0,0
