measurement_id,geometry_id,local_key,local0,local1,phi,theta,time,var_local0,var_local1,var_phi,var_theta,var_time
0,255,unknown,-280.60629272460938,-36.679420471191406,-0.0016341265290975571,1.5686796903610229,0,0.0025000001769512892,0.0025000001769512892,0,0,0
1,511,unknown,-280.52838134765625,-36.609268188476562,-0.00034614244941622019,1.5665364265441895,0,0.0025000001769512892,0.0025000001769512892,0,0,0
2,767,unknown,-280.58099365234375,-36.540878295898438,0.00021329727314878255,1.5666645765304565,0,0.0025000001769512892,0.0025000001769512892,0,0,0
3,1023,unknown,-280.52505493164062,-36.460544586181641,0.0011604044120758772,1.5675506591796875,0,0.0025000001769512892,0.0025000001769512892,0,0,0
4,1279,unknown,-280.61724853515625,-36.423336029052734,-0.00029898362117819488,1.5683184862136841,0,0.0025000001769512892,0.0025000001769512892,0,0,0
5,1535,unknown,-280.635986328125,-36.289508819580078,0.00026059785159304738,1.5693280696868896,0,0.0025000001769512892,0.0025000001769512892,0,0,0
6,1791,unknown,-280.530517578125,-36.278423309326172,-0.00029783861828036606,1.5703257322311401,0,0.0025000001769512892,0.0025000001769512892,0,0,0
7,2047,unknown,-280.60452270507812,-36.32794189453125,-0.00012628432887140661,1.5709962844848633,0,0.0025000001769512892,0.0025000001769512892,0,0,0
8,2303,unknown,-280.5963134765625,-36.318683624267578,-0.0010571280727162957,1.5700325965881348,0,0.0025000001769512892,0.0025000001769512892,0,0,0
