particle_id,geometry_id,tx,ty,tz,tt,tpx,tpy,tpz,te,deltapx,deltapy,deltapz,deltae,index
0,255,20,30.610530853271484,88.116539001464844,0,0.99987822771072388,-0.00093245686730369925,-8.5863983258605003e-05,0,0,0,0,0,0
0,511,40,30.591890335083008,88.114707946777344,0,0.99971300363540649,-0.0012363832211121917,-0.00059079506900161505,0,0,0,0,0,0
0,767,60,30.567226409912109,88.102737426757812,0,0.99955618381500244,-0.0029949361924082041,-0.00021107059728819877,0,0,0,0,0,0
0,1023,80,30.507328033447266,88.098152160644531,0,0.9993857741355896,-0.004869803786277771,0.00051951495697721839,0,0,0,0,0,0
0,1279,100,30.409812927246094,88.107963562011719,0,0.99886327981948853,-0.0057265618816018105,0.002379927784204483,0,0,0,0,0,0
0,1535,120,30.294868469238281,88.154930114746094,0,0.99870491027832031,-0.0056699253618717194,0.00041463127126917243,0,0,0,0,0,0
0,1791,140,30.181276321411133,88.162551879882812,0,0.99838471412658691,-0.0054403375834226608,0.0014432948082685471,0,0,0,0,0,0
0,2047,160,30.072122573852539,88.190811157226562,0,0.99818551540374756,-0.0054868808947503567,0.0013422183692455292,0,0,0,0,0,0
0,2303,180,29.962026596069336,88.217041015625,0,0.99801713228225708,-0.0042060618288815022,0.00073914183303713799,0,0,0,0,0,0
