measurement_id,geometry_id,local_key,local0,local1,phi,theta,time,var_local0,var_local1,var_phi,var_theta,var_time
0,255,unknown,248.01856994628906,-165.58601379394531,-0.00050862360512837768,1.5693747997283936,0,0.0025000001769512892,0.0025000001769512892,0,0,0
1,511,unknown,248.06124877929688,-165.66935729980469,0.00081616936950013041,1.5681278705596924,0,0.0025000001769512892,0.0025000001769512892,0,0,0
2,767,unknown,248.04049682617188,-165.63664245605469,0.0013435146538540721,1.5676053762435913,0,0.0025000001769512892,0.0025000001769512892,0,0,0
3,1023,unknown,248.05694580078125,-165.51368713378906,-0.00058852951042354107,1.5682480335235596,0,0.0025000001769512892,0.0025000001769512892,0,0,0
4,1279,unknown,248.11529541015625,-165.536376953125,-0.00050868367543444037,1.5677715539932251,0,0.0025000001769512892,0.0025000001769512892,0,0,0
5,1535,unknown,248.01068115234375,-165.41294860839844,-0.00053995521739125252,1.5678020715713501,0,0.0025000001769512892,0.0025000001769512892,0,0,0
6,1791,unknown,248.03877258300781,-165.3564453125,-0.0013876797165721655,1.5683536529541016,0,0.0025000001769512892,0.0025000001769512892,0,0,0
7,2047,unknown,247.95451354980469,-165.23867797851562,-0.001434550154954195,1.5677651166915894,0,0.0025000001769512892,0.0025000001769512892,0,0,0
8,2303,unknown,247.90780639648438,-165.30369567871094,-0.00093823630595579743,1.5680520534515381,0,0.0025000001769512892,0.0025000001769512892,0,0,0
