measurement_id,geometry_id,local_key,local0,local1,phi,theta,time,var_local0,var_local1,var_phi,var_theta,var_time
0,255,unknown,-152.06718444824219,-1.1185581684112549,-0.00013860230683349073,1.5701093673706055,0,0.0025000001769512892,0.0025000001769512892,0,0,0
1,511,unknown,-152.10792541503906,-1.1020714044570923,-0.00025535537861287594,1.5694518089294434,0,0.0025000001769512892,0.0025000001769512892,0,0,0
2,767,unknown,-152.07354736328125,-1.1066404581069946,-0.00037449991214089096,1.5695983171463013,0,0.0025000001769512892,0.0025000001769512892,0,0,0
3,1023,unknown,-152.08590698242188,-1.0771598815917969,-0.0012113982811570168,1.5699337720870972,0,0.0025000001769512892,0.0025000001769512892,0,0,0
4,1279,unknown,-152.14041137695312,-1.114406943321228,-0.00096301565645262599,1.5694215297698975,0,0.0025000001769512892,0.0025000001769512892,0,0,0
5,1535,unknown,-152.201904296875,-1.0735396146774292,0.00056773028336465359,1.5701684951782227,0,0.0025000001769512892,0.0025000001769512892,0,0,0
6,1791,unknown,-152.20001220703125,-0.98223769664764404,0.00048593885730952024,1.5700684785842896,0,0.0025000001769512892,0.0025000001769512892,0,0,0
7,2047,unknown,-152.11085510253906,-1.0602110624313354,0.0016901473281905055,1.5697072744369507,0,0.0025000001769512892,0.0025000001769512892,0,0,0
8,2303,unknown,-152.15615844726562,-0.95706856250762939,0.0011937307426705956,1.570391058921814,0,0.0025000001769512892,0.0025000001769512892,0,0,0
