measurement_id,geometry_id,local_key,local0,local1,phi,theta,time,var_local0,var_local1,var_phi,var_theta,var_time
0,255,unknown,40.348957061767578,-82.747673034667969,-0.0011158458655700088,1.5709037780761719,0,0.0025000001769512892,0.0025000001769512892,0,0,0
1,511,unknown,40.1934814453125,-82.738143920898438,-0.0012641823850572109,1.571039080619812,0,0.0025000001769512892,0.0025000001769512892,0,0,0
2,767,unknown,40.274314880371094,-82.821861267089844,-0.0016229923348873854,1.5706968307495117,0,0.0025000001769512892,0.0025000001769512892,0,0,0
3,1023,unknown,40.268787384033203,-82.732261657714844,-0.00095238274661824107,1.5704960823059082,0,0.0025000001769512892,0.0025000001769512892,0,0,0
4,1279,unknown,40.216361999511719,-82.764747619628906,-0.0014262433396652341,1.5708229541778564,0,0.0025000001769512892,0.0025000001769512892,0,0,0
5,1535,unknown,40.1756591796875,-82.774200439453125,-0.0012577776797115803,1.5711913108825684,0,0.0025000001769512892,0.0025000001769512892,0,0,0
6,1791,unknown,40.210552215576172,-82.80291748046875,-0.0026453575119376183,1.5712831020355225,0,0.0025000001769512892,0.0025000001769512892,0,0,0
7,2047,unknown,40.073562622070312,-82.768943786621094,-0.0029973650816828012,1.5730839967727661,0,0.0025000001769512892,0.0025000001769512892,0,0,0
8,2303,unknown,39.990646362304688,-82.806900024414062,-0.0027445980813354254,1.5735571384429932,0,0.0025000001769512892,0.0025000001769512892,0,0,0
