particle_id,geometry_id,tx,ty,tz,tt,tpx,tpy,tpz,te,deltapx,deltapy,deltapz,deltae,index
0,255,20,8.8898706436157227,180.61810302734375,0,0.99984836578369141,0.00033803706173785031,-0.00078646757174283266,0,0,0,0,0,0
0,511,40,8.8967266082763672,180.6024169921875,0,0.99962377548217773,0.0029330761171877384,-0.001632724073715508,0,0,0,0,0,0
0,767,60,8.9556045532226562,180.57009887695312,0,0.99946427345275879,0.0029842259828001261,-0.00048830389278009534,0,0,0,0,0,0
0,1023,80,9.0153779983520508,180.56068420410156,0,0.99932855367660522,0.0037637082859873772,0.0003980891196988523,0,0,0,0,0,0
0,1279,100,9.0906534194946289,180.56910705566406,0,0.99849206209182739,0.0037958708126097918,0.00052892748499289155,0,0,0,0,0,0
0,1535,120,9.1666202545166016,180.58015441894531,0,0.99822741746902466,0.0039387336000800133,0.00082081102300435305,0,0,0,0,0,0
0,1791,140,9.2454338073730469,180.59707641601562,0,0.99811089038848877,0.0020033740438520908,-0.001754469471052289,0,0,0,0,0,0
0,2047,160,9.2857875823974609,180.56216430664062,0,0.9979788064956665,0.0014889036538079381,-0.0020841364748775959,0,0,0,0,0,0
0,2303,180,9.3158760070800781,180.52058410644531,0,0.9978020191192627,0.0020898431539535522,-0.0016291503561660647,0,0,0,0,0,0
