particle_id,particle_type,process,vx,vy,vz,vt,px,py,pz,m,q
0,0,0,0,48.815666198730469,-111.83354949951172,0,1,0,-4.3711388286737929e-08,0,-1
