measurement_id,geometry_id,local_key,local0,local1,phi,theta,time,var_local0,var_local1,var_phi,var_theta,var_time
0,255,unknown,-55.987770080566406,-175.381591796875,0.00071710371412336826,1.5721213817596436,0,0.0025000001769512892,0.0025000001769512892,0,0,0
1,511,unknown,-55.954326629638672,-175.40975952148438,0.0025905028451234102,1.5713250637054443,0,0.0025000001769512892,0.0025000001769512892,0,0,0
2,767,unknown,-55.919551849365234,-175.49314880371094,0.0014688977971673012,1.5709418058395386,0,0.0025000001769512892,0.0025000001769512892,0,0,0
3,1023,unknown,-55.849624633789062,-175.36016845703125,0.0027421137783676386,1.5706204175949097,0,0.0025000001769512892,0.0025000001769512892,0,0,0
4,1279,unknown,-55.757244110107422,-175.49365234375,0.0030649763066321611,1.5704827308654785,0,0.0025000001769512892,0.0025000001769512892,0,0,0
5,1535,unknown,-55.747997283935547,-175.52888488769531,0.0010881561320275068,1.5704565048217773,0,0.0025000001769512892,0.0025000001769512892,0,0,0
6,1791,unknown,-55.801601409912109,-175.4364013671875,0.0017268283991143107,1.5713949203491211,0,0.0025000001769512892,0.0025000001769512892,0,0,0
7,2047,unknown,-55.676692962646484,-175.47328186035156,0.0019621108658611774,1.5720399618148804,0,0.0025000001769512892,0.0025000001769512892,0,0,0
8,2303,unknown,-55.729816436767578,-175.49383544921875,0.0021631186828017235,1.570392370223999,0,0.0025000001769512892,0.0025000001769512892,0,0,0
