measurement_id,geometry_id,local_key,local0,local1,phi,theta,time,var_local0,var_local1,var_phi,var_theta,var_time
0,255,unknown,-79.356956481933594,-248.44552612304688,7.0075577241368592e-05,1.5706080198287964,0,0.0025000001769512892,0.0025000001769512892,0,0,0
1,511,unknown,-79.353378295898438,-248.33087158203125,0.0010020522167906165,1.5706696510314941,0,0.0025000001769512892,0.0025000001769512892,0,0,0
2,767,unknown,-79.275825500488281,-248.44732666015625,0.002366501372307539,1.5695743560791016,0,0.0025000001769512892,0.0025000001769512892,0,0,0
3,1023,unknown,-79.356697082519531,-248.44528198242188,0.0021571503020823002,1.5695890188217163,0,0.0025000001769512892,0.0025000001769512892,0,0,0
4,1279,unknown,-79.205680847167969,-248.30712890625,0.0031021572649478912,1.5701383352279663,0,0.0025000001769512892,0.0025000001769512892,0,0,0
5,1535,unknown,-79.119331359863281,-248.34046936035156,0.0018123929621651769,1.5682481527328491,0,0.0025000001769512892,0.0025000001769512892,0,0,0
6,1791,unknown,-79.126487731933594,-248.30995178222656,-0.0005514705553650856,1.566525936126709,0,0.0025000001769512892,0.0025000001769512892,0,0,0
7,2047,unknown,-79.1197509765625,-248.12640380859375,-0.00090041302610188723,1.5670409202575684,0,0.0025000001769512892,0.0025000001769512892,0,0,0
8,2303,unknown,-79.114349365234375,-248.18618774414062,-0.0011756714666262269,1.5676357746124268,0,0.0025000001769512892,0.0025000001769512892,0,0,0
