measurement_id,geometry_id,local_key,local0,local1,phi,theta,time,var_local0,var_local1,var_phi,var_theta,var_time
0,255,unknown,75.803077697753906,-107.63257598876953,0.00081688299542292953,1.5700768232345581,0,0.0025000001769512892,0.0025000001769512892,0,0,0
1,511,unknown,75.768035888671875,-107.49932861328125,0.00049747893353924155,1.569871187210083,0,0.0025000001769512892,0.0025000001769512892,0,0,0
2,767,unknown,75.684051513671875,-107.57064819335938,0.00060508341994136572,1.5701667070388794,0,0.0025000001769512892,0.0025000001769512892,0,0,0
3,1023,unknown,75.86651611328125,-107.56211853027344,0.00027117336867377162,1.5700933933258057,0,0.0025000001769512892,0.0025000001769512892,0,0,0
4,1279,unknown,75.685585021972656,-107.50385284423828,-0.00019412937399465591,1.5711871385574341,0,0.0025000001769512892,0.0025000001769512892,0,0,0
5,1535,unknown,75.796798706054688,-107.51946258544922,-0.00057497306261211634,1.5721908807754517,0,0.0025000001769512892,0.0025000001769512892,0,0,0
6,1791,unknown,75.767776489257812,-107.59750366210938,-0.0013648574240505695,1.5717159509658813,0,0.0025000001769512892,0.0025000001769512892,0,0,0
7,2047,unknown,75.668144226074219,-107.6107177734375,-0.0015018386766314507,1.5719244480133057,0,0.0025000001769512892,0.0025000001769512892,0,0,0
8,2303,unknown,75.614593505859375,-107.62480926513672,-0.00037703340058214962,1.570550799369812,0,0.0025000001769512892,0.0025000001769512892,0,0,0
