particle_id,geometry_id,tx,ty,tz,tt,tpx,tpy,tpz,te,deltapx,deltapy,deltapz,deltae,index
0,255,20,-176.56204223632812,-357.24908447265625,0,0.99977207183837891,-4.1783758206292987e-05,0.00039278058102354407,0,0,0,0,0,0
0,511,40,-176.56292724609375,-357.24124145507812,0,0.99962079524993896,0.00021676746837329119,-0.0011038611410185695,0,0,0,0,0,0
0,767,60,-176.55845642089844,-357.2633056640625,0,0.99945163726806641,-0.00011824641842395067,-0.001053157146088779,0,0,0,0,0,0
0,1023,80,-176.56069946289062,-357.28439331054688,0,0.99922448396682739,0.0010907237883657217,-0.001329746562987566,0,0,0,0,0,0
0,1279,100,-176.53871154785156,-357.31088256835938,0,0.99904942512512207,0.0010009993566200137,-0.0012324500130489469,0,0,0,0,0,0
0,1535,120,-176.51852416992188,-357.33544921875,0,0.99880313873291016,0.0007434748113155365,-0.00059704389423131943,0,0,0,0,0,0
0,1791,140,-176.50357055664062,-357.34732055664062,0,0.99696648120880127,0.00075698498403653502,0.00068713392829522491,0,0,0,0,0,0
0,2047,160,-176.48846435546875,-357.33343505859375,0,0.99676120281219482,0.00068242748966440558,0.00073012529173865914,0,0,0,0,0,0
0,2303,180,-176.474853515625,-357.31869506835938,0,0.99657565355300903,0.00074483506614342332,0.00039188133087009192,0,0,0,0,0,0
