particle_id,geometry_id,tx,ty,tz,tt,tpx,tpy,tpz,te,deltapx,deltapy,deltapz,deltae,index
0,255,20,-329.1649169921875,-137.341064453125,0,0.99981206655502319,0.000209233388886787,-0.00043602936784736812,0,0,0,0,0,0
0,511,40,-329.16067504882812,-137.34976196289062,0,0.99961173534393311,-0.00040767135214991868,2.4980538000818342e-05,0,0,0,0,0,0
0,767,60,-329.1688232421875,-137.34930419921875,0,0.99947750568389893,-0.00036704158992506564,-1.970294579223264e-05,0,0,0,0,0,0
0,1023,80,-329.17617797851562,-137.34974670410156,0,0.99889457225799561,0.0023158045951277018,0.00094090966740623116,0,0,0,0,0,0
0,1279,100,-329.12991333007812,-137.33062744140625,0,0.99854183197021484,0.0025817682035267353,0.00087189424084499478,0,0,0,0,0,0
0,1535,120,-329.07830810546875,-137.31285095214844,0,0.99840354919433594,0.0033495500683784485,0.00040271886973641813,0,0,0,0,0,0
0,1791,140,-329.01126098632812,-137.30438232421875,0,0.99827241897583008,0.0040303114801645279,0.00060247525107115507,0,0,0,0,0,0
0,2047,160,-328.93060302734375,-137.29182434082031,0,0.9981047511100769,0.004071495495736599,0.00055585138034075499,0,0,0,0,0,0
0,2303,180,-328.84909057617188,-137.28019714355469,0,0.99793446063995361,0.0058313612826168537,-0.0014942461857572198,0,0,0,0,0,0
