particle_id,geometry_id,tx,ty,tz,tt,tpx,tpy,tpz,te,deltapx,deltapy,deltapz,deltae,index
0,255,20,-194.50547790527344,98.530014038085938,0,0.99986904859542847,5.0722810556180775e-05,-0.00056239950936287642,0,0,0,0,0,0
0,511,40,-194.50439453125,98.518768310546875,0,0.99971896409988403,4.319265644880943e-05,-0.0014642385067418218,0,0,0,0,0,0
0,767,60,-194.50335693359375,98.489479064941406,0,0.99956363439559937,0.0009241201332770288,-0.0017138851108029485,0,0,0,0,0,0
0,1023,80,-194.48466491699219,98.455299377441406,0,0.99940723180770874,0.00084413733566179872,-0.0017372063593938947,0,0,0,0,0,0
0,1279,100,-194.46755981445312,98.420639038085938,0,0.99926477670669556,0.00085111433872953057,-0.0017501813126727939,0,0,0,0,0,0
0,1535,120,-194.4503173828125,98.385711669921875,0,0.99900621175765991,0.0037536818999797106,-0.0019151589367538691,0,0,0,0,0,0
0,1791,140,-194.37493896484375,98.347824096679688,0,0.99879235029220581,0.0033246870152652264,-0.0014649135991930962,0,0,0,0,0,0
0,2047,160,-194.30819702148438,98.318893432617188,0,0.99863290786743164,0.0035326376091688871,-0.00083253998309373856,0,0,0,0,0,0
0,2303,180,-194.23735046386719,98.302642822265625,0,0.99848514795303345,0.003872851375490427,-0.0021970956586301327,0,0,0,0,0,0
