particle_id,geometry_id,tx,ty,tz,tt,tpx,tpy,tpz,te,deltapx,deltapy,deltapz,deltae,index
0,255,20,-369.142822265625,86.911163330078125,0,0.99987798929214478,-0.00015008795890025795,-0.0004064977983944118,0,0,0,0,0,0
0,511,40,-369.14578247070312,86.90301513671875,0,0.99947351217269897,-0.00065175618510693312,0.0010797820286825299,0,0,0,0,0,0
0,767,60,-369.15896606445312,86.924545288085938,0,0.99932491779327393,-0.00083837553393095732,0.0001059809947037138,0,0,0,0,0,0
0,1023,80,-369.17575073242188,86.926567077636719,0,0.99916237592697144,-0.00077162106754258275,-1.1239964806009084e-05,0,0,0,0,0,0
0,1279,100,-369.19119262695312,86.926246643066406,0,0.99897992610931396,-0.0010526222176849842,0.00046154050505720079,0,0,0,0,0,0
0,1535,120,-369.21231079101562,86.93536376953125,0,0.99882692098617554,-0.0012080224696546793,0.00050314422696828842,0,0,0,0,0,0
0,1791,140,-369.236572265625,86.945289611816406,0,0.99858498573303223,-0.00066292867995798588,0.00067229795968160033,0,0,0,0,0,0
0,2047,160,-369.24993896484375,86.958671569824219,0,0.99846994876861572,-0.00068520777858793736,0.00062496674945577979,0,0,0,0,0,0
0,2303,180,-369.26373291015625,86.971107482910156,0,0.99831748008728027,-0.0011564039159566164,-0.0012885525356978178,0,0,0,0,0,0
