measurement_id,geometry_id,local_key,local0,local1,phi,theta,time,var_local0,var_local1,var_phi,var_theta,var_time
0,255,unknown,105.42357635498047,-197.730224609375,2.3248345314641483e-05,1.5701532363891602,0,0.0025000001769512892,0.0025000001769512892,0,0,0
1,511,unknown,105.33900451660156,-197.71319580078125,0.00049912848044186831,1.5706144571304321,0,0.0025000001769512892,0.0025000001769512892,0,0,0
2,767,unknown,105.41452789306641,-197.81376647949219,0.00023255332780536264,1.5710175037384033,0,0.0025000001769512892,0.0025000001769512892,0,0,0
3,1023,unknown,105.51982879638672,-197.748046875,0.0017861356027424335,1.5714788436889648,0,0.0025000001769512892,0.0025000001769512892,0,0,0
4,1279,unknown,105.49626159667969,-197.70674133300781,0.0019906105007976294,1.5708440542221069,0,0.0025000001769512892,0.0025000001769512892,0,0,0
5,1535,unknown,105.60520172119141,-197.69412231445312,0.00163140834774822,1.5698777437210083,0,0.0025000001769512892,0.0025000001769512892,0,0,0
6,1791,unknown,105.56259155273438,-197.71258544921875,0.0020435820333659649,1.5704150199890137,0,0.0025000001769512892,0.0025000001769512892,0,0,0
7,2047,unknown,105.50273895263672,-197.636962890625,0.0020716327708214521,1.5703206062316895,0,0.0025000001769512892,0.0025000001769512892,0,0,0
8,2303,unknown,105.62113952636719,-197.64276123046875,0.0022377339191734791,1.5708417892456055,0,0.0025000001769512892,0.0025000001769512892,0,0,0
