measurement_id,geometry_id,local_key,local0,local1,phi,theta,time,var_local0,var_local1,var_phi,var_theta,var_time
0,255,unknown,-188.02156066894531,11.90700626373291,0.00063192308880388737,1.5704962015151978,0,0.0025000001769512892,0.0025000001769512892,0,0,0
1,511,unknown,-187.91580200195312,11.843658447265625,0.0017582306172698736,1.5706988573074341,0,0.0025000001769512892,0.0025000001769512892,0,0,0
2,767,unknown,-187.96418762207031,11.799837112426758,0.0034969472326338291,1.5714664459228516,0,0.0025000001769512892,0.0025000001769512892,0,0,0
3,1023,unknown,-187.84567260742188,11.810626983642578,0.0032435243483632803,1.5719728469848633,0,0.0025000001769512892,0.0025000001769512892,0,0,0
4,1279,unknown,-187.88276672363281,11.923712730407715,0.0031517453026026487,1.5724624395370483,0,0.0025000001769512892,0.0025000001769512892,0,0,0
5,1535,unknown,-187.76280212402344,11.803421020507812,0.0031157175544649363,1.5724232196807861,0,0.0025000001769512892,0.0025000001769512892,0,0,0
6,1791,unknown,-187.6656494140625,11.808672904968262,0.0042087477631866932,1.5724172592163086,0,0.0025000001769512892,0.0025000001769512892,0,0,0
7,2047,unknown,-187.64398193359375,11.779692649841309,0.0051880436949431896,1.5713788270950317,0,0.0025000001769512892,0.0025000001769512892,0,0,0
8,2303,unknown,-187.46974182128906,11.733633041381836,0.0037262639962136745,1.5712239742279053,0,0.0025000001769512892,0.0025000001769512892,0,0,0
