particle_id,particle_type,process,vx,vy,vz,vt,px,py,pz,m,q
0,0,0,0,80.2928466796875,241.55973815917969,0,1,0,-4.3711388286737929e-08,0,-1
