particle_id,geometry_id,tx,ty,tz,tt,tpx,tpy,tpz,te,deltapx,deltapy,deltapz,deltae,index
0,255,20,-153.2215576171875,90.225296020507812,0,0.99972647428512573,0.00021707537234760821,0.0010851796250790358,0,0,0,0,0,0
0,511,40,-153.21734619140625,90.247032165527344,0,0.99954652786254883,0.00038160503027029335,0.00014258512237574905,0,0,0,0,0,0
0,767,60,-153.20973205566406,90.249931335449219,0,0.99940335750579834,0.0018559305462986231,-0.0014017076464369893,0,0,0,0,0,0
0,1023,80,-153.17242431640625,90.22210693359375,0,0.99926459789276123,0.0013640617253258824,-0.00088416546350345016,0,0,0,0,0,0
0,1279,100,-153.14501953125,90.204574584960938,0,0.99912720918655396,0.0021993536502122879,-0.0016708576586097479,0,0,0,0,0,0
0,1535,120,-153.10079956054688,90.171394348144531,0,0.99893790483474731,0.00056493270676583052,0.00059072562726214528,0,0,0,0,0,0
0,1791,140,-153.08955383300781,90.18328857421875,0,0.99847638607025146,0.0003093911218456924,0.00012838721158914268,0,0,0,0,0,0
0,2047,160,-153.0833740234375,90.185897827148438,0,0.99818265438079834,0.00014433743490371853,0.00013584597036242485,0,0,0,0,0,0
0,2303,180,-153.08050537109375,90.188636779785156,0,0.99787414073944092,0.00078976753866299987,0.00030222334316931665,0,0,0,0,0,0
