particle_id,geometry_id,tx,ty,tz,tt,tpx,tpy,tpz,te,deltapx,deltapy,deltapz,deltae,index
0,255,20,412.99371337890625,-1.7871276140213013,0,0.99987709522247314,2.6008276108768769e-05,-0.00021018386178184301,0,0,0,0,0,0
0,511,40,412.9942626953125,-1.7913285493850708,0,0.99968487024307251,0.00030176623840816319,-9.7883690614253283e-05,0,0,0,0,0,0
0,767,60,413.00030517578125,-1.793250560760498,0,0.99939203262329102,0.00031375279650092125,0.00061029428616166115,0,0,0,0,0,0
0,1023,80,413.00650024414062,-1.7809998989105225,0,0.99924015998840332,4.0442205317958724e-06,0.00071597896749153733,0,0,0,0,0,0
0,1279,100,413.00650024414062,-1.7666692733764648,0,0.99906206130981445,-2.339730599487666e-06,0.0005797229241579771,0,0,0,0,0,0
0,1535,120,413.00637817382812,-1.7550644874572754,0,0.99883574247360229,-0.00032053340692073107,0.0012646048562601209,0,0,0,0,0,0
0,1791,140,412.99981689453125,-1.7297819852828979,0,0.99869716167449951,0.0022042535711079836,0.0025630812160670757,0,0,0,0,0,0
0,2047,160,413.04364013671875,-1.678189754486084,0,0.9985651969909668,0.001736908801831305,0.0037903960328549147,0,0,0,0,0,0
0,2303,180,413.07797241210938,-1.6020658016204834,0,0.99834823608398438,0.00084086094284430146,0.0040656812489032745,0,0,0,0,0,0
