measurement_id,geometry_id,local_key,local0,local1,phi,theta,time,var_local0,var_local1,var_phi,var_theta,var_time
0,255,unknown,-303.1741943359375,57.897998809814453,-1.9475004592095502e-05,1.5711560249328613,0,0.0025000001769512892,0.0025000001769512892,0,0,0
1,511,unknown,-303.0692138671875,57.748569488525391,-0.00048458098899573088,1.5703561305999756,0,0.0025000001769512892,0.0025000001769512892,0,0,0
2,767,unknown,-303.1158447265625,57.889686584472656,-0.00015509958029724658,1.5703965425491333,0,0.0025000001769512892,0.0025000001769512892,0,0,0
3,1023,unknown,-303.18438720703125,57.904109954833984,0.00034260956454090774,1.5699253082275391,0,0.0025000001769512892,0.0025000001769512892,0,0,0
4,1279,unknown,-303.13836669921875,57.857780456542969,0.0001541497913422063,1.5693647861480713,0,0.0025000001769512892,0.0025000001769512892,0,0,0
5,1535,unknown,-303.10556030273438,57.973331451416016,-0.00030049114138819277,1.567839503288269,0,0.0025000001769512892,0.0025000001769512892,0,0,0
6,1791,unknown,-303.09506225585938,57.955905914306641,-0.00087903556413948536,1.5686221122741699,0,0.0025000001769512892,0.0025000001769512892,0,0,0
7,2047,unknown,-303.18759155273438,58.025558471679688,-0.0016200037207454443,1.566842794418335,0,0.0025000001769512892,0.0025000001769512892,0,0,0
8,2303,unknown,-303.22293090820312,58.185211181640625,-0.0016629066085442901,1.5667413473129272,0,0.0025000001769512892,0.0025000001769512892,0,0,0
