particle_id,geometry_id,tx,ty,tz,tt,tpx,tpy,tpz,te,deltapx,deltapy,deltapz,deltae,index
0,255,20,306.1456298828125,-289.15377807617188,0,0.99984616041183472,0.0022684864234179258,-3.8780861359555274e-05,0,0,0,0,0,0
0,511,40,306.19100952148438,-289.154296875,0,0.99968516826629639,0.0022240791004151106,-0.00099358148872852325,0,0,0,0,0,0
0,767,60,306.23562622070312,-289.17391967773438,0,0.9995582103729248,0.0017384911188855767,-0.0010944993700832129,0,0,0,0,0,0
0,1023,80,306.27053833007812,-289.19561767578125,0,0.99941337108612061,0.0014358586631715298,-0.00091503513976931572,0,0,0,0,0,0
0,1279,100,306.29937744140625,-289.2137451171875,0,0.99928766489028931,0.0014085987349972129,-7.4853865953627974e-05,0,0,0,0,0,0
0,1535,120,306.32757568359375,-289.215087890625,0,0.99913543462753296,0.0014983034925535321,0.00039884354919195175,0,0,0,0,0,0
0,1791,140,306.35751342773438,-289.2069091796875,0,0.9989931583404541,0.0013075608294457197,0.0010502057848498225,0,0,0,0,0,0
0,2047,160,306.38357543945312,-289.18572998046875,0,0.99883139133453369,0.0011926402803510427,0.0014227255014702678,0,0,0,0,0,0
0,2303,180,306.40728759765625,-289.1571044921875,0,0.99866431951522827,0.00062751688528805971,0.0031207452993839979,0,0,0,0,0,0
