measurement_id,geometry_id,local_key,local0,local1,phi,theta,time,var_local0,var_local1,var_phi,var_theta,var_time
0,255,unknown,49.645938873291016,-87.421493530273438,0.00020083908748347312,1.5707994699478149,0,0.0025000001769512892,0.0025000001769512892,0,0,0
1,511,unknown,49.671134948730469,-87.506210327148438,0.00013384407793637365,1.5708087682723999,0,0.0025000001769512892,0.0025000001769512892,0,0,0
2,767,unknown,49.67974853515625,-87.417205810546875,-0.0010573650943115354,1.5714201927185059,0,0.0025000001769512892,0.0025000001769512892,0,0,0
3,1023,unknown,49.655769348144531,-87.466033935546875,-0.0016514143208041787,1.5717655420303345,0,0.0025000001769512892,0.0025000001769512892,0,0,0
4,1279,unknown,49.589920043945312,-87.480125427246094,-0.0012897325213998556,1.5706584453582764,0,0.0025000001769512892,0.0025000001769512892,0,0,0
5,1535,unknown,49.493186950683594,-87.612480163574219,-0.0010895960731431842,1.5705015659332275,0,0.0025000001769512892,0.0025000001769512892,0,0,0
6,1791,unknown,49.524566650390625,-87.569290161132812,-0.0018258261261507869,1.5695966482162476,0,0.0025000001769512892,0.0025000001769512892,0,0,0
7,2047,unknown,49.452491760253906,-87.535041809082031,-0.0018571147229522467,1.569617748260498,0,0.0025000001769512892,0.0025000001769512892,0,0,0
8,2303,unknown,49.444984436035156,-87.581161499023438,-0.0023256547283381224,1.5692147016525269,0,0.0025000001769512892,0.0025000001769512892,0,0,0
