particle_id,geometry_id,tx,ty,tz,tt,tpx,tpy,tpz,te,deltapx,deltapy,deltapz,deltae,index
0,255,20,-43.603126525878906,-100.25524139404297,0,0.99977654218673706,1.4220148841559421e-05,0.0001593034976394847,0,0,0,0,0,0
0,511,40,-43.602859497070312,-100.25205230712891,0,0.99951732158660889,0.00056118430802598596,0.00036837361403740942,0,0,0,0,0,0
0,767,60,-43.5916748046875,-100.24461364746094,0,0.99880015850067139,-0.00038154172943904996,0.00079603353515267372,0,0,0,0,0,0
0,1023,80,-43.599411010742188,-100.22872161865234,0,0.9986579418182373,-0.00021803310664836317,0.0010674719233065844,0,0,0,0,0,0
0,1279,100,-43.603904724121094,-100.20736694335938,0,0.99844270944595337,0.00048487805179320276,0.00021622233907692134,0,0,0,0,0,0
0,1535,120,-43.594219207763672,-100.20298004150391,0,0.99829083681106567,0.0012733933981508017,-0.00021603888308163732,0,0,0,0,0,0
0,1791,140,-43.568683624267578,-100.2071533203125,0,0.99813133478164673,0.0012488047359511256,-0.00076215312583371997,0,0,0,0,0,0
0,2047,160,-43.543571472167969,-100.22227478027344,0,0.99788814783096313,0.0012493232497945428,-0.00074781145667657256,0,0,0,0,0,0
0,2303,180,-43.518444061279297,-100.23711395263672,0,0.99773246049880981,0.00054290186380967498,-0.00058748334413394332,0,0,0,0,0,0
