measurement_id,geometry_id,local_key,local0,local1,phi,theta,time,var_local0,var_local1,var_phi,var_theta,var_time
0,255,unknown,-48.566318511962891,48.818206787109375,-3.6316723708296195e-05,1.5713400840759277,0,0.0025000001769512892,0.0025000001769512892,0,0,0
1,511,unknown,-48.582523345947266,48.751506805419922,-0.00022863037884235382,1.5713074207305908,0,0.0025000001769512892,0.0025000001769512892,0,0,0
2,767,unknown,-48.56268310546875,48.754737854003906,-0.0011954361107200384,1.5719265937805176,0,0.0025000001769512892,0.0025000001769512892,0,0,0
3,1023,unknown,-48.570510864257812,48.777561187744141,-0.00080974458251148462,1.5717582702636719,0,0.0025000001769512892,0.0025000001769512892,0,0,0
4,1279,unknown,-48.6090087890625,48.813243865966797,-0.0009863170562312007,1.5707218647003174,0,0.0025000001769512892,0.0025000001769512892,0,0,0
5,1535,unknown,-48.731700897216797,48.743728637695312,0.00038633891381323338,1.5705710649490356,0,0.0025000001769512892,0.0025000001769512892,0,0,0
6,1791,unknown,-48.710140228271484,48.871761322021484,-0.00040954313590191305,1.5705510377883911,0,0.0025000001769512892,0.0025000001769512892,0,0,0
7,2047,unknown,-48.649463653564453,48.828453063964844,-0.00011647443898255005,1.5719029903411865,0,0.0025000001769512892,0.0025000001769512892,0,0,0
8,2303,unknown,-48.709857940673828,48.68756103515625,-0.00023744378995615989,1.5716578960418701,0,0.0025000001769512892,0.0025000001769512892,0,0,0
