particle_id,geometry_id,tx,ty,tz,tt,tpx,tpy,tpz,te,deltapx,deltapy,deltapz,deltae,index
0,255,20,-127.31806182861328,14.728205680847168,0,0.99972259998321533,0.00040943766362033784,3.9522808947367594e-05,0,0,0,0,0,0
0,511,40,-127.30987548828125,14.729045867919922,0,0.99957352876663208,-0.00018743403779808432,0.00044274915126152337,0,0,0,0,0,0
0,767,60,-127.31368255615234,14.737881660461426,0,0.99943512678146362,0.00036019046092405915,0.0024604811333119869,0,0,0,0,0,0
0,1023,80,-127.30677032470703,14.787160873413086,0,0.99922221899032593,0.0004801915492862463,0.0038236174732446671,0,0,0,0,0,0
0,1279,100,-127.29761505126953,14.863748550415039,0,0.99905014038085938,0.0010035374434664845,0.0047709830105304718,0,0,0,0,0,0
0,1535,120,-127.27809906005859,14.959377288818359,0,0.99891257286071777,0.0022507982794195414,0.0050934078171849251,0,0,0,0,0,0
0,1791,140,-127.23365020751953,15.061624526977539,0,0.99878031015396118,0.002273663179948926,0.0054926816374063492,0,0,0,0,0,0
0,2047,160,-127.18878173828125,15.171882629394531,0,0.99863004684448242,0.0017501950496807694,0.0054017282091081142,0,0,0,0,0,0
0,2303,180,-127.15438079833984,15.2802734375,0,0.9984925389289856,0.0010564906988292933,0.0054428791627287865,0,0,0,0,0,0
