measurement_id,geometry_id,local_key,local0,local1,phi,theta,time,var_local0,var_local1,var_phi,var_theta,var_time
0,255,unknown,-151.9560546875,80.163688659667969,5.6579545343993232e-05,1.5697760581970215,0,0.0025000001769512892,0.0025000001769512892,0,0,0
1,511,unknown,-151.99899291992188,80.015029907226562,-3.0448327379417606e-05,1.5696794986724854,0,0.0025000001769512892,0.0025000001769512892,0,0,0
2,767,unknown,-151.97554016113281,80.062431335449219,-0.00020242441678419709,1.5696463584899902,0,0.0025000001769512892,0.0025000001769512892,0,0,0
3,1023,unknown,-152.02679443359375,80.123710632324219,0.00042627827497199178,1.5704582929611206,0,0.0025000001769512892,0.0025000001769512892,0,0,0
4,1279,unknown,-151.90931701660156,80.11260986328125,0.00065232190536335111,1.5686672925949097,0,0.0025000001769512892,0.0025000001769512892,0,0,0
5,1535,unknown,-151.97364807128906,80.183502197265625,0.0014783286023885012,1.5685445070266724,0,0.0025000001769512892,0.0025000001769512892,0,0,0
6,1791,unknown,-151.86434936523438,80.275848388671875,0.00076158798765391111,1.5660831928253174,0,0.0025000001769512892,0.0025000001769512892,0,0,0
7,2047,unknown,-151.92906188964844,80.350334167480469,0.00093242799630388618,1.5663962364196777,0,0.0025000001769512892,0.0025000001769512892,0,0,0
8,2303,unknown,-151.93690490722656,80.46539306640625,0.0011108298785984516,1.5665693283081055,0,0.0025000001769512892,0.0025000001769512892,0,0,0
