particle_id,geometry_id,tx,ty,tz,tt,tpx,tpy,tpz,te,deltapx,deltapy,deltapz,deltae,index
0,255,20,-13.517882347106934,56.792526245117188,0,0.99974626302719116,-0.00029272190295159817,-0.00037974817678332329,0,0,0,0,0,0
0,511,40,-13.52369213104248,56.784893035888672,0,0.99960821866989136,-0.00016759808931965381,0.0002324425004189834,0,0,0,0,0,0
0,767,60,-13.527072906494141,56.789524078369141,0,0.99944674968719482,-0.00015537448052782565,0.0023034776095300913,0,0,0,0,0,0
0,1023,80,-13.530458450317383,56.835597991943359,0,0.99926948547363281,-0.00030212398269213736,0.0022408871445804834,0,0,0,0,0,0
0,1279,100,-13.536774635314941,56.880409240722656,0,0.99912703037261963,-0.0010375652927905321,0.0017016151687130332,0,0,0,0,0,0
0,1535,120,-13.557747840881348,56.914344787597656,0,0.99900639057159424,-0.00014743737119715661,-0.00027514353860169649,0,0,0,0,0,0
0,1791,140,-13.560666084289551,56.908817291259766,0,0.99886089563369751,-0.0012841272400692105,-0.00032416201429441571,0,0,0,0,0,0
0,2047,160,-13.586338043212891,56.902172088623047,0,0.99865734577178955,-0.0016391706885769963,-0.0013454216532409191,0,0,0,0,0,0
0,2303,180,-13.619003295898438,56.875030517578125,0,0.99844276905059814,-0.00068936182651668787,-0.001795993885025382,0,0,0,0,0,0
