particle_id,geometry_id,tx,ty,tz,tt,tpx,tpy,tpz,te,deltapx,deltapy,deltapz,deltae,index
0,255,20,174.35159301757812,10.471086502075195,0,0.9998401403427124,-0.0002332948351977393,-4.8911697376752272e-05,0,0,0,0,0,0
0,511,40,174.34693908691406,10.470080375671387,0,0.99970453977584839,-0.00024296033370774239,0.00011865366832353175,0,0,0,0,0,0
0,767,60,174.34207153320312,10.472424507141113,0,0.9994996190071106,-5.6163382396334782e-05,-0.0016581316012889147,0,0,0,0,0,0
0,1023,80,174.34114074707031,10.439239501953125,0,0.99931597709655762,0.00069321651244536042,-0.0023280431050807238,0,0,0,0,0,0
0,1279,100,174.35530090332031,10.392730712890625,0,0.99611276388168335,0.0018793331691995263,-0.0013169386656954885,0,0,0,0,0,0
0,1535,120,174.3931884765625,10.366517066955566,0,0.99597412347793579,0.0006415662937797606,0.00058244290994480252,0,0,0,0,0,0
0,1791,140,174.406005859375,10.378290176391602,0,0.99581122398376465,0.00068798183929175138,0.00086511496920138597,0,0,0,0,0,0
0,2047,160,174.41972351074219,10.395748138427734,0,0.99563860893249512,0.00031667051371186972,0.0012472638627514243,0,0,0,0,0,0
0,2303,180,174.42593383789062,10.420840263366699,0,0.9954877495765686,0.0003259694785811007,0.0012387678725644946,0,0,0,0,0,0
