particle_id,geometry_id,tx,ty,tz,tt,tpx,tpy,tpz,te,deltapx,deltapy,deltapz,deltae,index
0,255,20,402.55093383789062,-187.77301025390625,0,0.99980968236923218,2.2756177713745274e-05,1.986045936064329e-05,0,0,0,0,0,0
0,511,40,402.5513916015625,-187.77261352539062,0,0.99939709901809692,0.001154170255176723,0.00083689740858972073,0,0,0,0,0,0
0,767,60,402.57440185546875,-187.75572204589844,0,0.99918252229690552,-0.00060299772303551435,0.00076953822281211615,0,0,0,0,0,0
0,1023,80,402.56222534179688,-187.74038696289062,0,0.99903184175491333,-0.00096428237156942487,0.00092662649694830179,0,0,0,0,0,0
0,1279,100,402.54281616210938,-187.72195434570312,0,0.99888473749160767,-0.0020277639850974083,0.0014943686546757817,0,0,0,0,0,0
0,1535,120,402.50204467773438,-187.69227600097656,0,0.99867171049118042,-0.0021640264894813299,0.00094617577269673347,0,0,0,0,0,0
0,1791,140,402.45858764648438,-187.673583984375,0,0.99823790788650513,-0.003016606206074357,0.0026311664842069149,0,0,0,0,0,0
0,2047,160,402.3978271484375,-187.62123107910156,0,0.99804031848907471,-0.0037343897856771946,0.0019866288639605045,0,0,0,0,0,0
0,2303,180,402.32275390625,-187.58186340332031,0,0.99787580966949463,-0.004007311537861824,0.0011045917635783553,0,0,0,0,0,0
