particle_id,geometry_id,tx,ty,tz,tt,tpx,tpy,tpz,te,deltapx,deltapy,deltapz,deltae,index
0,255,20,54.653827667236328,228.23358154296875,0,0.99985200166702271,7.32688422431238e-05,-0.00054820615332573652,0,0,0,0,0,0
0,511,40,54.655357360839844,228.22262573242188,0,0.99970000982284546,-0.00021768170699942857,-0.00037520198384299874,0,0,0,0,0,0
0,767,60,54.651046752929688,228.215087890625,0,0.99946331977844238,-0.0010888609103858471,0.00036192001425661147,0,0,0,0,0,0
0,1023,80,54.629215240478516,228.22219848632812,0,0.99925929307937622,-0.00011402467498555779,0.0017699770396575332,0,0,0,0,0,0
0,1279,100,54.626720428466797,228.25761413574219,0,0.99910181760787964,-0.00025119422934949398,0.0015610303962603211,0,0,0,0,0,0
0,1535,120,54.621505737304688,228.28883361816406,0,0.99894881248474121,-0.00075842917431145906,1.12693160190247e-05,0,0,0,0,0,0
0,1791,140,54.606319427490234,228.28897094726562,0,0.99879747629165649,-0.00018353159248363227,0.001736772945150733,0,0,0,0,0,0
0,2047,160,54.602436065673828,228.32373046875,0,0.99863970279693604,-0.00024277738702949136,0.0012409043265506625,0,0,0,0,0,0
0,2303,180,54.597423553466797,228.34855651855469,0,0.99852198362350464,-0.00059765530750155449,0.0013192011974751949,0,0,0,0,0,0
