particle_id,geometry_id,tx,ty,tz,tt,tpx,tpy,tpz,te,deltapx,deltapy,deltapz,deltae,index
0,255,20,-74.149070739746094,91.46405029296875,0,0.99986189603805542,0.00052931881509721279,-0.00038873159792274237,0,0,0,0,0,0
0,511,40,-74.138435363769531,91.456336975097656,0,0.99972236156463623,0.0023117535747587681,-0.0016334783285856247,0,0,0,0,0,0
0,767,60,-74.091995239257812,91.423934936523438,0,0.99954354763031006,0.0024286264088004827,-0.0017789140110835433,0,0,0,0,0,0
0,1023,80,-74.043190002441406,91.388633728027344,0,0.99939203262329102,0.0026372503489255905,-0.0019499651389196515,0,0,0,0,0,0
0,1279,100,-73.990180969238281,91.349929809570312,0,0.9992520809173584,0.0026041865348815918,-0.002008895156905055,0,0,0,0,0,0
0,1535,120,-73.937820434570312,91.310035705566406,0,0.99909681081771851,0.0022962454240769148,-0.0017164233140647411,0,0,0,0,0,0
0,1791,140,-73.891647338867188,91.275955200195312,0,0.99891430139541626,0.0025032386183738708,-0.0012943274341523647,0,0,0,0,0,0
0,2047,160,-73.841377258300781,91.250343322753906,0,0.99875277280807495,0.0027089791838079691,-0.001239946112036705,0,0,0,0,0,0
0,2303,180,-73.786979675292969,91.225837707519531,0,0.99859082698822021,0.0021583933848887682,-0.0014730652328580618,0,0,0,0,0,0
