particle_id,geometry_id,tx,ty,tz,tt,tpx,tpy,tpz,te,deltapx,deltapy,deltapz,deltae,index
0,255,20,-56.231082916259766,156.26565551757812,0,0.9998587965965271,0.0012563023483380675,-0.00051078386604785919,0,0,0,0,0,0
0,511,40,-56.205894470214844,156.25558471679688,0,0.99973642826080322,0.0013459782348945737,-0.00043575841118581593,0,0,0,0,0,0
0,767,60,-56.178916931152344,156.24702453613281,0,0.99952501058578491,0.0018186902161687613,-0.001319781644269824,0,0,0,0,0,0
0,1023,80,-56.142368316650391,156.22084045410156,0,0.99935591220855713,0.0017952641937881708,-0.0001963743707165122,0,0,0,0,0,0
0,1279,100,-56.106418609619141,156.21713256835938,0,0.99919325113296509,0.0023367488756775856,0.0001397955056745559,0,0,0,0,0,0
0,1535,120,-56.059665679931641,156.22021484375,0,0.99903619289398193,0.00094602414174005389,4.3187617848161608e-05,0,0,0,0,0,0
0,1791,140,-56.040733337402344,156.22119140625,0,0.99884837865829468,0.0017060603713616729,-0.00054944271687418222,0,0,0,0,0,0
0,2047,160,-56.006507873535156,156.21038818359375,0,0.9987180233001709,0.0021273721940815449,-0.0017319637117907405,0,0,0,0,0,0
0,2303,180,-55.963699340820312,156.17596435546875,0,0.99852472543716431,0.002925411332398653,-0.00041047268314287066,0,0,0,0,0,0
