particle_id,geometry_id,tx,ty,tz,tt,tpx,tpy,tpz,te,deltapx,deltapy,deltapz,deltae,index
0,255,20,132.12919616699219,398.59332275390625,0,0.99984419345855713,4.4731721573043615e-05,0.00014393868332263082,0,0,0,0,0,0
0,511,40,132.13008117675781,398.59622192382812,0,0.99965482950210571,-0.00055657140910625458,0.0011725715594366193,0,0,0,0,0,0
0,767,60,132.11880493164062,398.61962890625,0,0.99947744607925415,-0.00011679928138619289,0.001198694808408618,0,0,0,0,0,0
0,1023,80,132.11631774902344,398.64361572265625,0,0.99935692548751831,-0.00012509923544712365,0.0011989076156169176,0,0,0,0,0,0
0,1279,100,132.11366271972656,398.6676025390625,0,0.99903202056884766,-0.00028380434378050268,0.0011188441421836615,0,0,0,0,0,0
0,1535,120,132.10784912109375,398.68997192382812,0,0.99530631303787231,0.00018595658184494823,0.0014655193081125617,0,0,0,0,0,0
0,1791,140,132.11140441894531,398.71945190429688,0,0.99515378475189209,-0.00083403283497318625,0.00097249879036098719,0,0,0,0,0,0
0,2047,160,132.09452819824219,398.7388916015625,0,0.99482184648513794,-0.0033985376358032227,0.002265318064019084,0,0,0,0,0,0
0,2303,180,132.02592468261719,398.78402709960938,0,0.99441194534301758,-0.0027051358483731747,0.0025059729814529419,0,0,0,0,0,0
