measurement_id,geometry_id,local_key,local0,local1,phi,theta,time,var_local0,var_local1,var_phi,var_theta,var_time
0,255,unknown,-32.735279083251953,31.625024795532227,-0.00014168702182359993,1.5710862874984741,0,0.0025000001769512892,0.0025000001769512892,0,0,0
1,511,unknown,-32.767261505126953,31.532163619995117,-4.3914573325309902e-05,1.5710245370864868,0,0.0025000001769512892,0.0025000001769512892,0,0,0
2,767,unknown,-32.817394256591797,31.610179901123047,0.00021649165137205273,1.5710088014602661,0,0.0025000001769512892,0.0025000001769512892,0,0,0
3,1023,unknown,-32.720157623291016,31.591791152954102,0.00014102332352194935,1.5711158514022827,0,0.0025000001769512892,0.0025000001769512892,0,0,0
4,1279,unknown,-32.725296020507812,31.576910018920898,0.00023141798737924546,1.5706946849822998,0,0.0025000001769512892,0.0025000001769512892,0,0,0
5,1535,unknown,-32.733547210693359,31.632732391357422,0.00070596334990113974,1.5711780786514282,0,0.0025000001769512892,0.0025000001769512892,0,0,0
6,1791,unknown,-32.721107482910156,31.532400131225586,0.00032003549858927727,1.5707508325576782,0,0.0025000001769512892,0.0025000001769512892,0,0,0
7,2047,unknown,-32.720882415771484,31.641910552978516,0.0032735203858464956,1.5690183639526367,0,0.0025000001769512892,0.0025000001769512892,0,0,0
8,2303,unknown,-32.710174560546875,31.62498664855957,0.0031733026262372732,1.568935751914978,0,0.0025000001769512892,0.0025000001769512892,0,0,0
