measurement_id,geometry_id,local_key,local0,local1,phi,theta,time,var_local0,var_local1,var_phi,var_theta,var_time
0,255,unknown,303.31527709960938,385.8873291015625,-0.00015575581346638501,1.5707556009292603,0,0.0025000001769512892,0.0025000001769512892,0,0,0
1,511,unknown,303.33270263671875,386.03546142578125,-0.00016230200708378106,1.5707807540893555,0,0.0025000001769512892,0.0025000001769512892,0,0,0
2,767,unknown,303.25656127929688,386.06039428710938,-0.00023572644568048418,1.5698820352554321,0,0.0025000001769512892,0.0025000001769512892,0,0,0
3,1023,unknown,303.22341918945312,386.02630615234375,-0.00024848579778335989,1.5700061321258545,0,0.0025000001769512892,0.0025000001769512892,0,0,0
4,1279,unknown,303.35464477539062,386.05743408203125,-0.00089780671987682581,1.5706695318222046,0,0.0025000001769512892,0.0025000001769512892,0,0,0
5,1535,unknown,303.18350219726562,385.97756958007812,-3.0603729101130739e-05,1.5703881978988647,0,0.0025000001769512892,0.0025000001769512892,0,0,0
6,1791,unknown,303.213623046875,385.96926879882812,-0.00012864316522609442,1.5702673196792603,0,0.0025000001769512892,0.0025000001769512892,0,0,0
7,2047,unknown,303.14804077148438,386.18368530273438,0.00015783493290655315,1.5702787637710571,0,0.0025000001769512892,0.0025000001769512892,0,0,0
8,2303,unknown,303.30099487304688,386.03512573242188,0.00083845551125705242,1.5713051557540894,0,0.0025000001769512892,0.0025000001769512892,0,0,0
