particle_id,particle_type,process,vx,vy,vz,vt,px,py,pz,m,q
0,0,0,0,364.01657104492188,352.87545776367188,0,1,0,-4.3711388286737929e-08,0,-1
