particle_id,geometry_id,tx,ty,tz,tt,tpx,tpy,tpz,te,deltapx,deltapy,deltapz,deltae,index
0,255,20,-382.04525756835938,-131.79542541503906,0,0.99984872341156006,0.0015447273617610335,-8.5384745034389198e-05,0,0,0,0,0,0
0,511,40,-382.01434326171875,-131.79695129394531,0,0.99970221519470215,0.0028867179062217474,0.0017806603573262691,0,0,0,0,0,0
0,767,60,-381.95681762695312,-131.760986328125,0,0.99951690435409546,0.0031580696813762188,0.0015849214978516102,0,0,0,0,0,0
0,1023,80,-381.89382934570312,-131.72889709472656,0,0.99872720241546631,0.0030114594846963882,0.0015979554736986756,0,0,0,0,0,0
0,1279,100,-381.83370971679688,-131.696533203125,0,0.99856764078140259,0.0024034262169152498,0.0011902267578989267,0,0,0,0,0,0
0,1535,120,-381.78570556640625,-131.67240905761719,0,0.99839818477630615,0.0018846843158826232,0.0017358436016365886,0,0,0,0,0,0
0,1791,140,-381.7481689453125,-131.63740539550781,0,0.99810504913330078,0.0041800071485340595,0.0028308415785431862,0,0,0,0,0,0
0,2047,160,-381.66476440429688,-131.58018493652344,0,0.99792850017547607,0.0043666698038578033,0.0037576737813651562,0,0,0,0,0,0
0,2303,180,-381.57769775390625,-131.50434875488281,0,0.99766218662261963,0.0031819359865039587,0.0049776253290474415,0,0,0,0,0,0
