measurement_id,geometry_id,local_key,local0,local1,phi,theta,time,var_local0,var_local1,var_phi,var_theta,var_time
0,255,unknown,339.30239868164062,176.16642761230469,6.580375338671729e-05,1.5702210664749146,0,0.0025000001769512892,0.0025000001769512892,0,0,0
1,511,unknown,339.34210205078125,176.35025024414062,-0.00087988021550700068,1.5711678266525269,0,0.0025000001769512892,0.0025000001769512892,0,0,0
2,767,unknown,339.24362182617188,176.18594360351562,-0.00088732549920678139,1.5716679096221924,0,0.0025000001769512892,0.0025000001769512892,0,0,0
3,1023,unknown,339.27154541015625,176.23814392089844,-0.0011976918904110789,1.5740518569946289,0,0.0025000001769512892,0.0025000001769512892,0,0,0
4,1279,unknown,339.26699829101562,176.14669799804688,-0.001255941460840404,1.5735043287277222,0,0.0025000001769512892,0.0025000001769512892,0,0,0
5,1535,unknown,339.225830078125,176.16058349609375,-0.002411653520539403,1.5728458166122437,0,0.0025000001769512892,0.0025000001769512892,0,0,0
6,1791,unknown,339.1800537109375,176.09066772460938,-0.0025728745386004448,1.5733828544616699,0,0.0025000001769512892,0.0025000001769512892,0,0,0
7,2047,unknown,339.14480590820312,175.99234008789062,-0.0030789331067353487,1.5738999843597412,0,0.0025000001769512892,0.0025000001769512892,0,0,0
8,2303,unknown,339.07232666015625,175.98731994628906,-0.0024790046736598015,1.5755959749221802,0,0.0025000001769512892,0.0025000001769512892,0,0,0
