measurement_id,geometry_id,local_key,local0,local1,phi,theta,time,var_local0,var_local1,var_phi,var_theta,var_time
0,255,unknown,-242.96066284179688,-96.486907958984375,-0.00029991852352395654,1.5724598169326782,0,0.0025000001769512892,0.0025000001769512892,0,0,0
1,511,unknown,-242.96603393554688,-96.476593017578125,-0.00042796274647116661,1.57343590259552,0,0.0025000001769512892,0.0025000001769512892,0,0,0
2,767,unknown,-242.97891235351562,-96.607841491699219,-0.00040723083657212555,1.5731797218322754,0,0.0025000001769512892,0.0025000001769512892,0,0,0
3,1023,unknown,-242.98931884765625,-96.605751037597656,-0.00056334282271564007,1.5739903450012207,0,0.0025000001769512892,0.0025000001769512892,0,0,0
4,1279,unknown,-243.00961303710938,-96.639991760253906,0.00055387598695233464,1.5740388631820679,0,0.0025000001769512892,0.0025000001769512892,0,0,0
5,1535,unknown,-242.98956298828125,-96.723136901855469,0.00056497700279578567,1.5746034383773804,0,0.0025000001769512892,0.0025000001769512892,0,0,0
6,1791,unknown,-242.968017578125,-96.83978271484375,0.0015764293493703008,1.574170708656311,0,0.0025000001769512892,0.0025000001769512892,0,0,0
7,2047,unknown,-242.89872741699219,-96.785598754882812,0.0029350612312555313,1.5742459297180176,0,0.0025000001769512892,0.0025000001769512892,0,0,0
8,2303,unknown,-242.75202941894531,-96.920265197753906,0.0029662356246262789,1.5742059946060181,0,0.0025000001769512892,0.0025000001769512892,0,0,0
