particle_id,particle_type,process,vx,vy,vz,vt,px,py,pz,m,q
0,0,0,0,-155.25166320800781,-139.07481384277344,0,1,0,-4.3711388286737929e-08,0,-1
