measurement_id,geometry_id,local_key,local0,local1,phi,theta,time,var_local0,var_local1,var_phi,var_theta,var_time
0,255,unknown,80.821029663085938,-289.27398681640625,-0.00025749267661012709,1.5704257488250732,0,0.0025000001769512892,0.0025000001769512892,0,0,0
1,511,unknown,80.695091247558594,-289.16845703125,-0.00058551761321723461,1.5703386068344116,0,0.0025000001769512892,0.0025000001769512892,0,0,0
2,767,unknown,80.746177673339844,-289.14993286132812,-0.0006227642297744751,1.569875955581665,0,0.0025000001769512892,0.0025000001769512892,0,0,0
3,1023,unknown,80.692756652832031,-289.2275390625,0.00039620796451345086,1.5693546533584595,0,0.0025000001769512892,0.0025000001769512892,0,0,0
4,1279,unknown,80.734466552734375,-289.22210693359375,0.00040652143070474267,1.5697993040084839,0,0.0025000001769512892,0.0025000001769512892,0,0,0
5,1535,unknown,80.756828308105469,-289.11151123046875,8.7814609287306666e-05,1.5689352750778198,0,0.0025000001769512892,0.0025000001769512892,0,0,0
6,1791,unknown,80.757675170898438,-289.05426025390625,0.00045917960233055055,1.5697976350784302,0,0.0025000001769512892,0.0025000001769512892,0,0,0
7,2047,unknown,80.789993286132812,-289.08914184570312,0.00077077682362869382,1.5692270994186401,0,0.0025000001769512892,0.0025000001769512892,0,0,0
8,2303,unknown,80.786064147949219,-289.0699462890625,0.0020087368320673704,1.568483829498291,0,0.0025000001769512892,0.0025000001769512892,0,0,0
