measurement_id,geometry_id,local_key,local0,local1,phi,theta,time,var_local0,var_local1,var_phi,var_theta,var_time
0,255,unknown,272.4835205078125,229.70433044433594,-4.1756167775020003e-05,1.5707639455795288,0,0.0025000001769512892,0.0025000001769512892,0,0,0
1,511,unknown,272.54046630859375,229.80802917480469,0.0016324183670803905,1.5702542066574097,0,0.0025000001769512892,0.0025000001769512892,0,0,0
2,767,unknown,272.557861328125,229.77409362792969,0.0016157744685187936,1.5710934400558472,0,0.0025000001769512892,0.0025000001769512892,0,0,0
3,1023,unknown,272.54998779296875,229.76568603515625,0.0021419336553663015,1.5712701082229614,0,0.0025000001769512892,0.0025000001769512892,0,0,0
4,1279,unknown,272.63980102539062,229.7257080078125,0.0019939553458243608,1.5720298290252686,0,0.0025000001769512892,0.0025000001769512892,0,0,0
5,1535,unknown,272.69488525390625,229.74075317382812,0.0019713230431079865,1.5718097686767578,0,0.0025000001769512892,0.0025000001769512892,0,0,0
6,1791,unknown,272.76043701171875,229.64833068847656,0.00026260429876856506,1.5713351964950562,0,0.0025000001769512892,0.0025000001769512892,0,0,0
7,2047,unknown,272.8250732421875,229.66610717773438,0.00019048326066695154,1.5713026523590088,0,0.0025000001769512892,0.0025000001769512892,0,0,0
8,2303,unknown,272.79037475585938,229.68722534179688,0.0011144451564177871,1.5721720457077026,0,0.0025000001769512892,0.0025000001769512892,0,0,0
