particle_id,particle_type,process,vx,vy,vz,vt,px,py,pz,m,q
0,0,0,0,138.27076721191406,0.17442144453525543,0,1,0,-4.3711388286737929e-08,0,-1
