particle_id,geometry_id,tx,ty,tz,tt,tpx,tpy,tpz,te,deltapx,deltapy,deltapz,deltae,index
0,255,20,-67.207183837890625,102.43810272216797,0,0.99978154897689819,-8.876508945832029e-05,-0.00014318278408609331,0,0,0,0,0,0
0,511,40,-67.208938598632812,102.43522644042969,0,0.99952042102813721,0.00015748167061246932,4.5591572416014969e-05,0,0,0,0,0,0
0,767,60,-67.205795288085938,102.4361572265625,0,0.99931162595748901,7.8663695603609085e-05,0.00025429297238588333,0,0,0,0,0,0
0,1023,80,-67.204254150390625,102.44125366210938,0,0.9991309642791748,-0.00038338685408234596,-1.2549771781777963e-05,0,0,0,0,0,0
0,1279,100,-67.211929321289062,102.44095611572266,0,0.99896800518035889,-0.0004220301634632051,0.00057121331337839365,0,0,0,0,0,0
0,1535,120,-67.220443725585938,102.45233917236328,0,0.99873769283294678,-0.00079973175888881087,-0.00099668558686971664,0,0,0,0,0,0
0,1791,140,-67.236335754394531,102.43228149414062,0,0.9984748363494873,-0.0012231620494276285,-0.0014442061074078083,0,0,0,0,0,0
0,2047,160,-67.260658264160156,102.40320587158203,0,0.99831950664520264,-0.00077545188833028078,-0.00052213616436347365,0,0,0,0,0,0
0,2303,180,-67.276130676269531,102.39265441894531,0,0.99820679426193237,0.00018999703752342612,0.00025115592870861292,0,0,0,0,0,0
