measurement_id,geometry_id,local_key,local0,local1,phi,theta,time,var_local0,var_local1,var_phi,var_theta,var_time
0,255,unknown,-431.29595947265625,302.51553344726562,0.00030690294806845486,1.5706247091293335,0,0.0025000001769512892,0.0025000001769512892,0,0,0
1,511,unknown,-431.29208374023438,302.45095825195312,0.0010951185831800103,1.570142388343811,0,0.0025000001769512892,0.0025000001769512892,0,0,0
2,767,unknown,-431.21661376953125,302.41748046875,0.0020595311652868986,1.5699717998504639,0,0.0025000001769512892,0.0025000001769512892,0,0,0
3,1023,unknown,-431.14453125,302.52847290039062,0.0026169351767748594,1.5698018074035645,0,0.0025000001769512892,0.0025000001769512892,0,0,0
4,1279,unknown,-431.1273193359375,302.53671264648438,0.0016475849552080035,1.5712102651596069,0,0.0025000001769512892,0.0025000001769512892,0,0,0
5,1535,unknown,-431.05474853515625,302.66949462890625,0.0016430597752332687,1.571152925491333,0,0.0025000001769512892,0.0025000001769512892,0,0,0
6,1791,unknown,-431.10089111328125,302.53143310546875,0.0016804806655272841,1.5709836483001709,0,0.0025000001769512892,0.0025000001769512892,0,0,0
7,2047,unknown,-431.018798828125,302.51296997070312,0.0019250694895163178,1.5713458061218262,0,0.0025000001769512892,0.0025000001769512892,0,0,0
8,2303,unknown,-430.96554565429688,302.4859619140625,0.0025805933400988579,1.5724587440490723,0,0.0025000001769512892,0.0025000001769512892,0,0,0
