particle_id,geometry_id,tx,ty,tz,tt,tpx,tpy,tpz,te,deltapx,deltapy,deltapz,deltae,index
0,255,20,-132.47872924804688,-50.927074432373047,0,0.99983227252960205,8.599624561611563e-05,8.9348264737054706e-05,0,0,0,0,0,0
0,511,40,-132.47702026367188,-50.925277709960938,0,0.99960464239120483,-0.00012835180677939206,-3.0787530704401433e-05,0,0,0,0,0,0
0,767,60,-132.47958374023438,-50.925910949707031,0,0.99828618764877319,-0.00012839041301049292,-0.00016177141515072435,0,0,0,0,0,0
0,1023,80,-132.48213195800781,-50.929168701171875,0,0.99816703796386719,-0.00021944072796031833,-0.00087141332915052772,0,0,0,0,0,0
0,1279,100,-132.48641967773438,-50.9466552734375,0,0.99777179956436157,-0.00082674255827441812,-0.0018197655444964767,0,0,0,0,0,0
0,1535,120,-132.50277709960938,-50.983230590820312,0,0.99757754802703857,-0.0013344000326469541,-0.0014798928750678897,0,0,0,0,0,0
0,1791,140,-132.52935791015625,-51.0130615234375,0,0.99743640422821045,-0.0021080691367387772,-0.0022083313670009375,0,0,0,0,0,0
0,2047,160,-132.57136535644531,-51.057594299316406,0,0.99730527400970459,-0.0022256744559854269,-0.0021866415627300739,0,0,0,0,0,0
0,2303,180,-132.61573791503906,-51.101711273193359,0,0.99716347455978394,-0.0022794667165726423,-0.0023900778032839298,0,0,0,0,0,0
