particle_id,geometry_id,tx,ty,tz,tt,tpx,tpy,tpz,te,deltapx,deltapy,deltapz,deltae,index
0,255,20,-2.1453721523284912,-175.49339294433594,0,0.99985891580581665,0.00030316234915517271,-0.00086228229338303208,0,0,0,0,0,0
0,511,40,-2.139204740524292,-175.51060485839844,0,0.99969559907913208,0.00023567253083456308,-0.0010121803497895598,0,0,0,0,0,0
0,767,60,-2.1343684196472168,-175.53082275390625,0,0.99951356649398804,0.00036021391861140728,-0.00095325446454808116,0,0,0,0,0,0
0,1023,80,-2.1270463466644287,-175.54985046386719,0,0.99939334392547607,0.00025189353618770838,-0.0010128275025635958,0,0,0,0,0,0
0,1279,100,-2.1218838691711426,-175.57008361816406,0,0.9992712140083313,0.00020201785082463175,-0.00099471607245504856,0,0,0,0,0,0
0,1535,120,-2.1177213191986084,-175.5899658203125,0,0.99893492460250854,0.0004913270240649581,-0.00049506901996210217,0,0,0,0,0,0
0,1791,140,-2.1078250408172607,-175.59982299804688,0,0.99877804517745972,0.00042825250420719385,0.00013354573457036167,0,0,0,0,0,0
0,2047,160,-2.0992658138275146,-175.59709167480469,0,0.99848777055740356,0.0004892792203463614,-0.00032451681909151375,0,0,0,0,0,0
0,2303,180,-2.0894265174865723,-175.60353088378906,0,0.99835222959518433,0.0018111366080120206,-0.00026187239564023912,0,0,0,0,0,0
