particle_id,geometry_id,tx,ty,tz,tt,tpx,tpy,tpz,te,deltapx,deltapy,deltapz,deltae,index
0,255,20,-12.575028419494629,83.078636169433594,0,0.99982303380966187,7.5477214522834402e-06,-1.1962522876274306e-05,0,0,0,0,0,0
0,511,40,-12.574875831604004,83.078399658203125,0,0.99964463710784912,-0.00046760178520344198,9.1953181254211813e-05,0,0,0,0,0,0
0,767,60,-12.58424186706543,83.080184936523438,0,0.99948084354400635,-0.00034952425630763173,0.0002154939720639959,0,0,0,0,0,0
0,1023,80,-12.591261863708496,83.084457397460938,0,0.99933880567550659,-2.3707560103503056e-05,0.00017793723964132369,0,0,0,0,0,0
0,1279,100,-12.591757774353027,83.0880126953125,0,0.9991765022277832,-0.00036306856782175601,5.7486999139655381e-05,0,0,0,0,0,0
0,1535,120,-12.599031448364258,83.089118957519531,0,0.9990425705909729,-0.00044210129999555647,0.00045573359238915145,0,0,0,0,0,0
0,1791,140,-12.607936859130859,83.098190307617188,0,0.99888992309570312,-0.0003331571351736784,0.0010740309953689575,0,0,0,0,0,0
0,2047,160,-12.614736557006836,83.119651794433594,0,0.99876022338867188,0.00059778802096843719,0.00061955250566825271,0,0,0,0,0,0
0,2303,180,-12.602840423583984,83.132133483886719,0,0.99858421087265015,0.0005329105188138783,0.00093252013903111219,0,0,0,0,0,0
