particle_id,geometry_id,tx,ty,tz,tt,tpx,tpy,tpz,te,deltapx,deltapy,deltapz,deltae,index
0,255,20,369.13165283203125,-82.301467895507812,0,0.99974429607391357,-0.00073322176467627287,-0.00024066578771453351,0,0,0,0,0,0
0,511,40,369.11700439453125,-82.306373596191406,0,0.99960517883300781,-0.00015804808936081827,-0.0010164978448301554,0,0,0,0,0,0
0,767,60,369.11395263671875,-82.326728820800781,0,0.99845045804977417,-0.00090838281903415918,-0.001078526140190661,0,0,0,0,0,0
0,1023,80,369.09588623046875,-82.348442077636719,0,0.99826741218566895,-0.00056878378381952643,-0.0012379111722111702,0,0,0,0,0,0
0,1279,100,369.08462524414062,-82.373313903808594,0,0.99801641702651978,-0.00082691392162814736,-0.0015029101632535458,0,0,0,0,0,0
0,1535,120,369.0682373046875,-82.403533935546875,0,0.99786585569381714,-0.0020895211491733789,-0.0010984758846461773,0,0,0,0,0,0
0,1791,140,369.0264892578125,-82.425804138183594,0,0.99769788980484009,-0.0034579846542328596,-0.00059614877682179213,0,0,0,0,0,0
0,2047,160,368.95724487304688,-82.43817138671875,0,0.99725443124771118,-0.0034938151948153973,4.0495418943464756e-05,0,0,0,0,0,0
0,2303,180,368.88717651367188,-82.437782287597656,0,0.99712395668029785,-0.003744420362636447,3.0743038223590702e-05,0,0,0,0,0,0
