particle_id,particle_type,process,vx,vy,vz,vt,px,py,pz,m,q
0,0,0,0,-66.439071655273438,98.912635803222656,0,1,0,-4.3711388286737929e-08,0,-1
