particle_id,particle_type,process,vx,vy,vz,vt,px,py,pz,m,q
0,0,0,0,401.23666381835938,-85.994926452636719,0,1,0,-4.3711388286737929e-08,0,-1
