measurement_id,geometry_id,local_key,local0,local1,phi,theta,time,var_local0,var_local1,var_phi,var_theta,var_time
0,255,unknown,-90.882575988769531,-183.13534545898438,4.9924914492294192e-05,1.5707577466964722,0,0.0025000001769512892,0.0025000001769512892,0,0,0
1,511,unknown,-90.836296081542969,-183.02313232421875,-0.0012982480693608522,1.570068359375,0,0.0025000001769512892,0.0025000001769512892,0,0,0
2,767,unknown,-90.863029479980469,-183.07414245605469,-0.00081554841017350554,1.5700984001159668,0,0.0025000001769512892,0.0025000001769512892,0,0,0
3,1023,unknown,-90.969322204589844,-182.98507690429688,-0.00065936852479353547,1.5702191591262817,0,0.0025000001769512892,0.0025000001769512892,0,0,0
4,1279,unknown,-90.993812561035156,-182.98210144042969,-0.00074216187931597233,1.5702074766159058,0,0.0025000001769512892,0.0025000001769512892,0,0,0
5,1535,unknown,-90.894447326660156,-182.94900512695312,-0.0011019703233614564,1.5716439485549927,0,0.0025000001769512892,0.0025000001769512892,0,0,0
6,1791,unknown,-91.013572692871094,-182.91827392578125,-0.0020840147044509649,1.5716933012008667,0,0.0025000001769512892,0.0025000001769512892,0,0,0
7,2047,unknown,-91.044349670410156,-182.97776794433594,-0.00057360093342140317,1.570726752281189,0,0.0025000001769512892,0.0025000001769512892,0,0,0
8,2303,unknown,-91.066825866699219,-183.01499938964844,-0.00055879662977531552,1.5707470178604126,0,0.0025000001769512892,0.0025000001769512892,0,0,0
