particle_id,particle_type,process,vx,vy,vz,vt,px,py,pz,m,q
0,0,0,0,-243.39739990234375,4.0170154571533203,0,1,0,-4.3711388286737929e-08,0,-1
