particle_id,particle_type,process,vx,vy,vz,vt,px,py,pz,m,q
0,0,0,0,350.56436157226562,63.130466461181641,0,1,0,-4.3711388286737929e-08,0,-1
