measurement_id,geometry_id,local_key,local0,local1,phi,theta,time,var_local0,var_local1,var_phi,var_theta,var_time
0,255,unknown,-196.281494140625,106.44359588623047,-0.0006504707271233201,1.5714496374130249,0,0.0025000001769512892,0.0025000001769512892,0,0,0
1,511,unknown,-196.4290771484375,106.48862457275391,0.00055493286345154047,1.5729702711105347,0,0.0025000001769512892,0.0025000001769512892,0,0,0
2,767,unknown,-196.27040100097656,106.41782379150391,-0.0011709063546732068,1.574278712272644,0,0.0025000001769512892,0.0025000001769512892,0,0,0
3,1023,unknown,-196.43653869628906,106.31900024414062,-0.0011716036824509501,1.5741491317749023,0,0.0025000001769512892,0.0025000001769512892,0,0,0
4,1279,unknown,-196.28717041015625,106.36822509765625,-0.00055331253679469228,1.5741468667984009,0,0.0025000001769512892,0.0025000001769512892,0,0,0
5,1535,unknown,-196.36424255371094,106.16647338867188,-0.00049786793533712626,1.5725574493408203,0,0.0025000001769512892,0.0025000001769512892,0,0,0
6,1791,unknown,-196.26812744140625,106.20796203613281,-0.00066333921859040856,1.572356104850769,0,0.0025000001769512892,0.0025000001769512892,0,0,0
7,2047,unknown,-196.36122131347656,106.09658050537109,-0.0015829518670216203,1.5737062692642212,0,0.0025000001769512892,0.0025000001769512892,0,0,0
8,2303,unknown,-196.44499206542969,106.05943298339844,-0.0024552445393055677,1.5733258724212646,0,0.0025000001769512892,0.0025000001769512892,0,0,0
