particle_id,particle_type,process,vx,vy,vz,vt,px,py,pz,m,q
0,0,0,0,15.707371711730957,569.02294921875,0,1,0,-4.3711388286737929e-08,0,-1
