measurement_id,geometry_id,local_key,local0,local1,phi,theta,time,var_local0,var_local1,var_phi,var_theta,var_time
0,255,unknown,-106.87089538574219,-141.8961181640625,1.2194429473311175e-05,1.5707917213439941,0,0.0025000001769512892,0.0025000001769512892,0,0,0
1,511,unknown,-106.95021820068359,-141.74227905273438,0.00057631975505501032,1.5707858800888062,0,0.0025000001769512892,0.0025000001769512892,0,0,0
2,767,unknown,-106.84909057617188,-141.73220825195312,0.00016820702876430005,1.5711355209350586,0,0.0025000001769512892,0.0025000001769512892,0,0,0
3,1023,unknown,-106.78377532958984,-141.84461975097656,0.00022397724387701601,1.5711089372634888,0,0.0025000001769512892,0.0025000001769512892,0,0,0
4,1279,unknown,-106.93874359130859,-141.68592834472656,0.001930272439494729,1.5716969966888428,0,0.0025000001769512892,0.0025000001769512892,0,0,0
5,1535,unknown,-106.77207946777344,-141.84628295898438,0.0018832357600331306,1.5715694427490234,0,0.0025000001769512892,0.0025000001769512892,0,0,0
6,1791,unknown,-106.77185821533203,-141.84977722167969,0.0020005954429507256,1.5720185041427612,0,0.0025000001769512892,0.0025000001769512892,0,0,0
7,2047,unknown,-106.71760559082031,-141.78964233398438,0.0028184482362121344,1.5722407102584839,0,0.0025000001769512892,0.0025000001769512892,0,0,0
8,2303,unknown,-106.71164703369141,-141.90989685058594,0.0031441051978617907,1.5712651014328003,0,0.0025000001769512892,0.0025000001769512892,0,0,0
