particle_id,particle_type,process,vx,vy,vz,vt,px,py,pz,m,q
0,0,0,0,247.86283874511719,148.21282958984375,0,1,0,-4.3711388286737929e-08,0,-1
