measurement_id,geometry_id,local_key,local0,local1,phi,theta,time,var_local0,var_local1,var_phi,var_theta,var_time
0,255,unknown,246.35528564453125,2.9902057647705078,-0.0004889995907433331,1.571197509765625,0,0.0025000001769512892,0.0025000001769512892,0,0,0
1,511,unknown,246.25285339355469,2.8853456974029541,-0.002782405586913228,1.5696077346801758,0,0.0025000001769512892,0.0025000001769512892,0,0,0
2,767,unknown,246.32423400878906,3.0146729946136475,-0.001522797392681241,1.5694444179534912,0,0.0025000001769512892,0.0025000001769512892,0,0,0
3,1023,unknown,246.23103332519531,3.0805988311767578,-0.001525417435914278,1.5696996450424194,0,0.0025000001769512892,0.0025000001769512892,0,0,0
4,1279,unknown,246.1898193359375,3.0575754642486572,-0.0016298231203109026,1.5685672760009766,0,0.0025000001769512892,0.0025000001769512892,0,0,0
5,1535,unknown,246.18000793457031,3.0137424468994141,-0.0017286721849814057,1.5686163902282715,0,0.0025000001769512892,0.0025000001769512892,0,0,0
6,1791,unknown,246.163330078125,3.1044397354125977,-0.0012655170867219567,1.5693110227584839,0,0.0025000001769512892,0.0025000001769512892,0,0,0
7,2047,unknown,246.13194274902344,3.1105132102966309,-0.00088862894335761666,1.5696582794189453,0,0.0025000001769512892,0.0025000001769512892,0,0,0
8,2303,unknown,246.067138671875,3.2173306941986084,-0.0015751263126730919,1.5703855752944946,0,0.0025000001769512892,0.0025000001769512892,0,0,0
