measurement_id,geometry_id,local_key,local0,local1,phi,theta,time,var_local0,var_local1,var_phi,var_theta,var_time
0,255,unknown,379.91921997070312,112.49092102050781,-0.001124698668718338,1.5690008401870728,0,0.0025000001769512892,0.0025000001769512892,0,0,0
1,511,unknown,379.8543701171875,112.5968017578125,0.00042248520185239613,1.5679839849472046,0,0.0025000001769512892,0.0025000001769512892,0,0,0
2,767,unknown,379.859130859375,112.67159271240234,-0.00055431207874789834,1.5663615465164185,0,0.0025000001769512892,0.0025000001769512892,0,0,0
3,1023,unknown,379.79473876953125,112.7193603515625,-0.0013126764679327607,1.5672600269317627,0,0.0025000001769512892,0.0025000001769512892,0,0,0
4,1279,unknown,379.78524780273438,112.88037109375,-0.0010150116868317127,1.5682884454727173,0,0.0025000001769512892,0.0025000001769512892,0,0,0
5,1535,unknown,379.83053588867188,112.84200286865234,-0.0005336349131539464,1.5675356388092041,0,0.0025000001769512892,0.0025000001769512892,0,0,0
6,1791,unknown,379.80947875976562,112.88636779785156,0.0010218261741101742,1.5680886507034302,0,0.0025000001769512892,0.0025000001769512892,0,0,0
7,2047,unknown,379.884521484375,112.97650146484375,0.00081530801253393292,1.5679167509078979,0,0.0025000001769512892,0.0025000001769512892,0,0,0
8,2303,unknown,379.80838012695312,112.91693115234375,0.0019154889741912484,1.568192720413208,0,0.0025000001769512892,0.0025000001769512892,0,0,0
