particle_id,geometry_id,tx,ty,tz,tt,tpx,tpy,tpz,te,deltapx,deltapy,deltapz,deltae,index
0,255,20,-253.68746948242188,-97.02960205078125,0,0.99965423345565796,-0.0005948978359811008,0.00053514027968049049,0,0,0,0,0,0
0,511,40,-253.69943237304688,-97.018966674804688,0,0.99951362609863281,-0.0015211983118206263,0.00076145335333421826,0,0,0,0,0,0
0,767,60,-253.72996520996094,-97.003913879394531,0,0.99927645921707153,-0.0013034245930612087,0.0021149907261133194,0,0,0,0,0,0
0,1023,80,-253.75630187988281,-96.961738586425781,0,0.99912667274475098,-0.0014746590750291944,0.0020351114217191935,0,0,0,0,0,0
0,1279,100,-253.78607177734375,-96.921180725097656,0,0.9985310435295105,-0.00089670298621058464,0.0018402275163680315,0,0,0,0,0,0
0,1535,120,-253.80426025390625,-96.884429931640625,0,0.99837201833724976,-0.00015643321967218071,0.0020390469580888748,0,0,0,0,0,0
0,1791,140,-253.80763244628906,-96.843605041503906,0,0.99815475940704346,0.00011068188905483112,0.0019307984039187431,0,0,0,0,0,0
0,2047,160,-253.80564880371094,-96.804908752441406,0,0.99790889024734497,0.0005535650416277349,0.002213330240920186,0,0,0,0,0,0
0,2303,180,-253.79481506347656,-96.760482788085938,0,0.99777501821517944,0.00078609556658193469,0.0026890507433563471,0,0,0,0,0,0
