measurement_id,geometry_id,local_key,local0,local1,phi,theta,time,var_local0,var_local1,var_phi,var_theta,var_time
0,255,unknown,-57.870559692382812,87.847038269042969,0.00014741046470589936,1.570853590965271,0,0.0025000001769512892,0.0025000001769512892,0,0,0
1,511,unknown,-57.887222290039062,87.9183349609375,-0.00063216284615918994,1.5704828500747681,0,0.0025000001769512892,0.0025000001769512892,0,0,0
2,767,unknown,-57.884922027587891,87.891670227050781,-0.00017984247824642807,1.570142388343811,0,0.0025000001769512892,0.0025000001769512892,0,0,0
3,1023,unknown,-57.944557189941406,88.020378112792969,0.00047364560305140913,1.5704388618469238,0,0.0025000001769512892,0.0025000001769512892,0,0,0
4,1279,unknown,-57.784580230712891,87.865463256835938,0.00023967090237420052,1.5702821016311646,0,0.0025000001769512892,0.0025000001769512892,0,0,0
5,1535,unknown,-57.794502258300781,87.995437622070312,7.621420081704855e-05,1.5702273845672607,0,0.0025000001769512892,0.0025000001769512892,0,0,0
6,1791,unknown,-57.851482391357422,87.982650756835938,0.00044925467227585614,1.5708274841308594,0,0.0025000001769512892,0.0025000001769512892,0,0,0
7,2047,unknown,-57.899730682373047,87.972503662109375,0.0016896785236895084,1.571692943572998,0,0.0025000001769512892,0.0025000001769512892,0,0,0
8,2303,unknown,-57.854347229003906,88.047187805175781,0.0020758730825036764,1.5713471174240112,0,0.0025000001769512892,0.0025000001769512892,0,0,0
