measurement_id,geometry_id,local_key,local0,local1,phi,theta,time,var_local0,var_local1,var_phi,var_theta,var_time
0,255,unknown,-28.948722839355469,-8.4768314361572266,9.3480004579760134e-05,1.5694727897644043,0,0.0025000001769512892,0.0025000001769512892,0,0,0
1,511,unknown,-28.979848861694336,-8.4188165664672852,-0.00067121681058779359,1.5692298412322998,0,0.0025000001769512892,0.0025000001769512892,0,0,0
2,767,unknown,-29.049842834472656,-8.4192190170288086,-0.0015105372294783592,1.5690310001373291,0,0.0025000001769512892,0.0025000001769512892,0,0,0
3,1023,unknown,-29.024070739746094,-8.3622322082519531,-0.0022676060907542706,1.5691580772399902,0,0.0025000001769512892,0.0025000001769512892,0,0,0
4,1279,unknown,-29.090000152587891,-8.2632226943969727,-0.0024067391641438007,1.5691410303115845,0,0.0025000001769512892,0.0025000001769512892,0,0,0
5,1535,unknown,-29.138187408447266,-8.3324222564697266,-0.0022438818123191595,1.5689480304718018,0,0.0025000001769512892,0.0025000001769512892,0,0,0
6,1791,unknown,-29.162807464599609,-8.2867813110351562,-0.0013965356629341841,1.5699496269226074,0,0.0025000001769512892,0.0025000001769512892,0,0,0
7,2047,unknown,-29.150510787963867,-8.3080806732177734,-0.0017639008583500981,1.5703473091125488,0,0.0025000001769512892,0.0025000001769512892,0,0,0
8,2303,unknown,-29.17274284362793,-8.2250499725341797,-0.0029108307790011168,1.5699056386947632,0,0.0025000001769512892,0.0025000001769512892,0,0,0
