measurement_id,geometry_id,local_key,local0,local1,phi,theta,time,var_local0,var_local1,var_phi,var_theta,var_time
0,255,unknown,119.84693145751953,418.31491088867188,0.0007267106557264924,1.5707277059555054,0,0.0025000001769512892,0.0025000001769512892,0,0,0
1,511,unknown,119.9349365234375,418.45269775390625,0.00069694308331236243,1.5708006620407104,0,0.0025000001769512892,0.0025000001769512892,0,0,0
2,767,unknown,119.95223999023438,418.44873046875,0.0012230606516823173,1.5713241100311279,0,0.0025000001769512892,0.0025000001769512892,0,0,0
3,1023,unknown,119.94950103759766,418.49160766601562,0.0026709300000220537,1.5710633993148804,0,0.0025000001769512892,0.0025000001769512892,0,0,0
4,1279,unknown,120.02229309082031,418.45925903320312,0.0019058041507378221,1.5715543031692505,0,0.0025000001769512892,0.0025000001769512892,0,0,0
5,1535,unknown,119.99356842041016,418.36123657226562,0.0037501896731555462,1.5726431608200073,0,0.0025000001769512892,0.0025000001769512892,0,0,0
6,1791,unknown,120.18852996826172,418.4127197265625,0.0038227788172662258,1.5723652839660645,0,0.0025000001769512892,0.0025000001769512892,0,0,0
7,2047,unknown,120.12600708007812,418.44406127929688,0.0031217900104820728,1.5721750259399414,0,0.0025000001769512892,0.0025000001769512892,0,0,0
8,2303,unknown,120.24336242675781,418.28558349609375,0.0024593572597950697,1.5711482763290405,0,0.0025000001769512892,0.0025000001769512892,0,0,0
