measurement_id,geometry_id,local_key,local0,local1,phi,theta,time,var_local0,var_local1,var_phi,var_theta,var_time
0,255,unknown,-58.444915771484375,305.82766723632812,0.0024583733174949884,1.5712945461273193,0,0.0025000001769512892,0.0025000001769512892,0,0,0
1,511,unknown,-58.458892822265625,305.63949584960938,0.0025155334733426571,1.5712478160858154,0,0.0025000001769512892,0.0025000001769512892,0,0,0
2,767,unknown,-58.328392028808594,305.73440551757812,0.0024798517115414143,1.5715166330337524,0,0.0025000001769512892,0.0025000001769512892,0,0,0
3,1023,unknown,-58.251316070556641,305.76797485351562,0.0018860872369259596,1.5719678401947021,0,0.0025000001769512892,0.0025000001769512892,0,0,0
4,1279,unknown,-58.321872711181641,305.69573974609375,0.0016620578244328499,1.5729467868804932,0,0.0025000001769512892,0.0025000001769512892,0,0,0
5,1535,unknown,-58.172252655029297,305.712646484375,0.001990695483982563,1.5728112459182739,0,0.0025000001769512892,0.0025000001769512892,0,0,0
6,1791,unknown,-58.182884216308594,305.62762451171875,0.0020218987483531237,1.5720877647399902,0,0.0025000001769512892,0.0025000001769512892,0,0,0
7,2047,unknown,-58.189247131347656,305.55319213867188,0.0010651348857209086,1.5708730220794678,0,0.0025000001769512892,0.0025000001769512892,0,0,0
8,2303,unknown,-58.137588500976562,305.56936645507812,0.00048133759992197156,1.571851372718811,0,0.0025000001769512892,0.0025000001769512892,0,0,0
