measurement_id,geometry_id,local_key,local0,local1,phi,theta,time,var_local0,var_local1,var_phi,var_theta,var_time
0,255,unknown,-131.37535095214844,-272.65048217773438,-0.0015756207285448909,1.5716776847839355,0,0.0025000001769512892,0.0025000001769512892,0,0,0
1,511,unknown,-131.45384216308594,-272.7020263671875,-0.0017384901875630021,1.5711512565612793,0,0.0025000001769512892,0.0025000001769512892,0,0,0
2,767,unknown,-131.3851318359375,-272.60812377929688,-0.0042756153270602226,1.5713996887207031,0,0.0025000001769512892,0.0025000001769512892,0,0,0
3,1023,unknown,-131.39122009277344,-272.65603637695312,-0.0040876851417124271,1.5704708099365234,0,0.0025000001769512892,0.0025000001769512892,0,0,0
4,1279,unknown,-131.52128601074219,-272.72402954101562,-0.0029747728258371353,1.5696381330490112,0,0.0025000001769512892,0.0025000001769512892,0,0,0
5,1535,unknown,-131.5828857421875,-272.66976928710938,-0.0028163841925561428,1.5699319839477539,0,0.0025000001769512892,0.0025000001769512892,0,0,0
6,1791,unknown,-131.605712890625,-272.64822387695312,-0.0032855540048331022,1.5713232755661011,0,0.0025000001769512892,0.0025000001769512892,0,0,0
7,2047,unknown,-131.73539733886719,-272.59744262695312,-0.0031594494357705116,1.5713274478912354,0,0.0025000001769512892,0.0025000001769512892,0,0,0
8,2303,unknown,-131.81341552734375,-272.74691772460938,-0.0041356375440955162,1.5703390836715698,0,0.0025000001769512892,0.0025000001769512892,0,0,0
