particle_id,particle_type,process,vx,vy,vz,vt,px,py,pz,m,q
0,0,0,0,196.7584228515625,-151.29042053222656,0,1,0,-4.3711388286737929e-08,0,-1
