measurement_id,geometry_id,local_key,local0,local1,phi,theta,time,var_local0,var_local1,var_phi,var_theta,var_time
0,255,unknown,-128.47503662109375,82.56268310546875,-0.00018882710719481111,1.5707705020904541,0,0.0025000001769512892,0.0025000001769512892,0,0,0
1,511,unknown,-128.42323303222656,82.56988525390625,0.00061491597443819046,1.5694189071655273,0,0.0025000001769512892,0.0025000001769512892,0,0,0
2,767,unknown,-128.430908203125,82.6151123046875,0.00069545791484415531,1.5680351257324219,0,0.0025000001769512892,0.0025000001769512892,0,0,0
3,1023,unknown,-128.4111328125,82.6036376953125,0.0013995399931445718,1.5692362785339355,0,0.0025000001769512892,0.0025000001769512892,0,0,0
4,1279,unknown,-128.39680480957031,82.718170166015625,0.0030613474082201719,1.5677874088287354,0,0.0025000001769512892,0.0025000001769512892,0,0,0
5,1535,unknown,-128.34893798828125,82.764633178710938,0.0039263209328055382,1.5659325122833252,0,0.0025000001769512892,0.0025000001769512892,0,0,0
6,1791,unknown,-128.29931640625,82.839851379394531,0.0035607016179710627,1.5657684803009033,0,0.0025000001769512892,0.0025000001769512892,0,0,0
7,2047,unknown,-128.13510131835938,83.015396118164062,0.002570475684478879,1.5652396678924561,0,0.0025000001769512892,0.0025000001769512892,0,0,0
8,2303,unknown,-128.02609252929688,83.00091552734375,0.0027178265154361725,1.5647761821746826,0,0.0025000001769512892,0.0025000001769512892,0,0,0
