particle_id,geometry_id,tx,ty,tz,tt,tpx,tpy,tpz,te,deltapx,deltapy,deltapz,deltae,index
0,255,20,32.042316436767578,-126.37342071533203,0,0.99981725215911865,-0.00032361873309127986,-0.00081969640450552106,0,0,0,0,0,0
0,511,40,32.035942077636719,-126.38985443115234,0,0.99961984157562256,-0.00017668007058091462,-0.0013638762757182121,0,0,0,0,0,0
0,767,60,32.032569885253906,-126.41716003417969,0,0.9994807243347168,-0.0001593982451595366,-0.00061555916909128428,0,0,0,0,0,0
0,1023,80,32.029453277587891,-126.42949676513672,0,0.99934709072113037,0.00037265056744217873,-0.0013001260813325644,0,0,0,0,0,0
0,1279,100,32.037067413330078,-126.45546722412109,0,0.99917900562286377,0.00050895917229354382,-0.0015729115111753345,0,0,0,0,0,0
0,1535,120,32.047443389892578,-126.48689270019531,0,0.99901062250137329,0.00033857452217489481,-0.0018835947848856449,0,0,0,0,0,0
0,1791,140,32.054447174072266,-126.52455902099609,0,0.99888968467712402,8.9277906226925552e-05,-0.00038740094169043005,0,0,0,0,0,0
0,2047,160,32.056282043457031,-126.53230285644531,0,0.9986225962638855,0.00015168634126894176,-0.00029634690145030618,0,0,0,0,0,0
0,2303,180,32.059356689453125,-126.53822326660156,0,0.99847698211669922,0.00034628980210982263,-0.00070195033913478255,0,0,0,0,0,0
