measurement_id,geometry_id,local_key,local0,local1,phi,theta,time,var_local0,var_local1,var_phi,var_theta,var_time
0,255,unknown,-33.708900451660156,-69.273826599121094,-0.0004726060142274946,1.5712406635284424,0,0.0025000001769512892,0.0025000001769512892,0,0,0
1,511,unknown,-33.738140106201172,-69.272682189941406,-0.00068178062792867422,1.5715965032577515,0,0.0025000001769512892,0.0025000001769512892,0,0,0
2,767,unknown,-33.709369659423828,-69.304977416992188,-6.7446744651533663e-05,1.5726919174194336,0,0.0025000001769512892,0.0025000001769512892,0,0,0
3,1023,unknown,-33.772678375244141,-69.248176574707031,0.00059347145725041628,1.5719470977783203,0,0.0025000001769512892,0.0025000001769512892,0,0,0
4,1279,unknown,-33.699504852294922,-69.369857788085938,0.00011027264554286376,1.57213294506073,0,0.0025000001769512892,0.0025000001769512892,0,0,0
5,1535,unknown,-33.681537628173828,-69.360641479492188,0.0011735804146155715,1.5737580060958862,0,0.0025000001769512892,0.0025000001769512892,0,0,0
6,1791,unknown,-33.691349029541016,-69.419769287109375,0.0026249345391988754,1.572641134262085,0,0.0025000001769512892,0.0025000001769512892,0,0,0
7,2047,unknown,-33.565868377685547,-69.378067016601562,0.0033734661992639303,1.5722459554672241,0,0.0025000001769512892,0.0025000001769512892,0,0,0
8,2303,unknown,-33.555088043212891,-69.564102172851562,0.0034360168501734734,1.5718448162078857,0,0.0025000001769512892,0.0025000001769512892,0,0,0
