particle_id,particle_type,process,vx,vy,vz,vt,px,py,pz,m,q
0,0,0,0,-26.044288635253906,-42.893756866455078,0,1,0,-4.3711388286737929e-08,0,-1
