particle_id,geometry_id,tx,ty,tz,tt,tpx,tpy,tpz,te,deltapx,deltapy,deltapz,deltae,index
0,255,20,-188.83767700195312,-64.809745788574219,0,0.99981784820556641,-1.1446421922300942e-05,-0.00063674378907307982,0,0,0,0,0,0
0,511,40,-188.83782958984375,-64.822486877441406,0,0.99965918064117432,-0.00010167420259676874,-0.00098318548407405615,0,0,0,0,0,0
0,767,60,-188.83975219726562,-64.842170715332031,0,0.99949634075164795,-0.00084111251635476947,-0.00082288886187598109,0,0,0,0,0,0
0,1023,80,-188.85649108886719,-64.858734130859375,0,0.99918359518051147,-0.0016422024928033352,-0.0010468014515936375,0,0,0,0,0,0
0,1279,100,-188.88923645019531,-64.8798828125,0,0.99904096126556396,-0.0019352482631802559,-0.0015313706826418638,0,0,0,0,0,0
0,1535,120,-188.92779541015625,-64.910774230957031,0,0.9980015754699707,-0.00041552839684300125,0.00087260932195931673,0,0,0,0,0,0
0,1791,140,-188.93623352050781,-64.893341064453125,0,0.9977683424949646,0.00011469665332697332,0.0025209642481058836,0,0,0,0,0,0
0,2047,160,-188.93423461914062,-64.842796325683594,0,0.99761343002319336,-0.0007605523569509387,0.0034184637479484081,0,0,0,0,0,0
0,2303,180,-188.94989013671875,-64.77435302734375,0,0.99737304449081421,-0.0010096083860844374,0.0034005199559032917,0,0,0,0,0,0
