measurement_id,geometry_id,local_key,local0,local1,phi,theta,time,var_local0,var_local1,var_phi,var_theta,var_time
0,255,unknown,-46.723365783691406,132.83876037597656,-0.00014294801803771406,1.5694968700408936,0,0.0025000001769512892,0.0025000001769512892,0,0,0
1,511,unknown,-46.6383056640625,132.98611450195312,0.00063378480263054371,1.5701725482940674,0,0.0025000001769512892,0.0025000001769512892,0,0,0
2,767,unknown,-46.671455383300781,132.90736389160156,0.00076856301166117191,1.5700302124023438,0,0.0025000001769512892,0.0025000001769512892,0,0,0
3,1023,unknown,-46.545021057128906,132.96324157714844,0.00020001486700493842,1.5700110197067261,0,0.0025000001769512892,0.0025000001769512892,0,0,0
4,1279,unknown,-46.564601898193359,132.94035339355469,0.00016785695333965123,1.5703195333480835,0,0.0025000001769512892,0.0025000001769512892,0,0,0
5,1535,unknown,-46.494926452636719,132.98115539550781,0.00045213912380859256,1.5704255104064941,0,0.0025000001769512892,0.0025000001769512892,0,0,0
6,1791,unknown,-46.556293487548828,132.9791259765625,0.0012095416896045208,1.5689914226531982,0,0.0025000001769512892,0.0025000001769512892,0,0,0
7,2047,unknown,-46.630161285400391,133.09689331054688,0.0015923258615657687,1.5704123973846436,0,0.0025000001769512892,0.0025000001769512892,0,0,0
8,2303,unknown,-46.488742828369141,133.10897827148438,0.0015122906770557165,1.5704010725021362,0,0.0025000001769512892,0.0025000001769512892,0,0,0
