measurement_id,geometry_id,local_key,local0,local1,phi,theta,time,var_local0,var_local1,var_phi,var_theta,var_time
0,255,unknown,38.653079986572266,-128.63656616210938,-0.00056376401335000992,1.5703095197677612,0,0.0025000001769512892,0.0025000001769512892,0,0,0
1,511,unknown,38.664356231689453,-128.74549865722656,-0.00082385219866409898,1.5702342987060547,0,0.0025000001769512892,0.0025000001769512892,0,0,0
2,767,unknown,38.582260131835938,-128.63661193847656,0.0010366453789174557,1.5692776441574097,0,0.0025000001769512892,0.0025000001769512892,0,0,0
3,1023,unknown,38.625808715820312,-128.65989685058594,0.0019067487446591258,1.5697582960128784,0,0.0025000001769512892,0.0025000001769512892,0,0,0
4,1279,unknown,38.756946563720703,-128.59489440917969,0.0017762305215001106,1.5686508417129517,0,0.0025000001769512892,0.0025000001769512892,0,0,0
5,1535,unknown,38.673179626464844,-128.56619262695312,0.0012832192005589604,1.5668424367904663,0,0.0025000001769512892,0.0025000001769512892,0,0,0
6,1791,unknown,38.801498413085938,-128.41549682617188,0.00033797821379266679,1.5662200450897217,0,0.0025000001769512892,0.0025000001769512892,0,0,0
7,2047,unknown,38.790672302246094,-128.35903930664062,0.00031488848617300391,1.5660505294799805,0,0.0025000001769512892,0.0025000001769512892,0,0,0
8,2303,unknown,38.755584716796875,-128.25347900390625,0.0019249735632911325,1.5657408237457275,0,0.0025000001769512892,0.0025000001769512892,0,0,0
