measurement_id,geometry_id,local_key,local0,local1,phi,theta,time,var_local0,var_local1,var_phi,var_theta,var_time
0,255,unknown,53.001590728759766,397.85116577148438,-0.00024580027093179524,1.5718824863433838,0,0.0025000001769512892,0.0025000001769512892,0,0,0
1,511,unknown,52.847209930419922,397.9638671875,-0.00011912926856894046,1.5719554424285889,0,0.0025000001769512892,0.0025000001769512892,0,0,0
2,767,unknown,52.898483276367188,397.96490478515625,-0.00010294922685716301,1.5719343423843384,0,0.0025000001769512892,0.0025000001769512892,0,0,0
3,1023,unknown,52.935676574707031,397.9156494140625,0.00020942010451108217,1.5720590353012085,0,0.0025000001769512892,0.0025000001769512892,0,0,0
4,1279,unknown,52.860275268554688,397.966552734375,-0.00049467122880741954,1.5718430280685425,0,0.0025000001769512892,0.0025000001769512892,0,0,0
5,1535,unknown,52.889274597167969,398.02792358398438,-0.00025020344764925539,1.5730780363082886,0,0.0025000001769512892,0.0025000001769512892,0,0,0
6,1791,unknown,52.894573211669922,397.85748291015625,0.00073503528255969286,1.5717566013336182,0,0.0025000001769512892,0.0025000001769512892,0,0,0
7,2047,unknown,52.87371826171875,397.87539672851562,0.00073955743573606014,1.5713552236557007,0,0.0025000001769512892,0.0025000001769512892,0,0,0
8,2303,unknown,52.818759918212891,397.82867431640625,0.0013270699419081211,1.5712847709655762,0,0.0025000001769512892,0.0025000001769512892,0,0,0
