particle_id,geometry_id,tx,ty,tz,tt,tpx,tpy,tpz,te,deltapx,deltapy,deltapz,deltae,index
0,255,20,-223.99583435058594,-331.67672729492188,0,0.99982696771621704,-0.00057981332065537572,-0.0012155304430052638,0,0,0,0,0,0
0,511,40,-224.00729370117188,-331.70111083984375,0,0.9996752142906189,-0.0020337735768407583,-0.0014584572054445744,0,0,0,0,0,0
0,767,60,-224.04780578613281,-331.73052978515625,0,0.99953162670135498,-0.0018361175898462534,-0.0025748407933861017,0,0,0,0,0,0
0,1023,80,-224.084228515625,-331.78225708007812,0,0.9993736743927002,-0.0021585598587989807,-0.0050820251926779747,0,0,0,0,0,0
0,1279,100,-224.12681579589844,-331.88421630859375,0,0.99918240308761597,-0.0022000898607075214,-0.0050568724982440472,0,0,0,0,0,0
0,1535,120,-224.17024230957031,-331.98568725585938,0,0.99901348352432251,-0.0020535460207611322,-0.004258439876139164,0,0,0,0,0,0
0,1791,140,-224.21084594726562,-332.07119750976562,0,0.99877816438674927,-0.0019379773875698447,-0.0044143651612102985,0,0,0,0,0,0
0,2047,160,-224.24911499023438,-332.15982055664062,0,0.99860465526580811,-0.00070955295814201236,-0.0054985755123198032,0,0,0,0,0,0
0,2303,180,-224.26266479492188,-332.27001953125,0,0.99842357635498047,-0.00063297693850472569,-0.0054915077053010464,0,0,0,0,0,0
