measurement_id,geometry_id,local_key,local0,local1,phi,theta,time,var_local0,var_local1,var_phi,var_theta,var_time
0,255,unknown,223.19398498535156,-291.31057739257812,0.0016068574041128159,1.5705004930496216,0,0.0025000001769512892,0.0025000001769512892,0,0,0
1,511,unknown,223.22825622558594,-291.26123046875,0.0024014271330088377,1.570775032043457,0,0.0025000001769512892,0.0025000001769512892,0,0,0
2,767,unknown,223.37602233886719,-291.20443725585938,0.0015975069254636765,1.5712639093399048,0,0.0025000001769512892,0.0025000001769512892,0,0,0
3,1023,unknown,223.38362121582031,-291.26132202148438,0.0015727193094789982,1.5712594985961914,0,0.0025000001769512892,0.0025000001769512892,0,0,0
4,1279,unknown,223.27986145019531,-291.289306640625,0.0023526821751147509,1.5721075534820557,0,0.0025000001769512892,0.0025000001769512892,0,0,0
5,1535,unknown,223.41456604003906,-291.36175537109375,0.0017170766368508339,1.5721186399459839,0,0.0025000001769512892,0.0025000001769512892,0,0,0
6,1791,unknown,223.43858337402344,-291.42929077148438,0.00059750472428277135,1.5702924728393555,0,0.0025000001769512892,0.0025000001769512892,0,0,0
7,2047,unknown,223.43815612792969,-291.30453491210938,0.00065961427753791213,1.5705877542495728,0,0.0025000001769512892,0.0025000001769512892,0,0,0
8,2303,unknown,223.45771789550781,-291.31015014648438,-8.6714404460508376e-05,1.5710599422454834,0,0.0025000001769512892,0.0025000001769512892,0,0,0
