particle_id,particle_type,process,vx,vy,vz,vt,px,py,pz,m,q
0,0,0,0,167.1741943359375,19.602176666259766,0,1,0,-4.3711388286737929e-08,0,-1
