particle_id,geometry_id,tx,ty,tz,tt,tpx,tpy,tpz,te,deltapx,deltapy,deltapz,deltae,index
0,255,20,-377.7655029296875,-35.803394317626953,0,0.99979490041732788,0.00053623766871169209,6.5031228587031364e-05,0,0,0,0,0,0
0,511,40,-377.75479125976562,-35.802028656005859,0,0.99939382076263428,0.00094076595269143581,0.00032198385451920331,0,0,0,0,0,0
0,767,60,-377.73599243164062,-35.79547119140625,0,0.999187171459198,0.0012938338331878185,0.0012911363737657666,0,0,0,0,0,0
0,1023,80,-377.71023559570312,-35.769474029541016,0,0.99882388114929199,0.0010160238016396761,0.0012737588258460164,0,0,0,0,0,0
0,1279,100,-377.69003295898438,-35.743846893310547,0,0.99862569570541382,-0.00089629116700962186,0.00045590070658363402,0,0,0,0,0,0
0,1535,120,-377.70803833007812,-35.734825134277344,0,0.99845206737518311,-0.0016461517661809921,0.00026954783243127167,0,0,0,0,0,0
0,1791,140,-377.74105834960938,-35.729625701904297,0,0.99821168184280396,0.00049512251280248165,0.0011319669429212809,0,0,0,0,0,0
0,2047,160,-377.73126220703125,-35.706886291503906,0,0.99808460474014282,0.00054614758118987083,0.0011866731802001595,0,0,0,0,0,0
0,2303,180,-377.720458984375,-35.683040618896484,0,0.99794608354568481,0.00057432008907198906,0.0014241999015212059,0,0,0,0,0,0
