particle_id,geometry_id,tx,ty,tz,tt,tpx,tpy,tpz,te,deltapx,deltapy,deltapz,deltae,index
0,255,20,4.0776314735412598,-117.40870666503906,0,0.99966371059417725,-6.6114222363466979e-07,-1.23181243907311e-05,0,0,0,0,0,0
0,511,40,4.0776195526123047,-117.40895080566406,0,0.99948889017105103,0.00026427317061461508,0.00051968154730275273,0,0,0,0,0,0
0,767,60,4.0828452110290527,-117.39852142333984,0,0.99935042858123779,-0.0018755306955426931,0.0012652586447075009,0,0,0,0,0,0
0,1023,80,4.0451593399047852,-117.37342834472656,0,0.99920356273651123,-0.0013610643800348043,0.001714491518214345,0,0,0,0,0,0
0,1279,100,4.0177111625671387,-117.33927917480469,0,0.99900400638580322,-0.0014931202167645097,4.7711702791275457e-05,0,0,0,0,0,0
0,1535,120,3.9878139495849609,-117.3385009765625,0,0.99883341789245605,-0.0018001020653173327,-0.00022151463781483471,0,0,0,0,0,0
0,1791,140,3.9517972469329834,-117.34315490722656,0,0.99869239330291748,-0.00091134646208956838,8.865116978995502e-05,0,0,0,0,0,0
0,2047,160,3.9335362911224365,-117.34149169921875,0,0.99851310253143311,-0.00051198300207033753,-0.00024870163179002702,0,0,0,0,0,0
0,2303,180,3.9233114719390869,-117.34653472900391,0,0.99832409620285034,-0.0010777601273730397,0.0001670458004809916,0,0,0,0,0,0
