particle_id,geometry_id,tx,ty,tz,tt,tpx,tpy,tpz,te,deltapx,deltapy,deltapz,deltae,index
0,255,20,56.112415313720703,224.89073181152344,0,0.99986565113067627,-0.00043915887363255024,5.2639730711234733e-05,0,0,0,0,0,0
0,511,40,56.103626251220703,224.89173889160156,0,0.99973398447036743,-0.00015254116442520171,0.00047356801223941147,0,0,0,0,0,0
0,767,60,56.100517272949219,224.90119934082031,0,0.99951177835464478,1.9734339730348438e-05,0.00030057452386245131,0,0,0,0,0,0
0,1023,80,56.100875854492188,224.90721130371094,0,0.9993707537651062,0.0017559134867042303,0.00045445433352142572,0,0,0,0,0,0
0,1279,100,56.135959625244141,224.91651916503906,0,0.99924862384796143,0.0017390350112691522,3.8670288631692529e-05,0,0,0,0,0,0
0,1535,120,56.170761108398438,224.91749572753906,0,0.9990992546081543,0.0024866489693522453,-0.0015951818786561489,0,0,0,0,0,0
0,1791,140,56.220729827880859,224.8858642578125,0,0.99891096353530884,0.0022477239836007357,-0.0024705964606255293,0,0,0,0,0,0
0,2047,160,56.266029357910156,224.836669921875,0,0.99875742197036743,0.0026590931229293346,-0.0030056433752179146,0,0,0,0,0,0
0,2303,180,56.319637298583984,224.77680969238281,0,0.99858325719833374,0.0036800168454647064,-0.0028868010267615318,0,0,0,0,0,0
