particle_id,particle_type,process,vx,vy,vz,vt,px,py,pz,m,q
0,0,0,0,-69.310173034667969,-215.9486083984375,0,1,0,-4.3711388286737929e-08,0,-1
