particle_id,particle_type,process,vx,vy,vz,vt,px,py,pz,m,q
0,0,0,0,-95.965248107910156,-183.28288269042969,0,1,0,-4.3711388286737929e-08,0,-1
