measurement_id,geometry_id,local_key,local0,local1,phi,theta,time,var_local0,var_local1,var_phi,var_theta,var_time
0,255,unknown,542.16534423828125,-224.87603759765625,0.0017013566102832556,1.5711818933486938,0,0.0025000001769512892,0.0025000001769512892,0,0,0
1,511,unknown,542.1114501953125,-224.89726257324219,0.00088516186224296689,1.5705604553222656,0,0.0025000001769512892,0.0025000001769512892,0,0,0
2,767,unknown,542.17962646484375,-225.01220703125,0.0012114072451367974,1.5705349445343018,0,0.0025000001769512892,0.0025000001769512892,0,0,0
3,1023,unknown,542.205810546875,-224.87614440917969,0.0014361883513629436,1.5720278024673462,0,0.0025000001769512892,0.0025000001769512892,0,0,0
4,1279,unknown,542.3131103515625,-224.91563415527344,0.0011157423723489046,1.5719844102859497,0,0.0025000001769512892,0.0025000001769512892,0,0,0
5,1535,unknown,542.2960205078125,-224.94578552246094,0.0025128750130534172,1.5722991228103638,0,0.0025000001769512892,0.0025000001769512892,0,0,0
6,1791,unknown,542.30328369140625,-225.017822265625,0.0019429767271503806,1.5713280439376831,0,0.0025000001769512892,0.0025000001769512892,0,0,0
7,2047,unknown,542.39691162109375,-224.95004272460938,0.0020075729116797447,1.5696947574615479,0,0.0025000001769512892,0.0025000001769512892,0,0,0
8,2303,unknown,542.4205322265625,-225.06446838378906,0.0015861783176660538,1.5695234537124634,0,0.0025000001769512892,0.0025000001769512892,0,0,0
