measurement_id,geometry_id,local_key,local0,local1,phi,theta,time,var_local0,var_local1,var_phi,var_theta,var_time
0,255,unknown,301.64688110351562,56.755420684814453,0.0004200599214527756,1.5716747045516968,0,0.0025000001769512892,0.0025000001769512892,0,0,0
1,511,unknown,301.64163208007812,56.708477020263672,0.00010407041554572061,1.5711510181427002,0,0.0025000001769512892,0.0025000001769512892,0,0,0
2,767,unknown,301.66183471679688,56.676334381103516,0.00010038833715952933,1.5697373151779175,0,0.0025000001769512892,0.0025000001769512892,0,0,0
3,1023,unknown,301.74346923828125,56.700199127197266,0.00025749238557182252,1.5703928470611572,0,0.0025000001769512892,0.0025000001769512892,0,0,0
4,1279,unknown,301.6470947265625,56.689304351806641,0.00099853868596255779,1.5701525211334229,0,0.0025000001769512892,0.0025000001769512892,0,0,0
5,1535,unknown,301.74307250976562,56.686428070068359,0.00040215495391748846,1.5696259737014771,0,0.0025000001769512892,0.0025000001769512892,0,0,0
6,1791,unknown,301.74801635742188,56.721446990966797,0.00022126029944047332,1.5704232454299927,0,0.0025000001769512892,0.0025000001769512892,0,0,0
7,2047,unknown,301.66806030273438,56.778942108154297,0.0018825262086465955,1.5705522298812866,0,0.0025000001769512892,0.0025000001769512892,0,0,0
8,2303,unknown,301.75924682617188,56.769874572753906,0.0017411122098565102,1.5718338489532471,0,0.0025000001769512892,0.0025000001769512892,0,0,0
