measurement_id,geometry_id,local_key,local0,local1,phi,theta,time,var_local0,var_local1,var_phi,var_theta,var_time
0,255,unknown,7.8154006004333496,-308.4598388671875,0.00015312206232920289,1.5707868337631226,0,0.0025000001769512892,0.0025000001769512892,0,0,0
1,511,unknown,7.8710298538208008,-308.50320434570312,-6.0122634749859571e-05,1.5705087184906006,0,0.0025000001769512892,0.0025000001769512892,0,0,0
2,767,unknown,7.7924685478210449,-308.45651245117188,0.00021259063214529306,1.5704396963119507,0,0.0025000001769512892,0.0025000001769512892,0,0,0
3,1023,unknown,7.7802186012268066,-308.46420288085938,-0.00034279550891369581,1.570501446723938,0,0.0025000001769512892,0.0025000001769512892,0,0,0
4,1279,unknown,7.7951631546020508,-308.5948486328125,-0.0016007884405553341,1.5698138475418091,0,0.0025000001769512892,0.0025000001769512892,0,0,0
5,1535,unknown,7.7128796577453613,-308.50115966796875,-0.0013614521594718099,1.5692808628082275,0,0.0025000001769512892,0.0025000001769512892,0,0,0
6,1791,unknown,7.7444391250610352,-308.49447631835938,-0.000905181048437953,1.5691679716110229,0,0.0025000001769512892,0.0025000001769512892,0,0,0
7,2047,unknown,7.7505788803100586,-308.48703002929688,-0.00084432953735813498,1.5693404674530029,0,0.0025000001769512892,0.0025000001769512892,0,0,0
8,2303,unknown,7.6726188659667969,-308.43179321289062,-0.0030452755745500326,1.5703164339065552,0,0.0025000001769512892,0.0025000001769512892,0,0,0
