measurement_id,geometry_id,local_key,local0,local1,phi,theta,time,var_local0,var_local1,var_phi,var_theta,var_time
0,255,unknown,97.474212646484375,26.937116622924805,-0.00039839837700128555,1.5711361169815063,0,0.0025000001769512892,0.0025000001769512892,0,0,0
1,511,unknown,97.545417785644531,26.910257339477539,-0.00046931105316616595,1.5705647468566895,0,0.0025000001769512892,0.0025000001769512892,0,0,0
2,767,unknown,97.584365844726562,26.932746887207031,-0.00036701295175589621,1.5709279775619507,0,0.0025000001769512892,0.0025000001769512892,0,0,0
3,1023,unknown,97.428123474121094,26.931280136108398,-0.00086242175893858075,1.5712121725082397,0,0.0025000001769512892,0.0025000001769512892,0,0,0
4,1279,unknown,97.447074890136719,26.867586135864258,-0.0039164540357887745,1.5701189041137695,0,0.0025000001769512892,0.0025000001769512892,0,0,0
5,1535,unknown,97.4156494140625,26.904834747314453,-0.0037879222072660923,1.5711705684661865,0,0.0025000001769512892,0.0025000001769512892,0,0,0
6,1791,unknown,97.387153625488281,26.833520889282227,-0.0028554573655128479,1.5716373920440674,0,0.0025000001769512892,0.0025000001769512892,0,0,0
7,2047,unknown,97.350509643554688,26.870885848999023,-0.0026909690350294113,1.571601390838623,0,0.0025000001769512892,0.0025000001769512892,0,0,0
8,2303,unknown,97.296272277832031,26.942665100097656,-0.0027294130995869637,1.5712894201278687,0,0.0025000001769512892,0.0025000001769512892,0,0,0
