measurement_id,geometry_id,local_key,local0,local1,phi,theta,time,var_local0,var_local1,var_phi,var_theta,var_time
0,255,unknown,45.669967651367188,-2.9410636425018311,0.00073665415402501822,1.5704978704452515,0,0.0025000001769512892,0.0025000001769512892,0,0,0
1,511,unknown,45.733150482177734,-2.9872612953186035,0.0016583100659772754,1.571165919303894,0,0.0025000001769512892,0.0025000001769512892,0,0,0
2,767,unknown,45.687252044677734,-2.9133365154266357,0.001782282255589962,1.5712565183639526,0,0.0025000001769512892,0.0025000001769512892,0,0,0
3,1023,unknown,45.744369506835938,-2.9833769798278809,0.0017331083072349429,1.571829080581665,0,0.0025000001769512892,0.0025000001769512892,0,0,0
4,1279,unknown,45.786365509033203,-2.9898386001586914,0.0018112686229869723,1.5713685750961304,0,0.0025000001769512892,0.0025000001769512892,0,0,0
5,1535,unknown,45.911796569824219,-2.9462323188781738,0.0020524638239294291,1.5714375972747803,0,0.0025000001769512892,0.0025000001769512892,0,0,0
6,1791,unknown,45.896968841552734,-2.9924395084381104,0.0018869444029405713,1.5717806816101074,0,0.0025000001769512892,0.0025000001769512892,0,0,0
7,2047,unknown,45.859195709228516,-2.9529073238372803,0.0016631083562970161,1.5719833374023438,0,0.0025000001769512892,0.0025000001769512892,0,0,0
8,2303,unknown,45.927631378173828,-3.0673568248748779,0.0017560956766828895,1.5720449686050415,0,0.0025000001769512892,0.0025000001769512892,0,0,0
