particle_id,particle_type,process,vx,vy,vz,vt,px,py,pz,m,q
0,0,0,0,42.837596893310547,217.14122009277344,0,1,0,-4.3711388286737929e-08,0,-1
