particle_id,particle_type,process,vx,vy,vz,vt,px,py,pz,m,q
0,0,0,0,197.5369873046875,51.053787231445312,0,1,0,-4.3711388286737929e-08,0,-1
