particle_id,geometry_id,tx,ty,tz,tt,tpx,tpy,tpz,te,deltapx,deltapy,deltapz,deltae,index
0,255,20,-198.65069580078125,97.519447326660156,0,0.99982476234436035,0.0010293425293639302,-0.00047095734043978155,0,0,0,0,0,0
0,511,40,-198.63005065917969,97.510147094726562,0,0.99952852725982666,-0.00020954152569174767,0.00012923740723636001,0,0,0,0,0,0
0,767,60,-198.63426208496094,97.512710571289062,0,0.99930387735366821,-0.001024880213662982,-0.00022161872766446322,0,0,0,0,0,0
0,1023,80,-198.65473937988281,97.508155822753906,0,0.99826908111572266,-0.0028736188542097807,2.4233066142187454e-05,0,0,0,0,0,0
0,1279,100,-198.71231079101562,97.508293151855469,0,0.99805212020874023,-0.0027749394066631794,0.0021829598117619753,0,0,0,0,0,0
0,1535,120,-198.76817321777344,97.551704406738281,0,0.99774390459060669,-0.0049570431001484394,0.0026982766576111317,0,0,0,0,0,0
0,1791,140,-198.86785888671875,97.605194091796875,0,0.9976230263710022,-0.0034095642622560263,0.00086550461128354073,0,0,0,0,0,0
0,2047,160,-198.93630981445312,97.62213134765625,0,0.99742001295089722,-0.0033300211653113365,0.00082050205674022436,0,0,0,0,0,0
0,2303,180,-199.003173828125,97.63818359375,0,0.99725216627120972,-0.0052009024657309055,3.4432578104315326e-05,0,0,0,0,0,0
