particle_id,geometry_id,tx,ty,tz,tt,tpx,tpy,tpz,te,deltapx,deltapy,deltapz,deltae,index
0,255,20,-276.7532958984375,-52.365158081054688,0,0.99980533123016357,0.0017966417362913489,7.8023302194196731e-05,0,0,0,0,0,0
0,511,40,-276.71737670898438,-52.363380432128906,0,0.99966782331466675,0.0015892244409769773,7.932341395644471e-05,0,0,0,0,0,0
0,767,60,-276.68557739257812,-52.361602783203125,0,0.99950331449508667,0.0014941554982215166,-7.9278586781583726e-05,0,0,0,0,0,0
0,1023,80,-276.65567016601562,-52.363010406494141,0,0.99936908483505249,0.0014058767119422555,0.0010079510975629091,0,0,0,0,0,0
0,1279,100,-276.62765502929688,-52.342670440673828,0,0.99903750419616699,0.0014132119249552488,0.0010263145668432117,0,0,0,0,0,0
0,1535,120,-276.5994873046875,-52.321956634521484,0,0.99888581037521362,0.0014506819425150752,0.00051305745728313923,0,0,0,0,0,0
0,1791,140,-276.57049560546875,-52.311508178710938,0,0.99865520000457764,0.0012047569034621119,0.00082913326332345605,0,0,0,0,0,0
0,2047,160,-276.54647827148438,-52.294757843017578,0,0.99849027395248413,-0.0002192905085394159,0.00056736922124400735,0,0,0,0,0,0
0,2303,180,-276.55093383789062,-52.283420562744141,0,0.99831527471542358,-0.00023351454001385719,0.00059202348347753286,0,0,0,0,0,0
