measurement_id,geometry_id,local_key,local0,local1,phi,theta,time,var_local0,var_local1,var_phi,var_theta,var_time
0,255,unknown,-294.0181884765625,-36.049232482910156,0.00013752482482232153,1.5708197355270386,0,0.0025000001769512892,0.0025000001769512892,0,0,0
1,511,unknown,-293.9483642578125,-35.878246307373047,0.0005811414448544383,1.5704259872436523,0,0.0025000001769512892,0.0025000001769512892,0,0,0
2,767,unknown,-293.9775390625,-35.960212707519531,0.00017037964425981045,1.5700274705886841,0,0.0025000001769512892,0.0025000001769512892,0,0,0
3,1023,unknown,-293.84710693359375,-35.888870239257812,0.0012289027217775583,1.5699294805526733,0,0.0025000001769512892,0.0025000001769512892,0,0,0
4,1279,unknown,-293.8782958984375,-35.896663665771484,0.0010062959045171738,1.5689712762832642,0,0.0025000001769512892,0.0025000001769512892,0,0,0
5,1535,unknown,-293.85739135742188,-35.846729278564453,0.00090772192925214767,1.5692702531814575,0,0.0025000001769512892,0.0025000001769512892,0,0,0
6,1791,unknown,-293.76339721679688,-35.879116058349609,0.00097917264793068171,1.5693143606185913,0,0.0025000001769512892,0.0025000001769512892,0,0,0
7,2047,unknown,-293.8070068359375,-35.779811859130859,0.0010517850751057267,1.5693693161010742,0,0.0025000001769512892,0.0025000001769512892,0,0,0
8,2303,unknown,-293.86099243164062,-35.822975158691406,0.0012315071653574705,1.570008397102356,0,0.0025000001769512892,0.0025000001769512892,0,0,0
