particle_id,particle_type,process,vx,vy,vz,vt,px,py,pz,m,q
0,0,0,0,-457.86819458007812,-130.35696411132812,0,1,0,-4.3711388286737929e-08,0,-1
