measurement_id,geometry_id,local_key,local0,local1,phi,theta,time,var_local0,var_local1,var_phi,var_theta,var_time
0,255,unknown,146.80290222167969,261.9547119140625,-0.00065946165705099702,1.5710694789886475,0,0.0025000001769512892,0.0025000001769512892,0,0,0
1,511,unknown,146.73014831542969,261.87237548828125,-0.00014318803732749075,1.5701210498809814,0,0.0025000001769512892,0.0025000001769512892,0,0,0
2,767,unknown,146.76498413085938,261.94522094726562,-0.0011727359378710389,1.5697163343429565,0,0.0025000001769512892,0.0025000001769512892,0,0,0
3,1023,unknown,146.63044738769531,261.87991333007812,-0.00089967966778203845,1.5694135427474976,0,0.0025000001769512892,0.0025000001769512892,0,0,0
4,1279,unknown,146.70556640625,261.921142578125,-0.00088249292457476258,1.5684034824371338,0,0.0025000001769512892,0.0025000001769512892,0,0,0
5,1535,unknown,146.73329162597656,261.99539184570312,-0.00013280197163112462,1.5687141418457031,0,0.0025000001769512892,0.0025000001769512892,0,0,0
6,1791,unknown,146.72547912597656,262.04241943359375,-5.2096787840127945e-05,1.568622350692749,0,0.0025000001769512892,0.0025000001769512892,0,0,0
7,2047,unknown,146.68766784667969,262.01809692382812,-0.00078033714089542627,1.5677609443664551,0,0.0025000001769512892,0.0025000001769512892,0,0,0
8,2303,unknown,146.64344787597656,262.09722900390625,-0.00047986960271373391,1.5680842399597168,0,0.0025000001769512892,0.0025000001769512892,0,0,0
