particle_id,geometry_id,tx,ty,tz,tt,tpx,tpy,tpz,te,deltapx,deltapy,deltapz,deltae,index
0,255,20,8.2933807373046875,-366.97799682617188,0,0.99984127283096313,-0.00028459134045988321,0.00023488052829634398,0,0,0,0,0,0
0,511,40,8.2876596450805664,-366.97332763671875,0,0.99968117475509644,-0.00039705776725895703,4.7267305490095168e-05,0,0,0,0,0,0
0,767,60,8.2797107696533203,-366.97244262695312,0,0.99954050779342651,-0.0017427250277251005,-0.00089310843031853437,0,0,0,0,0,0
0,1023,80,8.2449483871459961,-366.99050903320312,0,0.9993894100189209,-0.0017085643485188484,0.0003791683993767947,0,0,0,0,0,0
0,1279,100,8.2107114791870117,-366.98312377929688,0,0.99920260906219482,-0.0014350097626447678,-0.00082360050873830914,0,0,0,0,0,0
0,1535,120,8.1820878982543945,-366.99978637695312,0,0.99899661540985107,-0.0013789818622171879,-0.00074661773396655917,0,0,0,0,0,0
0,1791,140,8.1545705795288086,-367.014892578125,0,0.99879592657089233,-0.0023593062069267035,-0.00086160603677853942,0,0,0,0,0,0
0,2047,160,8.1074323654174805,-367.03244018554688,0,0.99865704774856567,-0.0011879791272804141,-0.0011522030690684915,0,0,0,0,0,0
0,2303,180,8.0837802886962891,-367.0556640625,0,0.99842840433120728,-0.0017700711032375693,-0.0010981422383338213,0,0,0,0,0,0
