measurement_id,geometry_id,local_key,local0,local1,phi,theta,time,var_local0,var_local1,var_phi,var_theta,var_time
0,255,unknown,-375.52499389648438,-39.069286346435547,3.2551670301472768e-05,1.5709928274154663,0,0.0025000001769512892,0.0025000001769512892,0,0,0
1,511,unknown,-375.60137939453125,-39.069068908691406,-3.696904968819581e-05,1.5715929269790649,0,0.0025000001769512892,0.0025000001769512892,0,0,0
2,767,unknown,-375.53619384765625,-39.161396026611328,-0.00045647399383597076,1.5716928243637085,0,0.0025000001769512892,0.0025000001769512892,0,0,0
3,1023,unknown,-375.5810546875,-39.143512725830078,-0.00035215707612223923,1.5713293552398682,0,0.0025000001769512892,0.0025000001769512892,0,0,0
4,1279,unknown,-375.65203857421875,-39.114223480224609,-0.0025191071908921003,1.572717547416687,0,0.0025000001769512892,0.0025000001769512892,0,0,0
5,1535,unknown,-375.62106323242188,-39.129344940185547,-0.0034283553250133991,1.5739132165908813,0,0.0025000001769512892,0.0025000001769512892,0,0,0
6,1791,unknown,-375.71502685546875,-39.196369171142578,-0.004302141722291708,1.5743216276168823,0,0.0025000001769512892,0.0025000001769512892,0,0,0
7,2047,unknown,-375.82504272460938,-39.310527801513672,-0.00432938477024436,1.5742459297180176,0,0.0025000001769512892,0.0025000001769512892,0,0,0
8,2303,unknown,-375.81375122070312,-39.453670501708984,-0.0060219583101570606,1.5731933116912842,0,0.0025000001769512892,0.0025000001769512892,0,0,0
