measurement_id,geometry_id,local_key,local0,local1,phi,theta,time,var_local0,var_local1,var_phi,var_theta,var_time
0,255,unknown,-41.410774230957031,113.55615997314453,-0.00031567318364977837,1.5713539123535156,0,0.0025000001769512892,0.0025000001769512892,0,0,0
1,511,unknown,-41.402400970458984,113.56546783447266,0.00045111568761058152,1.5711804628372192,0,0.0025000001769512892,0.0025000001769512892,0,0,0
2,767,unknown,-41.374298095703125,113.57993316650391,0.00096844439394772053,1.5719915628433228,0,0.0025000001769512892,0.0025000001769512892,0,0,0
3,1023,unknown,-41.303279876708984,113.57044982910156,0.0023968163877725601,1.5714582204818726,0,0.0025000001769512892,0.0025000001769512892,0,0,0
4,1279,unknown,-41.322399139404297,113.60060882568359,0.0027579546440392733,1.5714350938796997,0,0.0025000001769512892,0.0025000001769512892,0,0,0
5,1535,unknown,-41.323101043701172,113.48834991455078,0.0028267598245292902,1.5710991621017456,0,0.0025000001769512892,0.0025000001769512892,0,0,0
6,1791,unknown,-41.187065124511719,113.53216552734375,0.0027527320198714733,1.571349024772644,0,0.0025000001769512892,0.0025000001769512892,0,0,0
7,2047,unknown,-41.101093292236328,113.48148345947266,0.0023265229538083076,1.5720325708389282,0,0.0025000001769512892,0.0025000001769512892,0,0,0
8,2303,unknown,-41.042232513427734,113.51992034912109,0.0020399680361151695,1.5724693536758423,0,0.0025000001769512892,0.0025000001769512892,0,0,0
