particle_id,particle_type,process,vx,vy,vz,vt,px,py,pz,m,q
0,0,0,0,106.12226867675781,-201.22052001953125,0,1,0,-4.3711388286737929e-08,0,-1
