measurement_id,geometry_id,local_key,local0,local1,phi,theta,time,var_local0,var_local1,var_phi,var_theta,var_time
0,255,unknown,106.28317260742188,119.20846557617188,0.00082263466902077198,1.5705052614212036,0,0.0025000001769512892,0.0025000001769512892,0,0,0
1,511,unknown,106.34226226806641,119.19688415527344,0.00066571275237947702,1.5702844858169556,0,0.0025000001769512892,0.0025000001769512892,0,0,0
2,767,unknown,106.32848358154297,119.19071197509766,0.00055905489716678858,1.569385290145874,0,0.0025000001769512892,0.0025000001769512892,0,0,0
3,1023,unknown,106.34532928466797,119.29557037353516,-3.2817395549500361e-05,1.5693037509918213,0,0.0025000001769512892,0.0025000001769512892,0,0,0
4,1279,unknown,106.37728881835938,119.25495910644531,-0.00055586907546967268,1.5696648359298706,0,0.0025000001769512892,0.0025000001769512892,0,0,0
5,1535,unknown,106.35791015625,119.42683410644531,-0.0018343935953453183,1.5697265863418579,0,0.0025000001769512892,0.0025000001769512892,0,0,0
6,1791,unknown,106.34518432617188,119.38217926025391,-0.0013162478571757674,1.5695908069610596,0,0.0025000001769512892,0.0025000001769512892,0,0,0
7,2047,unknown,106.26617431640625,119.34934234619141,-0.0016898907488211989,1.5689476728439331,0,0.0025000001769512892,0.0025000001769512892,0,0,0
8,2303,unknown,106.29425048828125,119.47882080078125,-0.0014890092425048351,1.5688881874084473,0,0.0025000001769512892,0.0025000001769512892,0,0,0
