measurement_id,geometry_id,local_key,local0,local1,phi,theta,time,var_local0,var_local1,var_phi,var_theta,var_time
0,255,unknown,-240.99050903320312,-231.37306213378906,9.5893083198461682e-05,1.5709625482559204,0,0.0025000001769512892,0.0025000001769512892,0,0,0
1,511,unknown,-240.99905395507812,-231.39718627929688,-0.00068337889388203621,1.5715944766998291,0,0.0025000001769512892,0.0025000001769512892,0,0,0
2,767,unknown,-241.00816345214844,-231.45359802246094,0.00049411569489166141,1.5713260173797607,0,0.0025000001769512892,0.0025000001769512892,0,0,0
3,1023,unknown,-241.10293579101562,-231.49174499511719,-0.00082301202928647399,1.5720604658126831,0,0.0025000001769512892,0.0025000001769512892,0,0,0
4,1279,unknown,-240.99061584472656,-231.43623352050781,-0.0009506626520305872,1.5720254182815552,0,0.0025000001769512892,0.0025000001769512892,0,0,0
5,1535,unknown,-241.00625610351562,-231.60380554199219,-0.00096354249399155378,1.5720369815826416,0,0.0025000001769512892,0.0025000001769512892,0,0,0
6,1791,unknown,-240.97406005859375,-231.65309143066406,-0.00074222392868250608,1.572816014289856,0,0.0025000001769512892,0.0025000001769512892,0,0,0
7,2047,unknown,-240.98927307128906,-231.57064819335938,-0.0002668481320142746,1.5735757350921631,0,0.0025000001769512892,0.0025000001769512892,0,0,0
8,2303,unknown,-241.05296325683594,-231.65634155273438,-0.001357356202788651,1.5739047527313232,0,0.0025000001769512892,0.0025000001769512892,0,0,0
