particle_id,geometry_id,tx,ty,tz,tt,tpx,tpy,tpz,te,deltapx,deltapy,deltapz,deltae,index
0,255,20,389.69000244140625,-138.33784484863281,0,0.99980729818344116,0.00014606786135118455,-2.9005979740759358e-05,0,0,0,0,0,0
0,511,40,389.69293212890625,-138.33840942382812,0,0.99957418441772461,0.00021656131139025092,-0.00073358375811949372,0,0,0,0,0,0
0,767,60,389.69735717773438,-138.35305786132812,0,0.99936211109161377,0.00021243213268462569,-0.00074927281821146607,0,0,0,0,0,0
0,1023,80,389.70169067382812,-138.36802673339844,0,0.99768894910812378,-0.0017144436715170741,0.0010985499247908592,0,0,0,0,0,0
0,1279,100,389.66720581054688,-138.34620666503906,0,0.99748975038528442,-0.001700485241599381,0.0013996495399624109,0,0,0,0,0,0
0,1535,120,389.6329345703125,-138.31834411621094,0,0.99722707271575928,-0.0021962011232972145,0.0016885156510397792,0,0,0,0,0,0
0,1791,140,389.58868408203125,-138.28474426269531,0,0.9970632791519165,-0.0015141558833420277,0.0014805883402004838,0,0,0,0,0,0
0,2047,160,389.55813598632812,-138.25523376464844,0,0.99691075086593628,-0.0008798932540230453,0.0013933689333498478,0,0,0,0,0,0
0,2303,180,389.54031372070312,-138.22738647460938,0,0.99676114320755005,-0.0012379849795252085,0.0043577090837061405,0,0,0,0,0,0
