particle_id,geometry_id,tx,ty,tz,tt,tpx,tpy,tpz,te,deltapx,deltapy,deltapz,deltae,index
0,255,20,12.877103805541992,-39.875358581542969,0,0.99986964464187622,0.00087069219443947077,0.00090463744709268212,0,0,0,0,0,0
0,511,40,12.894411087036133,-39.857158660888672,0,0.99970144033432007,0.0014199294382706285,0.00077982991933822632,0,0,0,0,0,0
0,767,60,12.922723770141602,-39.841388702392578,0,0.99955201148986816,0.0013459126930683851,0.0013718000845983624,0,0,0,0,0,0
0,1023,80,12.949488639831543,-39.813777923583984,0,0.99937474727630615,-0.00021769461454823613,0.0014331482816487551,0,0,0,0,0,0
0,1279,100,12.94495964050293,-39.785125732421875,0,0.99916082620620728,-0.00023924329434521496,0.0011420954251661897,0,0,0,0,0,0
0,1535,120,12.940033912658691,-39.762294769287109,0,0.99899262189865112,-6.6840570070780814e-05,0.00086132873548194766,0,0,0,0,0,0
0,1791,140,12.938591957092285,-39.745059967041016,0,0.99879568815231323,0.0002123326703440398,0.0017791573191061616,0,0,0,0,0,0
0,2047,160,12.942629814147949,-39.709407806396484,0,0.99862319231033325,0.00074075086740776896,0.0031922832131385803,0,0,0,0,0,0
0,2303,180,12.957080841064453,-39.6453857421875,0,0.99847406148910522,0.00082428433233872056,0.0034055823925882578,0,0,0,0,0,0
