measurement_id,geometry_id,local_key,local0,local1,phi,theta,time,var_local0,var_local1,var_phi,var_theta,var_time
0,255,unknown,-12.739995956420898,385.97299194335938,-0.00016089894052129239,1.5714548826217651,0,0.0025000001769512892,0.0025000001769512892,0,0,0
1,511,unknown,-12.757957458496094,385.9954833984375,-0.0003839666023850441,1.570958137512207,0,0.0025000001769512892,0.0025000001769512892,0,0,0
2,767,unknown,-12.808070182800293,385.97882080078125,-6.9871202867943794e-05,1.5713857412338257,0,0.0025000001769512892,0.0025000001769512892,0,0,0
3,1023,unknown,-12.869686126708984,385.98751831054688,-0.0008094108197838068,1.5701751708984375,0,0.0025000001769512892,0.0025000001769512892,0,0,0
4,1279,unknown,-12.897927284240723,386.05252075195312,-0.00041524338303133845,1.5702019929885864,0,0.0025000001769512892,0.0025000001769512892,0,0,0
5,1535,unknown,-12.783940315246582,385.97659301757812,-0.00067556631984189153,1.5710530281066895,0,0.0025000001769512892,0.0025000001769512892,0,0,0
6,1791,unknown,-12.864433288574219,386.07330322265625,5.5339376558549702e-05,1.5715646743774414,0,0.0025000001769512892,0.0025000001769512892,0,0,0
7,2047,unknown,-12.77454948425293,385.948974609375,-0.00049906474305316806,1.570280909538269,0,0.0025000001769512892,0.0025000001769512892,0,0,0
8,2303,unknown,-12.73830509185791,385.95263671875,-9.7332514997106045e-05,1.5683718919754028,0,0.0025000001769512892,0.0025000001769512892,0,0,0
