measurement_id,geometry_id,local_key,local0,local1,phi,theta,time,var_local0,var_local1,var_phi,var_theta,var_time
0,255,unknown,78.065422058105469,318.06607055664062,0.00018040816939901561,1.5720107555389404,0,0.0025000001769512892,0.0025000001769512892,0,0,0
1,511,unknown,78.21630859375,318.067626953125,0.00025458473828621209,1.5722606182098389,0,0.0025000001769512892,0.0025000001769512892,0,0,0
2,767,unknown,78.131919860839844,317.95526123046875,0.00011068088497268036,1.5721423625946045,0,0.0025000001769512892,0.0025000001769512892,0,0,0
3,1023,unknown,78.094703674316406,317.9486083984375,0.00021503910829778761,1.5720505714416504,0,0.0025000001769512892,0.0025000001769512892,0,0,0
4,1279,unknown,78.178581237792969,317.92752075195312,0.00034964398946613073,1.5725170373916626,0,0.0025000001769512892,0.0025000001769512892,0,0,0
5,1535,unknown,78.200096130371094,317.8719482421875,0.00016223089187406003,1.5724582672119141,0,0.0025000001769512892,0.0025000001769512892,0,0,0
6,1791,unknown,78.143295288085938,317.8935546875,-0.00075500278035178781,1.5735170841217041,0,0.0025000001769512892,0.0025000001769512892,0,0,0
7,2047,unknown,78.124183654785156,317.82659912109375,-0.0016470607370138168,1.573814868927002,0,0.0025000001769512892,0.0025000001769512892,0,0,0
8,2303,unknown,78.201408386230469,317.7698974609375,-0.0020152861252427101,1.5737823247909546,0,0.0025000001769512892,0.0025000001769512892,0,0,0
