measurement_id,geometry_id,local_key,local0,local1,phi,theta,time,var_local0,var_local1,var_phi,var_theta,var_time
0,255,unknown,67.891220092773438,-57.188190460205078,0.00039329202263616025,1.5710519552230835,0,0.0025000001769512892,0.0025000001769512892,0,0,0
1,511,unknown,67.8597412109375,-57.127613067626953,-1.3079264249427069e-07,1.5713074207305908,0,0.0025000001769512892,0.0025000001769512892,0,0,0
2,767,unknown,67.809532165527344,-57.124763488769531,0.00080441409954801202,1.5707526206970215,0,0.0025000001769512892,0.0025000001769512892,0,0,0
3,1023,unknown,67.831558227539062,-57.074806213378906,0.00040933428681455553,1.570870041847229,0,0.0025000001769512892,0.0025000001769512892,0,0,0
4,1279,unknown,67.935699462890625,-57.135639190673828,0.0017211922677233815,1.5708345174789429,0,0.0025000001769512892,0.0025000001769512892,0,0,0
5,1535,unknown,67.900177001953125,-57.197807312011719,0.0011105209123343229,1.5684435367584229,0,0.0025000001769512892,0.0025000001769512892,0,0,0
6,1791,unknown,67.919914245605469,-57.031814575195312,0.0016696779057383537,1.5670250654220581,0,0.0025000001769512892,0.0025000001769512892,0,0,0
7,2047,unknown,68.002738952636719,-56.983245849609375,0.00069101416738703847,1.5671348571777344,0,0.0025000001769512892,0.0025000001769512892,0,0,0
8,2303,unknown,67.983078002929688,-56.913490295410156,-0.00020116490486543626,1.5682163238525391,0,0.0025000001769512892,0.0025000001769512892,0,0,0
