measurement_id,geometry_id,local_key,local0,local1,phi,theta,time,var_local0,var_local1,var_phi,var_theta,var_time
0,255,unknown,245.95326232910156,28.847591400146484,-0.00095149665139615536,1.5710694789886475,0,0.0025000001769512892,0.0025000001769512892,0,0,0
1,511,unknown,245.85092163085938,28.749153137207031,-0.00036193410051055253,1.5716502666473389,0,0.0025000001769512892,0.0025000001769512892,0,0,0
2,767,unknown,245.83088684082031,28.706737518310547,0.0010594793129712343,1.5723824501037598,0,0.0025000001769512892,0.0025000001769512892,0,0,0
3,1023,unknown,245.83869934082031,28.789638519287109,0.0014615065883845091,1.5715345144271851,0,0.0025000001769512892,0.0025000001769512892,0,0,0
4,1279,unknown,245.87664794921875,28.752542495727539,0.0016309713246300817,1.5712088346481323,0,0.0025000001769512892,0.0025000001769512892,0,0,0
5,1535,unknown,245.92991638183594,28.838031768798828,0.0015644432278349996,1.5710457563400269,0,0.0025000001769512892,0.0025000001769512892,0,0,0
6,1791,unknown,245.88401794433594,28.738359451293945,0.0021411648485809565,1.5708752870559692,0,0.0025000001769512892,0.0025000001769512892,0,0,0
7,2047,unknown,246.01991271972656,28.714061737060547,0.002131621353328228,1.57097327709198,0,0.0025000001769512892,0.0025000001769512892,0,0,0
8,2303,unknown,245.95553588867188,28.641605377197266,0.0013946262188255787,1.5711534023284912,0,0.0025000001769512892,0.0025000001769512892,0,0,0
