measurement_id,geometry_id,local_key,local0,local1,phi,theta,time,var_local0,var_local1,var_phi,var_theta,var_time
0,255,unknown,-190.05323791503906,-126.9320068359375,0.00018738357175607234,1.5703103542327881,0,0.0025000001769512892,0.0025000001769512892,0,0,0
1,511,unknown,-190.09968566894531,-127.01258850097656,0.00061771960463374853,1.5709223747253418,0,0.0025000001769512892,0.0025000001769512892,0,0,0
2,767,unknown,-190.1033935546875,-126.97725677490234,0.0011081411503255367,1.570216178894043,0,0.0025000001769512892,0.0025000001769512892,0,0,0
3,1023,unknown,-190.02593994140625,-126.86259460449219,0.0012488255742937326,1.5700967311859131,0,0.0025000001769512892,0.0025000001769512892,0,0,0
4,1279,unknown,-190.06765747070312,-126.8663330078125,0.00066762522328644991,1.570106029510498,0,0.0025000001769512892,0.0025000001769512892,0,0,0
5,1535,unknown,-190.08546447753906,-126.93215942382812,0.00058884057216346264,1.570490837097168,0,0.0025000001769512892,0.0025000001769512892,0,0,0
6,1791,unknown,-189.99594116210938,-126.91847229003906,0.00017937524535227567,1.5708978176116943,0,0.0025000001769512892,0.0025000001769512892,0,0,0
7,2047,unknown,-190.05091857910156,-126.81906890869141,0.00011681131582008675,1.5710079669952393,0,0.0025000001769512892,0.0025000001769512892,0,0,0
8,2303,unknown,-190.04847717285156,-126.96819305419922,0.0001804602361517027,1.5707589387893677,0,0.0025000001769512892,0.0025000001769512892,0,0,0
