measurement_id,geometry_id,local_key,local0,local1,phi,theta,time,var_local0,var_local1,var_phi,var_theta,var_time
0,255,unknown,81.332740783691406,-396.61428833007812,-0.0001040281422319822,1.5708454847335815,0,0.0025000001769512892,0.0025000001769512892,0,0,0
1,511,unknown,81.368339538574219,-396.50912475585938,0.0016585907433182001,1.5707597732543945,0,0.0025000001769512892,0.0025000001769512892,0,0,0
2,767,unknown,81.412368774414062,-396.55709838867188,0.0017832285957410932,1.569438099861145,0,0.0025000001769512892,0.0025000001769512892,0,0,0
3,1023,unknown,81.364227294921875,-396.46743774414062,0.0020829685963690281,1.5694863796234131,0,0.0025000001769512892,0.0025000001769512892,0,0,0
4,1279,unknown,81.556770324707031,-396.57791137695312,0.0010891146957874298,1.5691622495651245,0,0.0025000001769512892,0.0025000001769512892,0,0,0
5,1535,unknown,81.455162048339844,-396.48379516601562,0.0018762343097478151,1.5686061382293701,0,0.0025000001769512892,0.0025000001769512892,0,0,0
6,1791,unknown,81.523223876953125,-396.3980712890625,0.0010985510889440775,1.5683727264404297,0,0.0025000001769512892,0.0025000001769512892,0,0,0
7,2047,unknown,81.549545288085938,-396.37948608398438,0.00070257525658234954,1.5679857730865479,0,0.0025000001769512892,0.0025000001769512892,0,0,0
8,2303,unknown,81.499603271484375,-396.30584716796875,0.00051068293396383524,1.5697852373123169,0,0.0025000001769512892,0.0025000001769512892,0,0,0
