particle_id,geometry_id,tx,ty,tz,tt,tpx,tpy,tpz,te,deltapx,deltapy,deltapz,deltae,index
0,255,20,351.81393432617188,-324.21707153320312,0,0.99984586238861084,-0.00086035416461527348,6.4557789301034063e-05,0,0,0,0,0,0
0,511,40,351.79672241210938,-324.21588134765625,0,0.99966490268707275,-0.00082124263281002641,0.00021779793314635754,0,0,0,0,0,0
0,767,60,351.7802734375,-324.21160888671875,0,0.99947649240493774,-0.00082107848720625043,0.0010922957444563508,0,0,0,0,0,0
0,1023,80,351.76370239257812,-324.18984985351562,0,0.99934643507003784,-0.00075037404894828796,0.00061669968999922276,0,0,0,0,0,0
0,1279,100,351.74859619140625,-324.1776123046875,0,0.9991919994354248,-0.0011672463733702898,0.0010820988100022078,0,0,0,0,0,0
0,1535,120,351.72509765625,-324.15609741210938,0,0.99907428026199341,-0.0012626810930669308,0.000653333670925349,0,0,0,0,0,0
0,1791,140,351.69973754882812,-324.14315795898438,0,0.99893999099731445,-0.0011051085311919451,0.00089153100270777941,0,0,0,0,0,0
0,2047,160,351.677490234375,-324.12542724609375,0,0.99875110387802124,-0.00083955848822370172,0.0011298405006527901,0,0,0,0,0,0
0,2303,180,351.66055297851562,-324.1029052734375,0,0.99857401847839355,-0.001099366694688797,0.00068562320666387677,0,0,0,0,0,0
