measurement_id,geometry_id,local_key,local0,local1,phi,theta,time,var_local0,var_local1,var_phi,var_theta,var_time
0,255,unknown,-167.24980163574219,94.004310607910156,-8.3987419202458113e-05,1.5704725980758667,0,0.0025000001769512892,0.0025000001769512892,0,0,0
1,511,unknown,-167.29653930664062,93.830307006835938,0.00060043431585654616,1.5699707269668579,0,0.0025000001769512892,0.0025000001769512892,0,0,0
2,767,unknown,-167.12788391113281,93.936691284179688,0.00072674197144806385,1.5699163675308228,0,0.0025000001769512892,0.0025000001769512892,0,0,0
3,1023,unknown,-167.19691467285156,93.923965454101562,0.0019030846888199449,1.568934440612793,0,0.0025000001769512892,0.0025000001769512892,0,0,0
4,1279,unknown,-167.07810974121094,93.925956726074219,0.0027682888321578503,1.5690176486968994,0,0.0025000001769512892,0.0025000001769512892,0,0,0
5,1535,unknown,-167.13746643066406,94.024757385253906,0.0024749147705733776,1.5691183805465698,0,0.0025000001769512892,0.0025000001769512892,0,0,0
6,1791,unknown,-167.13119506835938,94.048576354980469,0.0039057969115674496,1.5701651573181152,0,0.0025000001769512892,0.0025000001769512892,0,0,0
7,2047,unknown,-166.96728515625,94.146484375,0.0038023549132049084,1.5701394081115723,0,0.0025000001769512892,0.0025000001769512892,0,0,0
8,2303,unknown,-166.96197509765625,93.970390319824219,0.0041287657804787159,1.5701783895492554,0,0.0025000001769512892,0.0025000001769512892,0,0,0
