particle_id,geometry_id,tx,ty,tz,tt,tpx,tpy,tpz,te,deltapx,deltapy,deltapz,deltae,index
0,255,20,-235.04176330566406,-202.90458679199219,0,0.99987548589706421,0.00031910918187350035,0.00049950031097978354,0,0,0,0,0,0
0,511,40,-235.03544616699219,-202.89456176757812,0,0.99967861175537109,-0.00083342910511419177,0.00022912217536941171,0,0,0,0,0,0
0,767,60,-235.05215454101562,-202.89007568359375,0,0.99955266714096069,-0.00056862033670768142,-0.0012406965252012014,0,0,0,0,0,0
0,1023,80,-235.06338500976562,-202.91496276855469,0,0.99930191040039062,-0.00054767786059528589,-0.0013191276229918003,0,0,0,0,0,0
0,1279,100,-235.07418823242188,-202.94142150878906,0,0.9991721510887146,-0.00069951592013239861,-0.0013066879473626614,0,0,0,0,0,0
0,1535,120,-235.08802795410156,-202.96766662597656,0,0.9989427924156189,-0.0013040031772106886,-0.0026325066573917866,0,0,0,0,0,0
0,1791,140,-235.11381530761719,-203.02052307128906,0,0.99880081415176392,-0.00097445567371323705,-0.0021453853696584702,0,0,0,0,0,0
0,2047,160,-235.13307189941406,-203.0635986328125,0,0.99862062931060791,-0.00072770641418173909,-0.003872712142765522,0,0,0,0,0,0
0,2303,180,-235.14718627929688,-203.14125061035156,0,0.99847620725631714,-0.0017584089655429125,-0.0039646429941058159,0,0,0,0,0,0
