measurement_id,geometry_id,local_key,local0,local1,phi,theta,time,var_local0,var_local1,var_phi,var_theta,var_time
0,255,unknown,211.01300048828125,-225.27490234375,0.00052383873844519258,1.5701580047607422,0,0.0025000001769512892,0.0025000001769512892,0,0,0
1,511,unknown,210.88850402832031,-225.2943115234375,0.00061568903038278222,1.571471095085144,0,0.0025000001769512892,0.0025000001769512892,0,0,0
2,767,unknown,211.00335693359375,-225.34971618652344,0.00060348975239321589,1.5714825391769409,0,0.0025000001769512892,0.0025000001769512892,0,0,0
3,1023,unknown,211.00588989257812,-225.25440979003906,0.0020685584750026464,1.5702993869781494,0,0.0025000001769512892,0.0025000001769512892,0,0,0
4,1279,unknown,210.99530029296875,-225.27020263671875,0.0036946143954992294,1.5699782371520996,0,0.0025000001769512892,0.0025000001769512892,0,0,0
5,1535,unknown,211.14224243164062,-225.27650451660156,0.004160020500421524,1.5696425437927246,0,0.0025000001769512892,0.0025000001769512892,0,0,0
6,1791,unknown,211.19534301757812,-225.26136779785156,0.003279518336057663,1.5698996782302856,0,0.0025000001769512892,0.0025000001769512892,0,0,0
7,2047,unknown,211.20616149902344,-225.21253967285156,0.0039814170449972153,1.5691235065460205,0,0.0025000001769512892,0.0025000001769512892,0,0,0
8,2303,unknown,211.34312438964844,-225.24134826660156,0.0027714036405086517,1.5686310529708862,0,0.0025000001769512892,0.0025000001769512892,0,0,0
