particle_id,geometry_id,tx,ty,tz,tt,tpx,tpy,tpz,te,deltapx,deltapy,deltapz,deltae,index
0,255,20,-273.0274658203125,158.61973571777344,0,0.99947357177734375,-0.00033420560066588223,-0.00020533318456728011,0,0,0,0,0,0
0,511,40,-273.03411865234375,158.61558532714844,0,0.99932378530502319,-0.0013165324926376343,-0.00023210655490402132,0,0,0,0,0,0
0,767,60,-273.0604248046875,158.61077880859375,0,0.99899274110794067,-0.0020340762566775084,-0.00059846829390153289,0,0,0,0,0,0
0,1023,80,-273.10107421875,158.59855651855469,0,0.99882316589355469,-0.0021336281206458807,-0.0011212003882974386,0,0,0,0,0,0
0,1279,100,-273.14364624023438,158.57585144042969,0,0.99866998195648193,-0.001220636535435915,-0.0020309346728026867,0,0,0,0,0,0
0,1535,120,-273.1678466796875,158.5350341796875,0,0.99850177764892578,-0.0011370859574526548,-0.0023187671322375536,0,0,0,0,0,0
0,1791,140,-273.19033813476562,158.48844909667969,0,0.99832367897033691,-0.0014072217745706439,-0.0028023696504533291,0,0,0,0,0,0
0,2047,160,-273.21820068359375,158.43214416503906,0,0.99818956851959229,-0.0030999716836959124,-0.0021326581481844187,0,0,0,0,0,0
0,2303,180,-273.28005981445312,158.3890380859375,0,0.99806064367294312,-0.0017448028083890676,-0.0024436244275420904,0,0,0,0,0,0
