particle_id,particle_type,process,vx,vy,vz,vt,px,py,pz,m,q
0,0,0,0,425.88888549804688,88.7608642578125,0,1,0,-4.3711388286737929e-08,0,-1
