particle_id,geometry_id,tx,ty,tz,tt,tpx,tpy,tpz,te,deltapx,deltapy,deltapz,deltae,index
0,255,20,-22.514223098754883,-56.614200592041016,0,0.99948769807815552,-0.0010725962929427624,0.0024745520204305649,0,0,0,0,0,0
0,511,40,-22.535982131958008,-56.564815521240234,0,0.99929511547088623,-0.00077628460712730885,0.003501539584249258,0,0,0,0,0,0
0,767,60,-22.551939010620117,-56.494831085205078,0,0.99914038181304932,-0.0001812025293475017,0.003004792146384716,0,0,0,0,0,0
0,1023,80,-22.555927276611328,-56.434707641601562,0,0.99900680780410767,-0.00016833101108204573,0.0031120495405048132,0,0,0,0,0,0
0,1279,100,-22.559671401977539,-56.372425079345703,0,0.99875348806381226,-0.0011054174974560738,0.0021665084641426802,0,0,0,0,0,0
0,1535,120,-22.582067489624023,-56.329174041748047,0,0.99846261739730835,-0.00084218702977523208,0.0017244076589122415,0,0,0,0,0,0
0,1791,140,-22.599143981933594,-56.294734954833984,0,0.99830120801925659,-0.0010805430356413126,0.0028313747607171535,0,0,0,0,0,0
0,2047,160,-22.621131896972656,-56.238143920898438,0,0.99807143211364746,-0.00076057831756770611,0.0023235096596181393,0,0,0,0,0,0
0,2303,180,-22.636651992797852,-56.191677093505859,0,0.99715703725814819,-0.0018442783039063215,0.002332320436835289,0,0,0,0,0,0
