particle_id,particle_type,process,vx,vy,vz,vt,px,py,pz,m,q
0,0,0,0,-1.4559407234191895,-143.08845520019531,0,1,0,-4.3711388286737929e-08,0,-1
