measurement_id,geometry_id,local_key,local0,local1,phi,theta,time,var_local0,var_local1,var_phi,var_theta,var_time
0,255,unknown,-181.23210144042969,-191.18002319335938,-9.7945092420559376e-05,1.5707176923751831,0,0.0025000001769512892,0.0025000001769512892,0,0,0
1,511,unknown,-181.14949035644531,-191.20758056640625,6.7521061282604933e-05,1.5706323385238647,0,0.0025000001769512892,0.0025000001769512892,0,0,0
2,767,unknown,-181.16510009765625,-191.13746643066406,0.0002585978654678911,1.5702282190322876,0,0.0025000001769512892,0.0025000001769512892,0,0,0
3,1023,unknown,-181.22682189941406,-191.10655212402344,0.00025171737070195377,1.5697104930877686,0,0.0025000001769512892,0.0025000001769512892,0,0,0
4,1279,unknown,-181.10932922363281,-191.11663818359375,0.001086166244931519,1.5712900161743164,0,0.0025000001769512892,0.0025000001769512892,0,0,0
5,1535,unknown,-181.18797302246094,-191.08915710449219,0.0017953553469851613,1.5714300870895386,0,0.0025000001769512892,0.0025000001769512892,0,0,0
6,1791,unknown,-181.16403198242188,-191.11073303222656,0.0011547083267942071,1.5701596736907959,0,0.0025000001769512892,0.0025000001769512892,0,0,0
7,2047,unknown,-180.98486328125,-191.17214965820312,0.0014882076065987349,1.5690066814422607,0,0.0025000001769512892,0.0025000001769512892,0,0,0
8,2303,unknown,-181.005859375,-191.21621704101562,0.0015551295364275575,1.5680919885635376,0,0.0025000001769512892,0.0025000001769512892,0,0,0
