particle_id,geometry_id,tx,ty,tz,tt,tpx,tpy,tpz,te,deltapx,deltapy,deltapz,deltae,index
0,255,20,370.27471923828125,328.73040771484375,0,0.99858760833740234,0.00064952403772622347,0.00059468497056514025,0,0,0,0,0,0
0,511,40,370.28765869140625,328.74240112304688,0,0.99830156564712524,0.00063442130340263247,0.00072530319448560476,0,0,0,0,0,0
0,767,60,370.30029296875,328.75701904296875,0,0.99816852807998657,0.0014068138552829623,0.0024374935310333967,0,0,0,0,0,0
0,1023,80,370.32818603515625,328.8060302734375,0,0.9979475736618042,0.0010570520535111427,0.00086375913815572858,0,0,0,0,0,0
0,1279,100,370.34927368164062,328.82345581054688,0,0.99781036376953125,0.00047740482841618359,0.0013447863748297095,0,0,0,0,0,0
0,1535,120,370.35867309570312,328.8504638671875,0,0.99764037132263184,0.00019203235569875687,0.00018453264783602208,0,0,0,0,0,0
0,1791,140,370.36248779296875,328.85418701171875,0,0.99696570634841919,-6.992897397140041e-05,0.0012915924889966846,0,0,0,0,0,0
0,2047,160,370.36093139648438,328.88009643554688,0,0.99675041437149048,-0.0018729929579421878,0.0011985157616436481,0,0,0,0,0,0
0,2303,180,370.32321166992188,328.9039306640625,0,0.99660706520080566,-0.0010193237103521824,0.0017981891287490726,0,0,0,0,0,0
