measurement_id,geometry_id,local_key,local0,local1,phi,theta,time,var_local0,var_local1,var_phi,var_theta,var_time
0,255,unknown,-105.43582153320312,-198.74513244628906,-2.9568267564172857e-05,1.5708024501800537,0,0.0025000001769512892,0.0025000001769512892,0,0,0
1,511,unknown,-105.48649597167969,-198.82278442382812,-0.00050637894310057163,1.5686975717544556,0,0.0025000001769512892,0.0025000001769512892,0,0,0
2,767,unknown,-105.41738128662109,-198.69157409667969,-0.00019050219270866364,1.5687425136566162,0,0.0025000001769512892,0.0025000001769512892,0,0,0
3,1023,unknown,-105.47157287597656,-198.72419738769531,0.00063462159596383572,1.5697125196456909,0,0.0025000001769512892,0.0025000001769512892,0,0,0
4,1279,unknown,-105.49349212646484,-198.70065307617188,0.00053597457008436322,1.5693793296813965,0,0.0025000001769512892,0.0025000001769512892,0,0,0
5,1535,unknown,-105.54258728027344,-198.70909118652344,0.0012443274026736617,1.5704332590103149,0,0.0025000001769512892,0.0025000001769512892,0,0,0
6,1791,unknown,-105.43805694580078,-198.65650939941406,0.00051132036605849862,1.5693076848983765,0,0.0025000001769512892,0.0025000001769512892,0,0,0
7,2047,unknown,-105.45351409912109,-198.66780090332031,-0.0006713123875670135,1.5700066089630127,0,0.0025000001769512892,0.0025000001769512892,0,0,0
8,2303,unknown,-105.47809600830078,-198.66023254394531,-0.0018694644095376134,1.5698772668838501,0,0.0025000001769512892,0.0025000001769512892,0,0,0
