measurement_id,geometry_id,local_key,local0,local1,phi,theta,time,var_local0,var_local1,var_phi,var_theta,var_time
0,255,unknown,417.58270263671875,60.542163848876953,0.001357380417175591,1.5710030794143677,0,0.0025000001769512892,0.0025000001769512892,0,0,0
1,511,unknown,417.60452270507812,60.384590148925781,0.0010297507978975773,1.5719091892242432,0,0.0025000001769512892,0.0025000001769512892,0,0,0
2,767,unknown,417.63800048828125,60.436271667480469,-0.00038200480048544705,1.5737510919570923,0,0.0025000001769512892,0.0025000001769512892,0,0,0
3,1023,unknown,417.58151245117188,60.502166748046875,-0.00025676540099084377,1.5741527080535889,0,0.0025000001769512892,0.0025000001769512892,0,0,0
4,1279,unknown,417.59957885742188,60.352542877197266,-0.00057773053413257003,1.5738389492034912,0,0.0025000001769512892,0.0025000001769512892,0,0,0
5,1535,unknown,417.57479858398438,60.32818603515625,-0.00065947941038757563,1.5740110874176025,0,0.0025000001769512892,0.0025000001769512892,0,0,0
6,1791,unknown,417.62777709960938,60.261272430419922,0.00041367157245986164,1.5742998123168945,0,0.0025000001769512892,0.0025000001769512892,0,0,0
7,2047,unknown,417.59909057617188,60.127231597900391,0.0015171123668551445,1.5744580030441284,0,0.0025000001769512892,0.0025000001769512892,0,0,0
8,2303,unknown,417.66690063476562,60.107124328613281,0.0018851903732866049,1.5748322010040283,0,0.0025000001769512892,0.0025000001769512892,0,0,0
