particle_id,particle_type,process,vx,vy,vz,vt,px,py,pz,m,q
0,0,0,0,240.9508056640625,57.901073455810547,0,1,0,-4.3711388286737929e-08,0,-1
