particle_id,geometry_id,tx,ty,tz,tt,tpx,tpy,tpz,te,deltapx,deltapy,deltapz,deltae,index
0,255,20,-309.39129638671875,35.904712677001953,0,0.99980217218399048,5.4278745665214956e-05,-6.59533980069682e-05,0,0,0,0,0,0
0,511,40,-309.39019775390625,35.903400421142578,0,0.9995841383934021,-0.00051092170178890228,-0.00051838858053088188,0,0,0,0,0,0
0,767,60,-309.40036010742188,35.892967224121094,0,0.99930226802825928,-0.00061212305445224047,0.00029479351360350847,0,0,0,0,0,0
0,1023,80,-309.41265869140625,35.898792266845703,0,0.99917572736740112,0.00048791046719998121,0.0016012866981327534,0,0,0,0,0,0
0,1279,100,-309.403076171875,35.930900573730469,0,0.99898034334182739,0.00050647550961002707,0.0016107386909425259,0,0,0,0,0,0
0,1535,120,-309.39312744140625,35.963207244873047,0,0.9988328218460083,-0.00087981874821707606,0.0010787327773869038,0,0,0,0,0,0
0,1791,140,-309.410888671875,35.984699249267578,0,0.99830037355422974,-0.00060424621915444732,0.0010194871574640274,0,0,0,0,0,0
0,2047,160,-309.42312622070312,36.005050659179688,0,0.99807381629943848,-0.00056080165086314082,0.0010242529679089785,0,0,0,0,0,0
0,2303,180,-309.43447875976562,36.025508880615234,0,0.99779814481735229,-0.00093756313435733318,0.0014304121723398566,0,0,0,0,0,0
