particle_id,particle_type,process,vx,vy,vz,vt,px,py,pz,m,q
0,0,0,0,248.92924499511719,-283.82278442382812,0,1,0,-4.3711388286737929e-08,0,-1
