measurement_id,geometry_id,local_key,local0,local1,phi,theta,time,var_local0,var_local1,var_phi,var_theta,var_time
0,255,unknown,-427.6485595703125,87.437034606933594,-0.00011536398233147338,1.5708940029144287,0,0.0025000001769512892,0.0025000001769512892,0,0,0
1,511,unknown,-427.638427734375,87.542282104492188,0.00069572136271744967,1.5703960657119751,0,0.0025000001769512892,0.0025000001769512892,0,0,0
2,767,unknown,-427.58767700195312,87.578712463378906,0.00031511078123003244,1.5710506439208984,0,0.0025000001769512892,0.0025000001769512892,0,0,0
3,1023,unknown,-427.630859375,87.518814086914062,-0.00048609412624500692,1.571016788482666,0,0.0025000001769512892,0.0025000001769512892,0,0,0
4,1279,unknown,-427.61416625976562,87.369255065917969,0.00019847543444484472,1.5699775218963623,0,0.0025000001769512892,0.0025000001769512892,0,0,0
5,1535,unknown,-427.5550537109375,87.5775146484375,0.00011178517161170021,1.5717710256576538,0,0.0025000001769512892,0.0025000001769512892,0,0,0
6,1791,unknown,-427.49227905273438,87.526519775390625,-0.0007226880406960845,1.5704238414764404,0,0.0025000001769512892,0.0025000001769512892,0,0,0
7,2047,unknown,-427.51950073242188,87.557716369628906,-0.00091789173893630505,1.5701011419296265,0,0.0025000001769512892,0.0025000001769512892,0,0,0
8,2303,unknown,-427.51507568359375,87.4949951171875,-0.0012292459141463041,1.5700758695602417,0,0.0025000001769512892,0.0025000001769512892,0,0,0
