particle_id,geometry_id,tx,ty,tz,tt,tpx,tpy,tpz,te,deltapx,deltapy,deltapz,deltae,index
0,255,20,159.51228332519531,71.102943420410156,0,0.99976259469985962,-5.6549915825598873e-06,-4.0124399447449832e-07,0,0,0,0,0,0
0,511,40,159.51217651367188,71.102935791015625,0,0.99962383508682251,-2.3501419491367415e-05,0.00029143254505470395,0,0,0,0,0,0
0,767,60,159.51167297363281,71.1087646484375,0,0.99945706129074097,-6.1662714870180935e-05,0.00018868129700422287,0,0,0,0,0,0
0,1023,80,159.51042175292969,71.112533569335938,0,0.99932283163070679,-0.0018283319659531116,-0.0019936661701649427,0,0,0,0,0,0
0,1279,100,159.47407531738281,71.072418212890625,0,0.99903964996337891,-0.0010803426848724484,-0.0027785343118011951,0,0,0,0,0,0
0,1535,120,159.45278930664062,71.01666259765625,0,0.99883943796157837,-0.0012036050902679563,-0.00279024220071733,0,0,0,0,0,0
0,1791,140,159.42903137207031,70.960647583007812,0,0.99851059913635254,-0.0011285701766610146,-0.0026598158292472363,0,0,0,0,0,0
0,2047,160,159.40675354003906,70.907234191894531,0,0.99835866689682007,-0.0019815128762274981,-0.0021077822893857956,0,0,0,0,0,0
0,2303,180,159.3673095703125,70.864768981933594,0,0.99788999557495117,-0.0023112001363188028,-0.0023522060364484787,0,0,0,0,0,0
