particle_id,geometry_id,tx,ty,tz,tt,tpx,tpy,tpz,te,deltapx,deltapy,deltapz,deltae,index
0,255,20,-92.316459655761719,524.44873046875,0,0.99984300136566162,-0.00098235148470848799,-0.00051292107673361897,0,0,0,0,0,0
0,511,40,-92.336044311523438,524.4383544921875,0,0.99961233139038086,-0.0016405648784711957,-0.00092498905723914504,0,0,0,0,0,0
0,767,60,-92.368759155273438,524.419677734375,0,0.99928539991378784,-0.0016566723352298141,-0.0011641264427453279,0,0,0,0,0,0
0,1023,80,-92.401779174804688,524.39617919921875,0,0.99906539916992188,-0.0012968844966962934,-0.00088970578508451581,0,0,0,0,0,0
0,1279,100,-92.427635192871094,524.37823486328125,0,0.99892371892929077,-0.00091367901768535376,-0.00080110190901905298,0,0,0,0,0,0
0,1535,120,-92.445831298828125,524.362060546875,0,0.9987676739692688,-0.0011393146123737097,0.00060253153787925839,0,0,0,0,0,0
0,1791,140,-92.468719482421875,524.37396240234375,0,0.9986000657081604,-0.00031610796577297151,-0.00034002881147898734,0,0,0,0,0,0
0,2047,160,-92.475006103515625,524.36712646484375,0,0.99841964244842529,-0.00040764987352304161,-0.0003574634320102632,0,0,0,0,0,0
0,2303,180,-92.483131408691406,524.35992431640625,0,0.9982609748840332,-0.0011572008952498436,-0.00046403269516304135,0,0,0,0,0,0
