measurement_id,geometry_id,local_key,local0,local1,phi,theta,time,var_local0,var_local1,var_phi,var_theta,var_time
0,255,unknown,274.0894775390625,-354.31427001953125,-0.00011831199662992731,1.5707029104232788,0,0.0025000001769512892,0.0025000001769512892,0,0,0
1,511,unknown,274.07473754882812,-354.4027099609375,0.00073728442657738924,1.5711092948913574,0,0.0025000001769512892,0.0025000001769512892,0,0,0
2,767,unknown,273.987548828125,-354.45086669921875,0.00067693396704271436,1.5739791393280029,0,0.0025000001769512892,0.0025000001769512892,0,0,0
3,1023,unknown,274.05560302734375,-354.53872680664062,0.00074879435123875737,1.5740574598312378,0,0.0025000001769512892,0.0025000001769512892,0,0,0
4,1279,unknown,273.9991455078125,-354.55389404296875,0.00054191524395719171,1.5738394260406494,0,0.0025000001769512892,0.0025000001769512892,0,0,0
5,1535,unknown,274.14535522460938,-354.64697265625,0.00087209360208362341,1.5753130912780762,0,0.0025000001769512892,0.0025000001769512892,0,0,0
6,1791,unknown,274.04696655273438,-354.65744018554688,0.0027018438559025526,1.5753535032272339,0,0.0025000001769512892,0.0025000001769512892,0,0,0
7,2047,unknown,274.10903930664062,-354.8455810546875,0.0012798848329111934,1.5771307945251465,0,0.0025000001769512892,0.0025000001769512892,0,0,0
8,2303,unknown,274.09982299804688,-354.83694458007812,0.00011481776891741902,1.5766760110855103,0,0.0025000001769512892,0.0025000001769512892,0,0,0
