measurement_id,geometry_id,local_key,local0,local1,phi,theta,time,var_local0,var_local1,var_phi,var_theta,var_time
0,255,unknown,199.12484741210938,0.19328989088535309,0.00026708794757723808,1.5709106922149658,0,0.0025000001769512892,0.0025000001769512892,0,0,0
1,511,unknown,199.20768737792969,0.23093584179878235,0.0025428286753594875,1.5719777345657349,0,0.0025000001769512892,0.0025000001769512892,0,0,0
2,767,unknown,199.14627075195312,0.16981589794158936,0.0022602702956646681,1.5716220140457153,0,0.0025000001769512892,0.0025000001769512892,0,0,0
3,1023,unknown,199.21888732910156,0.25836491584777832,0.0027404013089835644,1.5712616443634033,0,0.0025000001769512892,0.0025000001769512892,0,0,0
4,1279,unknown,199.31846618652344,0.2266857773065567,0.0019229701720178127,1.5707356929779053,0,0.0025000001769512892,0.0025000001769512892,0,0,0
5,1535,unknown,199.33708190917969,0.18070729076862335,0.00048203268670476973,1.5708081722259521,0,0.0025000001769512892,0.0025000001769512892,0,0,0
6,1791,unknown,199.38232421875,0.1554669588804245,-0.00081671052612364292,1.5700247287750244,0,0.0025000001769512892,0.0025000001769512892,0,0,0
7,2047,unknown,199.37255859375,0.2323528379201889,-0.001032545231282711,1.5699310302734375,0,0.0025000001769512892,0.0025000001769512892,0,0,0
8,2303,unknown,199.38731384277344,0.16167856752872467,-0.00071914831642061472,1.5700448751449585,0,0.0025000001769512892,0.0025000001769512892,0,0,0
