particle_id,geometry_id,tx,ty,tz,tt,tpx,tpy,tpz,te,deltapx,deltapy,deltapz,deltae,index
0,255,20,8.7172203063964844,-29.124027252197266,0,0.99974209070205688,-0.00034566785325296223,0.00031768632470630109,0,0,0,0,0,0
0,511,40,8.7102670669555664,-29.117713928222656,0,0.99949288368225098,0.0002442666154820472,0.00042114750249311328,0,0,0,0,0,0
0,767,60,8.7151041030883789,-29.109256744384766,0,0.99915629625320435,0.00074190483428537846,0.00083872029790654778,0,0,0,0,0,0
0,1023,80,8.729853630065918,-29.092378616333008,0,0.99900269508361816,0.0007477368344552815,0.0016019623726606369,0,0,0,0,0,0
0,1279,100,8.7446308135986328,-29.060218811035156,0,0.99886602163314819,0.0030334386974573135,0.0028292967472225428,0,0,0,0,0,0
0,1535,120,8.8050270080566406,-29.003206253051758,0,0.99789625406265259,0.0018645221134647727,0.0027939470019191504,0,0,0,0,0,0
0,1791,140,8.8420591354370117,-28.946987152099609,0,0.99774998426437378,0.0021394295617938042,0.0039243274368345737,0,0,0,0,0,0
0,2047,160,8.8844709396362305,-28.868068695068359,0,0.99758094549179077,0.0038231424987316132,0.0049161040224134922,0,0,0,0,0,0
0,2303,180,8.9605245590209961,-28.769050598144531,0,0.99739754199981689,0.0012250465806573629,0.0044314758852124214,0,0,0,0,0,0
