measurement_id,geometry_id,local_key,local0,local1,phi,theta,time,var_local0,var_local1,var_phi,var_theta,var_time
0,255,unknown,10.238405227661133,-183.45268249511719,-0.00019744521705433726,1.5711865425109863,0,0.0025000001769512892,0.0025000001769512892,0,0,0
1,511,unknown,10.26654052734375,-183.378173828125,0.00063585775205865502,1.5707242488861084,0,0.0025000001769512892,0.0025000001769512892,0,0,0
2,767,unknown,10.139862060546875,-183.39781188964844,0.00021813942294102162,1.570260763168335,0,0.0025000001769512892,0.0025000001769512892,0,0,0
3,1023,unknown,10.289131164550781,-183.41819763183594,0.00024229771224781871,1.5700432062149048,0,0.0025000001769512892,0.0025000001769512892,0,0,0
4,1279,unknown,10.199915885925293,-183.39663696289062,0.0004206488374620676,1.570041298866272,0,0.0025000001769512892,0.0025000001769512892,0,0,0
5,1535,unknown,10.231863975524902,-183.39689636230469,-0.00010171429312322289,1.5704246759414673,0,0.0025000001769512892,0.0025000001769512892,0,0,0
6,1791,unknown,10.218445777893066,-183.32894897460938,-9.3534115876536816e-05,1.5713238716125488,0,0.0025000001769512892,0.0025000001769512892,0,0,0
7,2047,unknown,10.132811546325684,-183.3944091796875,-0.0001999260566662997,1.5711532831192017,0,0.0025000001769512892,0.0025000001769512892,0,0,0
8,2303,unknown,10.198594093322754,-183.41409301757812,-0.00038455580943264067,1.570799708366394,0,0.0025000001769512892,0.0025000001769512892,0,0,0
