particle_id,geometry_id,tx,ty,tz,tt,tpx,tpy,tpz,te,deltapx,deltapy,deltapz,deltae,index
0,255,20,-79.221725463867188,65.065498352050781,0,0.99984008073806763,0.00047837477177381516,0.00033309301943518221,0,0,0,0,0,0
0,511,40,-79.212196350097656,65.072219848632812,0,0.99964648485183716,-0.00056729797506704926,0.00053048861445859075,0,0,0,0,0,0
0,767,60,-79.223609924316406,65.082763671875,0,0.99947458505630493,-0.0003742906847037375,0.0007344956393353641,0,0,0,0,0,0
0,1023,80,-79.231185913085938,65.097419738769531,0,0.99935716390609741,-9.0324443590361625e-05,0.00069438066566362977,0,0,0,0,0,0
0,1279,100,-79.233078002929688,65.111305236816406,0,0.99920785427093506,-0.00082372472388669848,-0.0012214485323056579,0,0,0,0,0,0
0,1535,120,-79.249420166015625,65.086761474609375,0,0.99893933534622192,-0.0003505770000629127,-0.0008964996668510139,0,0,0,0,0,0
0,1791,140,-79.256332397460938,65.068771362304688,0,0.99876898527145386,-0.00052860711002722383,-0.0011017299257218838,0,0,0,0,0,0
0,2047,160,-79.26678466796875,65.046646118164062,0,0.99819016456604004,-0.0010296667460352182,-0.00044174792128615081,0,0,0,0,0,0
0,2303,180,-79.287361145019531,65.037673950195312,0,0.99801069498062134,-0.000169443927006796,7.8918060353316832e-07,0,0,0,0,0,0
