particle_id,particle_type,process,vx,vy,vz,vt,px,py,pz,m,q
0,0,0,0,-215.30393981933594,-144.28520202636719,0,1,0,-4.3711388286737929e-08,0,-1
