measurement_id,geometry_id,local_key,local0,local1,phi,theta,time,var_local0,var_local1,var_phi,var_theta,var_time
0,255,unknown,-327.68948364257812,-129.36436462402344,-0.0027211178094148636,1.5698562860488892,0,0.0025000001769512892,0.0025000001769512892,0,0,0
1,511,unknown,-327.7205810546875,-129.29487609863281,-0.0019803771283477545,1.5702532529830933,0,0.0025000001769512892,0.0025000001769512892,0,0,0
2,767,unknown,-327.74710083007812,-129.23873901367188,-0.00052500428864732385,1.5694499015808105,0,0.0025000001769512892,0.0025000001769512892,0,0,0
3,1023,unknown,-327.78579711914062,-129.26564025878906,0.00089021469466388226,1.5694851875305176,0,0.0025000001769512892,0.0025000001769512892,0,0,0
4,1279,unknown,-327.78475952148438,-129.177734375,-0.00030961015727370977,1.5682252645492554,0,0.0025000001769512892,0.0025000001769512892,0,0,0
5,1535,unknown,-327.77606201171875,-129.16531372070312,-0.0005203249747864902,1.5689548254013062,0,0.0025000001769512892,0.0025000001769512892,0,0,0
6,1791,unknown,-327.76437377929688,-129.09974670410156,-0.00055620342027395964,1.5689864158630371,0,0.0025000001769512892,0.0025000001769512892,0,0,0
7,2047,unknown,-327.81546020507812,-129.06787109375,-0.00039136162376962602,1.5688114166259766,0,0.0025000001769512892,0.0025000001769512892,0,0,0
8,2303,unknown,-327.84344482421875,-129.00526428222656,-0.00047172824270091951,1.5689899921417236,0,0.0025000001769512892,0.0025000001769512892,0,0,0
