measurement_id,geometry_id,local_key,local0,local1,phi,theta,time,var_local0,var_local1,var_phi,var_theta,var_time
0,255,unknown,155.30711364746094,224.22779846191406,0.001355841988697648,1.5692483186721802,0,0.0025000001769512892,0.0025000001769512892,0,0,0
1,511,unknown,155.49081420898438,224.2830810546875,0.0015560447936877608,1.5700894594192505,0,0.0025000001769512892,0.0025000001769512892,0,0,0
2,767,unknown,155.52322387695312,224.31678771972656,0.0025275624357163906,1.56981360912323,0,0.0025000001769512892,0.0025000001769512892,0,0,0
3,1023,unknown,155.55357360839844,224.31095886230469,0.0029038861393928528,1.5684949159622192,0,0.0025000001769512892,0.0025000001769512892,0,0,0
4,1279,unknown,155.63700866699219,224.40296936035156,0.0034095020964741707,1.5689632892608643,0,0.0025000001769512892,0.0025000001769512892,0,0,0
5,1535,unknown,155.69020080566406,224.453125,0.0034592892043292522,1.569841742515564,0,0.0025000001769512892,0.0025000001769512892,0,0,0
6,1791,unknown,155.73037719726562,224.47569274902344,0.0028766808100044727,1.5698708295822144,0,0.0025000001769512892,0.0025000001769512892,0,0,0
7,2047,unknown,155.92800903320312,224.42466735839844,0.0028940916527062654,1.5685639381408691,0,0.0025000001769512892,0.0025000001769512892,0,0,0
8,2303,unknown,155.91059875488281,224.49700927734375,0.0030897192191332579,1.5687547922134399,0,0.0025000001769512892,0.0025000001769512892,0,0,0
