measurement_id,geometry_id,local_key,local0,local1,phi,theta,time,var_local0,var_local1,var_phi,var_theta,var_time
0,255,unknown,-153.086181640625,-107.11717987060547,0.0007062760996632278,1.5710029602050781,0,0.0025000001769512892,0.0025000001769512892,0,0,0
1,511,unknown,-153.04136657714844,-107.05606079101562,0.00093795778229832649,1.5717626810073853,0,0.0025000001769512892,0.0025000001769512892,0,0,0
2,767,unknown,-153.13444519042969,-107.05368804931641,0.0012274009641259909,1.5712970495223999,0,0.0025000001769512892,0.0025000001769512892,0,0,0
3,1023,unknown,-153.0880126953125,-107.1011962890625,0.0013237012317404151,1.5721194744110107,0,0.0025000001769512892,0.0025000001769512892,0,0,0
4,1279,unknown,-153.02099609375,-107.08205413818359,0.0010564698604866862,1.5735889673233032,0,0.0025000001769512892,0.0025000001769512892,0,0,0
5,1535,unknown,-153.025390625,-107.13472747802734,0.00072795659070834517,1.5735018253326416,0,0.0025000001769512892,0.0025000001769512892,0,0,0
6,1791,unknown,-152.96363830566406,-107.26560211181641,0.0020395510364323854,1.5743262767791748,0,0.0025000001769512892,0.0025000001769512892,0,0,0
7,2047,unknown,-152.84783935546875,-107.35990905761719,0.0021466158796101809,1.5755844116210938,0,0.0025000001769512892,0.0025000001769512892,0,0,0
8,2303,unknown,-152.92802429199219,-107.29122161865234,0.0022289459593594074,1.5755717754364014,0,0.0025000001769512892,0.0025000001769512892,0,0,0
