particle_id,geometry_id,tx,ty,tz,tt,tpx,tpy,tpz,te,deltapx,deltapy,deltapz,deltae,index
0,255,20,165.60163879394531,252.64346313476562,0,0.99977821111679077,-4.3525897126528434e-06,-3.9493224903708324e-05,0,0,0,0,0,0
0,511,40,165.6015625,252.64266967773438,0,0.9996039867401123,-0.00045529994531534612,0.00060458481311798096,0,0,0,0,0,0
0,767,60,165.59237670898438,252.65470886230469,0,0.99942624568939209,-0.00086454011034220457,0.00053120579104870558,0,0,0,0,0,0
0,1023,80,165.57501220703125,252.66523742675781,0,0.99914103746414185,-0.0012161409249529243,0.00037573886220343411,0,0,0,0,0,0
0,1279,100,165.55062866210938,252.672607421875,0,0.99890202283859253,-0.001143411616794765,3.4965411032317206e-05,0,0,0,0,0,0
0,1535,120,165.52772521972656,252.67317199707031,0,0.99876523017883301,-0.0015597855672240257,-0.00011327184620313346,0,0,0,0,0,0
0,1791,140,165.49650573730469,252.67071533203125,0,0.99863481521606445,-0.0014959787949919701,-4.5043296267976984e-05,0,0,0,0,0,0
0,2047,160,165.466552734375,252.66963195800781,0,0.99847453832626343,-0.0013985428959131241,0.00015778688248246908,0,0,0,0,0,0
0,2303,180,165.43852233886719,252.67262268066406,0,0.99829989671707153,-0.0024071268271654844,-0.0013782642781734467,0,0,0,0,0,0
