particle_id,particle_type,process,vx,vy,vz,vt,px,py,pz,m,q
0,0,0,0,-74.270217895507812,-52.331901550292969,0,1,0,-4.3711388286737929e-08,0,-1
