particle_id,geometry_id,tx,ty,tz,tt,tpx,tpy,tpz,te,deltapx,deltapy,deltapz,deltae,index
0,255,20,-165.45143127441406,-6.3714485168457031,0,0.99975055456161499,0.00076575897401198745,-0.00089138810290023685,0,0,0,0,0,0
0,511,40,-165.43600463867188,-6.389188289642334,0,0.99943238496780396,0.0010019300971180201,-0.00047494246973656118,0,0,0,0,0,0
0,767,60,-165.4158935546875,-6.3985719680786133,0,0.99928981065750122,-3.7163972592679784e-05,0.00058867025654762983,0,0,0,0,0,0
0,1023,80,-165.41670227050781,-6.3867950439453125,0,0.99910473823547363,-0.0015030186623334885,-0.00012772176705766469,0,0,0,0,0,0
0,1279,100,-165.44677734375,-6.3895320892333984,0,0.99880731105804443,-0.00048068404430523515,0.00053706817561760545,0,0,0,0,0,0
0,1535,120,-165.45646667480469,-6.3788361549377441,0,0.99866223335266113,-0.00038277750718407333,-0.00074612908065319061,0,0,0,0,0,0
0,1791,140,-165.46403503417969,-6.393824577331543,0,0.99852544069290161,0.00098208978306502104,0.00051787146367132664,0,0,0,0,0,0
0,2047,160,-165.44442749023438,-6.3833341598510742,0,0.99834126234054565,0.0010003179777413607,0.0014139341656118631,0,0,0,0,0,0
0,2303,180,-165.424560546875,-6.354888916015625,0,0.9981270432472229,0.00045042185229249299,0.00097052572527900338,0,0,0,0,0,0
