particle_id,particle_type,process,vx,vy,vz,vt,px,py,pz,m,q
0,0,0,0,121.453857421875,-284.53237915039062,0,1,0,-4.3711388286737929e-08,0,-1
