particle_id,geometry_id,tx,ty,tz,tt,tpx,tpy,tpz,te,deltapx,deltapy,deltapz,deltae,index
0,255,20,-160.40219116210938,-117.26209259033203,0,0.99985396862030029,-4.6498793381033465e-05,-0.00069171428913250566,0,0,0,0,0,0
0,511,40,-160.40304565429688,-117.27593231201172,0,0.9993855357170105,-0.00019582304230425507,-0.00092001247685402632,0,0,0,0,0,0
0,767,60,-160.4068603515625,-117.29436492919922,0,0.99922841787338257,-0.00023805312230251729,-0.00091748544946312904,0,0,0,0,0,0
0,1023,80,-160.41151428222656,-117.31275939941406,0,0.99907845258712769,-0.00012580334441736341,-0.00056469411356374621,0,0,0,0,0,0
0,1279,100,-160.41397094726562,-117.32408142089844,0,0.99890691041946411,-0.00032369405380450189,-0.00083978887414559722,0,0,0,0,0,0
0,1535,120,-160.42034912109375,-117.34093475341797,0,0.9985772967338562,0.00094062305288389325,-0.0040808673948049545,0,0,0,0,0,0
0,1791,140,-160.40101623535156,-117.42255401611328,0,0.99840074777603149,0.00091813277686014771,-0.0035314620472490788,0,0,0,0,0,0
0,2047,160,-160.3822021484375,-117.49318695068359,0,0.99821221828460693,0.001334431697614491,-0.004247522447258234,0,0,0,0,0,0
0,2303,180,-160.35494995117188,-117.578125,0,0.99807858467102051,0.0021243721712380648,-0.0040075667202472687,0,0,0,0,0,0
