particle_id,geometry_id,tx,ty,tz,tt,tpx,tpy,tpz,te,deltapx,deltapy,deltapz,deltae,index
0,255,20,53.239841461181641,13.55580997467041,0,0.99981647729873657,-5.2222349040675908e-05,-0.00014271104009822011,0,0,0,0,0,0
0,511,40,53.238815307617188,13.552948951721191,0,0.99967724084854126,0.00022185906709637493,-0.00040796541725285351,0,0,0,0,0,0
0,767,60,53.243301391601562,13.544814109802246,0,0.99948126077651978,-0.0006619472405873239,-0.00068156735505908728,0,0,0,0,0,0
0,1023,80,53.230136871337891,13.531096458435059,0,0.99933147430419922,-0.00055141700431704521,-0.00052635837346315384,0,0,0,0,0,0
0,1279,100,53.219165802001953,13.520496368408203,0,0.99915134906768799,-0.00053554633632302284,-0.0004923176602460444,0,0,0,0,0,0
0,1535,120,53.208503723144531,13.510577201843262,0,0.99896681308746338,-0.00080768472980707884,-0.00090759957674890757,0,0,0,0,0,0
0,1791,140,53.19244384765625,13.4923095703125,0,0.99883949756622314,-0.0012962520122528076,-0.00073792709736153483,0,0,0,0,0,0
0,2047,160,53.166576385498047,13.477378845214844,0,0.9986082911491394,-0.0027737822383642197,-0.0014638078864663839,0,0,0,0,0,0
0,2303,180,53.111202239990234,13.447729110717773,0,0.99843418598175049,-0.0030857038218528032,-0.0010612548794597387,0,0,0,0,0,0
