particle_id,geometry_id,tx,ty,tz,tt,tpx,tpy,tpz,te,deltapx,deltapy,deltapz,deltae,index
0,255,20,-225.9056396484375,114.04624176025391,0,0.99980825185775757,-5.2110262913629413e-05,-0.00014294823631644249,0,0,0,0,0,0
0,511,40,-225.90666198730469,114.04337310791016,0,0.99964225292205811,-0.0013485449599102139,0.00079348788131028414,0,0,0,0,0,0
0,767,60,-225.93373107910156,114.05908966064453,0,0.99945026636123657,-0.0011300592450425029,0.001580400625243783,0,0,0,0,0,0
0,1023,80,-225.95652770996094,114.090576171875,0,0.99927371740341187,-0.000364034523954615,0.0015832176432013512,0,0,0,0,0,0
0,1279,100,-225.96400451660156,114.12221527099609,0,0.99909526109695435,-0.001279521849937737,0.0023568610195070505,0,0,0,0,0,0
0,1535,120,-225.98989868164062,114.16924285888672,0,0.99895429611206055,-0.0021503970492631197,0.0025926788803189993,0,0,0,0,0,0
0,1791,140,-226.03326416015625,114.22089385986328,0,0.99880516529083252,-0.0023312824778258801,0.0021330481395125389,0,0,0,0,0,0
0,2047,160,-226.0802001953125,114.26332092285156,0,0.99867409467697144,-0.0023631642106920481,0.002094195457175374,0,0,0,0,0,0
0,2303,180,-226.12777709960938,114.30497741699219,0,0.99849861860275269,-0.0016180787933990359,0.0022503503132611513,0,0,0,0,0,0
