particle_id,geometry_id,tx,ty,tz,tt,tpx,tpy,tpz,te,deltapx,deltapy,deltapz,deltae,index
0,255,20,106.29522705078125,119.26693725585938,0,0.99985235929489136,0.00082251336425542831,0.00029102253029122949,0,0,0,0,0,0
0,511,40,106.3116455078125,119.27285766601562,0,0.99966657161712646,0.0006654909229837358,0.00051167048513889313,0,0,0,0,0,0
0,767,60,106.32489776611328,119.28317260742188,0,0.99950802326202393,0.00055877986596897244,0.001410343567840755,0,0,0,0,0,0
0,1023,80,106.33590698242188,119.31146240234375,0,0.99933183193206787,-3.2795469451230019e-05,0.0014915796928107738,0,0,0,0,0,0
0,1279,100,106.33506774902344,119.34130859375,0,0.99919599294662476,-0.0005554222734645009,0.001130581833422184,0,0,0,0,0,0
0,1535,120,106.32381439208984,119.36386871337891,0,0.99903571605682373,-0.0018326267600059509,0.0010687111644074321,0,0,0,0,0,0
0,1791,140,106.28700256347656,119.38504028320312,0,0.99885720014572144,-0.0013147444697096944,0.0012041438603773713,0,0,0,0,0,0
0,2047,160,106.26053619384766,119.40898895263672,0,0.99831664562225342,-0.0016870476538315415,0.0018455467652529478,0,0,0,0,0,0
0,2303,180,106.22651672363281,119.44575500488281,0,0.99813961982727051,-0.0014862401876598597,0.0019045941298827529,0,0,0,0,0,0
