particle_id,particle_type,process,vx,vy,vz,vt,px,py,pz,m,q
0,0,0,0,-23.565937042236328,-16.445188522338867,0,1,0,-4.3711388286737929e-08,0,-1
