particle_id,geometry_id,tx,ty,tz,tt,tpx,tpy,tpz,te,deltapx,deltapy,deltapz,deltae,index
0,255,20,348.49456787109375,-67.975112915039062,0,0.99978309869766235,-1.0733645439131578e-07,-7.5522580118558835e-06,0,0,0,0,0,0
0,511,40,348.49456787109375,-67.975265502929688,0,0.99963128566741943,-0.00062962778611108661,-0.0023124516010284424,0,0,0,0,0,0
0,767,60,348.48223876953125,-68.0216064453125,0,0.99942612648010254,-0.00094099208945408463,-0.0035784568171948195,0,0,0,0,0,0
0,1023,80,348.46383666992188,-68.093330383300781,0,0.99921125173568726,-0.00090986985014751554,-0.0036214033607393503,0,0,0,0,0,0
0,1279,100,348.44607543945312,-68.165924072265625,0,0.99901282787322998,-0.00072132889181375504,-0.0038034918252378702,0,0,0,0,0,0
0,1535,120,348.43209838867188,-68.242156982421875,0,0.99883067607879639,0.00021414994262158871,-0.0026394722517579794,0,0,0,0,0,0
0,1791,140,348.43670654296875,-68.29498291015625,0,0.998665452003479,0.00095835898537188768,-0.0023447426501661539,0,0,0,0,0,0
0,2047,160,348.4561767578125,-68.341827392578125,0,0.99850821495056152,0.00044990491005592048,-0.0029415576718747616,0,0,0,0,0,0
0,2303,180,348.46554565429688,-68.400688171386719,0,0.99837017059326172,0.00020646012853831053,-0.0035500382073223591,0,0,0,0,0,0
