particle_id,particle_type,process,vx,vy,vz,vt,px,py,pz,m,q
0,0,0,0,340.75131225585938,59.509883880615234,0,1,0,-4.3711388286737929e-08,0,-1
