particle_id,particle_type,process,vx,vy,vz,vt,px,py,pz,m,q
0,0,0,0,412.42037963867188,-2.2677927017211914,0,1,0,-4.3711388286737929e-08,0,-1
