particle_id,geometry_id,tx,ty,tz,tt,tpx,tpy,tpz,te,deltapx,deltapy,deltapz,deltae,index
0,255,20,-84.313247680664062,199.83735656738281,0,0.99985980987548828,2.0108562239329331e-05,6.1340469983406365e-05,0,0,0,0,0,0
0,511,40,-84.312850952148438,199.83859252929688,0,0.99972003698348999,-0.00038085918640717864,0.00055245595285668969,0,0,0,0,0,0
0,767,60,-84.320533752441406,199.84959411621094,0,0.99927413463592529,-0.00129646563436836,0.00041414651786908507,0,0,0,0,0,0
0,1023,80,-84.346534729003906,199.85772705078125,0,0.99900025129318237,-0.002465683501213789,0.0020536743104457855,0,0,0,0,0,0
0,1279,100,-84.396141052246094,199.89854431152344,0,0.99868482351303101,-0.0010945589747279882,0.0037534635048359632,0,0,0,0,0,0
0,1535,120,-84.418510437011719,199.97357177734375,0,0.99844098091125488,-0.0022522658109664917,0.0030728019773960114,0,0,0,0,0,0
0,1791,140,-84.463996887207031,200.03485107421875,0,0.99831432104110718,-0.0021841407287865877,0.0017935372889041901,0,0,0,0,0,0
0,2047,160,-84.507965087890625,200.07052612304688,0,0.9980165958404541,-0.002104233019053936,0.0021606304217129946,0,0,0,0,0,0
0,2303,180,-84.550392150878906,200.11357116699219,0,0.99789232015609741,-0.0027404865249991417,0.0021765432320535183,0,0,0,0,0,0
