particle_id,particle_type,process,vx,vy,vz,vt,px,py,pz,m,q
0,0,0,0,-20.308267593383789,133.69601440429688,0,1,0,-4.3711388286737929e-08,0,-1
