measurement_id,geometry_id,local_key,local0,local1,phi,theta,time,var_local0,var_local1,var_phi,var_theta,var_time
0,255,unknown,165.896240234375,116.333251953125,-0.00161381671205163,1.5700997114181519,0,0.0025000001769512892,0.0025000001769512892,0,0,0
1,511,unknown,165.95234680175781,116.2926025390625,-0.0015509780496358871,1.5701955556869507,0,0.0025000001769512892,0.0025000001769512892,0,0,0
2,767,unknown,165.81239318847656,116.39424896240234,-0.0023431715089827776,1.5710912942886353,0,0.0025000001769512892,0.0025000001769512892,0,0,0
3,1023,unknown,165.83163452148438,116.39743041992188,-0.0019135882612317801,1.5713353157043457,0,0.0025000001769512892,0.0025000001769512892,0,0,0
4,1279,unknown,165.74308776855469,116.29670715332031,-0.0023857420310378075,1.5695291757583618,0,0.0025000001769512892,0.0025000001769512892,0,0,0
5,1535,unknown,165.76380920410156,116.37430572509766,-0.0024269092828035355,1.5702756643295288,0,0.0025000001769512892,0.0025000001769512892,0,0,0
6,1791,unknown,165.68038940429688,116.339599609375,-0.0030238537583500147,1.5713778734207153,0,0.0025000001769512892,0.0025000001769512892,0,0,0
7,2047,unknown,165.60060119628906,116.35378265380859,-0.003562533762305975,1.5698822736740112,0,0.0025000001769512892,0.0025000001769512892,0,0,0
8,2303,unknown,165.58901977539062,116.37410736083984,-0.0049645984545350075,1.5712538957595825,0,0.0025000001769512892,0.0025000001769512892,0,0,0
