particle_id,particle_type,process,vx,vy,vz,vt,px,py,pz,m,q
0,0,0,0,-58.831138610839844,126.23905944824219,0,1,0,-4.3711388286737929e-08,0,-1
