particle_id,geometry_id,tx,ty,tz,tt,tpx,tpy,tpz,te,deltapx,deltapy,deltapz,deltae,index
0,255,20,26.209476470947266,172.83476257324219,0,0.99981921911239624,-9.2722482804674655e-05,0.00010448393732076511,0,0,0,0,0,0
0,511,40,26.207609176635742,172.83683776855469,0,0.99964237213134766,-0.00074507371755316854,0.00028464556089602411,0,0,0,0,0,0
0,767,60,26.192668914794922,172.84243774414062,0,0.99950879812240601,-0.0015662240330129862,0.00042544415919110179,0,0,0,0,0,0
0,1023,80,26.161279678344727,172.85076904296875,0,0.99937117099761963,-0.001257419353350997,-5.0318409194005653e-05,0,0,0,0,0,0
0,1279,100,26.13612174987793,172.849609375,0,0.99889665842056274,-0.0017318129539489746,-0.00013007677625864744,0,0,0,0,0,0
0,1535,120,26.101463317871094,172.8468017578125,0,0.9985998272895813,-0.0002537789405323565,-0.00088155275443568826,0,0,0,0,0,0
0,1791,140,26.096487045288086,172.82911682128906,0,0.9984360933303833,-0.00036396612995304167,-0.0016775535186752677,0,0,0,0,0,0
0,2047,160,26.089397430419922,172.79547119140625,0,0.9982222318649292,0.0012616773601621389,-0.000118208110507112,0,0,0,0,0,0
0,2303,180,26.114688873291016,172.79325866699219,0,0.99804282188415527,0.0015886735636740923,-0.0012547664809972048,0,0,0,0,0,0
