measurement_id,geometry_id,local_key,local0,local1,phi,theta,time,var_local0,var_local1,var_phi,var_theta,var_time
0,255,unknown,30.313508987426758,31.020240783691406,-6.786245165812943e-08,1.5704224109649658,0,0.0025000001769512892,0.0025000001769512892,0,0,0
1,511,unknown,30.374984741210938,31.034852981567383,-0.00040229503065347672,1.5680207014083862,0,0.0025000001769512892,0.0025000001769512892,0,0,0
2,767,unknown,30.386899948120117,31.199554443359375,0.0010100016370415688,1.5678006410598755,0,0.0025000001769512892,0.0025000001769512892,0,0,0
3,1023,unknown,30.345335006713867,31.185148239135742,0.0017148929182440042,1.567710280418396,0,0.0025000001769512892,0.0025000001769512892,0,0,0
4,1279,unknown,30.480941772460938,31.249141693115234,0.0021876853425055742,1.5680514574050903,0,0.0025000001769512892,0.0025000001769512892,0,0,0
5,1535,unknown,30.420778274536133,31.225093841552734,0.0027061610016971827,1.5694057941436768,0,0.0025000001769512892,0.0025000001769512892,0,0,0
6,1791,unknown,30.567621231079102,31.198066711425781,0.0028167194686830044,1.5692981481552124,0,0.0025000001769512892,0.0025000001769512892,0,0,0
7,2047,unknown,30.64470100402832,31.311717987060547,0.0022941078059375286,1.56952965259552,0,0.0025000001769512892,0.0025000001769512892,0,0,0
8,2303,unknown,30.626556396484375,31.270881652832031,-0.00063119363039731979,1.5697681903839111,0,0.0025000001769512892,0.0025000001769512892,0,0,0
