particle_id,geometry_id,tx,ty,tz,tt,tpx,tpy,tpz,te,deltapx,deltapy,deltapz,deltae,index
0,255,20,81.180488586425781,-57.984752655029297,0,0.99982136487960815,-0.00021540492889471352,-0.00085176131688058376,0,0,0,0,0,0
0,511,40,81.176284790039062,-58.001815795898438,0,0.99967050552368164,-0.00021350319730117917,-0.00086188141722232103,0,0,0,0,0,0
0,767,60,81.172119140625,-58.019084930419922,0,0.99943870306015015,0.00086484110215678811,-0.00096652726642787457,0,0,0,0,0,0
0,1023,80,81.189544677734375,-58.038322448730469,0,0.99926489591598511,0.0012445925967767835,-0.00091382692335173488,0,0,0,0,0,0
0,1279,100,81.214561462402344,-58.056461334228516,0,0.9990990161895752,0.0019884295761585236,-0.0011522379936650395,0,0,0,0,0,0
0,1535,120,81.254501342773438,-58.079288482666016,0,0.99890971183776855,0.0017921571852639318,-0.0025612113531678915,0,0,0,0,0,0
0,1791,140,81.290687561035156,-58.130352020263672,0,0.99876260757446289,0.0023586673196405172,-0.0033154594711959362,0,0,0,0,0,0
0,2047,160,81.33831787109375,-58.196456909179688,0,0.99850296974182129,0.0022327119950205088,-0.0023675770498812199,0,0,0,0,0,0
0,2303,180,81.383323669433594,-58.243610382080078,0,0.99824774265289307,0.0030766921117901802,-0.002947706263512373,0,0,0,0,0,0
