particle_id,particle_type,process,vx,vy,vz,vt,px,py,pz,m,q
0,0,0,0,-208.85641479492188,-75.460342407226562,0,1,0,-4.3711388286737929e-08,0,-1
