measurement_id,geometry_id,local_key,local0,local1,phi,theta,time,var_local0,var_local1,var_phi,var_theta,var_time
0,255,unknown,-83.707313537597656,77.571418762207031,0.00024661055067554116,1.5711708068847656,0,0.0025000001769512892,0.0025000001769512892,0,0,0
1,511,unknown,-83.670494079589844,77.567573547363281,0.00028083493816666305,1.5709408521652222,0,0.0025000001769512892,0.0025000001769512892,0,0,0
2,767,unknown,-83.631256103515625,77.521942138671875,-0.001969045028090477,1.5709275007247925,0,0.0025000001769512892,0.0025000001769512892,0,0,0
3,1023,unknown,-83.611907958984375,77.462745666503906,-0.0013623642735183239,1.5715965032577515,0,0.0025000001769512892,0.0025000001769512892,0,0,0
4,1279,unknown,-83.679878234863281,77.547744750976562,-0.0013180668465793133,1.5717244148254395,0,0.0025000001769512892,0.0025000001769512892,0,0,0
5,1535,unknown,-83.703132629394531,77.66455078125,4.5643686462426558e-05,1.5720999240875244,0,0.0025000001769512892,0.0025000001769512892,0,0,0
6,1791,unknown,-83.684318542480469,77.519447326660156,-0.00012842511932831258,1.5734431743621826,0,0.0025000001769512892,0.0025000001769512892,0,0,0
7,2047,unknown,-83.698410034179688,77.426887512207031,0.00029186991741880774,1.5738070011138916,0,0.0025000001769512892,0.0025000001769512892,0,0,0
8,2303,unknown,-83.729446411132812,77.3812255859375,-0.0003044449258595705,1.5732653141021729,0,0.0025000001769512892,0.0025000001769512892,0,0,0
