particle_id,geometry_id,tx,ty,tz,tt,tpx,tpy,tpz,te,deltapx,deltapy,deltapz,deltae,index
0,255,20,249.46408081054688,-67.690345764160156,0,0.99983417987823486,-0.0011991588398814201,-0.0009655990288592875,0,0,0,0,0,0
0,511,40,249.44021606445312,-67.709800720214844,0,0.99970722198486328,-0.0013074722373858094,-0.0019125582184642553,0,0,0,0,0,0
0,767,60,249.41429138183594,-67.748222351074219,0,0.99958407878875732,-0.00058184040244668722,-0.0024922746233642101,0,0,0,0,0,0
0,1023,80,249.4029541015625,-67.79815673828125,0,0.99941259622573853,-0.00024095414846669883,-0.0029388605616986752,0,0,0,0,0,0
0,1279,100,249.39848327636719,-67.85699462890625,0,0.99920749664306641,-0.00083430780796334147,-0.0034865497145801783,0,0,0,0,0,0
0,1535,120,249.3822021484375,-67.9268798828125,0,0.99905252456665039,-0.0018487320048734546,-0.0053612268529832363,0,0,0,0,0,0
0,1791,140,249.34584045410156,-68.034423828125,0,0.99887204170227051,-0.001543020480312407,-0.0054419427178800106,0,0,0,0,0,0
0,2047,160,249.31559753417969,-68.143569946289062,0,0.99870014190673828,-0.0013166697463020682,-0.0047107054851949215,0,0,0,0,0,0
0,2303,180,249.289794921875,-68.238059997558594,0,0.99855697154998779,-0.00051014713244512677,-0.0042702942155301571,0,0,0,0,0,0
