particle_id,geometry_id,tx,ty,tz,tt,tpx,tpy,tpz,te,deltapx,deltapy,deltapz,deltae,index
0,255,20,-110.18035125732422,-100.26569366455078,0,0.99959647655487061,0.00017013089382089674,0.00031585263786837459,0,0,0,0,0,0
0,511,40,-110.17698669433594,-100.25935363769531,0,0.99945974349975586,0.00041382957715541124,0.001289104693569243,0,0,0,0,0,0
0,767,60,-110.16886138916016,-100.23350524902344,0,0.99912166595458984,0.00031048484379425645,0.0015448632184416056,0,0,0,0,0,0
0,1023,80,-110.16283416748047,-100.20254516601562,0,0.99898338317871094,0.001011316548101604,0.0016274165827780962,0,0,0,0,0,0
0,1279,100,-110.14278411865234,-100.16984558105469,0,0.99872243404388428,0.0025977096520364285,-6.6358625190332532e-05,0,0,0,0,0,0
0,1535,120,-110.09075927734375,-100.17086029052734,0,0.99851375818252563,0.0022644898854196072,0.000766049197409302,0,0,0,0,0,0
0,1791,140,-110.04549407958984,-100.15524291992188,0,0.99825572967529297,0.0020006585400551558,0.0014115541707724333,0,0,0,0,0,0
0,2047,160,-110.00558471679688,-100.12672424316406,0,0.99803096055984497,0.002241955604404211,0.0008243333431892097,0,0,0,0,0,0
0,2303,180,-109.96075439453125,-100.10993194580078,0,0.99789279699325562,0.0023197783157229424,0.0008645462803542614,0,0,0,0,0,0
