measurement_id,geometry_id,local_key,local0,local1,phi,theta,time,var_local0,var_local1,var_phi,var_theta,var_time
0,255,unknown,-152.20545959472656,228.80738830566406,-2.4435435989289545e-05,1.5706359148025513,0,0.0025000001769512892,0.0025000001769512892,0,0,0
1,511,unknown,-152.066650390625,228.75175476074219,-0.00022669542522635311,1.5713044404983521,0,0.0025000001769512892,0.0025000001769512892,0,0,0
2,767,unknown,-152.1568603515625,228.77131652832031,-0.0011662079486995935,1.5705947875976562,0,0.0025000001769512892,0.0025000001769512892,0,0,0
3,1023,unknown,-152.15574645996094,228.75788879394531,-0.0022493181750178337,1.5722264051437378,0,0.0025000001769512892,0.0025000001769512892,0,0,0
4,1279,unknown,-152.20932006835938,228.77095031738281,-0.00047868891851976514,1.5726919174194336,0,0.0025000001769512892,0.0025000001769512892,0,0,0
5,1535,unknown,-152.3062744140625,228.71693420410156,-0.0002349128044443205,1.572650671005249,0,0.0025000001769512892,0.0025000001769512892,0,0,0
6,1791,unknown,-152.22067260742188,228.57084655761719,-6.0992064391029999e-05,1.5726218223571777,0,0.0025000001769512892,0.0025000001769512892,0,0,0
7,2047,unknown,-152.192626953125,228.5858154296875,-3.1795134418644011e-05,1.5724499225616455,0,0.0025000001769512892,0.0025000001769512892,0,0,0
8,2303,unknown,-152.29458618164062,228.55546569824219,-0.00041566527215763927,1.5715318918228149,0,0.0025000001769512892,0.0025000001769512892,0,0,0
