particle_id,geometry_id,tx,ty,tz,tt,tpx,tpy,tpz,te,deltapx,deltapy,deltapz,deltae,index
0,255,20,-423.65240478515625,248.08103942871094,0,0.9998624324798584,-0.00034557399339973927,0.0026552227791398764,0,0,0,0,0,0
0,511,40,-423.65963745117188,248.13410949707031,0,0.99965643882751465,-0.0004602683475241065,0.0034158111084252596,0,0,0,0,0,0
0,767,60,-423.66925048828125,248.202392578125,0,0.99947655200958252,0.00069419312058016658,0.0040570502169430256,0,0,0,0,0,0
0,1023,80,-423.65585327148438,248.28366088867188,0,0.99920445680618286,-0.00019661901751533151,0.0045150201767683029,0,0,0,0,0,0
0,1279,100,-423.66033935546875,248.37400817871094,0,0.99886173009872437,0.00085815694183111191,0.005410477053374052,0,0,0,0,0,0
0,1535,120,-423.643798828125,248.48243713378906,0,0.99769818782806396,0.00089772208593785763,0.0054243947379291058,0,0,0,0,0,0
0,1791,140,-423.62646484375,248.59127807617188,0,0.99756348133087158,0.00048497528769075871,0.0057084802538156509,0,0,0,0,0,0
0,2047,160,-423.617431640625,248.70578002929688,0,0.99740225076675415,0.00063155061798170209,0.0056649907492101192,0,0,0,0,0,0
0,2303,180,-423.60543823242188,248.81944274902344,0,0.99723625183105469,0.0001077836423064582,0.0062776072882115841,0,0,0,0,0,0
