particle_id,geometry_id,tx,ty,tz,tt,tpx,tpy,tpz,te,deltapx,deltapy,deltapz,deltae,index
0,255,20,88.04864501953125,-267.12240600585938,0,0.99986523389816284,-0.00017830153228715062,-0.00026167285977862775,0,0,0,0,0,0
0,511,40,88.045112609863281,-267.12765502929688,0,0.99964702129364014,-0.00020616708206944168,-0.0005314103327691555,0,0,0,0,0,0
0,767,60,88.041053771972656,-267.1383056640625,0,0.99944436550140381,-0.00016037312161643058,-0.00060552870854735374,0,0,0,0,0,0
0,1023,80,88.037918090820312,-267.15045166015625,0,0.99859881401062012,0.0010378113947808743,2.638374462549109e-05,0,0,0,0,0,0
0,1279,100,88.058700561523438,-267.14981079101562,0,0.9983590841293335,0.00064740219386294484,0.00075783580541610718,0,0,0,0,0,0
0,1535,120,88.071578979492188,-267.13455200195312,0,0.99814736843109131,0.0016219341196119785,0.00068473583087325096,0,0,0,0,0,0
0,1791,140,88.103996276855469,-267.12063598632812,0,0.99801927804946899,0.0015749663580209017,0.00071391538949683309,0,0,0,0,0,0
0,2047,160,88.135475158691406,-267.10614013671875,0,0.9977957010269165,0.0025068505201488733,-6.5345462644472718e-05,0,0,0,0,0,0
0,2303,180,88.18572998046875,-267.10714721679688,0,0.99760854244232178,0.0024451827630400658,-0.00014406125410459936,0,0,0,0,0,0
