particle_id,geometry_id,tx,ty,tz,tt,tpx,tpy,tpz,te,deltapx,deltapy,deltapz,deltae,index
0,255,20,-662.42327880859375,-499.733642578125,0,0.99982708692550659,-0.00053205032600089908,-0.00092292198678478599,0,0,0,0,0,0
0,511,40,-662.433837890625,-499.75216674804688,0,0.99967259168624878,-0.00065689155599102378,-0.0012236848706379533,0,0,0,0,0,0
0,767,60,-662.44683837890625,-499.7767333984375,0,0.99950367212295532,-0.00037334367516450584,-0.0018281661905348301,0,0,0,0,0,0
0,1023,80,-662.4541015625,-499.8133544921875,0,0.99930191040039062,-0.0010726596228778362,-0.0030113232787698507,0,0,0,0,0,0
0,1279,100,-662.4752197265625,-499.87374877929688,0,0.99915540218353271,-0.0011971105122938752,-0.0037860507145524025,0,0,0,0,0,0
0,1535,120,-662.49871826171875,-499.94967651367188,0,0.99896770715713501,-0.00092182750813663006,-0.0036576760467141867,0,0,0,0,0,0
0,1791,140,-662.5167236328125,-500.02301025390625,0,0.99869900941848755,-7.9320314398501068e-05,-0.0033911967184394598,0,0,0,0,0,0
0,2047,160,-662.51788330078125,-500.0909423828125,0,0.99854087829589844,-0.0010099556529894471,-0.0030293851159512997,0,0,0,0,0,0
0,2303,180,-662.5377197265625,-500.1517333984375,0,0.99829614162445068,-0.00019892773707397282,-0.0036491462960839272,0,0,0,0,0,0
