measurement_id,geometry_id,local_key,local0,local1,phi,theta,time,var_local0,var_local1,var_phi,var_theta,var_time
0,255,unknown,212.94366455078125,169.6524658203125,0.00054578942945227027,1.5697325468063354,0,0.0025000001769512892,0.0025000001769512892,0,0,0
1,511,unknown,213.08612060546875,169.7685546875,0.00089803652372211218,1.5699945688247681,0,0.0025000001769512892,0.0025000001769512892,0,0,0
2,767,unknown,213.01597595214844,169.81687927246094,0.0018670529825612903,1.5712931156158447,0,0.0025000001769512892,0.0025000001769512892,0,0,0
3,1023,unknown,213.14883422851562,169.66728210449219,0.0019764890894293785,1.5711402893066406,0,0.0025000001769512892,0.0025000001769512892,0,0,0
4,1279,unknown,213.12110900878906,169.69999694824219,0.001914408290758729,1.5714445114135742,0,0.0025000001769512892,0.0025000001769512892,0,0,0
5,1535,unknown,213.14555358886719,169.69122314453125,0.0018160415347665548,1.5725226402282715,0,0.0025000001769512892,0.0025000001769512892,0,0,0
6,1791,unknown,213.23190307617188,169.68608093261719,0.0027984820771962404,1.5710889101028442,0,0.0025000001769512892,0.0025000001769512892,0,0,0
7,2047,unknown,213.24513244628906,169.63032531738281,0.0031551294960081577,1.5709176063537598,0,0.0025000001769512892,0.0025000001769512892,0,0,0
8,2303,unknown,213.28984069824219,169.5643310546875,0.0028475848957896233,1.5706199407577515,0,0.0025000001769512892,0.0025000001769512892,0,0,0
