measurement_id,geometry_id,local_key,local0,local1,phi,theta,time,var_local0,var_local1,var_phi,var_theta,var_time
0,255,unknown,44.4268798828125,-101.24681091308594,-0.0007901644567027688,1.5697182416915894,0,0.0025000001769512892,0.0025000001769512892,0,0,0
1,511,unknown,44.383258819580078,-101.20112609863281,-0.0019284043228253722,1.5716102123260498,0,0.0025000001769512892,0.0025000001769512892,0,0,0
2,767,unknown,44.391021728515625,-101.20306396484375,-0.0019390119705349207,1.5706582069396973,0,0.0025000001769512892,0.0025000001769512892,0,0,0
3,1023,unknown,44.317062377929688,-101.17681121826172,-0.0022984868846833706,1.5708893537521362,0,0.0025000001769512892,0.0025000001769512892,0,0,0
4,1279,unknown,44.22589111328125,-101.24009704589844,-0.0022988931741565466,1.5716307163238525,0,0.0025000001769512892,0.0025000001769512892,0,0,0
5,1535,unknown,44.201000213623047,-101.21794891357422,-0.0023361854255199432,1.571879506111145,0,0.0025000001769512892,0.0025000001769512892,0,0,0
6,1791,unknown,44.164524078369141,-101.25461578369141,-0.0031925763469189405,1.5721722841262817,0,0.0025000001769512892,0.0025000001769512892,0,0,0
7,2047,unknown,44.140644073486328,-101.33383178710938,-0.0045169754885137081,1.5719820261001587,0,0.0025000001769512892,0.0025000001769512892,0,0,0
8,2303,unknown,43.936767578125,-101.28050231933594,-0.0031867716461420059,1.5721701383590698,0,0.0025000001769512892,0.0025000001769512892,0,0,0
