particle_id,particle_type,process,vx,vy,vz,vt,px,py,pz,m,q
0,0,0,0,-92.370620727539062,43.56597900390625,0,1,0,-4.3711388286737929e-08,0,-1
