measurement_id,geometry_id,local_key,local0,local1,phi,theta,time,var_local0,var_local1,var_phi,var_theta,var_time
0,255,unknown,513.2471923828125,-50.801155090332031,-1.0057461850010441e-06,1.5707741975784302,0,0.0025000001769512892,0.0025000001769512892,0,0,0
1,511,unknown,513.2647705078125,-50.938190460205078,0.00047871831338852644,1.5706743001937866,0,0.0025000001769512892,0.0025000001769512892,0,0,0
2,767,unknown,513.37799072265625,-51.010360717773438,0.00050334364641457796,1.5706703662872314,0,0.0025000001769512892,0.0025000001769512892,0,0,0
3,1023,unknown,513.25714111328125,-51.043952941894531,0.00015479960711672902,1.5707069635391235,0,0.0025000001769512892,0.0025000001769512892,0,0,0
4,1279,unknown,513.3135986328125,-50.960861206054688,-0.00037041798350401223,1.5715694427490234,0,0.0025000001769512892,0.0025000001769512892,0,0,0
5,1535,unknown,513.3919677734375,-50.976814270019531,-0.00038547464646399021,1.5713232755661011,0,0.0025000001769512892,0.0025000001769512892,0,0,0
6,1791,unknown,513.26226806640625,-51.056545257568359,-0.00019839484593831003,1.5713405609130859,0,0.0025000001769512892,0.0025000001769512892,0,0,0
7,2047,unknown,513.2442626953125,-50.977313995361328,0.001175127224996686,1.5725855827331543,0,0.0025000001769512892,0.0025000001769512892,0,0,0
8,2303,unknown,513.3592529296875,-51.152538299560547,0.0011517632519826293,1.5726159811019897,0,0.0025000001769512892,0.0025000001769512892,0,0,0
