measurement_id,geometry_id,local_key,local0,local1,phi,theta,time,var_local0,var_local1,var_phi,var_theta,var_time
0,255,unknown,-211.08900451660156,-115.30699157714844,-0.00091541744768619537,1.5703305006027222,0,0.0025000001769512892,0.0025000001769512892,0,0,0
1,511,unknown,-211.04554748535156,-115.30747222900391,-0.0010485154343768954,1.5704413652420044,0,0.0025000001769512892,0.0025000001769512892,0,0,0
2,767,unknown,-211.06015014648438,-115.3765869140625,-0.0016830489039421082,1.5694011449813843,0,0.0025000001769512892,0.0025000001769512892,0,0,0
3,1023,unknown,-211.11619567871094,-115.34371185302734,-0.0025605699047446251,1.5698243379592896,0,0.0025000001769512892,0.0025000001769512892,0,0,0
4,1279,unknown,-211.28265380859375,-115.25691223144531,-0.002520532812923193,1.5697619915008545,0,0.0025000001769512892,0.0025000001769512892,0,0,0
5,1535,unknown,-211.29222106933594,-115.30776214599609,-0.0027472639922052622,1.5696396827697754,0,0.0025000001769512892,0.0025000001769512892,0,0,0
6,1791,unknown,-211.33973693847656,-115.26925659179688,-0.0022426771465688944,1.5691326856613159,0,0.0025000001769512892,0.0025000001769512892,0,0,0
7,2047,unknown,-211.30119323730469,-115.25580596923828,-0.0024288680870085955,1.5696649551391602,0,0.0025000001769512892,0.0025000001769512892,0,0,0
8,2303,unknown,-211.33694458007812,-115.24632263183594,-0.0016723433509469032,1.5698636770248413,0,0.0025000001769512892,0.0025000001769512892,0,0,0
