particle_id,geometry_id,tx,ty,tz,tt,tpx,tpy,tpz,te,deltapx,deltapy,deltapz,deltae,index
0,255,20,80.095428466796875,-594.5711669921875,0,0.99970901012420654,0.00057752750581130385,-0.00066039036028087139,0,0,0,0,0,0
0,511,40,80.107063293457031,-594.58428955078125,0,0.99935752153396606,-0.00030784486443735659,-0.0010129103902727365,0,0,0,0,0,0
0,767,60,80.101020812988281,-594.6046142578125,0,0.99917298555374146,-0.0002922142157331109,-0.0009317279327660799,0,0,0,0,0,0
0,1023,80,80.095283508300781,-594.623291015625,0,0.99893820285797119,-0.0002169307554140687,-0.0012588676763698459,0,0,0,0,0,0
0,1279,100,80.091094970703125,-594.64849853515625,0,0.9988025426864624,1.0229337021883111e-05,-0.00205656373873353,0,0,0,0,0,0
0,1535,120,80.091545104980469,-594.689697265625,0,0.99865943193435669,-0.00022170146985445172,-0.0013530418509617448,0,0,0,0,0,0
0,1791,140,80.087265014648438,-594.716796875,0,0.99823600053787231,-0.00013197046064306051,-0.00062847742810845375,0,0,0,0,0,0
0,2047,160,80.084693908691406,-594.72943115234375,0,0.99810844659805298,0.0010742659214884043,-0.00079092959640547633,0,0,0,0,0,0
0,2303,180,80.106315612792969,-594.74517822265625,0,0.99792802333831787,0.00092866393970325589,-0.00074415322160348296,0,0,0,0,0,0
