measurement_id,geometry_id,local_key,local0,local1,phi,theta,time,var_local0,var_local1,var_phi,var_theta,var_time
0,255,unknown,440.62344360351562,18.472740173339844,-0.0014052221085876226,1.5712645053863525,0,0.0025000001769512892,0.0025000001769512892,0,0,0
1,511,unknown,440.56454467773438,18.385017395019531,-0.0016290408093482256,1.5710185766220093,0,0.0025000001769512892,0.0025000001769512892,0,0,0
2,767,unknown,440.59506225585938,18.514829635620117,-0.0022680412512272596,1.5705657005310059,0,0.0025000001769512892,0.0025000001769512892,0,0,0
3,1023,unknown,440.63955688476562,18.459293365478516,-0.001532505382783711,1.5721075534820557,0,0.0025000001769512892,0.0025000001769512892,0,0,0
4,1279,unknown,440.515380859375,18.427223205566406,-0.0012416186509653926,1.5713493824005127,0,0.0025000001769512892,0.0025000001769512892,0,0,0
5,1535,unknown,440.45748901367188,18.424413681030273,-0.00018214693409390748,1.5719842910766602,0,0.0025000001769512892,0.0025000001769512892,0,0,0
6,1791,unknown,440.50701904296875,18.416189193725586,0.00064516486600041389,1.5700674057006836,0,0.0025000001769512892,0.0025000001769512892,0,0,0
7,2047,unknown,440.44064331054688,18.283178329467773,-9.8411692306399345e-05,1.5705448389053345,0,0.0025000001769512892,0.0025000001769512892,0,0,0
8,2303,unknown,440.468994140625,18.431264877319336,-5.5611628340557218e-05,1.5705207586288452,0,0.0025000001769512892,0.0025000001769512892,0,0,0
