particle_id,geometry_id,tx,ty,tz,tt,tpx,tpy,tpz,te,deltapx,deltapy,deltapz,deltae,index
0,255,20,135.03857421875,403.73291015625,0,0.99982041120529175,-0.00036964620812796056,0.00031389720970764756,0,0,0,0,0,0
0,511,40,135.03114318847656,403.7391357421875,0,0.99967789649963379,-0.00034972495632246137,0.0003412617661524564,0,0,0,0,0,0
0,767,60,135.02410888671875,403.74591064453125,0,0.99953949451446533,-0.00036147495848126709,0.00032167320023290813,0,0,0,0,0,0
0,1023,80,135.01683044433594,403.75228881835938,0,0.99934524297714233,-0.0010894415900111198,0.0021190671250224113,0,0,0,0,0,0
0,1279,100,134.99476623535156,403.7945556640625,0,0.99916130304336548,-0.00011021686805179343,0.0023187804035842419,0,0,0,0,0,0
0,1535,120,134.99227905273438,403.8409423828125,0,0.99898654222488403,0.00098594813607633114,0.0023782781790941954,0,0,0,0,0,0
0,1791,140,135.01173400878906,403.888671875,0,0.99804681539535522,-0.00050891842693090439,0.0022726487368345261,0,0,0,0,0,0
0,2047,160,135.00126647949219,403.93414306640625,0,0.99784326553344727,-0.00027234244043938816,0.0023090604227036238,0,0,0,0,0,0
0,2303,180,134.99552917480469,403.98037719726562,0,0.99770277738571167,-0.00018390138575341552,0.002278168685734272,0,0,0,0,0,0
