particle_id,particle_type,process,vx,vy,vz,vt,px,py,pz,m,q
0,0,0,0,315.88357543945312,-47.620304107666016,0,1,0,-4.3711388286737929e-08,0,-1
