particle_id,particle_type,process,vx,vy,vz,vt,px,py,pz,m,q
0,0,0,0,272.65719604492188,-40.195934295654297,0,1,0,-4.3711388286737929e-08,0,-1
