particle_id,geometry_id,tx,ty,tz,tt,tpx,tpy,tpz,te,deltapx,deltapy,deltapz,deltae,index
0,255,20,250.10037231445312,-90.735374450683594,0,0.99987173080444336,-0.00038876882172189653,0.00035038669011555612,0,0,0,0,0,0
0,511,40,250.09255981445312,-90.728408813476562,0,0.99965512752532959,-0.00086614990141242743,0.00042991529335267842,0,0,0,0,0,0
0,767,60,250.07518005371094,-90.71990966796875,0,0.99952572584152222,-0.00052088435040786862,0.0021000269334763288,0,0,0,0,0,0
0,1023,80,250.06449890136719,-90.677955627441406,0,0.9992600679397583,-0.0016517965123057365,0.0019583122339099646,0,0,0,0,0,0
0,1279,100,250.03120422363281,-90.638961791992188,0,0.99908298254013062,-0.0012095879064872861,0.0028736102394759655,0,0,0,0,0,0
0,1535,120,250.00665283203125,-90.581581115722656,0,0.99880975484848022,-0.0035338052548468113,0.0017178732668980956,0,0,0,0,0,0
0,1791,140,249.93568420410156,-90.547607421875,0,0.99866259098052979,-0.0046782558783888817,0.00023948728630784899,0,0,0,0,0,0
0,2047,160,249.84196472167969,-90.543373107910156,0,0.99844485521316528,-0.0030713006854057312,-0.0015253432793542743,0,0,0,0,0,0
0,2303,180,249.78062438964844,-90.574295043945312,0,0.99806392192840576,-0.0026504120323807001,-0.0024780225940048695,0,0,0,0,0,0
