particle_id,geometry_id,tx,ty,tz,tt,tpx,tpy,tpz,te,deltapx,deltapy,deltapz,deltae,index
0,255,20,82.461196899414062,-402.2674560546875,0,0.99974912405014038,0.00030461139976978302,0.00034164363751187921,0,0,0,0,0,0
0,511,40,82.467247009277344,-402.26058959960938,0,0.99949198961257935,0.00044529998558573425,0.0010371465468779206,0,0,0,0,0,0
0,767,60,82.476036071777344,-402.23977661132812,0,0.99934399127960205,-0.0011733360588550568,0.0017255730926990509,0,0,0,0,0,0
0,1023,80,82.452346801757812,-402.20538330078125,0,0.99912649393081665,-0.0011330941924825311,0.0015908463392406702,0,0,0,0,0,0
0,1279,100,82.429473876953125,-402.17367553710938,0,0.99894833564758301,-0.00085224042413756251,0.0016371241072192788,0,0,0,0,0,0
0,1535,120,82.412216186523438,-402.1409912109375,0,0.99883484840393066,-0.00091387389693409204,0.00046837949776090682,0,0,0,0,0,0
0,1791,140,82.39385986328125,-402.1317138671875,0,0.9987146258354187,0.00028375184047035873,0.00068143336102366447,0,0,0,0,0,0
0,2047,160,82.399459838867188,-402.1180419921875,0,0.99858218431472778,-0.00011527916649356484,-0.0017147014150395989,0,0,0,0,0,0
0,2303,180,82.397354125976562,-402.15240478515625,0,0.99839383363723755,-0.00025730059132911265,-0.0015851244097575545,0,0,0,0,0,0
