particle_id,geometry_id,tx,ty,tz,tt,tpx,tpy,tpz,te,deltapx,deltapy,deltapz,deltae,index
0,255,20,339.30661010742188,176.24028015136719,0,0.9993242621421814,6.5759282733779401e-05,0.00057487166486680508,0,0,0,0,0,0
0,511,40,339.307861328125,176.25180053710938,0,0.99917459487915039,-0.00087915413314476609,-0.00037119336775504053,0,0,0,0,0,0
0,767,60,339.29031372070312,176.2442626953125,0,0.9990120530128479,-0.00088644912466406822,-0.00087072228780016303,0,0,0,0,0,0
0,1023,80,339.27267456054688,176.22673034667969,0,0.99876701831817627,-0.0011962157441303134,-0.0032515299972146749,0,0,0,0,0,0
0,1279,100,339.24911499023438,176.16148376464844,0,0.9985693097114563,-0.0012541451724246144,-0.0027041365392506123,0,0,0,0,0,0
0,1535,120,339.22433471679688,176.107177734375,0,0.99838811159133911,-0.002407770836725831,-0.0020461950916796923,0,0,0,0,0,0
0,1791,140,339.17636108398438,176.06590270996094,0,0.99813520908355713,-0.0025680824182927608,-0.002581718610599637,0,0,0,0,0,0
0,2047,160,339.12521362304688,176.01387023925781,0,0.99735069274902344,-0.0030707858968526125,-0.003095459658652544,0,0,0,0,0,0
0,2303,180,339.06399536132812,175.95143127441406,0,0.99722659587860107,-0.0024721345398575068,-0.0047863880172371864,0,0,0,0,0,0
