particle_id,geometry_id,tx,ty,tz,tt,tpx,tpy,tpz,te,deltapx,deltapy,deltapz,deltae,index
0,255,20,80.833793640136719,-186.4029541015625,0,0.99984371662139893,0.00054747622925788164,0.0003711160970851779,0,0,0,0,0,0
0,511,40,80.844703674316406,-186.39546203613281,0,0.99972856044769287,0.00026764417998492718,0.00019409552623983473,0,0,0,0,0,0
0,767,60,80.85003662109375,-186.39154052734375,0,0.99960535764694214,0.00042627629591152072,-0.00023705742205493152,0,0,0,0,0,0
0,1023,80,80.858596801757812,-186.39622497558594,0,0.9994584321975708,0.00084709253860637546,-0.00036426927545107901,0,0,0,0,0,0
0,1279,100,80.875587463378906,-186.40341186523438,0,0.9992639422416687,0.00027951737865805626,-0.00063424685504287481,0,0,0,0,0,0
0,1535,120,80.881256103515625,-186.41607666015625,0,0.99911284446716309,-0.00018029709463007748,0.00093086977722123265,0,0,0,0,0,0
0,1791,140,80.877532958984375,-186.3974609375,0,0.99887245893478394,-0.00020803858933504671,0.00095839035930112004,0,0,0,0,0,0
0,2047,160,80.873252868652344,-186.3782958984375,0,0.99862748384475708,-0.00099583191331475973,0.00037090285331942141,0,0,0,0,0,0
0,2303,180,80.853263854980469,-186.37098693847656,0,0.99847352504730225,-0.0030562381725758314,0.001873100409284234,0,0,0,0,0,0
