measurement_id,geometry_id,local_key,local0,local1,phi,theta,time,var_local0,var_local1,var_phi,var_theta,var_time
0,255,unknown,-43.058517456054688,-74.361381530761719,-3.0078403142397292e-05,1.5705887079238892,0,0.0025000001769512892,0.0025000001769512892,0,0,0
1,511,unknown,-43.125328063964844,-74.401382446289062,-0.00090864172670990229,1.571966290473938,0,0.0025000001769512892,0.0025000001769512892,0,0,0
2,767,unknown,-43.210285186767578,-74.3746337890625,-0.00030424311989918351,1.5715693235397339,0,0.0025000001769512892,0.0025000001769512892,0,0,0
3,1023,unknown,-43.072257995605469,-74.409652709960938,-0.00099287868943065405,1.5711029767990112,0,0.0025000001769512892,0.0025000001769512892,0,0,0
4,1279,unknown,-43.155849456787109,-74.3321533203125,-0.000591910385992378,1.5707269906997681,0,0.0025000001769512892,0.0025000001769512892,0,0,0
5,1535,unknown,-43.136978149414062,-74.399566650390625,-0.0028888687957078218,1.5703070163726807,0,0.0025000001769512892,0.0025000001769512892,0,0,0
6,1791,unknown,-43.210819244384766,-74.478324890136719,-0.0025512112770229578,1.5692737102508545,0,0.0025000001769512892,0.0025000001769512892,0,0,0
7,2047,unknown,-43.272865295410156,-74.398216247558594,-0.0023296514991670847,1.5697859525680542,0,0.0025000001769512892,0.0025000001769512892,0,0,0
8,2303,unknown,-43.301715850830078,-74.408592224121094,-0.0034047907683998346,1.5689996480941772,0,0.0025000001769512892,0.0025000001769512892,0,0,0
