measurement_id,geometry_id,local_key,local0,local1,phi,theta,time,var_local0,var_local1,var_phi,var_theta,var_time
0,255,unknown,210.65943908691406,-92.868461608886719,-0.00022199146042112261,1.5714402198791504,0,0.0025000001769512892,0.0025000001769512892,0,0,0
1,511,unknown,210.64517211914062,-92.855316162109375,7.376194389507873e-06,1.5715868473052979,0,0.0025000001769512892,0.0025000001769512892,0,0,0
2,767,unknown,210.64808654785156,-92.924674987792969,-2.1846610252396204e-05,1.5712486505508423,0,0.0025000001769512892,0.0025000001769512892,0,0,0
3,1023,unknown,210.67794799804688,-92.834442138671875,-0.0031910876277834177,1.5702133178710938,0,0.0025000001769512892,0.0025000001769512892,0,0,0
4,1279,unknown,210.62757873535156,-92.792434692382812,-0.0038316086865961552,1.5695937871932983,0,0.0025000001769512892,0.0025000001769512892,0,0,0
5,1535,unknown,210.43074035644531,-92.831230163574219,-0.0037751593627035618,1.5695215463638306,0,0.0025000001769512892,0.0025000001769512892,0,0,0
6,1791,unknown,210.39480590820312,-92.800743103027344,-0.0031141801737248898,1.569435715675354,0,0.0025000001769512892,0.0025000001769512892,0,0,0
7,2047,unknown,210.43307495117188,-92.7884521484375,-0.0015455889515578747,1.5709407329559326,0,0.0025000001769512892,0.0025000001769512892,0,0,0
8,2303,unknown,210.26448059082031,-92.75830078125,0.0010471772402524948,1.5699042081832886,0,0.0025000001769512892,0.0025000001769512892,0,0,0
