particle_id,geometry_id,tx,ty,tz,tt,tpx,tpy,tpz,te,deltapx,deltapy,deltapz,deltae,index
0,255,20,-23.370487213134766,-326.19671630859375,0,0.9998353123664856,0.0010063148802146316,0.00055180478375405073,0,0,0,0,0,0
0,511,40,-23.350423812866211,-326.185546875,0,0.99969160556793213,0.0013942004879936576,2.7008491088054143e-05,0,0,0,0,0,0
0,767,60,-23.322534561157227,-326.18484497070312,0,0.99954122304916382,0.0022523142397403717,-0.00040111911948770285,0,0,0,0,0,0
0,1023,80,-23.277420043945312,-326.19259643554688,0,0.99911338090896606,0.0023226875346153975,-0.00075170863419771194,0,0,0,0,0,0
0,1279,100,-23.2308349609375,-326.20736694335938,0,0.99883604049682617,0.0028663710691034794,-0.00042262676288373768,0,0,0,0,0,0
0,1535,120,-23.173391342163086,-326.21548461914062,0,0.99863266944885254,0.002958962693810463,-0.00056706368923187256,0,0,0,0,0,0
0,1791,140,-23.114065170288086,-326.22647094726562,0,0.99846100807189941,0.003004077821969986,-0.0025003165937960148,0,0,0,0,0,0
0,2047,160,-23.053590774536133,-326.27618408203125,0,0.99829888343811035,0.0034449866507202387,-0.0024845623411238194,0,0,0,0,0,0
0,2303,180,-22.984275817871094,-326.32553100585938,0,0.99816769361495972,0.003449358744546771,-0.0024676958564668894,0,0,0,0,0,0
