particle_id,geometry_id,tx,ty,tz,tt,tpx,tpy,tpz,te,deltapx,deltapy,deltapz,deltae,index
0,255,20,227.40983581542969,265.348388671875,0,0.99981498718261719,0.00049106543883681297,0.0006171079003252089,0,0,0,0,0,0
0,511,40,227.41958618164062,265.36077880859375,0,0.99963670969009399,0.00030785173294134438,0.00081362191122025251,0,0,0,0,0,0
0,767,60,227.42564392089844,265.37710571289062,0,0.99948233366012573,0.00013808776566293091,0.0010501234792172909,0,0,0,0,0,0
0,1023,80,227.42828369140625,265.39813232421875,0,0.99933314323425293,0.0021709382999688387,0.0035334883723407984,0,0,0,0,0,0
0,1279,100,227.4713134765625,265.4691162109375,0,0.99919897317886353,0.0020038418006151915,0.0037775570526719093,0,0,0,0,0,0
0,1535,120,227.51097106933594,265.54495239257812,0,0.99903959035873413,0.0029370551928877831,0.0028129951097071171,0,0,0,0,0,0
0,1791,140,227.56942749023438,265.60162353515625,0,0.99866282939910889,0.0023721330799162388,0.0030583662446588278,0,0,0,0,0,0
0,2047,160,227.61656188964844,265.66314697265625,0,0.99844205379486084,0.0033002994023263454,0.0026170669589191675,0,0,0,0,0,0
0,2303,180,227.68235778808594,265.71597290039062,0,0.99825078248977661,0.0034519692417234182,0.0024816181976348162,0,0,0,0,0,0
