particle_id,geometry_id,tx,ty,tz,tt,tpx,tpy,tpz,te,deltapx,deltapy,deltapz,deltae,index
0,255,20,-92.868949890136719,-88.16998291015625,0,0.99984902143478394,-0.00025376913254149258,1.3186529940867331e-05,0,0,0,0,0,0
0,511,40,-92.874031066894531,-88.169746398925781,0,0.9995836615562439,-0.0005889847525395453,0.0010284238960593939,0,0,0,0,0,0
0,767,60,-92.885940551757812,-88.149238586425781,0,0.99944072961807251,-0.0015123463235795498,0.0017172816442325711,0,0,0,0,0,0
0,1023,80,-92.916412353515625,-88.115058898925781,0,0.9992862343788147,-0.00071273313369601965,0.002215551445260644,0,0,0,0,0,0
0,1279,100,-92.930946350097656,-88.07080078125,0,0.99915003776550293,-0.00056419608881697059,0.0035291407257318497,0,0,0,0,0,0
0,1535,120,-92.942665100097656,-88.000228881835938,0,0.99900037050247192,-0.00060332159046083689,0.0037061776965856552,0,0,0,0,0,0
0,1791,140,-92.955184936523438,-87.926101684570312,0,0.99876827001571655,-0.0014933617785573006,0.0032551391050219536,0,0,0,0,0,0
0,2047,160,-92.985481262207031,-87.861099243164062,0,0.99862110614776611,-0.00058395176893100142,0.0019283675355836749,0,0,0,0,0,0
0,2303,180,-92.997406005859375,-87.822547912597656,0,0.99841195344924927,-0.0013528548879548907,0.00194712751545012,0,0,0,0,0,0
