particle_id,geometry_id,tx,ty,tz,tt,tpx,tpy,tpz,te,deltapx,deltapy,deltapz,deltae,index
0,255,20,192.945068359375,23.707435607910156,0,0.9998440146446228,0.0009484341717325151,0.0012425205204635859,0,0,0,0,0,0
0,511,40,192.96389770507812,23.732402801513672,0,0.99967771768569946,5.0864888180512935e-05,0.00034805442555807531,0,0,0,0,0,0
0,767,60,192.96487426757812,23.739372253417969,0,0.99945300817489624,-0.00013045441301073879,0.00080942141357809305,0,0,0,0,0,0
0,1023,80,192.96217346191406,23.75555419921875,0,0.99929541349411011,-0.00070637842873111367,0.00040593545418232679,0,0,0,0,0,0
0,1279,100,192.94798278808594,23.763593673706055,0,0.99917805194854736,0.00042527209734544158,0.00027200658223591745,0,0,0,0,0,0
0,1535,120,192.95646667480469,23.769088745117188,0,0.99892985820770264,0.00048114973469637334,0.00025217144866473973,0,0,0,0,0,0
0,1791,140,192.966064453125,23.774194717407227,0,0.99855601787567139,0.00065691903000697494,0.00033623640774749219,0,0,0,0,0,0
0,2047,160,192.97918701171875,23.781007766723633,0,0.99840360879898071,0.00088204274652525783,0.00039390937308780849,0,0,0,0,0,0
0,2303,180,192.99681091308594,23.789005279541016,0,0.99821466207504272,-0.00010289651982020587,-0.0017026466084644198,0,0,0,0,0,0
