measurement_id,geometry_id,local_key,local0,local1,phi,theta,time,var_local0,var_local1,var_phi,var_theta,var_time
0,255,unknown,365.0943603515625,-162.18927001953125,9.0708985226228833e-05,1.5707021951675415,0,0.0025000001769512892,0.0025000001769512892,0,0,0
1,511,unknown,365.17303466796875,-162.28598022460938,-2.4200649932026863e-05,1.5706483125686646,0,0.0025000001769512892,0.0025000001769512892,0,0,0
2,767,unknown,365.07293701171875,-162.16363525390625,-2.2941767383599654e-05,1.5725589990615845,0,0.0025000001769512892,0.0025000001769512892,0,0,0
3,1023,unknown,365.0125732421875,-162.24189758300781,0.00039716484025120735,1.572684645652771,0,0.0025000001769512892,0.0025000001769512892,0,0,0
4,1279,unknown,365.06146240234375,-162.261962890625,0.00077886646613478661,1.5717757940292358,0,0.0025000001769512892,0.0025000001769512892,0,0,0
5,1535,unknown,365.12493896484375,-162.20472717285156,0.0010253980290144682,1.5718206167221069,0,0.0025000001769512892,0.0025000001769512892,0,0,0
6,1791,unknown,365.11236572265625,-162.3253173828125,0.0011999347480013967,1.5718814134597778,0,0.0025000001769512892,0.0025000001769512892,0,0,0
7,2047,unknown,365.14352416992188,-162.29141235351562,0.0023191787768155336,1.5720738172531128,0,0.0025000001769512892,0.0025000001769512892,0,0,0
8,2303,unknown,365.1917724609375,-162.32638549804688,0.0036994242109358311,1.573668360710144,0,0.0025000001769512892,0.0025000001769512892,0,0,0
