particle_id,particle_type,process,vx,vy,vz,vt,px,py,pz,m,q
0,0,0,0,-235.76092529296875,13.377854347229004,0,1,0,-4.3711388286737929e-08,0,-1
