measurement_id,geometry_id,local_key,local0,local1,phi,theta,time,var_local0,var_local1,var_phi,var_theta,var_time
0,255,unknown,-69.146530151367188,47.107963562011719,-0.00023241386224981397,1.5706735849380493,0,0.0025000001769512892,0.0025000001769512892,0,0,0
1,511,unknown,-69.084663391113281,47.142959594726562,-0.00043454422848299146,1.5685287714004517,0,0.0025000001769512892,0.0025000001769512892,0,0,0
2,767,unknown,-69.205192565917969,47.187679290771484,-7.9629477113485336e-05,1.569581151008606,0,0.0025000001769512892,0.0025000001769512892,0,0,0
3,1023,unknown,-69.053482055664062,47.294269561767578,-0.00012220485950820148,1.5695761442184448,0,0.0025000001769512892,0.0025000001769512892,0,0,0
4,1279,unknown,-69.1175537109375,47.241226196289062,0.00041116966167464852,1.571111798286438,0,0.0025000001769512892,0.0025000001769512892,0,0,0
5,1535,unknown,-69.144515991210938,47.282211303710938,0.0003391858481336385,1.57115638256073,0,0.0025000001769512892,0.0025000001769512892,0,0,0
6,1791,unknown,-69.070770263671875,47.197795867919922,-4.3975131120532751e-05,1.5710490942001343,0,0.0025000001769512892,0.0025000001769512892,0,0,0
7,2047,unknown,-69.164306640625,47.234722137451172,0.00057844578986987472,1.5710382461547852,0,0.0025000001769512892,0.0025000001769512892,0,0,0
8,2303,unknown,-69.070083618164062,47.207145690917969,0.00049757631495594978,1.5699317455291748,0,0.0025000001769512892,0.0025000001769512892,0,0,0
