measurement_id,geometry_id,local_key,local0,local1,phi,theta,time,var_local0,var_local1,var_phi,var_theta,var_time
0,255,unknown,325.72311401367188,101.73123168945312,0.00061379058752208948,1.570415735244751,0,0.0025000001769512892,0.0025000001769512892,0,0,0
1,511,unknown,325.78472900390625,101.7059326171875,0.002978030126541853,1.5718011856079102,0,0.0025000001769512892,0.0025000001769512892,0,0,0
2,767,unknown,325.80694580078125,101.70733642578125,0.0034819201100617647,1.5712820291519165,0,0.0025000001769512892,0.0025000001769512892,0,0,0
3,1023,unknown,325.97396850585938,101.81982421875,0.0057399654760956764,1.5715012550354004,0,0.0025000001769512892,0.0025000001769512892,0,0,0
4,1279,unknown,326.01138305664062,101.70301055908203,0.0061900075525045395,1.5699692964553833,0,0.0025000001769512892,0.0025000001769512892,0,0,0
5,1535,unknown,326.05767822265625,101.78543853759766,0.0071265781298279762,1.5687692165374756,0,0.0025000001769512892,0.0025000001769512892,0,0,0
6,1791,unknown,326.33737182617188,101.76861572265625,0.0063570407219231129,1.5689737796783447,0,0.0025000001769512892,0.0025000001769512892,0,0,0
7,2047,unknown,326.4036865234375,101.75530242919922,0.006181646604090929,1.5693628787994385,0,0.0025000001769512892,0.0025000001769512892,0,0,0
8,2303,unknown,326.5308837890625,101.83193206787109,0.0060469573363661766,1.5685480833053589,0,0.0025000001769512892,0.0025000001769512892,0,0,0
