measurement_id,geometry_id,local_key,local0,local1,phi,theta,time,var_local0,var_local1,var_phi,var_theta,var_time
0,255,unknown,-68.785484313964844,-137.89826965332031,1.5982743207132444e-05,1.5706846714019775,0,0.0025000001769512892,0.0025000001769512892,0,0,0
1,511,unknown,-68.785346984863281,-137.98155212402344,0.00085562857566401362,1.5712722539901733,0,0.0025000001769512892,0.0025000001769512892,0,0,0
2,767,unknown,-68.83526611328125,-137.98457336425781,0.0015526337083429098,1.5706754922866821,0,0.0025000001769512892,0.0025000001769512892,0,0,0
3,1023,unknown,-68.704208374023438,-137.98744201660156,-6.1618055042345077e-05,1.5703212022781372,0,0.0025000001769512892,0.0025000001769512892,0,0,0
4,1279,unknown,-68.786514282226562,-137.94073486328125,-0.00012268840509932488,1.5705842971801758,0,0.0025000001769512892,0.0025000001769512892,0,0,0
5,1535,unknown,-68.680595397949219,-137.93829345703125,0.0003923843614757061,1.5709623098373413,0,0.0025000001769512892,0.0025000001769512892,0,0,0
6,1791,unknown,-68.854751586914062,-137.89303588867188,-0.00045492831850424409,1.5717034339904785,0,0.0025000001769512892,0.0025000001769512892,0,0,0
7,2047,unknown,-68.743972778320312,-137.98605346679688,-0.0006408596527762711,1.571100115776062,0,0.0025000001769512892,0.0025000001769512892,0,0,0
8,2303,unknown,-68.792869567871094,-137.93794250488281,0.0001934179017553106,1.5717436075210571,0,0.0025000001769512892,0.0025000001769512892,0,0,0
