particle_id,geometry_id,tx,ty,tz,tt,tpx,tpy,tpz,te,deltapx,deltapy,deltapz,deltae,index
0,255,20,-54.793800354003906,64.840484619140625,0,0.9998239278793335,0.0014111869968473911,0.00066312076523900032,0,0,0,0,0,0
0,511,40,-54.765651702880859,64.853919982910156,0,0.99965870380401611,0.0031174484174698591,5.5250806326512247e-05,0,0,0,0,0,0
0,767,60,-54.703289031982422,64.855400085449219,0,0.99938547611236572,0.0044108466245234013,-0.00029050017474219203,0,0,0,0,0,0
0,1023,80,-54.614986419677734,64.850112915039062,0,0.99923783540725708,0.0050223348662257195,-2.1008789190091193e-05,0,0,0,0,0,0
0,1279,100,-54.514461517333984,64.850296020507812,0,0.99906051158905029,0.0045455321669578552,-0.00045345179387368262,0,0,0,0,0,0
0,1535,120,-54.423412322998047,64.841766357421875,0,0.99886453151702881,0.0041614668443799019,-0.0011369718704372644,0,0,0,0,0,0
0,1791,140,-54.339954376220703,64.819503784179688,0,0.99868059158325195,0.0041448548436164856,-0.0010206856532022357,0,0,0,0,0,0
0,2047,160,-54.256828308105469,64.799560546875,0,0.998496413230896,0.003266618587076664,-0.00097716681193560362,0,0,0,0,0,0
0,2303,180,-54.191280364990234,64.780380249023438,0,0.99831098318099976,0.0030680403579026461,-0.0010729057248681784,0,0,0,0,0,0
