particle_id,geometry_id,tx,ty,tz,tt,tpx,tpy,tpz,te,deltapx,deltapy,deltapz,deltae,index
0,255,20,-177.77320861816406,42.836219787597656,0,0.99985849857330322,-0.0012073462130501866,-0.0024877157993614674,0,0,0,0,0,0
0,511,40,-177.79705810546875,42.78631591796875,0,0.99972087144851685,-0.0011513000354170799,-0.0021418798714876175,0,0,0,0,0,0
0,767,60,-177.81983947753906,42.743328094482422,0,0.99947518110275269,-0.0011237465078011155,-0.0034372042864561081,0,0,0,0,0,0
0,1023,80,-177.8419189453125,42.674415588378906,0,0.99932682514190674,-0.00057641480816528201,-0.0043136146850883961,0,0,0,0,0,0
0,1279,100,-177.85293579101562,42.588016510009766,0,0.99831306934356689,0.00079463358270004392,-0.0047263717278838158,0,0,0,0,0,0
0,1535,120,-177.83644104003906,42.493427276611328,0,0.99816960096359253,0.00073500187136232853,-0.0042426977306604385,0,0,0,0,0,0
0,1791,140,-177.82119750976562,42.40850830078125,0,0.99795287847518921,0.00036160173476673663,-0.0041412478312849998,0,0,0,0,0,0
0,2047,160,-177.81344604492188,42.325557708740234,0,0.99782407283782959,0.00068496988387778401,-0.0041166865266859531,0,0,0,0,0,0
0,2303,180,-177.79922485351562,42.243129730224609,0,0.99768698215484619,0.00073124223854392767,-0.0047015231102705002,0,0,0,0,0,0
