measurement_id,geometry_id,local_key,local0,local1,phi,theta,time,var_local0,var_local1,var_phi,var_theta,var_time
0,255,unknown,-256.59719848632812,152.20210266113281,-0.00028355230460874736,1.5704213380813599,0,0.0025000001769512892,0.0025000001769512892,0,0,0
1,511,unknown,-256.54519653320312,152.0535888671875,-0.0014753475552424788,1.5701184272766113,0,0.0025000001769512892,0.0025000001769512892,0,0,0
2,767,unknown,-256.58010864257812,152.06962585449219,-0.0019324986496940255,1.5700825452804565,0,0.0025000001769512892,0.0025000001769512892,0,0,0
3,1023,unknown,-256.66635131835938,152.16703796386719,-0.002907332731410861,1.569783091545105,0,0.0025000001769512892,0.0025000001769512892,0,0,0
4,1279,unknown,-256.72991943359375,152.19793701171875,-0.0028751427307724953,1.5698200464248657,0,0.0025000001769512892,0.0025000001769512892,0,0,0
5,1535,unknown,-256.72543334960938,152.18760681152344,-0.0033563366159796715,1.5704553127288818,0,0.0025000001769512892,0.0025000001769512892,0,0,0
6,1791,unknown,-256.70748901367188,152.11668395996094,-0.0032041249796748161,1.5707732439041138,0,0.0025000001769512892,0.0025000001769512892,0,0,0
7,2047,unknown,-256.79876708984375,152.20167541503906,-0.004200285766273737,1.5714126825332642,0,0.0025000001769512892,0.0025000001769512892,0,0,0
8,2303,unknown,-256.98681640625,152.15742492675781,-0.0030745698604732752,1.5701388120651245,0,0.0025000001769512892,0.0025000001769512892,0,0,0
