particle_id,geometry_id,tx,ty,tz,tt,tpx,tpy,tpz,te,deltapx,deltapy,deltapz,deltae,index
0,255,20,-172.15365600585938,65.918121337890625,0,0.99967014789581299,0.0001303023163927719,0.0008336695609614253,0,0,0,0,0,0
0,511,40,-172.15115356445312,65.934814453125,0,0.99944585561752319,-0.00065267574973404408,0.0031916960142552853,0,0,0,0,0,0
0,767,60,-172.16459655761719,65.998603820800781,0,0.99929529428482056,-0.00069671106757596135,0.0033987336792051792,0,0,0,0,0,0
0,1023,80,-172.178955078125,66.066543579101562,0,0.99910002946853638,-0.001238185097463429,0.0020614974200725555,0,0,0,0,0,0
0,1279,100,-172.20399475097656,66.107658386230469,0,0.99878698587417603,-0.0013723161537200212,0.0028097738977521658,0,0,0,0,0,0
0,1535,120,-172.2318115234375,66.16375732421875,0,0.99861437082290649,-0.0012315640924498439,0.002841906389221549,0,0,0,0,0,0
0,1791,140,-172.25682067871094,66.220527648925781,0,0.99847990274429321,0.0014782786602154374,0.0022948242258280516,0,0,0,0,0,0
0,2047,160,-172.22749328613281,66.266670227050781,0,0.99834340810775757,0.0014760392950847745,0.0023588964249938726,0,0,0,0,0,0
0,2303,180,-172.19821166992188,66.314102172851562,0,0.99817919731140137,8.2936858234461397e-05,0.0030310547444969416,0,0,0,0,0,0
