measurement_id,geometry_id,local_key,local0,local1,phi,theta,time,var_local0,var_local1,var_phi,var_theta,var_time
0,255,unknown,-260.65567016601562,-364.90359497070312,-0.00070517731364816427,1.5717017650604248,0,0.0025000001769512892,0.0025000001769512892,0,0,0
1,511,unknown,-260.6837158203125,-364.94818115234375,-0.00061341800028458238,1.5714093446731567,0,0.0025000001769512892,0.0025000001769512892,0,0,0
2,767,unknown,-260.73876953125,-364.9246826171875,-0.00051979813724756241,1.572304368019104,0,0.0025000001769512892,0.0025000001769512892,0,0,0
3,1023,unknown,-260.71929931640625,-365.01388549804688,-0.0004129091976210475,1.5721452236175537,0,0.0025000001769512892,0.0025000001769512892,0,0,0
4,1279,unknown,-260.71630859375,-365.03057861328125,-0.00091439555399119854,1.5725551843643188,0,0.0025000001769512892,0.0025000001769512892,0,0,0
5,1535,unknown,-260.68630981445312,-365.09197998046875,-0.00028388129430823028,1.5730794668197632,0,0.0025000001769512892,0.0025000001769512892,0,0,0
6,1791,unknown,-260.71102905273438,-365.13156127929688,0.00074459443567320704,1.5736901760101318,0,0.0025000001769512892,0.0025000001769512892,0,0,0
7,2047,unknown,-260.72140502929688,-365.16543579101562,-9.8681215604301542e-05,1.5724951028823853,0,0.0025000001769512892,0.0025000001769512892,0,0,0
8,2303,unknown,-260.78369140625,-365.21087646484375,0.000240391178522259,1.5721653699874878,0,0.0025000001769512892,0.0025000001769512892,0,0,0
