particle_id,geometry_id,tx,ty,tz,tt,tpx,tpy,tpz,te,deltapx,deltapy,deltapz,deltae,index
0,255,20,82.247802734375,268.9478759765625,0,0.99978405237197876,0.00042251838021911681,0.0004070873255841434,0,0,0,0,0,0
0,511,40,82.256202697753906,268.95608520507812,0,0.99967145919799805,0.00074315140955150127,-0.00074735993985086679,0,0,0,0,0,0
0,767,60,82.271156311035156,268.94122314453125,0,0.99930846691131592,0.001934445695951581,-0.0007823513587936759,0,0,0,0,0,0
0,1023,80,82.309967041015625,268.92581176757812,0,0.99911242723464966,0.0018532106187194586,-0.00073193601565435529,0,0,0,0,0,0
0,1279,100,82.347152709960938,268.911376953125,0,0.99893391132354736,0.0011669564992189407,0.00068491772981360555,0,0,0,0,0,0
0,1535,120,82.370437622070312,268.92523193359375,0,0.99875938892364502,0.0013604239793494344,0.0010929415002465248,0,0,0,0,0,0
0,1791,140,82.397544860839844,268.94729614257812,0,0.99858635663986206,0.0014586910838261247,0.00097156845731660724,0,0,0,0,0,0
0,2047,160,82.426643371582031,268.9669189453125,0,0.99846011400222778,0.0022921389900147915,0.0013135283952578902,0,0,0,0,0,0
0,2303,180,82.472396850585938,268.99349975585938,0,0.99825996160507202,0.00241674087010324,0.001161775435321033,0,0,0,0,0,0
