measurement_id,geometry_id,local_key,local0,local1,phi,theta,time,var_local0,var_local1,var_phi,var_theta,var_time
0,255,unknown,-44.790271759033203,165.75531005859375,0.00058664765674620867,1.5703729391098022,0,0.0025000001769512892,0.0025000001769512892,0,0,0
1,511,unknown,-44.786018371582031,165.71870422363281,0.00064887059852480888,1.5702793598175049,0,0.0025000001769512892,0.0025000001769512892,0,0,0
2,767,unknown,-44.829872131347656,165.73806762695312,3.4938828321173787e-05,1.5708397626876831,0,0.0025000001769512892,0.0025000001769512892,0,0,0
3,1023,unknown,-44.871334075927734,165.75462341308594,-0.0015471581136807799,1.5724414587020874,0,0.0025000001769512892,0.0025000001769512892,0,0,0
4,1279,unknown,-44.738750457763672,165.69711303710938,-0.0019264069851487875,1.571844220161438,0,0.0025000001769512892,0.0025000001769512892,0,0,0
5,1535,unknown,-44.92169189453125,165.67254638671875,-0.00050928816199302673,1.5730695724487305,0,0.0025000001769512892,0.0025000001769512892,0,0,0
6,1791,unknown,-44.941986083984375,165.66786193847656,-0.0023059528321027756,1.5729167461395264,0,0.0025000001769512892,0.0025000001769512892,0,0,0
7,2047,unknown,-44.957447052001953,165.6007080078125,-0.0031758218538016081,1.5729442834854126,0,0.0025000001769512892,0.0025000001769512892,0,0,0
8,2303,unknown,-45.005870819091797,165.50846862792969,-0.0031052650883793831,1.5715771913528442,0,0.0025000001769512892,0.0025000001769512892,0,0,0
