measurement_id,geometry_id,local_key,local0,local1,phi,theta,time,var_local0,var_local1,var_phi,var_theta,var_time
0,255,unknown,-123.78716278076172,182.23982238769531,-0.0017205059994012117,1.5699291229248047,0,0.0025000001769512892,0.0025000001769512892,0,0,0
1,511,unknown,-123.70628356933594,182.29010009765625,-0.0014025488635525107,1.5685104131698608,0,0.0025000001769512892,0.0025000001769512892,0,0,0
2,767,unknown,-123.93027496337891,182.38888549804688,-0.0030546276830136776,1.5680012702941895,0,0.0025000001769512892,0.0025000001769512892,0,0,0
3,1023,unknown,-123.86885833740234,182.4271240234375,-0.0023792472202330828,1.5664308071136475,0,0.0025000001769512892,0.0025000001769512892,0,0,0
4,1279,unknown,-123.94671630859375,182.41926574707031,-0.0024134835693985224,1.5666553974151611,0,0.0025000001769512892,0.0025000001769512892,0,0,0
5,1535,unknown,-123.89488983154297,182.55033874511719,-0.0019589962903410196,1.5669709444046021,0,0.0025000001769512892,0.0025000001769512892,0,0,0
6,1791,unknown,-124.14405822753906,182.6153564453125,-0.0016312315128743649,1.5658187866210938,0,0.0025000001769512892,0.0025000001769512892,0,0,0
7,2047,unknown,-124.00831604003906,182.73445129394531,-0.0020933640189468861,1.565502405166626,0,0.0025000001769512892,0.0025000001769512892,0,0,0
8,2303,unknown,-124.07455444335938,182.86410522460938,-0.0021618523169308901,1.5654131174087524,0,0.0025000001769512892,0.0025000001769512892,0,0,0
