particle_id,geometry_id,tx,ty,tz,tt,tpx,tpy,tpz,te,deltapx,deltapy,deltapz,deltae,index
0,255,20,-149.32389831542969,46.934680938720703,0,0.99981182813644409,0.00032107403967529535,-0.0020314676221460104,0,0,0,0,0,0
0,511,40,-149.31723022460938,46.894084930419922,0,0.9996764063835144,0.00036042998544871807,-0.00068408373044803739,0,0,0,0,0,0
0,767,60,-149.3099365234375,46.880443572998047,0,0.99951088428497314,0.00033880033879540861,-0.00057601963635534048,0,0,0,0,0,0
0,1023,80,-149.30308532714844,46.86895751953125,0,0.99936819076538086,0.00027611406403593719,-0.0014524071011692286,0,0,0,0,0,0
0,1279,100,-149.29737854003906,46.839923858642578,0,0.99906462430953979,0.00029213499510660768,-0.0014095669612288475,0,0,0,0,0,0
0,1535,120,-149.29136657714844,46.811740875244141,0,0.99888938665390015,0.00029989052563905716,0.00058367132442072034,0,0,0,0,0,0
0,1791,140,-149.28543090820312,46.823463439941406,0,0.99873906373977661,0.0012132038827985525,-0.00045080127893015742,0,0,0,0,0,0
0,2047,160,-149.26107788085938,46.814582824707031,0,0.99667191505432129,0.0012127116788178682,-0.00044071965385228395,0,0,0,0,0,0
0,2303,180,-149.2366943359375,46.805885314941406,0,0.99654084444046021,0.001005074824206531,-0.00032305260538123548,0,0,0,0,0,0
