particle_id,geometry_id,tx,ty,tz,tt,tpx,tpy,tpz,te,deltapx,deltapy,deltapz,deltae,index
0,255,20,134.18968200683594,-40.987949371337891,0,0.99983245134353638,0.00091563002206385136,0.00051592709496617317,0,0,0,0,0,0
0,511,40,134.20793151855469,-40.977519989013672,0,0.99948477745056152,0.00088103400776162744,0.00061297242064028978,0,0,0,0,0,0
0,767,60,134.22549438476562,-40.96514892578125,0,0.99923652410507202,0.00083074573194608092,0.00132622045930475,0,0,0,0,0,0
0,1023,80,134.24195861816406,-40.938503265380859,0,0.9989703893661499,-0.0011802550870925188,-0.0012899907305836678,0,0,0,0,0,0
0,1279,100,134.21849060058594,-40.964469909667969,0,0.99882489442825317,-0.00046572968130931258,-0.0025387238711118698,0,0,0,0,0,0
0,1535,120,134.20947265625,-41.015357971191406,0,0.99821245670318604,0.00041837454773485661,-0.0021556634455919266,0,0,0,0,0,0
0,1791,140,134.21810913085938,-41.058498382568359,0,0.99806952476501465,-0.00068861688487231731,-0.0027144413907080889,0,0,0,0,0,0
0,2047,160,134.20463562011719,-41.112972259521484,0,0.99787765741348267,0.00106819998472929,-0.0025873500853776932,0,0,0,0,0,0
0,2303,180,134.22634887695312,-41.164699554443359,0,0.9977182149887085,-0.00030872944626025856,-0.0049171890132129192,0,0,0,0,0,0
