measurement_id,geometry_id,local_key,local0,local1,phi,theta,time,var_local0,var_local1,var_phi,var_theta,var_time
0,255,unknown,-23.272304534912109,-27.544130325317383,-0.00014231271052267402,1.5712329149246216,0,0.0025000001769512892,0.0025000001769512892,0,0,0
1,511,unknown,-23.204120635986328,-27.510217666625977,-0.00084688217611983418,1.5722247362136841,0,0.0025000001769512892,0.0025000001769512892,0,0,0
2,767,unknown,-23.315465927124023,-27.589273452758789,0.00015107434592209756,1.5723754167556763,0,0.0025000001769512892,0.0025000001769512892,0,0,0
3,1023,unknown,-23.259029388427734,-27.51092529296875,0.0020571236964315176,1.5744743347167969,0,0.0025000001769512892,0.0025000001769512892,0,0,0
4,1279,unknown,-23.215250015258789,-27.7010498046875,0.0037584591191262007,1.5751522779464722,0,0.0025000001769512892,0.0025000001769512892,0,0,0
5,1535,unknown,-23.063369750976562,-27.733858108520508,0.0031959351617842913,1.5764963626861572,0,0.0025000001769512892,0.0025000001769512892,0,0,0
6,1791,unknown,-23.131654739379883,-27.879865646362305,0.0012803418794646859,1.5751769542694092,0,0.0025000001769512892,0.0025000001769512892,0,0,0
7,2047,unknown,-23.042881011962891,-27.895429611206055,0.0018200784688815475,1.5746555328369141,0,0.0025000001769512892,0.0025000001769512892,0,0,0
8,2303,unknown,-22.995916366577148,-28.075654983520508,0.0035427303519099951,1.5748203992843628,0,0.0025000001769512892,0.0025000001769512892,0,0,0
