particle_id,particle_type,process,vx,vy,vz,vt,px,py,pz,m,q
0,0,0,0,128.92015075683594,-319.37081909179688,0,1,0,-4.3711388286737929e-08,0,-1
