particle_id,particle_type,process,vx,vy,vz,vt,px,py,pz,m,q
0,0,0,0,147.19801330566406,-128.90016174316406,0,1,0,-4.3711388286737929e-08,0,-1
