measurement_id,geometry_id,local_key,local0,local1,phi,theta,time,var_local0,var_local1,var_phi,var_theta,var_time
0,255,unknown,-254.14369201660156,366.31588745117188,0.00066295446595177054,1.5703824758529663,0,0.0025000001769512892,0.0025000001769512892,0,0,0
1,511,unknown,-254.27310180664062,366.316650390625,0.00045874860370531678,1.5705780982971191,0,0.0025000001769512892,0.0025000001769512892,0,0,0
2,767,unknown,-254.2701416015625,366.25869750976562,0.0012572220293805003,1.5706385374069214,0,0.0025000001769512892,0.0025000001769512892,0,0,0
3,1023,unknown,-254.16574096679688,366.29385375976562,0.0019753859378397465,1.5717118978500366,0,0.0025000001769512892,0.0025000001769512892,0,0,0
4,1279,unknown,-254.07203674316406,366.29171752929688,0.001485754270106554,1.5715298652648926,0,0.0025000001769512892,0.0025000001769512892,0,0,0
5,1535,unknown,-254.14607238769531,366.1953125,0.0017920987447723746,1.5718123912811279,0,0.0025000001769512892,0.0025000001769512892,0,0,0
6,1791,unknown,-254.0391845703125,366.2283935546875,0.0012140139006078243,1.5691502094268799,0,0.0025000001769512892,0.0025000001769512892,0,0,0
7,2047,unknown,-253.99003601074219,366.29061889648438,0.00091641605831682682,1.5682386159896851,0,0.0025000001769512892,0.0025000001769512892,0,0,0
8,2303,unknown,-254.0484619140625,366.26812744140625,0.0011570439673960209,1.5686188936233521,0,0.0025000001769512892,0.0025000001769512892,0,0,0
