measurement_id,geometry_id,local_key,local0,local1,phi,theta,time,var_local0,var_local1,var_phi,var_theta,var_time
0,255,unknown,250.65130615234375,71.362457275390625,-0.00096709560602903366,1.571847677230835,0,0.0025000001769512892,0.0025000001769512892,0,0,0
1,511,unknown,250.67694091796875,71.358802795410156,-0.0022895943839102983,1.5702224969863892,0,0.0025000001769512892,0.0025000001769512892,0,0,0
2,767,unknown,250.65901184082031,71.352157592773438,-0.0023460050579160452,1.5701020956039429,0,0.0025000001769512892,0.0025000001769512892,0,0,0
3,1023,unknown,250.64891052246094,71.272857666015625,-0.0026064589619636536,1.5701760053634644,0,0.0025000001769512892,0.0025000001769512892,0,0,0
4,1279,unknown,250.45806884765625,71.298004150390625,-0.0024273123126477003,1.5702738761901855,0,0.0025000001769512892,0.0025000001769512892,0,0,0
5,1535,unknown,250.43486022949219,71.363265991210938,-0.0023649458307772875,1.5703974962234497,0,0.0025000001769512892,0.0025000001769512892,0,0,0
6,1791,unknown,250.42335510253906,71.294700622558594,-0.0022968510165810585,1.5705373287200928,0,0.0025000001769512892,0.0025000001769512892,0,0,0
7,2047,unknown,250.44755554199219,71.337226867675781,-0.0026474990881979465,1.5708202123641968,0,0.0025000001769512892,0.0025000001769512892,0,0,0
8,2303,unknown,250.33392333984375,71.339347839355469,-0.0028291847556829453,1.5711103677749634,0,0.0025000001769512892,0.0025000001769512892,0,0,0
