particle_id,geometry_id,tx,ty,tz,tt,tpx,tpy,tpz,te,deltapx,deltapy,deltapz,deltae,index
0,255,20,-409.31640625,-67.376373291015625,0,0.99972546100616455,0.00021426919556688517,-0.0007568150176666677,0,0,0,0,0,0
0,511,40,-409.31204223632812,-67.391487121582031,0,0.99951845407485962,-4.9987735110335052e-05,-0.0011404468677937984,0,0,0,0,0,0
0,767,60,-409.31289672851562,-67.414314270019531,0,0.99925482273101807,-0.00040004574111662805,-0.0010810623643919826,0,0,0,0,0,0
0,1023,80,-409.32077026367188,-67.435997009277344,0,0.99909263849258423,0.00060440099332481623,-0.0022938165348023176,0,0,0,0,0,0
0,1279,100,-409.30841064453125,-67.481842041015625,0,0.99888026714324951,0.0006357768434099853,-0.0023922815453261137,0,0,0,0,0,0
0,1535,120,-409.29537963867188,-67.5296630859375,0,0.99876099824905396,0.00075478712096810341,-0.0018358569359406829,0,0,0,0,0,0
0,1791,140,-409.28005981445312,-67.566337585449219,0,0.99844157695770264,0.00065957923652604222,-0.002936601173132658,0,0,0,0,0,0
0,2047,160,-409.2664794921875,-67.625083923339844,0,0.99824988842010498,0.00048657864681445062,-0.002738970099017024,0,0,0,0,0,0
0,2303,180,-409.25640869140625,-67.679901123046875,0,0.99812275171279907,0.00034503653296269476,-0.0021950919181108475,0,0,0,0,0,0
