particle_id,geometry_id,tx,ty,tz,tt,tpx,tpy,tpz,te,deltapx,deltapy,deltapz,deltae,index
0,255,20,-212.63766479492188,61.9000244140625,0,0.99976891279220581,-0.00029867654666304588,-0.00033399098902009428,0,0,0,0,0,0
0,511,40,-212.64360046386719,61.893306732177734,0,0.99964398145675659,0.00034198260982520878,0.00042681203922256827,0,0,0,0,0,0
0,767,60,-212.63681030273438,61.901885986328125,0,0.99945878982543945,0.00013137134374119341,0.0021545737981796265,0,0,0,0,0,0
0,1023,80,-212.63444519042969,61.945014953613281,0,0.99925202131271362,0.00076242286013439298,0.0022535945754498243,0,0,0,0,0,0
0,1279,100,-212.61946105957031,61.990211486816406,0,0.99910342693328857,0.00032631342764943838,0.002929050475358963,0,0,0,0,0,0
0,1535,120,-212.61328125,62.048881530761719,0,0.99897325038909912,0.0013598409714177251,0.0030531184747815132,0,0,0,0,0,0
0,1791,140,-212.58642578125,62.11016845703125,0,0.99842661619186401,0.00089424103498458862,0.0036271610297262669,0,0,0,0,0,0
0,2047,160,-212.56895446777344,62.182929992675781,0,0.99826240539550781,0.00096108880825340748,0.003619067370891571,0,0,0,0,0,0
0,2303,180,-212.55014038085938,62.255550384521484,0,0.99808228015899658,0.0015195163432508707,0.0038382965140044689,0,0,0,0,0,0
