measurement_id,geometry_id,local_key,local0,local1,phi,theta,time,var_local0,var_local1,var_phi,var_theta,var_time
0,255,unknown,258.47622680664062,-319.582763671875,0.0003599229094106704,1.572413444519043,0,0.0025000001769512892,0.0025000001769512892,0,0,0
1,511,unknown,258.52603149414062,-319.57998657226562,0.0001224541338160634,1.5716780424118042,0,0.0025000001769512892,0.0025000001769512892,0,0,0
2,767,unknown,258.55987548828125,-319.55477905273438,0.00011052106856368482,1.5715057849884033,0,0.0025000001769512892,0.0025000001769512892,0,0,0
3,1023,unknown,258.55902099609375,-319.64111328125,0.00011527238530106843,1.5714882612228394,0,0.0025000001769512892,0.0025000001769512892,0,0,0
4,1279,unknown,258.63604736328125,-319.676025390625,-9.8939890449400991e-05,1.5713837146759033,0,0.0025000001769512892,0.0025000001769512892,0,0,0
5,1535,unknown,258.54843139648438,-319.666748046875,-0.00048392234020866454,1.5708296298980713,0,0.0025000001769512892,0.0025000001769512892,0,0,0
6,1791,unknown,258.55709838867188,-319.62881469726562,-0.00060592649970203638,1.571237325668335,0,0.0025000001769512892,0.0025000001769512892,0,0,0
7,2047,unknown,258.62930297851562,-319.59808349609375,-0.0009871763177216053,1.5719393491744995,0,0.0025000001769512892,0.0025000001769512892,0,0,0
8,2303,unknown,258.56402587890625,-319.62896728515625,-0.0031107098329812288,1.5726931095123291,0,0.0025000001769512892,0.0025000001769512892,0,0,0
