particle_id,geometry_id,tx,ty,tz,tt,tpx,tpy,tpz,te,deltapx,deltapy,deltapz,deltae,index
0,255,20,-481.45870971679688,173.58918762207031,0,0.99981701374053955,0.00022157556668389589,-0.00063972297357395291,0,0,0,0,0,0
0,511,40,-481.45419311523438,173.576416015625,0,0.99964392185211182,-6.6461790993344039e-05,-0.00095433206297457218,0,0,0,0,0,0
0,767,60,-481.45541381835938,173.55731201171875,0,0.99948859214782715,-0.0019665223080664873,-0.00097086635651066899,0,0,0,0,0,0
0,1023,80,-481.49465942382812,173.53764343261719,0,0.99936157464981079,-0.002090630354359746,-0.001428097253665328,0,0,0,0,0,0
0,1279,100,-481.53631591796875,173.50881958007812,0,0.99887090921401978,-0.0015129668172448874,-0.0017161517171189189,0,0,0,0,0,0
0,1535,120,-481.56640625,173.47427368164062,0,0.9986758828163147,-0.0023454364854842424,-0.00086816935800015926,0,0,0,0,0,0
0,1791,140,-481.61328125,173.45660400390625,0,0.99849379062652588,-0.0023266240023076534,-5.658292502630502e-05,0,0,0,0,0,0
0,2047,160,-481.65988159179688,173.45518493652344,0,0.99835926294326782,-0.0025418507866561413,-9.061335731530562e-05,0,0,0,0,0,0
0,2303,180,-481.71078491210938,173.45306396484375,0,0.99823629856109619,-0.0024419538676738739,-0.00018270770669914782,0,0,0,0,0,0
