measurement_id,geometry_id,local_key,local0,local1,phi,theta,time,var_local0,var_local1,var_phi,var_theta,var_time
0,255,unknown,-70.534622192382812,143.76242065429688,-0.00099053827580064535,1.5705164670944214,0,0.0025000001769512892,0.0025000001769512892,0,0,0
1,511,unknown,-70.424484252929688,143.6873779296875,-0.0013007431989535689,1.5711722373962402,0,0.0025000001769512892,0.0025000001769512892,0,0,0
2,767,unknown,-70.532722473144531,143.74635314941406,0.00028589091380126774,1.5712177753448486,0,0.0025000001769512892,0.0025000001769512892,0,0,0
3,1023,unknown,-70.51165771484375,143.78683471679688,0.00027104531181976199,1.5704807043075562,0,0.0025000001769512892,0.0025000001769512892,0,0,0
4,1279,unknown,-70.582672119140625,143.85482788085938,-0.00016154091281350702,1.5711699724197388,0,0.0025000001769512892,0.0025000001769512892,0,0,0
5,1535,unknown,-70.6168212890625,143.80377197265625,1.2147300367360003e-05,1.5712506771087646,0,0.0025000001769512892,0.0025000001769512892,0,0,0
6,1791,unknown,-70.455665588378906,143.71646118164062,0.00012215394235681742,1.5718449354171753,0,0.0025000001769512892,0.0025000001769512892,0,0,0
7,2047,unknown,-70.634574890136719,143.72401428222656,0.00027710574795491993,1.571811318397522,0,0.0025000001769512892,0.0025000001769512892,0,0,0
8,2303,unknown,-70.517570495605469,143.72146606445312,0.00046972517156973481,1.5718537569046021,0,0.0025000001769512892,0.0025000001769512892,0,0,0
