particle_id,particle_type,process,vx,vy,vz,vt,px,py,pz,m,q
0,0,0,0,43.835517883300781,-48.173042297363281,0,1,0,-4.3711388286737929e-08,0,-1
