measurement_id,geometry_id,local_key,local0,local1,phi,theta,time,var_local0,var_local1,var_phi,var_theta,var_time
0,255,unknown,198.7823486328125,-512.5008544921875,0.00013873401621822268,1.5708121061325073,0,0.0025000001769512892,0.0025000001769512892,0,0,0
1,511,unknown,198.7947998046875,-512.59710693359375,0.00018046004697680473,1.5708175897598267,0,0.0025000001769512892,0.0025000001769512892,0,0,0
2,767,unknown,198.89712524414062,-512.44061279296875,-0.0004601280961651355,1.570648193359375,0,0.0025000001769512892,0.0025000001769512892,0,0,0
3,1023,unknown,198.76710510253906,-512.48089599609375,-0.00013988355931360275,1.5705184936523438,0,0.0025000001769512892,0.0025000001769512892,0,0,0
4,1279,unknown,198.77951049804688,-512.50946044921875,-0.0002630928938742727,1.5700614452362061,0,0.0025000001769512892,0.0025000001769512892,0,0,0
5,1535,unknown,198.80886840820312,-512.58251953125,0.00039305395330302417,1.5696083307266235,0,0.0025000001769512892,0.0025000001769512892,0,0,0
6,1791,unknown,198.89637756347656,-512.4329833984375,-0.00083756214007735252,1.5715808868408203,0,0.0025000001769512892,0.0025000001769512892,0,0,0
7,2047,unknown,198.81510925292969,-512.51318359375,-0.00024892052169889212,1.5714155435562134,0,0.0025000001769512892,0.0025000001769512892,0,0,0
8,2303,unknown,198.76394653320312,-512.51385498046875,-0.00035081952228210866,1.5710711479187012,0,0.0025000001769512892,0.0025000001769512892,0,0,0
