particle_id,geometry_id,tx,ty,tz,tt,tpx,tpy,tpz,te,deltapx,deltapy,deltapz,deltae,index
0,255,20,-269.57150268554688,-49.845306396484375,0,0.99979192018508911,0.00038797745946794748,0.00030864414293318987,0,0,0,0,0,0
0,511,40,-269.56378173828125,-49.839084625244141,0,0.99965041875839233,0.0018211840651929379,0.00057470274623483419,0,0,0,0,0,0
0,767,60,-269.52740478515625,-49.827369689941406,0,0.99938303232192993,0.00094657443696632981,-0.00041404060903005302,0,0,0,0,0,0
0,1023,80,-269.5084228515625,-49.835540771484375,0,0.99919766187667847,0.001274636248126626,-0.000476022221846506,0,0,0,0,0,0
0,1279,100,-269.48284912109375,-49.844917297363281,0,0.99888700246810913,0.0011039325036108494,-0.00045265414519235492,0,0,0,0,0,0
0,1535,120,-269.460693359375,-49.853847503662109,0,0.99869966506958008,0.0011204485781490803,-0.00080758950207382441,0,0,0,0,0,0
0,1791,140,-269.43817138671875,-49.869884490966797,0,0.99851691722869873,0.0013144839322194457,-0.00046069984091445804,0,0,0,0,0,0
0,2047,160,-269.41177368164062,-49.878952026367188,0,0.99838495254516602,-0.00082913006190210581,-0.0013575501507148147,0,0,0,0,0,0
0,2303,180,-269.42822265625,-49.906246185302734,0,0.99816560745239258,-0.00024633455905131996,-0.0010933299781754613,0,0,0,0,0,0
