particle_id,particle_type,process,vx,vy,vz,vt,px,py,pz,m,q
0,0,0,0,-17.559579849243164,-51.351547241210938,0,1,0,-4.3711388286737929e-08,0,-1
