measurement_id,geometry_id,local_key,local0,local1,phi,theta,time,var_local0,var_local1,var_phi,var_theta,var_time
0,255,unknown,363.37869262695312,205.19935607910156,-6.6107939346693456e-05,1.5711178779602051,0,0.0025000001769512892,0.0025000001769512892,0,0,0
1,511,unknown,363.33306884765625,205.13285827636719,-0.0007316076080314815,1.5737240314483643,0,0.0025000001769512892,0.0025000001769512892,0,0,0
2,767,unknown,363.39569091796875,205.19129943847656,-5.4945894589764066e-06,1.5734492540359497,0,0.0025000001769512892,0.0025000001769512892,0,0,0
3,1023,unknown,363.38369750976562,205.06455993652344,3.3069627534132451e-06,1.5733649730682373,0,0.0025000001769512892,0.0025000001769512892,0,0,0
4,1279,unknown,363.33096313476562,204.98248291015625,0.00025465726503171027,1.5736167430877686,0,0.0025000001769512892,0.0025000001769512892,0,0,0
5,1535,unknown,363.3360595703125,205.03196716308594,-2.145962935173884e-05,1.573782205581665,0,0.0025000001769512892,0.0025000001769512892,0,0,0
6,1791,unknown,363.4326171875,204.85981750488281,0.0015016093384474516,1.5732756853103638,0,0.0025000001769512892,0.0025000001769512892,0,0,0
7,2047,unknown,363.4188232421875,204.95317077636719,0.0010138914221897721,1.5745670795440674,0,0.0025000001769512892,0.0025000001769512892,0,0,0
8,2303,unknown,363.4827880859375,204.78077697753906,0.00054058129899203777,1.5752547979354858,0,0.0025000001769512892,0.0025000001769512892,0,0,0
