particle_id,particle_type,process,vx,vy,vz,vt,px,py,pz,m,q
0,0,0,0,-82.500770568847656,6.8936176300048828,0,1,0,-4.3711388286737929e-08,0,-1
