particle_id,geometry_id,tx,ty,tz,tt,tpx,tpy,tpz,te,deltapx,deltapy,deltapz,deltae,index
0,255,20,104.72364807128906,341.21414184570312,0,0.99985283613204956,0.00038037283229641616,-0.0012130587128922343,0,0,0,0,0,0
0,511,40,104.73139953613281,341.18991088867188,0,0.99923425912857056,3.7099460314493626e-05,-0.0017403594683855772,0,0,0,0,0,0
0,767,60,104.73235321044922,341.15509033203125,0,0.99896436929702759,0.00073214538861066103,-0.0014668253716081381,0,0,0,0,0,0
0,1023,80,104.74718475341797,341.12582397460938,0,0.99870806932449341,0.0021272751037031412,-0.002148880623281002,0,0,0,0,0,0
0,1279,100,104.7900390625,341.08303833007812,0,0.99854832887649536,0.0023016431368887424,-0.0011576745891943574,0,0,0,0,0,0
0,1535,120,104.83627319335938,341.06011962890625,0,0.99832040071487427,0.003143558744341135,-0.0018651650752872229,0,0,0,0,0,0
0,1791,140,104.89947509765625,341.02313232421875,0,0.9981541633605957,0.0033214560244232416,-0.0015567898517474532,0,0,0,0,0,0
0,2047,160,104.96620941162109,340.99234008789062,0,0.99800235033035278,0.0035556713119149208,-0.0010715050157159567,0,0,0,0,0,0
0,2303,180,105.03759002685547,340.97128295898438,0,0.99783444404602051,0.0042219320312142372,-0.0006972225965000689,0,0,0,0,0,0
