particle_id,geometry_id,tx,ty,tz,tt,tpx,tpy,tpz,te,deltapx,deltapy,deltapz,deltae,index
0,255,20,57.057548522949219,-192.72781372070312,0,0.99974709749221802,-0.00085638253949582577,-0.00045673837303183973,0,0,0,0,0,0
0,511,40,57.040470123291016,-192.737060546875,0,0.99953931570053101,-0.0022689609322696924,7.0495872932951897e-05,0,0,0,0,0,0
0,767,60,56.995063781738281,-192.73591613769531,0,0.99935454130172729,-0.0024684448726475239,-0.00037626479752361774,0,0,0,0,0,0
0,1023,80,56.945709228515625,-192.74374389648438,0,0.9991910457611084,-0.0037971495185047388,0.0021391226910054684,0,0,0,0,0,0
0,1279,100,56.869449615478516,-192.70138549804688,0,0.9984126091003418,-0.0045087556354701519,0.0032893591560423374,0,0,0,0,0,0
0,1535,120,56.778736114501953,-192.63603210449219,0,0.99826180934906006,-0.0054783457890152931,0.0038603420834988356,0,0,0,0,0,0
0,1791,140,56.66851806640625,-192.55935668945312,0,0.99811911582946777,-0.0052532530389726162,0.004067777656018734,0,0,0,0,0,0
0,2047,160,56.562767028808594,-192.47848510742188,0,0.99794965982437134,-0.005090037826448679,0.0031432972755283117,0,0,0,0,0,0
0,2303,180,56.460380554199219,-192.41610717773438,0,0.99779915809631348,-0.0049280612729489803,0.0025220243260264397,0,0,0,0,0,0
