measurement_id,geometry_id,local_key,local0,local1,phi,theta,time,var_local0,var_local1,var_phi,var_theta,var_time
0,255,unknown,123.04071807861328,-402.28775024414062,-0.00046059029409661889,1.5692481994628906,0,0.0025000001769512892,0.0025000001769512892,0,0,0
1,511,unknown,122.83070373535156,-402.2630615234375,-0.0012194219743832946,1.5679233074188232,0,0.0025000001769512892,0.0025000001769512892,0,0,0
2,767,unknown,122.91698455810547,-402.18621826171875,-0.0033295152243226767,1.5675504207611084,0,0.0025000001769512892,0.0025000001769512892,0,0,0
3,1023,unknown,122.89151763916016,-402.20050048828125,-0.0038683773018419743,1.5666615962982178,0,0.0025000001769512892,0.0025000001769512892,0,0,0
4,1279,unknown,122.68496704101562,-402.0465087890625,-0.0045449868775904179,1.5667414665222168,0,0.0025000001769512892,0.0025000001769512892,0,0,0
5,1535,unknown,122.71068572998047,-402.01419067382812,-0.0045537156984210014,1.5664569139480591,0,0.0025000001769512892,0.0025000001769512892,0,0,0
6,1791,unknown,122.44793701171875,-401.9176025390625,-0.0049355225637555122,1.5690698623657227,0,0.0025000001769512892,0.0025000001769512892,0,0,0
7,2047,unknown,122.51450347900391,-401.86471557617188,-0.0045450218021869659,1.5678213834762573,0,0.0025000001769512892,0.0025000001769512892,0,0,0
8,2303,unknown,122.39496612548828,-401.85610961914062,-0.0050633638165891171,1.5699963569641113,0,0.0025000001769512892,0.0025000001769512892,0,0,0
