measurement_id,geometry_id,local_key,local0,local1,phi,theta,time,var_local0,var_local1,var_phi,var_theta,var_time
0,255,unknown,44.677829742431641,-17.44389533996582,-0.00026817343314178288,1.5704902410507202,0,0.0025000001769512892,0.0025000001769512892,0,0,0
1,511,unknown,44.744770050048828,-17.408187866210938,0.00085516186663880944,1.5690313577651978,0,0.0025000001769512892,0.0025000001769512892,0,0,0
2,767,unknown,44.735748291015625,-17.392946243286133,0.0012646112591028214,1.5694917440414429,0,0.0025000001769512892,0.0025000001769512892,0,0,0
3,1023,unknown,44.697269439697266,-17.37611198425293,0.00024628365645185113,1.5678277015686035,0,0.0025000001769512892,0.0025000001769512892,0,0,0
4,1279,unknown,44.757770538330078,-17.29222297668457,0.00015092220564838499,1.5677814483642578,0,0.0025000001769512892,0.0025000001769512892,0,0,0
5,1535,unknown,44.828540802001953,-17.256832122802734,-0.00042287094402126968,1.5683706998825073,0,0.0025000001769512892,0.0025000001769512892,0,0,0
6,1791,unknown,44.630119323730469,-17.198810577392578,-0.00097266532247886062,1.5685166120529175,0,0.0025000001769512892,0.0025000001769512892,0,0,0
7,2047,unknown,44.718734741210938,-17.208131790161133,-0.0017120161792263389,1.5687308311462402,0,0.0025000001769512892,0.0025000001769512892,0,0,0
8,2303,unknown,44.693740844726562,-17.154380798339844,-0.00041947478894144297,1.5682928562164307,0,0.0025000001769512892,0.0025000001769512892,0,0,0
