particle_id,particle_type,process,vx,vy,vz,vt,px,py,pz,m,q
0,0,0,0,27.90411376953125,-98.869300842285156,0,1,0,-4.3711388286737929e-08,0,-1
