measurement_id,geometry_id,local_key,local0,local1,phi,theta,time,var_local0,var_local1,var_phi,var_theta,var_time
0,255,unknown,268.67120361328125,-360.143798828125,-0.00098180945497006178,1.5689780712127686,0,0.0025000001769512892,0.0025000001769512892,0,0,0
1,511,unknown,268.64315795898438,-360.00433349609375,-0.0032151220366358757,1.5680555105209351,0,0.0025000001769512892,0.0025000001769512892,0,0,0
2,767,unknown,268.61907958984375,-359.97384643554688,-0.0037609855644404888,1.568040132522583,0,0.0025000001769512892,0.0025000001769512892,0,0,0
3,1023,unknown,268.53213500976562,-360.06805419921875,-0.0036935391835868359,1.5680569410324097,0,0.0025000001769512892,0.0025000001769512892,0,0,0
4,1279,unknown,268.478515625,-359.90142822265625,-0.0035273402463644743,1.5679965019226074,0,0.0025000001769512892,0.0025000001769512892,0,0,0
5,1535,unknown,268.33847045898438,-359.91036987304688,-0.0029425497632473707,1.567284107208252,0,0.0025000001769512892,0.0025000001769512892,0,0,0
6,1791,unknown,268.26947021484375,-359.70281982421875,-0.0038984075654298067,1.5658602714538574,0,0.0025000001769512892,0.0025000001769512892,0,0,0
7,2047,unknown,268.1575927734375,-359.6199951171875,-0.0039600408636033535,1.5662237405776978,0,0.0025000001769512892,0.0025000001769512892,0,0,0
8,2303,unknown,268.13491821289062,-359.59759521484375,-0.0032739376183599234,1.5656580924987793,0,0.0025000001769512892,0.0025000001769512892,0,0,0
