measurement_id,geometry_id,local_key,local0,local1,phi,theta,time,var_local0,var_local1,var_phi,var_theta,var_time
0,255,unknown,132.15231323242188,-3.5651485919952393,0.00075438048224896193,1.5690820217132568,0,0.0025000001769512892,0.0025000001769512892,0,0,0
1,511,unknown,132.2144775390625,-3.5432162284851074,-0.00065836013527587056,1.5702654123306274,0,0.0025000001769512892,0.0025000001769512892,0,0,0
2,767,unknown,132.14154052734375,-3.5742490291595459,-0.0013052803697064519,1.5701718330383301,0,0.0025000001769512892,0.0025000001769512892,0,0,0
3,1023,unknown,132.25054931640625,-3.4790680408477783,-0.0014985341113060713,1.5721436738967896,0,0.0025000001769512892,0.0025000001769512892,0,0,0
4,1279,unknown,132.12571716308594,-3.4598431587219238,-0.0023305809590965509,1.5721241235733032,0,0.0025000001769512892,0.0025000001769512892,0,0,0
5,1535,unknown,132.02314758300781,-3.541888952255249,-0.0022985415998846292,1.5717023611068726,0,0.0025000001769512892,0.0025000001769512892,0,0,0
6,1791,unknown,131.96430969238281,-3.617084264755249,-0.0038830919656902552,1.5712566375732422,0,0.0025000001769512892,0.0025000001769512892,0,0,0
7,2047,unknown,132.03511047363281,-3.5868635177612305,-0.003937253262847662,1.5697818994522095,0,0.0025000001769512892,0.0025000001769512892,0,0,0
8,2303,unknown,131.90608215332031,-3.6091358661651611,-0.0037217733915895224,1.5701301097869873,0,0.0025000001769512892,0.0025000001769512892,0,0,0
