particle_id,geometry_id,tx,ty,tz,tt,tpx,tpy,tpz,te,deltapx,deltapy,deltapz,deltae,index
0,255,20,23.086986541748047,-231.46456909179688,0,0.99986833333969116,-6.4001695136539638e-05,0.00027195608709007502,0,0,0,0,0,0
0,511,40,23.085674285888672,-231.45913696289062,0,0.99972563982009888,-0.00050459516933187842,-0.0011914527276530862,0,0,0,0,0,0
0,767,60,23.075723648071289,-231.4830322265625,0,0.99928474426269531,-0.00093425071099773049,-0.0021149758249521255,0,0,0,0,0,0
0,1023,80,23.057279586791992,-231.52546691894531,0,0.99913108348846436,-0.0013487382093444467,-0.0015241228975355625,0,0,0,0,0,0
0,1279,100,23.030464172363281,-231.55613708496094,0,0.99899578094482422,-0.0013496045721694827,-0.0015505925985053182,0,0,0,0,0,0
0,1535,120,23.003631591796875,-231.58734130859375,0,0.9988132119178772,-0.0013233455829322338,-0.001607342972420156,0,0,0,0,0,0
0,1791,140,22.977327346801758,-231.61968994140625,0,0.99863535165786743,-0.0012606721138581634,-0.0017245558556169271,0,0,0,0,0,0
0,2047,160,22.952287673950195,-231.65437316894531,0,0.99845892190933228,-0.00056619645329192281,-0.0019500425551086664,0,0,0,0,0,0
0,2303,180,22.941181182861328,-231.69349670410156,0,0.99830400943756104,-0.00055367359891533852,-0.002158955205231905,0,0,0,0,0,0
