particle_id,geometry_id,tx,ty,tz,tt,tpx,tpy,tpz,te,deltapx,deltapy,deltapz,deltae,index
0,255,20,76.733688354492188,-260.731689453125,0,0.99987602233886719,-0.00072484480915591121,6.7539593146648258e-05,0,0,0,0,0,0
0,511,40,76.719184875488281,-260.73043823242188,0,0.99954098463058472,-0.0015132551779970527,0.0013033903669565916,0,0,0,0,0,0
0,767,60,76.688751220703125,-260.70452880859375,0,0.99938732385635376,-0.0022046449594199657,0.00043671092134900391,0,0,0,0,0,0
0,1023,80,76.644577026367188,-260.696044921875,0,0.99923741817474365,-0.0014061836991459131,0.0012520116288214922,0,0,0,0,0,0
0,1279,100,76.616279602050781,-260.671142578125,0,0.99908185005187988,0.0002858103543985635,0.0029063581023365259,0,0,0,0,0,0
0,1535,120,76.621650695800781,-260.6129150390625,0,0.99890506267547607,0.00076590449316427112,0.0048653166741132736,0,0,0,0,0,0
0,1791,140,76.636398315429688,-260.51541137695312,0,0.99876308441162109,0.00011218466534046456,0.0061545791104435921,0,0,0,0,0,0
0,2047,160,76.637901306152344,-260.39215087890625,0,0.99860608577728271,0.00062159891240298748,0.0057376609183847904,0,0,0,0,0,0
0,2303,180,76.649658203125,-260.27716064453125,0,0.99840861558914185,0.0010310560464859009,0.0051359371282160282,0,0,0,0,0,0
