measurement_id,geometry_id,local_key,local0,local1,phi,theta,time,var_local0,var_local1,var_phi,var_theta,var_time
0,255,unknown,408.12051391601562,216.14256286621094,-0.00062622863333672285,1.5707077980041504,0,0.0025000001769512892,0.0025000001769512892,0,0,0
1,511,unknown,408.08425903320312,216.0721435546875,-0.00050407520029693842,1.5701026916503906,0,0.0025000001769512892,0.0025000001769512892,0,0,0
2,767,unknown,408.238037109375,216.05384826660156,9.5632291049696505e-05,1.5701520442962646,0,0.0025000001769512892,0.0025000001769512892,0,0,0
3,1023,unknown,408.14044189453125,216.10433959960938,-0.00080423027975484729,1.5696938037872314,0,0.0025000001769512892,0.0025000001769512892,0,0,0
4,1279,unknown,408.14761352539062,216.05616760253906,-0.00078292744001373649,1.5695804357528687,0,0.0025000001769512892,0.0025000001769512892,0,0,0
5,1535,unknown,408.15689086914062,216.15792846679688,-0.00076922017615288496,1.5695899724960327,0,0.0025000001769512892,0.0025000001769512892,0,0,0
6,1791,unknown,407.99624633789062,216.20164489746094,-0.00047845550579950213,1.5687255859375,0,0.0025000001769512892,0.0025000001769512892,0,0,0
7,2047,unknown,408.16302490234375,216.21940612792969,-0.0010941793443635106,1.5690639019012451,0,0.0025000001769512892,0.0025000001769512892,0,0,0
8,2303,unknown,408.02166748046875,216.28497314453125,0.001185746630653739,1.5696065425872803,0,0.0025000001769512892,0.0025000001769512892,0,0,0
