particle_id,geometry_id,tx,ty,tz,tt,tpx,tpy,tpz,te,deltapx,deltapy,deltapz,deltae,index
0,255,20,55.876266479492188,122.89860534667969,0,0.99961572885513306,3.1141924409894273e-05,0.00060328107792884111,0,0,0,0,0,0
0,511,40,55.876815795898438,122.91068267822266,0,0.99948734045028687,9.4455106591340154e-05,0.0004031537682749331,0,0,0,0,0,0
0,767,60,55.878658294677734,122.91876220703125,0,0.99895459413528442,-0.00071968865813687444,0.00026706332573667169,0,0,0,0,0,0
0,1023,80,55.864215850830078,122.92401885986328,0,0.99873071908950806,-0.00046165712410584092,0.0005269070970825851,0,0,0,0,0,0
0,1279,100,55.854907989501953,122.93451690673828,0,0.99860316514968872,-0.00051403237739577889,0.00083099422045052052,0,0,0,0,0,0
0,1535,120,55.844512939453125,122.95109558105469,0,0.99842667579650879,-0.00051704904763028026,0.0012051711091771722,0,0,0,0,0,0
0,1791,140,55.834011077880859,122.97517395019531,0,0.998291015625,-0.00026476485072635114,2.4947532438091002e-05,0,0,0,0,0,0
0,2047,160,55.828704833984375,122.97563934326172,0,0.99811875820159912,-0.00026018009521067142,0.00013571829185821116,0,0,0,0,0,0
0,2303,180,55.823474884033203,122.97832489013672,0,0.99791163206100464,-0.0011699432507157326,-1.5901056258371682e-06,0,0,0,0,0,0
