measurement_id,geometry_id,local_key,local0,local1,phi,theta,time,var_local0,var_local1,var_phi,var_theta,var_time
0,255,unknown,131.59550476074219,457.595947265625,0.00060568342451006174,1.5692558288574219,0,0.0025000001769512892,0.0025000001769512892,0,0,0
1,511,unknown,131.59732055664062,457.62857055664062,0.00019242960843257606,1.5698322057723999,0,0.0025000001769512892,0.0025000001769512892,0,0,0
2,767,unknown,131.53298950195312,457.66537475585938,6.6428205172996968e-05,1.5701603889465332,0,0.0025000001769512892,0.0025000001769512892,0,0,0
3,1023,unknown,131.60826110839844,457.59912109375,-8.4882976807421073e-06,1.5696263313293457,0,0.0025000001769512892,0.0025000001769512892,0,0,0
4,1279,unknown,131.52409362792969,457.719970703125,0.00051180931041017175,1.5687639713287354,0,0.0025000001769512892,0.0025000001769512892,0,0,0
5,1535,unknown,131.67965698242188,457.66998291015625,0.00025078622275032103,1.5686155557632446,0,0.0025000001769512892,0.0025000001769512892,0,0,0
6,1791,unknown,131.595703125,457.82196044921875,-4.3615287722786888e-05,1.5692284107208252,0,0.0025000001769512892,0.0025000001769512892,0,0,0
7,2047,unknown,131.60101318359375,457.74270629882812,5.8825553423957899e-05,1.5685124397277832,0,0.0025000001769512892,0.0025000001769512892,0,0,0
8,2303,unknown,131.54513549804688,457.79318237304688,3.134497455903329e-05,1.5681841373443604,0,0.0025000001769512892,0.0025000001769512892,0,0,0
