measurement_id,geometry_id,local_key,local0,local1,phi,theta,time,var_local0,var_local1,var_phi,var_theta,var_time
0,255,unknown,-37.809982299804688,-295.48715209960938,-0.0009355145157314837,1.5714666843414307,0,0.0025000001769512892,0.0025000001769512892,0,0,0
1,511,unknown,-37.892910003662109,-295.48947143554688,-0.0025943866930902004,1.5719237327575684,0,0.0025000001769512892,0.0025000001769512892,0,0,0
2,767,unknown,-37.969234466552734,-295.52212524414062,-0.002516923937946558,1.5720913410186768,0,0.0025000001769512892,0.0025000001769512892,0,0,0
3,1023,unknown,-37.993125915527344,-295.55331420898438,-0.0025660742539912462,1.5720393657684326,0,0.0025000001769512892,0.0025000001769512892,0,0,0
4,1279,unknown,-38.018894195556641,-295.50997924804688,-0.00045184142072685063,1.5717893838882446,0,0.0025000001769512892,0.0025000001769512892,0,0,0
5,1535,unknown,-38.074722290039062,-295.5567626953125,-0.00083205272676423192,1.5717726945877075,0,0.0025000001769512892,0.0025000001769512892,0,0,0
6,1791,unknown,-38.0543212890625,-295.61016845703125,-0.0016410798998549581,1.5709563493728638,0,0.0025000001769512892,0.0025000001769512892,0,0,0
7,2047,unknown,-38.157070159912109,-295.57281494140625,-0.0021512445528060198,1.5699886083602905,0,0.0025000001769512892,0.0025000001769512892,0,0,0
8,2303,unknown,-38.241359710693359,-295.62527465820312,-0.0019829850643873215,1.5701475143432617,0,0.0025000001769512892,0.0025000001769512892,0,0,0
