particle_id,particle_type,process,vx,vy,vz,vt,px,py,pz,m,q
0,0,0,0,-338.46572875976562,-249.2159423828125,0,1,0,-4.3711388286737929e-08,0,-1
