measurement_id,geometry_id,local_key,local0,local1,phi,theta,time,var_local0,var_local1,var_phi,var_theta,var_time
0,255,unknown,-185.330810546875,-109.93351745605469,3.2539726817049086e-05,1.5710899829864502,0,0.0025000001769512892,0.0025000001769512892,0,0,0
1,511,unknown,-185.45195007324219,-110.07910919189453,0.0011419535148888826,1.5705245733261108,0,0.0025000001769512892,0.0025000001769512892,0,0,0
2,767,unknown,-185.36761474609375,-110.00190734863281,0.0012328092707321048,1.5710818767547607,0,0.0025000001769512892,0.0025000001769512892,0,0,0
3,1023,unknown,-185.383056640625,-109.96553802490234,0.002311882097274065,1.5721571445465088,0,0.0025000001769512892,0.0025000001769512892,0,0,0
4,1279,unknown,-185.30093383789062,-110.03982543945312,0.0017909827874973416,1.571793794631958,0,0.0025000001769512892,0.0025000001769512892,0,0,0
5,1535,unknown,-185.21142578125,-110.08444976806641,0.0037329865153878927,1.5715659856796265,0,0.0025000001769512892,0.0025000001769512892,0,0,0
6,1791,unknown,-185.13551330566406,-110.12445068359375,0.0038407924585044384,1.5714437961578369,0,0.0025000001769512892,0.0025000001769512892,0,0,0
7,2047,unknown,-185.12107849121094,-110.12979888916016,0.0043647862039506435,1.5703743696212769,0,0.0025000001769512892,0.0025000001769512892,0,0,0
8,2303,unknown,-185.07853698730469,-110.01806640625,0.0039619538001716137,1.569448709487915,0,0.0025000001769512892,0.0025000001769512892,0,0,0
