particle_id,geometry_id,tx,ty,tz,tt,tpx,tpy,tpz,te,deltapx,deltapy,deltapz,deltae,index
0,255,20,220.23715209960938,115.55322265625,0,0.99973076581954956,-0.00094785040710121393,0.00042899444815702736,0,0,0,0,0,0
0,511,40,220.2181396484375,115.56169128417969,0,0.99935448169708252,-0.0033168790396302938,-0.00091820192756131291,0,0,0,0,0,0
0,767,60,220.15187072753906,115.54291534423828,0,0.99907445907592773,-0.0053233359940350056,-0.0015306072309613228,0,0,0,0,0,0
0,1023,80,220.04548645019531,115.51163482666016,0,0.99883008003234863,-0.0065832366235554218,-0.002005821093916893,0,0,0,0,0,0
0,1279,100,219.91390991210938,115.47068023681641,0,0.99864590167999268,-0.0072882706299424171,-0.002004389651119709,0,0,0,0,0,0
0,1535,120,219.7681884765625,115.42966461181641,0,0.99844229221343994,-0.0082525406032800674,-0.00379014085046947,0,0,0,0,0,0
0,1791,140,219.60333251953125,115.35275268554688,0,0.99833053350448608,-0.0084563968703150749,-0.0031001444440335035,0,0,0,0,0,0
0,2047,160,219.43429565429688,115.28962707519531,0,0.99800699949264526,-0.008515162393450737,-0.0032569053582847118,0,0,0,0,0,0
0,2303,180,219.26405334472656,115.22333526611328,0,0.99783962965011597,-0.0092354677617549896,-0.0036347862333059311,0,0,0,0,0,0
