particle_id,particle_type,process,vx,vy,vz,vt,px,py,pz,m,q
0,0,0,0,443.04727172851562,-112.799072265625,0,1,0,-4.3711388286737929e-08,0,-1
