measurement_id,geometry_id,local_key,local0,local1,phi,theta,time,var_local0,var_local1,var_phi,var_theta,var_time
0,255,unknown,-156.00471496582031,235.22879028320312,0.00046642785309813917,1.5715615749359131,0,0.0025000001769512892,0.0025000001769512892,0,0,0
1,511,unknown,-155.95663452148438,235.24220275878906,0.00048638079897500575,1.5714640617370605,0,0.0025000001769512892,0.0025000001769512892,0,0,0
2,767,unknown,-155.96432495117188,235.17977905273438,0.001572028617374599,1.5718750953674316,0,0.0025000001769512892,0.0025000001769512892,0,0,0
3,1023,unknown,-155.96925354003906,235.15560913085938,0.00077941652853041887,1.5724190473556519,0,0.0025000001769512892,0.0025000001769512892,0,0,0
4,1279,unknown,-155.91357421875,235.07730102539062,0.0010876993183046579,1.5740913152694702,0,0.0025000001769512892,0.0025000001769512892,0,0,0
5,1535,unknown,-155.85469055175781,235.08924865722656,0.00021501880837604403,1.5753931999206543,0,0.0025000001769512892,0.0025000001769512892,0,0,0
6,1791,unknown,-155.91522216796875,235.03846740722656,0.00050275406101718545,1.5757380723953247,0,0.0025000001769512892,0.0025000001769512892,0,0,0
7,2047,unknown,-155.90609741210938,234.822509765625,0.00038491518353112042,1.5754587650299072,0,0.0025000001769512892,0.0025000001769512892,0,0,0
8,2303,unknown,-155.91966247558594,234.72404479980469,0.00071865832433104515,1.5752750635147095,0,0.0025000001769512892,0.0025000001769512892,0,0,0
