particle_id,geometry_id,tx,ty,tz,tt,tpx,tpy,tpz,te,deltapx,deltapy,deltapz,deltae,index
0,255,20,104.83258056640625,-89.78717041015625,0,0.99987971782684326,0.00013867155939806253,-0.00013592594768851995,0,0,0,0,0,0
0,511,40,104.83537292480469,-89.789871215820312,0,0.99967265129089355,-1.9355798940523528e-05,-4.2944993765559047e-05,0,0,0,0,0,0
0,767,60,104.83499145507812,-89.790733337402344,0,0.99952757358551025,-0.00079606875078752637,0.0002598290448077023,0,0,0,0,0,0
0,1023,80,104.81903076171875,-89.785629272460938,0,0.99928188323974609,-0.00082145119085907936,0.0002631006354931742,0,0,0,0,0,0
0,1279,100,104.80255889892578,-89.780464172363281,0,0.9969678521156311,4.8598489229334518e-05,-9.2269496235530823e-05,0,0,0,0,0,0
0,1535,120,104.80354309082031,-89.782310485839844,0,0.9968407154083252,-0.0011112382635474205,0.00017891853349283338,0,0,0,0,0,0
0,1791,140,104.78122711181641,-89.778854370117188,0,0.99665850400924683,-0.00092379632405936718,-0.00012443868035916239,0,0,0,0,0,0
0,2047,160,104.76270294189453,-89.781463623046875,0,0.99650603532791138,-0.0009994459105655551,5.658497684635222e-06,0,0,0,0,0,0
0,2303,180,104.74264526367188,-89.781471252441406,0,0.99635797739028931,-0.00065450172405689955,0.0013878450263291597,0,0,0,0,0,0
