particle_id,geometry_id,tx,ty,tz,tt,tpx,tpy,tpz,te,deltapx,deltapy,deltapz,deltae,index
0,255,20,150.25161743164062,-144.22744750976562,0,0.9998621940612793,-0.00013814143312629312,0.00069949933094903827,0,0,0,0,0,0
0,511,40,150.24876403808594,-144.21347045898438,0,0.99972760677337646,-0.00020279041200410575,0.00059000076726078987,0,0,0,0,0,0
0,767,60,150.24462890625,-144.20169067382812,0,0.9995352029800415,-0.000179052643943578,-0.00066051376052200794,0,0,0,0,0,0
0,1023,80,150.24111938476562,-144.21493530273438,0,0.99933016300201416,0.0015277093043550849,-0.00075056019704788923,0,0,0,0,0,0
0,1279,100,150.27178955078125,-144.22976684570312,0,0.99908840656280518,0.00099295994732528925,-0.00095130107365548611,0,0,0,0,0,0
0,1535,120,150.29177856445312,-144.24868774414062,0,0.99895393848419189,0.00078110554022714496,-0.0013304578606039286,0,0,0,0,0,0
0,1791,140,150.30757141113281,-144.27522277832031,0,0.99882543087005615,0.0011704519856721163,-0.0012437237892299891,0,0,0,0,0,0
0,2047,160,150.33116149902344,-144.29998779296875,0,0.99865764379501343,0.0025863314513117075,-0.0012580421753227711,0,0,0,0,0,0
0,2303,180,150.38310241699219,-144.32487487792969,0,0.99853551387786865,0.0025615580379962921,-0.002644295571371913,0,0,0,0,0,0
