measurement_id,geometry_id,local_key,local0,local1,phi,theta,time,var_local0,var_local1,var_phi,var_theta,var_time
0,255,unknown,118.76139831542969,76.674064636230469,-0.00024661593488417566,1.5707801580429077,0,0.0025000001769512892,0.0025000001769512892,0,0,0
1,511,unknown,118.58153533935547,76.79052734375,-0.00068184064002707601,1.5701019763946533,0,0.0025000001769512892,0.0025000001769512892,0,0,0
2,767,unknown,118.51968383789062,76.725990295410156,-0.0013980634976178408,1.5689516067504883,0,0.0025000001769512892,0.0025000001769512892,0,0,0
3,1023,unknown,118.519287109375,76.783973693847656,-0.0017426288686692715,1.5685614347457886,0,0.0025000001769512892,0.0025000001769512892,0,0,0
4,1279,unknown,118.50914001464844,76.930412292480469,-0.0018308304715901613,1.5681918859481812,0,0.0025000001769512892,0.0025000001769512892,0,0,0
5,1535,unknown,118.45065307617188,76.915267944335938,-0.0019029197283089161,1.5674459934234619,0,0.0025000001769512892,0.0025000001769512892,0,0,0
6,1791,unknown,118.40587615966797,76.978195190429688,-0.0040804413147270679,1.5684548616409302,0,0.0025000001769512892,0.0025000001769512892,0,0,0
7,2047,unknown,118.34476470947266,77.076156616210938,-0.0034311271738260984,1.5692198276519775,0,0.0025000001769512892,0.0025000001769512892,0,0,0
8,2303,unknown,118.1282958984375,77.082382202148438,-0.003213029820472002,1.5692169666290283,0,0.0025000001769512892,0.0025000001769512892,0,0,0
