particle_id,geometry_id,tx,ty,tz,tt,tpx,tpy,tpz,te,deltapx,deltapy,deltapz,deltae,index
0,255,20,-85.417701721191406,-352.1536865234375,0,0.99978500604629517,0.0001610059553058818,0.00085164292249828577,0,0,0,0,0,0
0,511,40,-85.414581298828125,-352.13662719726562,0,0.99966180324554443,6.3427702116314322e-05,0.00083116005407646298,0,0,0,0,0,0
0,767,60,-85.413414001464844,-352.1199951171875,0,0.99950295686721802,0.00096788862720131874,0.0014404818648472428,0,0,0,0,0,0
0,1023,80,-85.394218444824219,-352.091064453125,0,0.99936175346374512,0.00023469681036658585,0.0015752559993416071,0,0,0,0,0,0
0,1279,100,-85.38970947265625,-352.05950927734375,0,0.99921047687530518,5.5407392210327089e-05,0.0013733551604673266,0,0,0,0,0,0
0,1535,120,-85.388763427734375,-352.03201293945312,0,0.99901336431503296,-0.00065057672327384353,0.0010175952920690179,0,0,0,0,0,0
0,1791,140,-85.401908874511719,-352.01171875,0,0.99884313344955444,-0.0010799431474879384,0.00040551371057517827,0,0,0,0,0,0
0,2047,160,-85.423583984375,-352.00372314453125,0,0.99855834245681763,-0.0012874162057414651,0.00023886466806288809,0,0,0,0,0,0
0,2303,180,-85.449394226074219,-351.99908447265625,0,0.99819016456604004,-0.0011434004409238696,0.00052233843598514795,0,0,0,0,0,0
