particle_id,particle_type,process,vx,vy,vz,vt,px,py,pz,m,q
0,0,0,0,48.027053833007812,117.79290771484375,0,1,0,-4.3711388286737929e-08,0,-1
