particle_id,geometry_id,tx,ty,tz,tt,tpx,tpy,tpz,te,deltapx,deltapy,deltapz,deltae,index
0,255,20,-308.0836181640625,-151.7789306640625,0,0.99984890222549438,-0.00064580002799630165,-0.00023759197210893035,0,0,0,0,0,0
0,511,40,-308.09649658203125,-151.78376770019531,0,0.99968206882476807,-0.00059712829533964396,-0.00037138184416107833,0,0,0,0,0,0
0,767,60,-308.1083984375,-151.79127502441406,0,0.99951171875,-0.0011097227688878775,3.7965528463246301e-05,0,0,0,0,0,0
0,1023,80,-308.130615234375,-151.7906494140625,0,0.99932843446731567,-0.0012378778774291277,5.5947100918274373e-05,0,0,0,0,0,0
0,1279,100,-308.1553955078125,-151.7896728515625,0,0.99916476011276245,-0.0022017296869307756,0.00098178046755492687,0,0,0,0,0,0
0,1535,120,-308.1995849609375,-151.77027893066406,0,0.99867737293243408,-0.001258285716176033,0.00096534698968753219,0,0,0,0,0,0
0,1791,140,-308.22491455078125,-151.7510986328125,0,0.99846190214157104,-0.001233590068295598,0.0019536521285772324,0,0,0,0,0,0
0,2047,160,-308.24984741210938,-151.71211242675781,0,0.99735695123672485,-0.00084211613284423947,0.0028795832768082619,0,0,0,0,0,0
0,2303,180,-308.26708984375,-151.65446472167969,0,0.99722743034362793,-0.0024389452300965786,0.0012573415879160166,0,0,0,0,0,0
