particle_id,geometry_id,tx,ty,tz,tt,tpx,tpy,tpz,te,deltapx,deltapy,deltapz,deltae,index
0,255,20,201.2464599609375,100.06948852539062,0,0.99986296892166138,0.00039801947423256934,0.00016015162691473961,0,0,0,0,0,0
0,511,40,201.25439453125,100.07273864746094,0,0.99946087598800659,0.00065580720547586679,-0.00094939180416986346,0,0,0,0,0,0
0,767,60,201.26762390136719,100.05381774902344,0,0.99917078018188477,0.0011658875737339258,-0.0020006266422569752,0,0,0,0,0,0
0,1023,80,201.29119873046875,100.013916015625,0,0.99895256757736206,0.0019799114670604467,-0.0029741919133812189,0,0,0,0,0,0
0,1279,100,201.33119201660156,99.954612731933594,0,0.99881601333618164,0.0019287160830572248,-0.0032022793311625719,0,0,0,0,0,0
0,1535,120,201.37019348144531,99.890724182128906,0,0.99855184555053711,0.0027977942954748869,-0.0033952337689697742,0,0,0,0,0,0
0,1791,140,201.4266357421875,99.82305908203125,0,0.9981762170791626,0.0024284045211970806,-0.003132048761472106,0,0,0,0,0,0
0,2047,160,201.47566223144531,99.760597229003906,0,0.99802255630493164,0.0027390099130570889,-0.0030871911440044641,0,0,0,0,0,0
0,2303,180,201.53091430664062,99.699058532714844,0,0.99788135290145874,0.0017003767425194383,-0.0028794035315513611,0,0,0,0,0,0
