measurement_id,geometry_id,local_key,local0,local1,phi,theta,time,var_local0,var_local1,var_phi,var_theta,var_time
0,255,unknown,291.94686889648438,-29.489290237426758,-5.2741423132829368e-05,1.5707657337188721,0,0.0025000001769512892,0.0025000001769512892,0,0,0
1,511,unknown,291.91580200195312,-29.419235229492188,0.00081083207624033093,1.5699493885040283,0,0.0025000001769512892,0.0025000001769512892,0,0,0
2,767,unknown,292.02236938476562,-29.380844116210938,0.00028578590718097985,1.568994402885437,0,0.0025000001769512892,0.0025000001769512892,0,0,0
3,1023,unknown,292.0908203125,-29.363252639770508,0.00029646689654327929,1.5691066980361938,0,0.0025000001769512892,0.0025000001769512892,0,0,0
4,1279,unknown,291.994140625,-29.300291061401367,0.0012814415385946631,1.5699050426483154,0,0.0025000001769512892,0.0025000001769512892,0,0,0
5,1535,unknown,291.99676513671875,-29.258234024047852,0.0021446666214615107,1.570142388343811,0,0.0025000001769512892,0.0025000001769512892,0,0,0
6,1791,unknown,292.01388549804688,-29.218196868896484,0.0030530486255884171,1.5708225965499878,0,0.0025000001769512892,0.0025000001769512892,0,0,0
7,2047,unknown,292.13107299804688,-29.177700042724609,0.0028177301865071058,1.5709149837493896,0,0.0025000001769512892,0.0025000001769512892,0,0,0
8,2303,unknown,292.21072387695312,-29.258188247680664,0.0027275350876152515,1.5704751014709473,0,0.0025000001769512892,0.0025000001769512892,0,0,0
