particle_id,particle_type,process,vx,vy,vz,vt,px,py,pz,m,q
0,0,0,0,-422.01132202148438,119.04784393310547,0,1,0,-4.3711388286737929e-08,0,-1
