measurement_id,geometry_id,local_key,local0,local1,phi,theta,time,var_local0,var_local1,var_phi,var_theta,var_time
0,255,unknown,372.80764770507812,66.013412475585938,-0.00029611648642458022,1.570527195930481,0,0.0025000001769512892,0.0025000001769512892,0,0,0
1,511,unknown,372.79940795898438,66.147163391113281,-0.0011531489435583353,1.5697102546691895,0,0.0025000001769512892,0.0025000001769512892,0,0,0
2,767,unknown,372.67562866210938,66.0992431640625,-0.0010717588011175394,1.5700949430465698,0,0.0025000001769512892,0.0025000001769512892,0,0,0
3,1023,unknown,372.67391967773438,66.039382934570312,-0.00061872700462117791,1.5697982311248779,0,0.0025000001769512892,0.0025000001769512892,0,0,0
4,1279,unknown,372.81756591796875,66.139518737792969,-0.00061624462250620127,1.5698138475418091,0,0.0025000001769512892,0.0025000001769512892,0,0,0
5,1535,unknown,372.75027465820312,66.134864807128906,-0.0003959513851441443,1.5695360898971558,0,0.0025000001769512892,0.0025000001769512892,0,0,0
6,1791,unknown,372.72061157226562,66.086944580078125,-0.0004753196844831109,1.569301962852478,0,0.0025000001769512892,0.0025000001769512892,0,0,0
7,2047,unknown,372.7669677734375,66.2423095703125,0.00034425043850205839,1.5693562030792236,0,0.0025000001769512892,0.0025000001769512892,0,0,0
8,2303,unknown,372.77194213867188,66.169853210449219,7.332428140216507e-06,1.5692250728607178,0,0.0025000001769512892,0.0025000001769512892,0,0,0
