particle_id,geometry_id,tx,ty,tz,tt,tpx,tpy,tpz,te,deltapx,deltapy,deltapz,deltae,index
0,255,20,-240.76661682128906,-145.10464477539062,0,0.9998706579208374,-0.0021946749184280634,0.0019593916367739439,0,0,0,0,0,0
0,511,40,-240.81074523925781,-145.06571960449219,0,0.99971002340316772,-0.0031294212676584721,0.0023285266943275928,0,0,0,0,0,0
0,767,60,-240.87362670898438,-145.01951599121094,0,0.99957144260406494,-0.0030321928206831217,0.0013652781490236521,0,0,0,0,0,0
0,1023,80,-240.93446350097656,-144.99256896972656,0,0.99945294857025146,-0.0037010873202234507,0.0011718660825863481,0,0,0,0,0,0
0,1279,100,-241.0086669921875,-144.96955871582031,0,0.99931514263153076,-0.0035030113067477942,0.00092641799710690975,0,0,0,0,0,0
0,1535,120,-241.07888793945312,-144.95143127441406,0,0.99920344352722168,-0.0037257273215800524,0.00062292866641655564,0,0,0,0,0,0
0,1791,140,-241.15353393554688,-144.93940734863281,0,0.99877703189849854,-0.0031766502652317286,8.794471068540588e-05,0,0,0,0,0,0
0,2047,160,-241.21714782714844,-144.93803405761719,0,0.99863725900650024,-0.0031664124689996243,0.0001232894865097478,0,0,0,0,0,0
0,2303,180,-241.28057861328125,-144.93594360351562,0,0.99846231937408447,-0.0044214422814548016,0.0017840561922639608,0,0,0,0,0,0
