particle_id,geometry_id,tx,ty,tz,tt,tpx,tpy,tpz,te,deltapx,deltapy,deltapz,deltae,index
0,255,20,294.96392822265625,-53.942413330078125,0,0.99709779024124146,4.4405074731912464e-05,-0.00056500098435208201,0,0,0,0,0,0
0,511,40,294.96487426757812,-53.953739166259766,0,0.99685662984848022,0.00053125002887099981,-0.0020261760801076889,0,0,0,0,0,0
0,767,60,294.97576904296875,-53.99432373046875,0,0.996665358543396,0.00083349872147664428,-0.0019186190329492092,0,0,0,0,0,0
0,1023,80,294.99273681640625,-54.032722473144531,0,0.99652296304702759,0.0021401068661361933,-0.001426416914910078,0,0,0,0,0,0
0,1279,100,295.03585815429688,-54.061092376708984,0,0.99633592367172241,0.0026788488030433655,-0.0027266019023954868,0,0,0,0,0,0
0,1535,120,295.0899658203125,-54.115501403808594,0,0.9960828423500061,0.0036691878922283649,-0.0028109385166317225,0,0,0,0,0,0
0,1791,140,295.16397094726562,-54.171497344970703,0,0.99594271183013916,0.0049573648720979691,-0.0032651692163199186,0,0,0,0,0,0
0,2047,160,295.263916015625,-54.236465454101562,0,0.99580353498458862,0.0051361056976020336,-0.0028878059238195419,0,0,0,0,0,0
0,2303,180,295.367431640625,-54.293842315673828,0,0.99559241533279419,0.0056582377292215824,-0.0031512801069766283,0,0,0,0,0,0
