particle_id,geometry_id,tx,ty,tz,tt,tpx,tpy,tpz,te,deltapx,deltapy,deltapz,deltae,index
0,255,20,-392.62115478515625,-219.92420959472656,0,0.9995000958442688,0.0015693266177549958,-0.00021665811073035002,0,0,0,0,0,0
0,511,40,-392.5897216796875,-219.92835998535156,0,0.99936145544052124,0.0020952960476279259,-0.00092308979947119951,0,0,0,0,0,0
0,767,60,-392.54766845703125,-219.94657897949219,0,0.99909818172454834,0.001013473141938448,-0.0011237700236961246,0,0,0,0,0,0
0,1023,80,-392.52725219726562,-219.96894836425781,0,0.9989323616027832,0.00063538033282384276,-0.0024824331048876047,0,0,0,0,0,0
0,1279,100,-392.51422119140625,-220.01856994628906,0,0.99864661693572998,0.0011393019231036305,-0.0022848173975944519,0,0,0,0,0,0
0,1535,120,-392.49111938476562,-220.06419372558594,0,0.99833029508590698,0.0026490327436476946,-0.0016428683884441853,0,0,0,0,0,0
0,1791,140,-392.4378662109375,-220.09678649902344,0,0.99818962812423706,0.0027208731044083834,-0.0017525878502056003,0,0,0,0,0,0
0,2047,160,-392.38314819335938,-220.13157653808594,0,0.99799132347106934,0.00264748465269804,-0.0016708635957911611,0,0,0,0,0,0
0,2303,180,-392.32989501953125,-220.16473388671875,0,0.99783486127853394,0.0031590652652084827,-0.0017254409613087773,0,0,0,0,0,0
