particle_id,particle_type,process,vx,vy,vz,vt,px,py,pz,m,q
0,0,0,0,106.26181030273438,-121.71292114257812,0,1,0,-4.3711388286737929e-08,0,-1
