particle_id,particle_type,process,vx,vy,vz,vt,px,py,pz,m,q
0,0,0,0,260.79629516601562,-2.8938281536102295,0,1,0,-4.3711388286737929e-08,0,-1
