particle_id,particle_type,process,vx,vy,vz,vt,px,py,pz,m,q
0,0,0,0,119.41213989257812,-88.635101318359375,0,1,0,-4.3711388286737929e-08,0,-1
