particle_id,geometry_id,tx,ty,tz,tt,tpx,tpy,tpz,te,deltapx,deltapy,deltapz,deltae,index
0,255,20,-193.45072937011719,58.648578643798828,0,0.99975967407226562,-0.00043019643635489047,-0.0010613477788865566,0,0,0,0,0,0
0,511,40,-193.45921325683594,58.627296447753906,0,0.9996258020401001,-0.00067687919363379478,-0.00099506927654147148,0,0,0,0,0,0
0,767,60,-193.47264099121094,58.607307434082031,0,0.99928492307662964,-0.001459829043596983,0.00016649191093165427,0,0,0,0,0,0
0,1023,80,-193.50187683105469,58.610466003417969,0,0.99891728162765503,-0.00090704788453876972,0.00012927751231472939,0,0,0,0,0,0
0,1279,100,-193.52005004882812,58.612945556640625,0,0.99878990650177002,-0.00075544213177636266,1.5553865523543209e-05,0,0,0,0,0,0
0,1535,120,-193.53517150878906,58.613166809082031,0,0.99866354465484619,-0.00086394493700936437,-7.9450015618931502e-05,0,0,0,0,0,0
0,1791,140,-193.55245971679688,58.611473083496094,0,0.99850380420684814,-0.00030877723474986851,0.00058749312302097678,0,0,0,0,0,0
0,2047,160,-193.5587158203125,58.623203277587891,0,0.99832963943481445,0.00012644185335375369,0.00030129012884572148,0,0,0,0,0,0
0,2303,180,-193.55621337890625,58.629253387451172,0,0.99812906980514526,-0.00084130553295835853,0.0013616364449262619,0,0,0,0,0,0
