particle_id,geometry_id,tx,ty,tz,tt,tpx,tpy,tpz,te,deltapx,deltapy,deltapz,deltae,index
0,255,20,53.569992065429688,-163.91009521484375,0,0.99778527021408081,-4.879399057244882e-06,0.00034870393574237823,0,0,0,0,0,0
0,511,40,53.569850921630859,-163.90310668945312,0,0.99759954214096069,-0.00068744312738999724,-0.00019638575031422079,0,0,0,0,0,0
0,767,60,53.55609130859375,-163.90711975097656,0,0.99745053052902222,0.00048235451686196029,0.00044038199121132493,0,0,0,0,0,0
0,1023,80,53.565708160400391,-163.89823913574219,0,0.99727356433868408,0.00070356368087232113,0.0009032395901158452,0,0,0,0,0,0
0,1279,100,53.579708099365234,-163.88003540039062,0,0.99713814258575439,0.0017558680847287178,0.0016869371756911278,0,0,0,0,0,0
0,1535,120,53.614723205566406,-163.84599304199219,0,0.99700444936752319,0.0016936546890065074,0.0016844526398926973,0,0,0,0,0,0
0,1791,140,53.648494720458984,-163.81199645996094,0,0.99684709310531616,0.0019193122861906886,0.0019649923779070377,0,0,0,0,0,0
0,2047,160,53.686763763427734,-163.7723388671875,0,0.99669426679611206,0.0018516666023060679,0.0018985103815793991,0,0,0,0,0,0
0,2303,180,53.723690032958984,-163.73402404785156,0,0.99653220176696777,0.0025640777312219143,0.00066699774470180273,0,0,0,0,0,0
