particle_id,particle_type,process,vx,vy,vz,vt,px,py,pz,m,q
0,0,0,0,57.576530456542969,-45.852256774902344,0,1,0,-4.3711388286737929e-08,0,-1
