particle_id,geometry_id,tx,ty,tz,tt,tpx,tpy,tpz,te,deltapx,deltapy,deltapz,deltae,index
0,255,20,-172.93022155761719,-5.5073161125183105,0,0.99988704919815063,9.0102097601629794e-05,0.00025134030147455633,0,0,0,0,0,0
0,511,40,-172.92845153808594,-5.5022778511047363,0,0.99960207939147949,0.00013513160229194909,0.00025484352954663336,0,0,0,0,0,0
0,767,60,-172.92578125,-5.4971628189086914,0,0.99941658973693848,0.00024792697513476014,0.0014981398126110435,0,0,0,0,0,0
0,1023,80,-172.92100524902344,-5.4671535491943359,0,0.99928194284439087,0.0015277882339432836,0.00023534501087851822,0,0,0,0,0,0
0,1279,100,-172.89045715332031,-5.4622597694396973,0,0.99904441833496094,0.0008827782585285604,4.0091490518534556e-05,0,0,0,0,0,0
0,1535,120,-172.87278747558594,-5.4613509178161621,0,0.99884724617004395,-0.0013345940969884396,-0.00093499710783362389,0,0,0,0,0,0
0,1791,140,-172.89939880371094,-5.4802322387695312,0,0.99869954586029053,-0.0014681154862046242,-0.00066329579567536712,0,0,0,0,0,0
0,2047,160,-172.92872619628906,-5.4936914443969727,0,0.99848973751068115,-0.0027195787988603115,0.00022706500021740794,0,0,0,0,0,0
0,2303,180,-172.98323059082031,-5.4894704818725586,0,0.99832969903945923,-0.0019143507815897465,-0.0021064116153866053,0,0,0,0,0,0
