measurement_id,geometry_id,local_key,local0,local1,phi,theta,time,var_local0,var_local1,var_phi,var_theta,var_time
0,255,unknown,332.70208740234375,215.957763671875,0.00038458913331851363,1.5712926387786865,0,0.0025000001769512892,0.0025000001769512892,0,0,0
1,511,unknown,332.7181396484375,215.95074462890625,-9.8586329841054976e-05,1.5702589750289917,0,0.0025000001769512892,0.0025000001769512892,0,0,0
2,767,unknown,332.69570922851562,215.90985107421875,-0.00017300579929724336,1.5695972442626953,0,0.0025000001769512892,0.0025000001769512892,0,0,0
3,1023,unknown,332.72225952148438,215.97752380371094,-8.348337360075675e-06,1.5706402063369751,0,0.0025000001769512892,0.0025000001769512892,0,0,0
4,1279,unknown,332.6873779296875,215.99714660644531,-0.0010426957160234451,1.5697405338287354,0,0.0025000001769512892,0.0025000001769512892,0,0,0
5,1535,unknown,332.6876220703125,215.90431213378906,-0.0023901183158159256,1.5709738731384277,0,0.0025000001769512892,0.0025000001769512892,0,0,0
6,1791,unknown,332.57611083984375,215.97196960449219,-0.0025712454225867987,1.5710272789001465,0,0.0025000001769512892,0.0025000001769512892,0,0,0
7,2047,unknown,332.4486083984375,215.95339965820312,-0.0042658043093979359,1.5711538791656494,0,0.0025000001769512892,0.0025000001769512892,0,0,0
8,2303,unknown,332.49484252929688,215.98406982421875,-0.0042196176946163177,1.5718744993209839,0,0.0025000001769512892,0.0025000001769512892,0,0,0
