particle_id,geometry_id,tx,ty,tz,tt,tpx,tpy,tpz,te,deltapx,deltapy,deltapz,deltae,index
0,255,20,162.63948059082031,181.95681762695312,0,0.99936437606811523,0.001227541477419436,-0.0018218369223177433,0,0,0,0,0,0
0,511,40,162.66426086425781,181.92050170898438,0,0.99904757738113403,0.0012312086764723063,-0.0020345607772469521,0,0,0,0,0,0
0,767,60,162.68914794921875,181.87991333007812,0,0.99885880947113037,0.0019263697322458029,-0.0016476648161187768,0,0,0,0,0,0
0,1023,80,162.72792053222656,181.84715270996094,0,0.99867463111877441,0.0024836861994117498,0.00030651438282802701,0,0,0,0,0,0
0,1279,100,162.77761840820312,181.85359191894531,0,0.99847942590713501,0.00014869480219203979,-0.0001297841954510659,0,0,0,0,0,0
0,1535,120,162.78060913085938,181.85101318359375,0,0.99828499555587769,6.0350215790094808e-05,0.0017481393879279494,0,0,0,0,0,0
0,1791,140,162.78160095214844,181.88604736328125,0,0.99814122915267944,0.0001844774087658152,0.0014088907046243548,0,0,0,0,0,0
0,2047,160,162.78512573242188,181.914306640625,0,0.9980042576789856,-0.00055583572247996926,-0.00029045282281003892,0,0,0,0,0,0
0,2303,180,162.77401733398438,181.90841674804688,0,0.99786430597305298,-3.7011519452789798e-05,9.2503134510479867e-05,0,0,0,0,0,0
