measurement_id,geometry_id,local_key,local0,local1,phi,theta,time,var_local0,var_local1,var_phi,var_theta,var_time
0,255,unknown,-348.76205444335938,-136.77212524414062,0.00029719417216256261,1.5697325468063354,0,0.0025000001769512892,0.0025000001769512892,0,0,0
1,511,unknown,-348.74954223632812,-136.69337463378906,-0.00023296536528505385,1.5709159374237061,0,0.0025000001769512892,0.0025000001769512892,0,0,0
2,767,unknown,-348.81866455078125,-136.77900695800781,0.00035400735214352608,1.569765567779541,0,0.0025000001769512892,0.0025000001769512892,0,0,0
3,1023,unknown,-348.68984985351562,-136.70002746582031,0.00086290494073182344,1.57012939453125,0,0.0025000001769512892,0.0025000001769512892,0,0,0
4,1279,unknown,-348.75180053710938,-136.69676208496094,0.00040682146209292114,1.5699279308319092,0,0.0025000001769512892,0.0025000001769512892,0,0,0
5,1535,unknown,-348.69552612304688,-136.64974975585938,0.00021159517928026617,1.5689412355422974,0,0.0025000001769512892,0.0025000001769512892,0,0,0
6,1791,unknown,-348.6893310546875,-136.69589233398438,-0.00020365521777421236,1.5681589841842651,0,0.0025000001769512892,0.0025000001769512892,0,0,0
7,2047,unknown,-348.7347412109375,-136.49801635742188,-0.00034286963636986911,1.5679562091827393,0,0.0025000001769512892,0.0025000001769512892,0,0,0
8,2303,unknown,-348.79791259765625,-136.43170166015625,-0.00034124811645597219,1.5680018663406372,0,0.0025000001769512892,0.0025000001769512892,0,0,0
