particle_id,geometry_id,tx,ty,tz,tt,tpx,tpy,tpz,te,deltapx,deltapy,deltapz,deltae,index
0,255,20,300.26458740234375,-39.876121520996094,0,0.99977272748947144,-0.00062817090656608343,-0.00025187575374729931,0,0,0,0,0,0
0,511,40,300.25204467773438,-39.881237030029297,0,0.99955075979232788,-0.00071298645343631506,-0.00046129568363539875,0,0,0,0,0,0
0,767,60,300.23782348632812,-39.890552520751953,0,0.99937480688095093,0.00085634819697588682,-0.002649250440299511,0,0,0,0,0,0
0,1023,80,300.25527954101562,-39.943466186523438,0,0.99920976161956787,0.0011523647699505091,-0.0025112347211688757,0,0,0,0,0,0
0,1279,100,300.27865600585938,-39.99359130859375,0,0.99903208017349243,0.0010416115401312709,-0.0026650156360119581,0,0,0,0,0,0
0,1535,120,300.29983520507812,-40.046817779541016,0,0.99876099824905396,0.0013020974583923817,-0.0027728783898055553,0,0,0,0,0,0
0,1791,140,300.32623291015625,-40.102188110351562,0,0.99861377477645874,0.0023581823334097862,-0.00084275897825136781,0,0,0,0,0,0
0,2047,160,300.37356567382812,-40.118782043457031,0,0.99837476015090942,0.0032836084719747305,-0.0013670645421370864,0,0,0,0,0,0
0,2303,180,300.43951416015625,-40.145771026611328,0,0.99819892644882202,0.0036248713731765747,-0.0012697250349447131,0,0,0,0,0,0
