measurement_id,geometry_id,local_key,local0,local1,phi,theta,time,var_local0,var_local1,var_phi,var_theta,var_time
0,255,unknown,292.6756591796875,-96.889884948730469,-0.00046199240023270249,1.5708143711090088,0,0.0025000001769512892,0.0025000001769512892,0,0,0
1,511,unknown,292.735595703125,-96.886314392089844,0.00057859747903421521,1.5695436000823975,0,0.0025000001769512892,0.0025000001769512892,0,0,0
2,767,unknown,292.704345703125,-96.725875854492188,-3.8555841456400231e-05,1.5703879594802856,0,0.0025000001769512892,0.0025000001769512892,0,0,0
3,1023,unknown,292.66036987304688,-96.834609985351562,0.00091848516603931785,1.5690467357635498,0,0.0025000001769512892,0.0025000001769512892,0,0,0
4,1279,unknown,292.6658935546875,-96.763236999511719,0.0019455139990895987,1.5691546201705933,0,0.0025000001769512892,0.0025000001769512892,0,0,0
5,1535,unknown,292.75064086914062,-96.713600158691406,0.00081191927893087268,1.5684463977813721,0,0.0025000001769512892,0.0025000001769512892,0,0,0
6,1791,unknown,292.7381591796875,-96.728225708007812,0.0010493060108274221,1.5678673982620239,0,0.0025000001769512892,0.0025000001769512892,0,0,0
7,2047,unknown,292.75485229492188,-96.674369812011719,0.0010261730058118701,1.5678435564041138,0,0.0025000001769512892,0.0025000001769512892,0,0,0
8,2303,unknown,292.78158569335938,-96.557670593261719,0.001487246248871088,1.5672315359115601,0,0.0025000001769512892,0.0025000001769512892,0,0,0
