particle_id,geometry_id,tx,ty,tz,tt,tpx,tpy,tpz,te,deltapx,deltapy,deltapz,deltae,index
0,255,20,-228.96746826171875,-67.7222900390625,0,0.99908477067947388,0.0002711700217332691,0.00011965201701968908,0,0,0,0,0,0
0,511,40,-228.96205139160156,-67.719863891601562,0,0.9989551305770874,-0.0026802767533808947,0.00046236405614763498,0,0,0,0,0,0
0,767,60,-229.01576232910156,-67.710929870605469,0,0.99882018566131592,-0.0024117801804095507,0.00011092863860540092,0,0,0,0,0,0
0,1023,80,-229.06407165527344,-67.708999633789062,0,0.99824833869934082,-0.0037712238263338804,0.00062590342713519931,0,0,0,0,0,0
0,1279,100,-229.13970947265625,-67.696914672851562,0,0.99807471036911011,-0.0032189823687076569,-5.0372334953863174e-05,0,0,0,0,0,0
0,1535,120,-229.20420837402344,-67.698310852050781,0,0.99785053730010986,-0.00196294323541224,0.0017755739390850067,0,0,0,0,0,0
0,1791,140,-229.24375915527344,-67.6629638671875,0,0.99763530492782593,-0.0013213740894570947,0.0022239042446017265,0,0,0,0,0,0
0,2047,160,-229.27052307128906,-67.618537902832031,0,0.99736720323562622,0.00048229985986836255,0.00048885453725233674,0,0,0,0,0,0
0,2303,180,-229.26091003417969,-67.608680725097656,0,0.99711799621582031,0.00031988995033316314,0.00059796997811645269,0,0,0,0,0,0
