measurement_id,geometry_id,local_key,local0,local1,phi,theta,time,var_local0,var_local1,var_phi,var_theta,var_time
0,255,unknown,92.636184692382812,-188.53453063964844,0.0010155930649489164,1.5699758529663086,0,0.0025000001769512892,0.0025000001769512892,0,0,0
1,511,unknown,92.633567810058594,-188.61550903320312,0.0010246933670714498,1.5699605941772461,0,0.0025000001769512892,0.0025000001769512892,0,0,0
2,767,unknown,92.677940368652344,-188.46578979492188,0.0027543716132640839,1.5693607330322266,0,0.0025000001769512892,0.0025000001769512892,0,0,0
3,1023,unknown,92.829307556152344,-188.48127746582031,0.0027036275714635849,1.5702016353607178,0,0.0025000001769512892,0.0025000001769512892,0,0,0
4,1279,unknown,92.771858215332031,-188.452880859375,0.0032852077856659889,1.5717744827270508,0,0.0025000001769512892,0.0025000001769512892,0,0,0
5,1535,unknown,92.869140625,-188.52763366699219,0.0045658922754228115,1.5701349973678589,0,0.0025000001769512892,0.0025000001769512892,0,0,0
6,1791,unknown,92.915000915527344,-188.4632568359375,0.0051438263617455959,1.5707336664199829,0,0.0025000001769512892,0.0025000001769512892,0,0,0
7,2047,unknown,93.080398559570312,-188.46609497070312,0.0049715605564415455,1.5691773891448975,0,0.0025000001769512892,0.0025000001769512892,0,0,0
8,2303,unknown,93.230751037597656,-188.46699523925781,0.005391574464738369,1.5702458620071411,0,0.0025000001769512892,0.0025000001769512892,0,0,0
