measurement_id,geometry_id,local_key,local0,local1,phi,theta,time,var_local0,var_local1,var_phi,var_theta,var_time
0,255,unknown,143.3133544921875,202.66871643066406,0.0015443828888237476,1.5702517032623291,0,0.0025000001769512892,0.0025000001769512892,0,0,0
1,511,unknown,143.3226318359375,202.62118530273438,0.00087798817548900843,1.5701969861984253,0,0.0025000001769512892,0.0025000001769512892,0,0,0
2,767,unknown,143.40322875976562,202.60984802246094,0.0011877008946612477,1.5706292390823364,0,0.0025000001769512892,0.0025000001769512892,0,0,0
3,1023,unknown,143.35307312011719,202.67449951171875,0.0012843961594626307,1.5711791515350342,0,0.0025000001769512892,0.0025000001769512892,0,0,0
4,1279,unknown,143.41279602050781,202.6845703125,0.0018744083354249597,1.5718072652816772,0,0.0025000001769512892,0.0025000001769512892,0,0,0
5,1535,unknown,143.33412170410156,202.66581726074219,0.0021457404363900423,1.5712257623672485,0,0.0025000001769512892,0.0025000001769512892,0,0,0
6,1791,unknown,143.52490234375,202.59420776367188,0.0017105136066675186,1.571824312210083,0,0.0025000001769512892,0.0025000001769512892,0,0,0
7,2047,unknown,143.41793823242188,202.57424926757812,0.00085387576837092638,1.5710465908050537,0,0.0025000001769512892,0.0025000001769512892,0,0,0
8,2303,unknown,143.48431396484375,202.60197448730469,0.00085728405974805355,1.5710101127624512,0,0.0025000001769512892,0.0025000001769512892,0,0,0
