particle_id,geometry_id,tx,ty,tz,tt,tpx,tpy,tpz,te,deltapx,deltapy,deltapz,deltae,index
0,255,20,-11.687110900878906,63.036739349365234,0,0.99984085559844971,0.00019754335517063737,0.00023535717627964914,0,0,0,0,0,0
0,511,40,-11.683187484741211,63.041469573974609,0,0.99966853857040405,0.0010110882576555014,0.00048438174417242408,0,0,0,0,0,0
0,767,60,-11.663017272949219,63.051280975341797,0,0.99953359365463257,0.0011089954059571028,0.0017329303082078695,0,0,0,0,0,0
0,1023,80,-11.641035079956055,63.086086273193359,0,0.99940001964569092,-0.00089654768817126751,0.0034690250176936388,0,0,0,0,0,0
0,1279,100,-11.659393310546875,63.155399322509766,0,0.9992520809173584,-0.0012546462239697576,0.0034829266369342804,0,0,0,0,0,0
0,1535,120,-11.68492317199707,63.224956512451172,0,0.99906432628631592,-0.00048940494889393449,0.0037133228033781052,0,0,0,0,0,0
0,1791,140,-11.69516658782959,63.299232482910156,0,0.99889636039733887,0.001218046760186553,0.004680105485022068,0,0,0,0,0,0
0,2047,160,-11.671341896057129,63.393081665039062,0,0.99872469902038574,0.00098832300864160061,0.0064552146941423416,0,0,0,0,0,0
0,2303,180,-11.652326583862305,63.522464752197266,0,0.99856865406036377,0.0015281905652955174,0.0063231433741748333,0,0,0,0,0,0
