particle_id,geometry_id,tx,ty,tz,tt,tpx,tpy,tpz,te,deltapx,deltapy,deltapz,deltae,index
0,255,20,164.07725524902344,396.46209716796875,0,0.9998820424079895,0.0004262422735337168,-0.0011189299402758479,0,0,0,0,0,0
0,511,40,164.08592224121094,396.43975830078125,0,0.99970316886901855,0.00077765912283211946,-0.0023023691028356552,0,0,0,0,0,0
0,767,60,164.10176086425781,396.393798828125,0,0.9994966983795166,0.0030582000035792589,-0.0027755275368690491,0,0,0,0,0,0
0,1023,80,164.16328430175781,396.338623046875,0,0.99920475482940674,0.0032102686818689108,-0.0036328320857137442,0,0,0,0,0,0
0,1279,100,164.22798156738281,396.26629638671875,0,0.99908006191253662,0.0041996007785201073,-0.0034116958267986774,0,0,0,0,0,0
0,1535,120,164.31245422363281,396.19851684570312,0,0.99897170066833496,0.0034180176444351673,-0.0033593929838389158,0,0,0,0,0,0
0,1791,140,164.38128662109375,396.13168334960938,0,0.9988364577293396,0.0033819111995398998,-0.0014930794714018703,0,0,0,0,0,0
0,2047,160,164.44918823242188,396.10220336914062,0,0.9985852837562561,0.0043954602442681789,-0.0018712638411670923,0,0,0,0,0,0
0,2303,180,164.53744506835938,396.06524658203125,0,0.99739032983779907,0.0037729912437498569,-0.00073983363108709455,0,0,0,0,0,0
