particle_id,geometry_id,tx,ty,tz,tt,tpx,tpy,tpz,te,deltapx,deltapy,deltapz,deltae,index
0,255,20,371.24258422851562,-62.398094177246094,0,0.99983417987823486,-0.00061959424056112766,-0.00039742168155498803,0,0,0,0,0,0
0,511,40,371.230224609375,-62.406116485595703,0,0.99965173006057739,-0.00046122743515297771,-0.00036433964851312339,0,0,0,0,0,0
0,767,60,371.22103881835938,-62.413459777832031,0,0.99912756681442261,6.1738855947623961e-06,-0.0017053947085514665,0,0,0,0,0,0
0,1023,80,371.22137451171875,-62.447597503662109,0,0.99891787767410278,-0.0003458155260886997,-0.0020130989141762257,0,0,0,0,0,0
0,1279,100,371.21469116210938,-62.487945556640625,0,0.99869608879089355,-0.00067158287856727839,-0.0020090807229280472,0,0,0,0,0,0
0,1535,120,371.20147705078125,-62.52825927734375,0,0.99840712547302246,-0.0007870244444347918,-0.0021451343782246113,0,0,0,0,0,0
0,1791,140,371.18597412109375,-62.571323394775391,0,0.99820911884307861,-0.00044179888209328055,-0.0024931302759796381,0,0,0,0,0,0
0,2047,160,371.17742919921875,-62.621326446533203,0,0.99793374538421631,-0.0010038749314844608,-0.0024297493509948254,0,0,0,0,0,0
0,2303,180,371.1575927734375,-62.670143127441406,0,0.99779623746871948,-0.0012175397714599967,-0.0024371466133743525,0,0,0,0,0,0
