measurement_id,geometry_id,local_key,local0,local1,phi,theta,time,var_local0,var_local1,var_phi,var_theta,var_time
0,255,unknown,-166.79008483886719,-183.41375732421875,8.8938759290613234e-05,1.57129967212677,0,0.0025000001769512892,0.0025000001769512892,0,0,0
1,511,unknown,-166.82110595703125,-183.3033447265625,0.00035191874485462904,1.5709868669509888,0,0.0025000001769512892,0.0025000001769512892,0,0,0
2,767,unknown,-166.76808166503906,-183.41133117675781,0.00012138542660977691,1.5708692073822021,0,0.0025000001769512892,0.0025000001769512892,0,0,0
3,1023,unknown,-166.75123596191406,-183.45552062988281,0.00063736370066180825,1.5702989101409912,0,0.0025000001769512892,0.0025000001769512892,0,0,0
4,1279,unknown,-166.88922119140625,-183.4605712890625,0.00080941262422129512,1.570223331451416,0,0.0025000001769512892,0.0025000001769512892,0,0,0
5,1535,unknown,-166.75495910644531,-183.35539245605469,0.00070197845343500376,1.5702921152114868,0,0.0025000001769512892,0.0025000001769512892,0,0,0
6,1791,unknown,-166.70936584472656,-183.42744445800781,0.00028780190041288733,1.5718433856964111,0,0.0025000001769512892,0.0025000001769512892,0,0,0
7,2047,unknown,-166.76560974121094,-183.34916687011719,0.00017401130753569305,1.5718233585357666,0,0.0025000001769512892,0.0025000001769512892,0,0,0
8,2303,unknown,-166.79881286621094,-183.39642333984375,0.0005187975475564599,1.5696969032287598,0,0.0025000001769512892,0.0025000001769512892,0,0,0
