particle_id,particle_type,process,vx,vy,vz,vt,px,py,pz,m,q
0,0,0,0,162.23600769042969,-2.881965160369873,0,1,0,-4.3711388286737929e-08,0,-1
