measurement_id,geometry_id,local_key,local0,local1,phi,theta,time,var_local0,var_local1,var_phi,var_theta,var_time
0,255,unknown,-56.851795196533203,83.438186645507812,-4.621776952262735e-06,1.5707963705062866,0,0.0025000001769512892,0.0025000001769512892,0,0,0
1,511,unknown,-56.859226226806641,83.313980102539062,-0.00031780448625795543,1.5704941749572754,0,0.0025000001769512892,0.0025000001769512892,0,0,0
2,767,unknown,-56.847206115722656,83.387557983398438,0.0011130531784147024,1.5696800947189331,0,0.0025000001769512892,0.0025000001769512892,0,0,0
3,1023,unknown,-56.833072662353516,83.331161499023438,-0.00041135991341434419,1.5709632635116577,0,0.0025000001769512892,0.0025000001769512892,0,0,0
4,1279,unknown,-56.912097930908203,83.384361267089844,0.00029349455144256353,1.5708094835281372,0,0.0025000001769512892,0.0025000001769512892,0,0,0
5,1535,unknown,-56.786842346191406,83.401779174804688,0.00039052363717928529,1.57109534740448,0,0.0025000001769512892,0.0025000001769512892,0,0,0
6,1791,unknown,-56.815128326416016,83.342483520507812,-0.0008635228150524199,1.5692503452301025,0,0.0025000001769512892,0.0025000001769512892,0,0,0
7,2047,unknown,-56.770496368408203,83.463951110839844,-0.00056972989114001393,1.5680723190307617,0,0.0025000001769512892,0.0025000001769512892,0,0,0
8,2303,unknown,-56.848567962646484,83.426223754882812,-0.00039902605931274593,1.5679501295089722,0,0.0025000001769512892,0.0025000001769512892,0,0,0
