measurement_id,geometry_id,local_key,local0,local1,phi,theta,time,var_local0,var_local1,var_phi,var_theta,var_time
0,255,unknown,-298.12738037109375,151.30526733398438,-0.00015633371367584914,1.5705299377441406,0,0.0025000001769512892,0.0025000001769512892,0,0,0
1,511,unknown,-298.2530517578125,151.35337829589844,0.0012911064550280571,1.5706803798675537,0,0.0025000001769512892,0.0025000001769512892,0,0,0
2,767,unknown,-298.20364379882812,151.33343505859375,0.0015576052246615291,1.5698366165161133,0,0.0025000001769512892,0.0025000001769512892,0,0,0
3,1023,unknown,-298.1246337890625,151.37007141113281,0.001149746123701334,1.5677616596221924,0,0.0025000001769512892,0.0025000001769512892,0,0,0
4,1279,unknown,-298.12844848632812,151.43588256835938,0.001128025003708899,1.5690321922302246,0,0.0025000001769512892,0.0025000001769512892,0,0,0
5,1535,unknown,-298.08822631835938,151.46603393554688,0.00079886475577950478,1.5701570510864258,0,0.0025000001769512892,0.0025000001769512892,0,0,0
6,1791,unknown,-298.09857177734375,151.548828125,0.0007447532843798399,1.5700032711029053,0,0.0025000001769512892,0.0025000001769512892,0,0,0
7,2047,unknown,-298.06130981445312,151.45082092285156,0.0009523340268060565,1.5704790353775024,0,0.0025000001769512892,0.0025000001769512892,0,0,0
8,2303,unknown,-298.07870483398438,151.534912109375,0.00092521891929209232,1.5704394578933716,0,0.0025000001769512892,0.0025000001769512892,0,0,0
