measurement_id,geometry_id,local_key,local0,local1,phi,theta,time,var_local0,var_local1,var_phi,var_theta,var_time
0,255,unknown,-180.435791015625,-61.134616851806641,-6.1566002841573209e-05,1.5711922645568848,0,0.0025000001769512892,0.0025000001769512892,0,0,0
1,511,unknown,-180.32392883300781,-61.051753997802734,0.00078345253132283688,1.5712796449661255,0,0.0025000001769512892,0.0025000001769512892,0,0,0
2,767,unknown,-180.36280822753906,-61.164619445800781,0.00071524392114952207,1.5728104114532471,0,0.0025000001769512892,0.0025000001769512892,0,0,0
3,1023,unknown,-180.32725524902344,-61.129425048828125,0.0014928184682503343,1.5735058784484863,0,0.0025000001769512892,0.0025000001769512892,0,0,0
4,1279,unknown,-180.28286743164062,-61.114765167236328,-0.0011245801579207182,1.5740581750869751,0,0.0025000001769512892,0.0025000001769512892,0,0,0
5,1535,unknown,-180.27044677734375,-61.215412139892578,-0.0011162898736074567,1.5740572214126587,0,0.0025000001769512892,0.0025000001769512892,0,0,0
6,1791,unknown,-180.34255981445312,-61.265850067138672,-0.00099255447275936604,1.5740528106689453,0,0.0025000001769512892,0.0025000001769512892,0,0,0
7,2047,unknown,-180.42427062988281,-61.447704315185547,-0.0016103591769933701,1.5749000310897827,0,0.0025000001769512892,0.0025000001769512892,0,0,0
8,2303,unknown,-180.36296081542969,-61.494602203369141,-0.0015411830972880125,1.5749179124832153,0,0.0025000001769512892,0.0025000001769512892,0,0,0
