measurement_id,geometry_id,local_key,local0,local1,phi,theta,time,var_local0,var_local1,var_phi,var_theta,var_time
0,255,unknown,-272.91696166992188,-313.17086791992188,4.3500502215465531e-05,1.5708328485488892,0,0.0025000001769512892,0.0025000001769512892,0,0,0
1,511,unknown,-272.92556762695312,-313.25466918945312,-0.00028391415253281593,1.5707893371582031,0,0.0025000001769512892,0.0025000001769512892,0,0,0
2,767,unknown,-272.94287109375,-313.30712890625,-0.0017912851180881262,1.5700240135192871,0,0.0025000001769512892,0.0025000001769512892,0,0,0
3,1023,unknown,-272.99142456054688,-313.24832153320312,-0.001975351246073842,1.5695781707763672,0,0.0025000001769512892,0.0025000001769512892,0,0,0
4,1279,unknown,-273.01983642578125,-313.135009765625,-0.0032657505944371223,1.5682098865509033,0,0.0025000001769512892,0.0025000001769512892,0,0,0
5,1535,unknown,-273.15499877929688,-313.168701171875,-0.0038094415795058012,1.5678222179412842,0,0.0025000001769512892,0.0025000001769512892,0,0,0
6,1791,unknown,-273.20785522460938,-313.04690551757812,-0.0037414960097521544,1.5678315162658691,0,0.0025000001769512892,0.0025000001769512892,0,0,0
7,2047,unknown,-273.25189208984375,-313.09530639648438,-0.003393072634935379,1.5676757097244263,0,0.0025000001769512892,0.0025000001769512892,0,0,0
8,2303,unknown,-273.33303833007812,-313.026123046875,-0.0034079479519277811,1.5677890777587891,0,0.0025000001769512892,0.0025000001769512892,0,0,0
