particle_id,geometry_id,tx,ty,tz,tt,tpx,tpy,tpz,te,deltapx,deltapy,deltapz,deltae,index
0,255,20,189.30436706542969,31.566047668457031,0,0.99981814622879028,0.00056088226847350597,0.00077396095730364323,0,0,0,0,0,0
0,511,40,189.31549072265625,31.581596374511719,0,0.99965143203735352,-0.0011482305126264691,-0.0003194134624209255,0,0,0,0,0,0
0,767,60,189.29255676269531,31.575067520141602,0,0.998890221118927,-0.00034668721491470933,-0.00073439168045297265,0,0,0,0,0,0
0,1023,80,189.28570556640625,31.560321807861328,0,0.99876058101654053,-0.00027698703343048692,-0.0014378317864611745,0,0,0,0,0,0
0,1279,100,189.28033447265625,31.531496047973633,0,0.99860179424285889,0.0005228836671449244,-0.001791637041606009,0,0,0,0,0,0
0,1535,120,189.291015625,31.495676040649414,0,0.9984247088432312,0.000369682238670066,-0.00070715055335313082,0,0,0,0,0,0
0,1791,140,189.29850769042969,31.481555938720703,0,0.99827313423156738,-0.00083646667189896107,-0.0013777477433905005,0,0,0,0,0,0
0,2047,160,189.28192138671875,31.453853607177734,0,0.99810010194778442,-0.0014265243662521243,-0.0011209822259843349,0,0,0,0,0,0
0,2303,180,189.25347900390625,31.431221008300781,0,0.99784493446350098,-0.0027238607872277498,-0.00040591071592643857,0,0,0,0,0,0
