particle_id,geometry_id,tx,ty,tz,tt,tpx,tpy,tpz,te,deltapx,deltapy,deltapz,deltae,index
0,255,20,-252.43467712402344,-263.38983154296875,0,0.99982988834381104,-8.5606770880986005e-05,-3.1271225452655926e-05,0,0,0,0,0,0
0,511,40,-252.43638610839844,-263.39047241210938,0,0.99967372417449951,0.00046781013952568173,0.00010494542948435992,0,0,0,0,0,0
0,767,60,-252.42703247070312,-263.3883056640625,0,0.99775886535644531,2.7452171707409434e-05,-0.00043382556759752333,0,0,0,0,0,0
0,1023,80,-252.42643737792969,-263.39700317382812,0,0.99757766723632812,-0.00060463178670033813,0.00099377566948533058,0,0,0,0,0,0
0,1279,100,-252.43867492675781,-263.37716674804688,0,0.99549400806427002,-0.00066890520974993706,0.001620188937522471,0,0,0,0,0,0
0,1535,120,-252.45231628417969,-263.34469604492188,0,0.99526244401931763,-0.0005003118421882391,0.0012336231302469969,0,0,0,0,0,0
0,1791,140,-252.4625244140625,-263.31997680664062,0,0.99509793519973755,-0.0005161524168215692,0.001372210681438446,0,0,0,0,0,0
0,2047,160,-252.47306823730469,-263.29244995117188,0,0.99496984481811523,-0.00010719528654590249,0.0020151371136307716,0,0,0,0,0,0
0,2303,180,-252.4754638671875,-263.251953125,0,0.99483853578567505,0.00077632383909076452,0.0017846799455583096,0,0,0,0,0,0
