measurement_id,geometry_id,local_key,local0,local1,phi,theta,time,var_local0,var_local1,var_phi,var_theta,var_time
0,255,unknown,10.50617504119873,8.755833625793457,-0.00018395426741335541,1.5704845190048218,0,0.0025000001769512892,0.0025000001769512892,0,0,0
1,511,unknown,10.61701488494873,8.7313137054443359,0.00060332193970680237,1.570865273475647,0,0.0025000001769512892,0.0025000001769512892,0,0,0
2,767,unknown,10.477622985839844,8.6410446166992188,0.0015754429623484612,1.5703505277633667,0,0.0025000001769512892,0.0025000001769512892,0,0,0
3,1023,unknown,10.598973274230957,8.6201963424682617,0.002293094526976347,1.5707935094833374,0,0.0025000001769512892,0.0025000001769512892,0,0,0
4,1279,unknown,10.639273643493652,8.6620979309082031,0.0024538000579923391,1.5705162286758423,0,0.0025000001769512892,0.0025000001769512892,0,0,0
5,1535,unknown,10.726178169250488,8.6593685150146484,0.001477413228712976,1.5696494579315186,0,0.0025000001769512892,0.0025000001769512892,0,0,0
6,1791,unknown,10.738421440124512,8.6239652633666992,0.00043809879571199417,1.5697505474090576,0,0.0025000001769512892,0.0025000001769512892,0,0,0
7,2047,unknown,10.761085510253906,8.7085905075073242,0.0010406181681901217,1.5699311494827271,0,0.0025000001769512892,0.0025000001769512892,0,0,0
8,2303,unknown,10.69657039642334,8.7923431396484375,0.00099924416281282902,1.569923996925354,0,0.0025000001769512892,0.0025000001769512892,0,0,0
