particle_id,particle_type,process,vx,vy,vz,vt,px,py,pz,m,q
0,0,0,0,128.07029724121094,403.269775390625,0,1,0,-4.3711388286737929e-08,0,-1
