particle_id,geometry_id,tx,ty,tz,tt,tpx,tpy,tpz,te,deltapx,deltapy,deltapz,deltae,index
0,255,20,27.265951156616211,80.513320922851562,0,0.99952715635299683,0.00010575146006885916,0.00031118377228267491,0,0,0,0,0,0
0,511,40,27.268030166625977,80.519561767578125,0,0.99938976764678955,0.00032968053710646927,-0.00029907646239735186,0,0,0,0,0,0
0,767,60,27.274663925170898,80.513618469238281,0,0.99914258718490601,-0.0003124615759588778,-0.0016827902290970087,0,0,0,0,0,0
0,1023,80,27.268611907958984,80.479896545410156,0,0.99895501136779785,-0.00098096788860857487,-0.0018900403520092368,0,0,0,0,0,0
0,1279,100,27.249198913574219,80.441940307617188,0,0.99881148338317871,-0.001185172819532454,-0.0009747321018949151,0,0,0,0,0,0
0,1535,120,27.2255859375,80.422279357910156,0,0.99864810705184937,-0.001235479605384171,-0.001410646946169436,0,0,0,0,0,0
0,1791,140,27.201013565063477,80.393882751464844,0,0.9984428882598877,-0.0011201342567801476,-0.0016118645435199142,0,0,0,0,0,0
0,2047,160,27.178770065307617,80.361457824707031,0,0.99829047918319702,-0.0021450512576848269,-0.0023574333172291517,0,0,0,0,0,0
0,2303,180,27.136079788208008,80.313972473144531,0,0.99813449382781982,-0.0022846939973533154,-0.0010812809923663735,0,0,0,0,0,0
