particle_id,geometry_id,tx,ty,tz,tt,tpx,tpy,tpz,te,deltapx,deltapy,deltapz,deltae,index
0,255,20,453.89828491210938,-7.9326438903808594,0,0.99931043386459351,0.00026209081988781691,3.5932702303398401e-05,0,0,0,0,0,0
0,511,40,453.90353393554688,-7.9318933486938477,0,0.99915951490402222,-0.00042439429671503603,0.00074903370114043355,0,0,0,0,0,0
0,767,60,453.89495849609375,-7.9169511795043945,0,0.99900197982788086,-0.00086836109403520823,0.002100951736792922,0,0,0,0,0,0
0,1023,80,453.8773193359375,-7.8749957084655762,0,0.9988332986831665,-0.0015882865991443396,0.0020671398378908634,0,0,0,0,0,0
0,1279,100,453.84527587890625,-7.833796501159668,0,0.9986579418182373,-0.0017002463573589921,0.0022452331613749266,0,0,0,0,0,0
0,1535,120,453.81094360351562,-7.7890372276306152,0,0.99815386533737183,-0.0013010152615606785,0.003989094402641058,0,0,0,0,0,0
0,1791,140,453.78439331054688,-7.709266185760498,0,0.99798882007598877,-0.0017873530741780996,0.0043858038261532784,0,0,0,0,0,0
0,2047,160,453.748046875,-7.6215906143188477,0,0.99787300825119019,-0.0019479320617392659,0.0044667827896773815,0,0,0,0,0,0
0,2303,180,453.70846557617188,-7.5323014259338379,0,0.99773687124252319,-0.0017458618385717273,0.0041583497077226639,0,0,0,0,0,0
