particle_id,geometry_id,tx,ty,tz,tt,tpx,tpy,tpz,te,deltapx,deltapy,deltapz,deltae,index
0,255,20,-51.109348297119141,-18.80238151550293,0,0.99986791610717773,-8.2571037637535483e-05,-0.00084274227265268564,0,0,0,0,0,0
0,511,40,-51.110897064208984,-18.819248199462891,0,0.99925893545150757,-0.00038900412619113922,-0.00039266637759283185,0,0,0,0,0,0
0,767,60,-51.118637084960938,-18.827154159545898,0,0.99902796745300293,-0.00039273657603189349,-0.00038364360807463527,0,0,0,0,0,0
0,1023,80,-51.126453399658203,-18.834880828857422,0,0.99881625175476074,-0.00023346632951870561,-0.00016447681991849095,0,0,0,0,0,0
0,1279,100,-51.131107330322266,-18.838201522827148,0,0.99854534864425659,-6.42713030174491e-06,-0.00031941692577674985,0,0,0,0,0,0
0,1535,120,-51.131198883056641,-18.844600677490234,0,0.99839514493942261,-0.00074669095920398831,-0.00033293705200776458,0,0,0,0,0,0
0,1791,140,-51.1461181640625,-18.851360321044922,0,0.99820661544799805,-0.00090127077419310808,-0.00040915035060606897,0,0,0,0,0,0
0,2047,160,-51.164127349853516,-18.85966682434082,0,0.99805861711502075,-0.00067749933805316687,2.2324215024127625e-05,0,0,0,0,0,0
0,2303,180,-51.177707672119141,-18.85930061340332,0,0.99789887666702271,-0.00012694906035903841,-0.00056212407071143389,0,0,0,0,0,0
