measurement_id,geometry_id,local_key,local0,local1,phi,theta,time,var_local0,var_local1,var_phi,var_theta,var_time
0,255,unknown,-131.039306640625,89.571601867675781,0.0003823073348030448,1.57079017162323,0,0.0025000001769512892,0.0025000001769512892,0,0,0
1,511,unknown,-131.12388610839844,89.663993835449219,0.00221977848559618,1.5706173181533813,0,0.0025000001769512892,0.0025000001769512892,0,0,0
2,767,unknown,-131.03955078125,89.629539489746094,0.0031030911486595869,1.5713136196136475,0,0.0025000001769512892,0.0025000001769512892,0,0,0
3,1023,unknown,-131.02787780761719,89.570999145507812,0.003413765924051404,1.571009635925293,0,0.0025000001769512892,0.0025000001769512892,0,0,0
4,1279,unknown,-130.94525146484375,89.600364685058594,0.0031645284034311771,1.5720387697219849,0,0.0025000001769512892,0.0025000001769512892,0,0,0
5,1535,unknown,-130.85890197753906,89.595413208007812,0.003180571598932147,1.5717997550964355,0,0.0025000001769512892,0.0025000001769512892,0,0,0
6,1791,unknown,-130.73908996582031,89.603912353515625,0.0041300333105027676,1.5728236436843872,0,0.0025000001769512892,0.0025000001769512892,0,0,0
7,2047,unknown,-130.62567138671875,89.477569580078125,0.0041213361546397209,1.5718822479248047,0,0.0025000001769512892,0.0025000001769512892,0,0,0
8,2303,unknown,-130.6787109375,89.444831848144531,0.0039327573031187057,1.5718671083450317,0,0.0025000001769512892,0.0025000001769512892,0,0,0
