particle_id,geometry_id,tx,ty,tz,tt,tpx,tpy,tpz,te,deltapx,deltapy,deltapz,deltae,index
0,255,20,-239.03097534179688,-355.9686279296875,0,0.99914860725402832,0.0016449072863906622,0.00026437599444761872,0,0,0,0,0,0
0,511,40,-238.99807739257812,-355.963134765625,0,0.99898862838745117,0.0031715587247163057,-0.00022000166063662618,0,0,0,0,0,0
0,767,60,-238.93455505371094,-355.9671630859375,0,0.99883478879928589,0.0025447597727179527,-0.00011113668733742088,0,0,0,0,0,0
0,1023,80,-238.88359069824219,-355.96908569335938,0,0.99868649244308472,0.0020204023458063602,-0.00015505059855058789,0,0,0,0,0,0
0,1279,100,-238.84310913085938,-355.97195434570312,0,0.99848520755767822,0.0019539468921720982,0.00072162895230576396,0,0,0,0,0,0
0,1535,120,-238.80406188964844,-355.957275390625,0,0.9983370304107666,0.0020002119708806276,0.0035405571106821299,0,0,0,0,0,0
0,1791,140,-238.76441955566406,-355.8861083984375,0,0.99821394681930542,0.0019355975091457367,0.0036213959101587534,0,0,0,0,0,0
0,2047,160,-238.72607421875,-355.81332397460938,0,0.99806725978851318,0.0019159518415108323,0.0039807804860174656,0,0,0,0,0,0
0,2303,180,-238.68815612792969,-355.73333740234375,0,0.99792098999023438,0.0021825432777404785,0.0045672864653170109,0,0,0,0,0,0
