particle_id,particle_type,process,vx,vy,vz,vt,px,py,pz,m,q
0,0,0,0,102.86128234863281,185.68801879882812,0,1,0,-4.3711388286737929e-08,0,-1
