particle_id,geometry_id,tx,ty,tz,tt,tpx,tpy,tpz,te,deltapx,deltapy,deltapz,deltae,index
0,255,20,243.69053649902344,-234.80160522460938,0,0.99971485137939453,-0.0010669119656085968,0.0017191818915307522,0,0,0,0,0,0
0,511,40,243.66899108886719,-234.767333984375,0,0.99957048892974854,-0.0011494101490825415,0.0013867199886590242,0,0,0,0,0,0
0,767,60,243.64582824707031,-234.73973083496094,0,0.99941927194595337,-0.0021320320665836334,0.0016600592061877251,0,0,0,0,0,0
0,1023,80,243.60296630859375,-234.70677185058594,0,0.99930232763290405,-0.0026471067685633898,0.0018258108757436275,0,0,0,0,0,0
0,1279,100,243.54977416992188,-234.67054748535156,0,0.99908685684204102,-0.0026874318718910217,0.0017285880167037249,0,0,0,0,0,0
0,1535,120,243.49577331542969,-234.63626098632812,0,0.99892997741699219,-0.0030079567804932594,0.0016694912919774652,0,0,0,0,0,0
0,1791,140,243.43534851074219,-234.60319519042969,0,0.99879753589630127,-0.00093775155255571008,0.00076697964686900377,0,0,0,0,0,0
0,2047,160,243.41647338867188,-234.58795166015625,0,0.99855983257293701,-0.00039114852552302182,0.00070644472725689411,0,0,0,0,0,0
0,2303,180,243.40855407714844,-234.5738525390625,0,0.99839192628860474,-0.00038297785795293748,0.00059087877161800861,0,0,0,0,0,0
