measurement_id,geometry_id,local_key,local0,local1,phi,theta,time,var_local0,var_local1,var_phi,var_theta,var_time
0,255,unknown,330.80252075195312,397.13079833984375,-0.0017809461569413543,1.5707932710647583,0,0.0025000001769512892,0.0025000001769512892,0,0,0
1,511,unknown,330.745361328125,397.16668701171875,-0.0018030963838100433,1.5710685253143311,0,0.0025000001769512892,0.0025000001769512892,0,0,0
2,767,unknown,330.66558837890625,397.214599609375,-0.0020577032119035721,1.5722681283950806,0,0.0025000001769512892,0.0025000001769512892,0,0,0
3,1023,unknown,330.68368530273438,397.19378662109375,-0.0008936786325648427,1.5716378688812256,0,0.0025000001769512892,0.0025000001769512892,0,0,0
4,1279,unknown,330.66769409179688,397.12203979492188,-0.00094480457482859492,1.5707248449325562,0,0.0025000001769512892,0.0025000001769512892,0,0,0
5,1535,unknown,330.58261108398438,397.13232421875,-0.00080402102321386337,1.570976734161377,0,0.0025000001769512892,0.0025000001769512892,0,0,0
6,1791,unknown,330.5535888671875,397.1629638671875,-0.0015272272285073996,1.5712364912033081,0,0.0025000001769512892,0.0025000001769512892,0,0,0
7,2047,unknown,330.64309692382812,397.22756958007812,-0.0020895430352538824,1.5709694623947144,0,0.0025000001769512892,0.0025000001769512892,0,0,0
8,2303,unknown,330.4617919921875,397.1109619140625,-0.00096963776741176844,1.5716859102249146,0,0.0025000001769512892,0.0025000001769512892,0,0,0
