measurement_id,geometry_id,local_key,local0,local1,phi,theta,time,var_local0,var_local1,var_phi,var_theta,var_time
0,255,unknown,127.74912261962891,-258.73260498046875,-0.00034368567867204547,1.5714362859725952,0,0.0025000001769512892,0.0025000001769512892,0,0,0
1,511,unknown,127.87213134765625,-258.79791259765625,-0.00033876005909405649,1.5714410543441772,0,0.0025000001769512892,0.0025000001769512892,0,0,0
2,767,unknown,127.82039642333984,-258.8016357421875,-0.0016014633001759648,1.5721231698989868,0,0.0025000001769512892,0.0025000001769512892,0,0,0
3,1023,unknown,127.64832305908203,-258.8297119140625,-0.0013521034270524979,1.5716813802719116,0,0.0025000001769512892,0.0025000001769512892,0,0,0
4,1279,unknown,127.65632629394531,-258.8516845703125,-0.001624112599529326,1.5716632604598999,0,0.0025000001769512892,0.0025000001769512892,0,0,0
5,1535,unknown,127.72705841064453,-258.87481689453125,-0.0016118382336571813,1.5716574192047119,0,0.0025000001769512892,0.0025000001769512892,0,0,0
6,1791,unknown,127.66236877441406,-258.79989624023438,-0.00066815159516409039,1.5715253353118896,0,0.0025000001769512892,0.0025000001769512892,0,0,0
7,2047,unknown,127.67840576171875,-258.83932495117188,8.2589060184545815e-05,1.5727180242538452,0,0.0025000001769512892,0.0025000001769512892,0,0,0
8,2303,unknown,127.65552520751953,-258.92227172851562,0.00032189604826271534,1.5745446681976318,0,0.0025000001769512892,0.0025000001769512892,0,0,0
