measurement_id,geometry_id,local_key,local0,local1,phi,theta,time,var_local0,var_local1,var_phi,var_theta,var_time
0,255,unknown,-60.600627899169922,-278.560302734375,-0.00063764152582734823,1.5716890096664429,0,0.0025000001769512892,0.0025000001769512892,0,0,0
1,511,unknown,-60.590995788574219,-278.63311767578125,-0.00045344213140197098,1.5717102289199829,0,0.0025000001769512892,0.0025000001769512892,0,0,0
2,767,unknown,-60.559371948242188,-278.67770385742188,-0.0017199263675138354,1.5715491771697998,0,0.0025000001769512892,0.0025000001769512892,0,0,0
3,1023,unknown,-60.627956390380859,-278.60595703125,-0.0025832308456301689,1.5711236000061035,0,0.0025000001769512892,0.0025000001769512892,0,0,0
4,1279,unknown,-60.694675445556641,-278.690673828125,-0.0027792798355221748,1.5710670948028564,0,0.0025000001769512892,0.0025000001769512892,0,0,0
5,1535,unknown,-60.830047607421875,-278.7255859375,-0.0020229215733706951,1.5708953142166138,0,0.0025000001769512892,0.0025000001769512892,0,0,0
6,1791,unknown,-60.783664703369141,-278.57965087890625,-0.0020882708486169577,1.5708167552947998,0,0.0025000001769512892,0.0025000001769512892,0,0,0
7,2047,unknown,-60.837249755859375,-278.72683715820312,-0.0021828494500368834,1.5687147378921509,0,0.0025000001769512892,0.0025000001769512892,0,0,0
8,2303,unknown,-60.838520050048828,-278.58404541015625,-0.0028566583059728146,1.5658292770385742,0,0.0025000001769512892,0.0025000001769512892,0,0,0
