particle_id,geometry_id,tx,ty,tz,tt,tpx,tpy,tpz,te,deltapx,deltapy,deltapz,deltae,index
0,255,20,-237.5029296875,-415.02984619140625,0,0.99982947111129761,1.2834067092626356e-05,0.00062796298880130053,0,0,0,0,0,0
0,511,40,-237.50274658203125,-415.01727294921875,0,0.99967706203460693,9.0048954007215798e-05,0.00098645244725048542,0,0,0,0,0,0
0,767,60,-237.50106811523438,-414.99752807617188,0,0.99940973520278931,0.00014770858979318291,0.0011558426776900887,0,0,0,0,0,0
0,1023,80,-237.49824523925781,-414.974365234375,0,0.99920976161956787,-0.00066700647585093975,0.0014597130939364433,0,0,0,0,0,0
0,1279,100,-237.51176452636719,-414.94522094726562,0,0.99892473220825195,-0.0017515557119622827,0.00090259278658777475,0,0,0,0,0,0
0,1535,120,-237.54693603515625,-414.9273681640625,0,0.99830019474029541,-0.002125744940713048,0.001274878391996026,0,0,0,0,0,0
0,1791,140,-237.58967590332031,-414.90206909179688,0,0.99812942743301392,-0.0021363908890634775,0.0013636623043566942,0,0,0,0,0,0
0,2047,160,-237.63264465332031,-414.875,0,0.99800586700439453,-0.0033538071438670158,0.00038161934935487807,0,0,0,0,0,0
0,2303,180,-237.69990539550781,-414.86776733398438,0,0.9978671669960022,-0.0020755457226186991,0.00057379674399271607,0,0,0,0,0,0
