particle_id,geometry_id,tx,ty,tz,tt,tpx,tpy,tpz,te,deltapx,deltapy,deltapz,deltae,index
0,255,20,170.19381713867188,212.51826477050781,0,0.99974721670150757,0.00026419444475322962,0.00026882451493293047,0,0,0,0,0,0
0,511,40,170.19906616210938,212.523681640625,0,0.99953925609588623,0.0012866767356172204,0.00085929851047694683,0,0,0,0,0,0
0,767,60,170.22470092773438,212.54103088378906,0,0.9987713098526001,0.00059601763496175408,-0.0011012563481926918,0,0,0,0,0,0
0,1023,80,170.23677062988281,212.51905822753906,0,0.99801617860794067,0.0018175947479903698,0.00079279259080067277,0,0,0,0,0,0
0,1279,100,170.27310180664062,212.53517150878906,0,0.99788886308670044,0.0016233788337558508,0.0014696808066219091,0,0,0,0,0,0
0,1535,120,170.30546569824219,212.5648193359375,0,0.9976731538772583,0.0010621164692565799,0.0011458664666861296,0,0,0,0,0,0
0,1791,140,170.32661437988281,212.58792114257812,0,0.99742388725280762,0.0013475745217874646,0.0024903703015297651,0,0,0,0,0,0
0,2047,160,170.35333251953125,212.63801574707031,0,0.99720007181167603,0.0024718008935451508,0.0012523145414888859,0,0,0,0,0,0
0,2303,180,170.40275573730469,212.66343688964844,0,0.99702030420303345,0.002516565378755331,0.0014288256643339992,0,0,0,0,0,0
