measurement_id,geometry_id,local_key,local0,local1,phi,theta,time,var_local0,var_local1,var_phi,var_theta,var_time
0,255,unknown,85.2877197265625,-76.697372436523438,6.9058783992659301e-05,1.5706940889358521,0,0.0025000001769512892,0.0025000001769512892,0,0,0
1,511,unknown,85.175636291503906,-76.653297424316406,0.00043730359175242484,1.5707300901412964,0,0.0025000001769512892,0.0025000001769512892,0,0,0
2,767,unknown,85.291526794433594,-76.496368408203125,0.00034719385439530015,1.5706371068954468,0,0.0025000001769512892,0.0025000001769512892,0,0,0
3,1023,unknown,85.238174438476562,-76.570243835449219,0.00010264304728480056,1.5705227851867676,0,0.0025000001769512892,0.0025000001769512892,0,0,0
4,1279,unknown,85.238883972167969,-76.578720092773438,-0.0004309843061491847,1.5725853443145752,0,0.0025000001769512892,0.0025000001769512892,0,0,0
5,1535,unknown,85.191734313964844,-76.632499694824219,-0.00079821422696113586,1.572353720664978,0,0.0025000001769512892,0.0025000001769512892,0,0,0
6,1791,unknown,85.246070861816406,-76.582176208496094,-0.0011841300874948502,1.5714348554611206,0,0.0025000001769512892,0.0025000001769512892,0,0,0
7,2047,unknown,85.231040954589844,-76.631919860839844,-0.000707879604306072,1.5710655450820923,0,0.0025000001769512892,0.0025000001769512892,0,0,0
8,2303,unknown,85.192977905273438,-76.565788269042969,0.00020311279513407499,1.5717848539352417,0,0.0025000001769512892,0.0025000001769512892,0,0,0
