particle_id,geometry_id,tx,ty,tz,tt,tpx,tpy,tpz,te,deltapx,deltapy,deltapz,deltae,index
0,255,20,187.7989501953125,263.72854614257812,0,0.99984276294708252,-0.00080277747474610806,-0.0004037422186229378,0,0,0,0,0,0
0,511,40,187.78294372558594,263.72036743164062,0,0.99969702959060669,-0.0013243606081232429,-0.000829370750579983,0,0,0,0,0,0
0,767,60,187.75654602050781,263.70361328125,0,0.99953764677047729,-0.0018250723369419575,-0.0011261721374467015,0,0,0,0,0,0
0,1023,80,187.72016906738281,263.68084716796875,0,0.99935954809188843,-0.0012644523521885276,-0.0010499635245651007,0,0,0,0,0,0
0,1279,100,187.69499206542969,263.65966796875,0,0.99922293424606323,-0.00083704112330451608,-0.00062171375611796975,0,0,0,0,0,0
0,1535,120,187.67831420898438,263.64712524414062,0,0.99906677007675171,-0.00079063582234084606,-0.00078216090332716703,0,0,0,0,0,0
0,1791,140,187.66258239746094,263.63137817382812,0,0.99889945983886719,-0.00066474109189584851,-0.0014006415149196982,0,0,0,0,0,0
0,2047,160,187.64944458007812,263.60324096679688,0,0.99876117706298828,0.000557620485778898,-0.002111128531396389,0,0,0,0,0,0
0,2303,180,187.66085815429688,263.56103515625,0,0.99860084056854248,0.00062291882932186127,-0.00016170339949894696,0,0,0,0,0,0
