measurement_id,geometry_id,local_key,local0,local1,phi,theta,time,var_local0,var_local1,var_phi,var_theta,var_time
0,255,unknown,-96.112228393554688,-203.17132568359375,-0.00042106412001885474,1.5698543787002563,0,0.0025000001769512892,0.0025000001769512892,0,0,0
1,511,unknown,-96.118064880371094,-203.29731750488281,-0.00047557309153489769,1.5698829889297485,0,0.0025000001769512892,0.0025000001769512892,0,0,0
2,767,unknown,-96.252662658691406,-203.11787414550781,-0.0016388935036957264,1.5700309276580811,0,0.0025000001769512892,0.0025000001769512892,0,0,0
3,1023,unknown,-96.199371337890625,-203.1827392578125,-0.0013073630398139358,1.5689706802368164,0,0.0025000001769512892,0.0025000001769512892,0,0,0
4,1279,unknown,-96.196640014648438,-203.06576538085938,-0.00034191709710285068,1.5686658620834351,0,0.0025000001769512892,0.0025000001769512892,0,0,0
5,1535,unknown,-96.305587768554688,-203.1383056640625,-0.00080690544564276934,1.5692884922027588,0,0.0025000001769512892,0.0025000001769512892,0,0,0
6,1791,unknown,-96.255821228027344,-203.16973876953125,-0.00069337117020040751,1.5691615343093872,0,0.0025000001769512892,0.0025000001769512892,0,0,0
7,2047,unknown,-96.268730163574219,-203.04963684082031,-0.00080899347085505724,1.5685445070266724,0,0.0025000001769512892,0.0025000001769512892,0,0,0
8,2303,unknown,-96.268600463867188,-202.93067932128906,0.0014052256010472775,1.5678602457046509,0,0.0025000001769512892,0.0025000001769512892,0,0,0
