particle_id,geometry_id,tx,ty,tz,tt,tpx,tpy,tpz,te,deltapx,deltapy,deltapz,deltae,index
0,255,20,175.94329833984375,104.95209503173828,0,0.99987626075744629,-1.4721988918608986e-05,2.8169629331387114e-06,0,0,0,0,0,0
0,511,40,175.94300842285156,104.9521484375,0,0.99974930286407471,0.00049508747179061174,0.0012303652474656701,0,0,0,0,0,0
0,767,60,175.9527587890625,104.97682189941406,0,0.99961370229721069,0.0004798131703864783,0.0011669225059449673,0,0,0,0,0,0
0,1023,80,175.96221923828125,105.00022888183594,0,0.99934846162796021,0.00052910769591107965,0.00013243069406598806,0,0,0,0,0,0
0,1279,100,175.97279357910156,105.00294494628906,0,0.99905204772949219,0.0015370307955890894,0.00033676103339530528,0,0,0,0,0,0
0,1535,120,176.00352478027344,105.00987243652344,0,0.99886131286621094,0.0014358126791194081,0.00032621819991618395,0,0,0,0,0,0
0,1791,140,176.0322265625,105.01657867431641,0,0.99872827529907227,0.0016371705569326878,-0.0013693289365619421,0,0,0,0,0,0
0,2047,160,176.06517028808594,104.98935699462891,0,0.99858665466308594,0.0020654967520385981,-0.0018663714872673154,0,0,0,0,0,0
0,2303,180,176.10676574707031,104.95222473144531,0,0.99839377403259277,0.0021369343157857656,-0.0020426348783075809,0,0,0,0,0,0
