particle_id,particle_type,process,vx,vy,vz,vt,px,py,pz,m,q
0,0,0,0,279.36453247070312,18.539054870605469,0,1,0,-4.3711388286737929e-08,0,-1
