measurement_id,geometry_id,local_key,local0,local1,phi,theta,time,var_local0,var_local1,var_phi,var_theta,var_time
0,255,unknown,170.36187744140625,-57.515052795410156,3.629154889495112e-05,1.5701053142547607,0,0.0025000001769512892,0.0025000001769512892,0,0,0
1,511,unknown,170.40200805664062,-57.495517730712891,0.00028543639928102493,1.5691636800765991,0,0.0025000001769512892,0.0025000001769512892,0,0,0
2,767,unknown,170.44752502441406,-57.36041259765625,-0.00030826524016447365,1.5708446502685547,0,0.0025000001769512892,0.0025000001769512892,0,0,0
3,1023,unknown,170.44161987304688,-57.505195617675781,-0.00078623037552461028,1.5704574584960938,0,0.0025000001769512892,0.0025000001769512892,0,0,0
4,1279,unknown,170.40251159667969,-57.415084838867188,-0.00067638122709468007,1.5714848041534424,0,0.0025000001769512892,0.0025000001769512892,0,0,0
5,1535,unknown,170.3544921875,-57.353195190429688,-0.0013554238248616457,1.5710428953170776,0,0.0025000001769512892,0.0025000001769512892,0,0,0
6,1791,unknown,170.386474609375,-57.454566955566406,-0.0013529298594221473,1.5710582733154297,0,0.0025000001769512892,0.0025000001769512892,0,0,0
7,2047,unknown,170.40055847167969,-57.469989776611328,0.0012413266813382506,1.5714136362075806,0,0.0025000001769512892,0.0025000001769512892,0,0,0
8,2303,unknown,170.34445190429688,-57.514213562011719,0.0014053719351068139,1.5712512731552124,0,0.0025000001769512892,0.0025000001769512892,0,0,0
