particle_id,geometry_id,tx,ty,tz,tt,tpx,tpy,tpz,te,deltapx,deltapy,deltapz,deltae,index
0,255,20,-72.747383117675781,295.3565673828125,0,0.99986636638641357,-0.00034781338763423264,0.00030747518758289516,0,0,0,0,0,0
0,511,40,-72.754379272460938,295.3626708984375,0,0.9997209906578064,0.00058005366008728743,0.00125964789185673,0,0,0,0,0,0
0,767,60,-72.742927551269531,295.387939453125,0,0.99957066774368286,0.00038517228676937521,0.0011377976043149829,0,0,0,0,0,0
0,1023,80,-72.735359191894531,295.41073608398438,0,0.99934393167495728,0.00034203831455670297,0.00060407008277252316,0,0,0,0,0,0
0,1279,100,-72.728584289550781,295.4228515625,0,0.99922007322311401,0.00022803283354733139,0.00034896715078502893,0,0,0,0,0,0
0,1535,120,-72.72406005859375,295.42987060546875,0,0.99906527996063232,-0.0015602087369188666,0.00040524685755372047,0,0,0,0,0,0
0,1791,140,-72.755340576171875,295.43780517578125,0,0.99883395433425903,-0.001374704297631979,-0.00015495425031986088,0,0,0,0,0,0
0,2047,160,-72.782844543457031,295.43453979492188,0,0.99871242046356201,-0.00085199117893353105,0.0014477954246103764,0,0,0,0,0,0
0,2303,180,-72.800079345703125,295.46343994140625,0,0.99854022264480591,-0.0008714132709428668,0.0014292142586782575,0,0,0,0,0,0
