particle_id,geometry_id,tx,ty,tz,tt,tpx,tpy,tpz,te,deltapx,deltapy,deltapz,deltae,index
0,255,20,15.915864944458008,-222.12973022460938,0,0.99988603591918945,0.00016776997654233128,0.001102874637581408,0,0,0,0,0,0
0,511,40,15.919088363647461,-222.10765075683594,0,0.99974620342254639,-4.3847161578014493e-05,0.0014178302371874452,0,0,0,0,0,0
0,767,60,15.918041229248047,-222.07929992675781,0,0.99956071376800537,0.0013908689143136144,0.00041831668931990862,0,0,0,0,0,0
0,1023,80,15.945819854736328,-222.07077026367188,0,0.99911677837371826,0.00090878939954563975,0.0002080310950987041,0,0,0,0,0,0
0,1279,100,15.963986396789551,-222.06649780273438,0,0.99890744686126709,0.0015792376361787319,0.00056998856598511338,0,0,0,0,0,0
0,1535,120,15.995536804199219,-222.05490112304688,0,0.99877661466598511,0.0039696036837995052,-0.00029925251146778464,0,0,0,0,0,0
0,1791,140,16.07505989074707,-222.06040954589844,0,0.9982573390007019,0.0042003951966762543,-0.0014822222292423248,0,0,0,0,0,0
0,2047,160,16.159391403198242,-222.089599609375,0,0.99810677766799927,0.0031956026796251535,-0.00062447279924526811,0,0,0,0,0,0
0,2303,180,16.22349739074707,-222.10173034667969,0,0.9979289174079895,0.0028134074527770281,-0.00096483284141868353,0,0,0,0,0,0
