particle_id,geometry_id,tx,ty,tz,tt,tpx,tpy,tpz,te,deltapx,deltapy,deltapz,deltae,index
0,255,20,24.520381927490234,-21.172822952270508,0,0.99986422061920166,-0.00043025467311963439,2.0934283384121954e-05,0,0,0,0,0,0
0,511,40,24.511774063110352,-21.172456741333008,0,0.99792498350143433,-0.002021328080445528,0.00055812695063650608,0,0,0,0,0,0
0,767,60,24.471197128295898,-21.161514282226562,0,0.9975394606590271,-0.001142161781899631,-0.0002101682621287182,0,0,0,0,0,0
0,1023,80,24.448324203491211,-21.165864944458008,0,0.9974055290222168,-0.0011488094460219145,0.0021777339279651642,0,0,0,0,0,0
0,1279,100,24.425025939941406,-21.122337341308594,0,0.99726837873458862,-0.00014629952784162015,0.0020031486637890339,0,0,0,0,0,0
0,1535,120,24.421850204467773,-21.082183837890625,0,0.99711191654205322,-4.6731671318411827e-05,0.0018758861115202308,0,0,0,0,0,0
0,1791,140,24.420686721801758,-21.044563293457031,0,0.99699229001998901,-4.8315818276023492e-05,0.001911554136313498,0,0,0,0,0,0
0,2047,160,24.419486999511719,-21.006223678588867,0,0.99683791399002075,2.3350361516349949e-05,0.0018392455531284213,0,0,0,0,0,0
0,2303,180,24.419733047485352,-20.969320297241211,0,0.99668365716934204,0.00030885564046911895,0.0014367746189236641,0,0,0,0,0,0
