particle_id,geometry_id,tx,ty,tz,tt,tpx,tpy,tpz,te,deltapx,deltapy,deltapz,deltae,index
0,255,20,-89.798736572265625,364.9783935546875,0,0.99979150295257568,-6.240502989385277e-05,0.00025489181280136108,0,0,0,0,0,0
0,511,40,-89.800018310546875,364.98348999023438,0,0.99963867664337158,1.4503015677291842e-08,-2.1886876311327796e-06,0,0,0,0,0,0
0,767,60,-89.800018310546875,364.98345947265625,0,0.99944692850112915,2.1529460354940966e-05,2.0687255528173409e-05,0,0,0,0,0,0
0,1023,80,-89.799591064453125,364.98388671875,0,0.99931734800338745,-0.00038989909808151424,0.00022212987823877484,0,0,0,0,0,0
0,1279,100,-89.807418823242188,364.98828125,0,0.99913609027862549,-0.0002142011362593621,0.00030117618734948337,0,0,0,0,0,0
0,1535,120,-89.811744689941406,364.99429321289062,0,0.99895548820495605,4.838963650399819e-05,0.00022288302716333419,0,0,0,0,0,0
0,1791,140,-89.810806274414062,364.99874877929688,0,0.99814140796661377,0.00082207657396793365,0.0020534503273665905,0,0,0,0,0,0
0,2047,160,-89.794578552246094,365.03997802734375,0,0.99792003631591797,0.0016896877204999328,0.0017226396594196558,0,0,0,0,0,0
0,2303,180,-89.76092529296875,365.07470703125,0,0.99777758121490479,0.0015404375735670328,0.0020398574415594339,0,0,0,0,0,0
