particle_id,geometry_id,tx,ty,tz,tt,tpx,tpy,tpz,te,deltapx,deltapy,deltapz,deltae,index
0,255,20,-91.829292297363281,-174.72013854980469,0,0.99961209297180176,-0.00059957860503345728,-0.00018498477584216744,0,0,0,0,0,0
0,511,40,-91.841262817382812,-174.72390747070312,0,0.99906563758850098,0.00092837924603372812,9.1780850198119879e-05,0,0,0,0,0,0
0,767,60,-91.82269287109375,-174.72195434570312,0,0.99888575077056885,0.001046309364028275,-9.0184592409059405e-05,0,0,0,0,0,0
0,1023,80,-91.801734924316406,-174.7236328125,0,0.99852496385574341,0.0010677828686311841,-3.3015930966939777e-05,0,0,0,0,0,0
0,1279,100,-91.780342102050781,-174.72416687011719,0,0.99841165542602539,0.0011672718683257699,0.0010416199220344424,0,0,0,0,0,0
0,1535,120,-91.757087707519531,-174.70315551757812,0,0.99827849864959717,0.001146710361354053,-0.00040418174467049539,0,0,0,0,0,0
0,1791,140,-91.734062194824219,-174.71112060546875,0,0.99808001518249512,0.0014659827575087547,7.1225709689315408e-05,0,0,0,0,0,0
0,2047,160,-91.704696655273438,-174.70951843261719,0,0.99793791770935059,0.0024446665775030851,0.00078761606710031629,0,0,0,0,0,0
0,2303,180,-91.655799865722656,-174.69343566894531,0,0.99779874086380005,0.0023449270520359278,0.00084876385517418385,0,0,0,0,0,0
