particle_id,geometry_id,tx,ty,tz,tt,tpx,tpy,tpz,te,deltapx,deltapy,deltapz,deltae,index
0,255,20,-146.22489929199219,191.04629516601562,0,0.99949800968170166,-0.00036877315142191947,0.0013259713305160403,0,0,0,0,0,0
0,511,40,-146.23243713378906,191.07278442382812,0,0.99934297800064087,-0.00031488138483837247,0.00079813401680439711,0,0,0,0,0,0
0,767,60,-146.23883056640625,191.08871459960938,0,0.99914449453353882,0.0010835666907951236,0.0026079374365508556,0,0,0,0,0,0
0,1023,80,-146.21745300292969,191.14105224609375,0,0.99898576736450195,-0.00014241533062886447,0.0036955240648239851,0,0,0,0,0,0
0,1279,100,-146.22074890136719,191.21501159667969,0,0.99880844354629517,-0.00031133482116274536,0.0036436687223613262,0,0,0,0,0,0
0,1535,120,-146.2274169921875,191.28793334960938,0,0.99862724542617798,0.0011664032936096191,0.0031844400800764561,0,0,0,0,0,0
0,1791,140,-146.20443725585938,191.35185241699219,0,0.99848264455795288,0.0011545742163434625,0.0031974294688552618,0,0,0,0,0,0
0,2047,160,-146.18170166015625,191.41603088378906,0,0.9981657862663269,0.0010428025852888823,0.0031676182989031076,0,0,0,0,0,0
0,2303,180,-146.16119384765625,191.47962951660156,0,0.99794453382492065,0.001347846700809896,0.0025503200013190508,0,0,0,0,0,0
