particle_id,geometry_id,tx,ty,tz,tt,tpx,tpy,tpz,te,deltapx,deltapy,deltapz,deltae,index
0,255,20,-191.01666259765625,-49.502552032470703,0,0.99982774257659912,0.0015425888122990727,-0.0005111257778480649,0,0,0,0,0,0
0,511,40,-190.98574829101562,-49.512592315673828,0,0.99951416254043579,0.00030113826505839825,0.00015032534429337829,0,0,0,0,0,0
0,767,60,-190.979736328125,-49.509548187255859,0,0.99922060966491699,0.00039661009213887155,0.0005582549492828548,0,0,0,0,0,0
0,1023,80,-190.97186279296875,-49.498325347900391,0,0.99907249212265015,-0.00040848791832104325,0.00053673435468226671,0,0,0,0,0,0
0,1279,100,-190.9801025390625,-49.487628936767578,0,0.99885576963424683,-0.0011002357350662351,0.0014302616473287344,0,0,0,0,0,0
0,1535,120,-191.00230407714844,-49.459125518798828,0,0.99845278263092041,-0.0017603960586711764,0.0010632073972374201,0,0,0,0,0,0
0,1791,140,-191.03768920898438,-49.438041687011719,0,0.99828118085861206,-0.0018372235354036093,0.0007699162233620882,0,0,0,0,0,0
0,2047,160,-191.0745849609375,-49.422840118408203,0,0.99807590246200562,-0.0026417842600494623,0.00082151580136269331,0,0,0,0,0,0
0,2303,180,-191.12762451171875,-49.406696319580078,0,0.99778610467910767,-0.0027502994053065777,0.00077845697524026036,0,0,0,0,0,0
