measurement_id,geometry_id,local_key,local0,local1,phi,theta,time,var_local0,var_local1,var_phi,var_theta,var_time
0,255,unknown,80.152252197265625,-104.13916015625,-0.00030101777520030737,1.5705363750457764,0,0.0025000001769512892,0.0025000001769512892,0,0,0
1,511,unknown,80.111053466796875,-104.21578216552734,-0.00033880566479638219,1.5711790323257446,0,0.0025000001769512892,0.0025000001769512892,0,0,0
2,767,unknown,80.068450927734375,-104.16962432861328,-0.00029039650689810514,1.5712952613830566,0,0.0025000001769512892,0.0025000001769512892,0,0,0
3,1023,unknown,80.070091247558594,-104.18991851806641,0.0015093381516635418,1.5718716382980347,0,0.0025000001769512892,0.0025000001769512892,0,0,0
4,1279,unknown,80.086021423339844,-104.09528350830078,0.001511565875262022,1.571890115737915,0,0.0025000001769512892,0.0025000001769512892,0,0,0
5,1535,unknown,80.199195861816406,-104.26441192626953,0.0023079952225089073,1.5712038278579712,0,0.0025000001769512892,0.0025000001769512892,0,0,0
6,1791,unknown,80.140647888183594,-104.22415161132812,0.0019756548572331667,1.5710470676422119,0,0.0025000001769512892,0.0025000001769512892,0,0,0
7,2047,unknown,80.342399597167969,-104.26221466064453,0.0020798812620341778,1.5709511041641235,0,0.0025000001769512892,0.0025000001769512892,0,0,0
8,2303,unknown,80.296714782714844,-104.29004669189453,0.002067086286842823,1.5709172487258911,0,0.0025000001769512892,0.0025000001769512892,0,0,0
