measurement_id,geometry_id,local_key,local0,local1,phi,theta,time,var_local0,var_local1,var_phi,var_theta,var_time
0,255,unknown,-192.36952209472656,316.86703491210938,-0.00031939111067913473,1.5707590579986572,0,0.0025000001769512892,0.0025000001769512892,0,0,0
1,511,unknown,-192.26669311523438,316.87899780273438,1.531308407720644e-05,1.5722435712814331,0,0.0025000001769512892,0.0025000001769512892,0,0,0
2,767,unknown,-192.38270568847656,316.79202270507812,-0.0018867478938773274,1.5721441507339478,0,0.0025000001769512892,0.0025000001769512892,0,0,0
3,1023,unknown,-192.31486511230469,316.87643432617188,-0.0013137463247403502,1.5721350908279419,0,0.0025000001769512892,0.0025000001769512892,0,0,0
4,1279,unknown,-192.3626708984375,316.79180908203125,-0.0020863011013716459,1.5717086791992188,0,0.0025000001769512892,0.0025000001769512892,0,0,0
5,1535,unknown,-192.45574951171875,316.7978515625,-0.0022059932816773653,1.5715713500976562,0,0.0025000001769512892,0.0025000001769512892,0,0,0
6,1791,unknown,-192.46604919433594,316.74407958984375,-0.0020070867612957954,1.5726433992385864,0,0.0025000001769512892,0.0025000001769512892,0,0,0
7,2047,unknown,-192.5174560546875,316.73294067382812,-0.0020111543126404285,1.5723427534103394,0,0.0025000001769512892,0.0025000001769512892,0,0,0
8,2303,unknown,-192.59199523925781,316.71978759765625,-0.00076846766751259565,1.5721958875656128,0,0.0025000001769512892,0.0025000001769512892,0,0,0
