particle_id,geometry_id,tx,ty,tz,tt,tpx,tpy,tpz,te,deltapx,deltapy,deltapz,deltae,index
0,255,20,-324.7823486328125,47.575275421142578,0,0.9998820424079895,0.00057709380052983761,-0.00050710036884993315,0,0,0,0,0,0
0,511,40,-324.770751953125,47.565200805664062,0,0.99971359968185425,0.00032096932409331203,-0.0014162029838189483,0,0,0,0,0,0
0,767,60,-324.76416015625,47.536907196044922,0,0.99959790706634521,0.00026459788205102086,-0.0014561966527253389,0,0,0,0,0,0
0,1023,80,-324.75869750976562,47.507804870605469,0,0.99943220615386963,-0.0012273371685296297,-0.0031326464377343655,0,0,0,0,0,0
0,1279,100,-324.78286743164062,47.444969177246094,0,0.99909013509750366,-0.003826602827757597,-0.0030153505504131317,0,0,0,0,0,0
0,1535,120,-324.85910034179688,47.384147644042969,0,0.99893671274185181,-0.0037528583779931068,-0.0028037501033395529,0,0,0,0,0,0
0,1791,140,-324.93389892578125,47.327564239501953,0,0.99877297878265381,-0.0041434150189161301,-0.0026432715822011232,0,0,0,0,0,0
0,2047,160,-325.01654052734375,47.274135589599609,0,0.9984508752822876,-0.0045038177631795406,-0.0020965677686035633,0,0,0,0,0,0
0,2303,180,-325.10650634765625,47.231597900390625,0,0.99830710887908936,-0.0043895812705159187,-0.0022625206038355827,0,0,0,0,0,0
