particle_id,particle_type,process,vx,vy,vz,vt,px,py,pz,m,q
0,0,0,0,-225.26554870605469,-356.69281005859375,0,1,0,-4.3711388286737929e-08,0,-1
