particle_id,geometry_id,tx,ty,tz,tt,tpx,tpy,tpz,te,deltapx,deltapy,deltapz,deltae,index
0,255,20,-72.339645385742188,96.88018798828125,0,0.99976974725723267,-0.00013188531738705933,-0.00053469353588297963,0,0,0,0,0,0
0,511,40,-72.342216491699219,96.869476318359375,0,0.9996451735496521,0.00099696556571871042,-0.00057121139252558351,0,0,0,0,0,0
0,767,60,-72.32220458984375,96.858169555664062,0,0.99944353103637695,0.0011140985880047083,-0.0003210150171071291,0,0,0,0,0,0
0,1023,80,-72.299873352050781,96.851882934570312,0,0.99909019470214844,0.0016212493646889925,-0.00066724751377478242,0,0,0,0,0,0
0,1279,100,-72.267341613769531,96.838722229003906,0,0.9988669753074646,0.0017215664265677333,-0.00049967988161370158,0,0,0,0,0,0
0,1535,120,-72.232810974121094,96.828926086425781,0,0.99872887134552002,0.0020631097722798586,-0.0011234754929319024,0,0,0,0,0,0
0,1791,140,-72.191360473632812,96.806678771972656,0,0.99843853712081909,0.0021565158385783434,-0.0012349123135209084,0,0,0,0,0,0
0,2047,160,-72.148017883300781,96.782203674316406,0,0.99825102090835571,0.0016804032493382692,-0.00095633568707853556,0,0,0,0,0,0
0,2303,180,-72.114234924316406,96.76324462890625,0,0.99807095527648926,0.0014771699206903577,-0.0014468348817899823,0,0,0,0,0,0
