measurement_id,geometry_id,local_key,local0,local1,phi,theta,time,var_local0,var_local1,var_phi,var_theta,var_time
0,255,unknown,121.49638366699219,-241.30030822753906,-0.00018112377438228577,1.5718272924423218,0,0.0025000001769512892,0.0025000001769512892,0,0,0
1,511,unknown,121.47589111328125,-241.32240295410156,-0.00021901742729824036,1.5721288919448853,0,0.0025000001769512892,0.0025000001769512892,0,0,0
2,767,unknown,121.40716552734375,-241.40888977050781,-5.7101031416095793e-05,1.573685884475708,0,0.0025000001769512892,0.0025000001769512892,0,0,0
3,1023,unknown,121.45375061035156,-241.39768981933594,-0.001017222530208528,1.574379563331604,0,0.0025000001769512892,0.0025000001769512892,0,0,0
4,1279,unknown,121.42819976806641,-241.47224426269531,-0.00048412865726277232,1.5740436315536499,0,0.0025000001769512892,0.0025000001769512892,0,0,0
5,1535,unknown,121.34452056884766,-241.58547973632812,-0.0004519318463280797,1.5740708112716675,0,0.0025000001769512892,0.0025000001769512892,0,0,0
6,1791,unknown,121.38714599609375,-241.68492126464844,-0.00098152691498398781,1.5749852657318115,0,0.0025000001769512892,0.0025000001769512892,0,0,0
7,2047,unknown,121.47290802001953,-241.64653015136719,-0.00095222098752856255,1.5728427171707153,0,0.0025000001769512892,0.0025000001769512892,0,0,0
8,2303,unknown,121.33578491210938,-241.77545166015625,-0.0011782082729041576,1.5727967023849487,0,0.0025000001769512892,0.0025000001769512892,0,0,0
