particle_id,geometry_id,tx,ty,tz,tt,tpx,tpy,tpz,te,deltapx,deltapy,deltapz,deltae,index
0,255,20,40.943508148193359,79.230621337890625,0,0.999847412109375,-0.00019466412777546793,7.254366937559098e-05,0,0,0,0,0,0
0,511,40,40.939605712890625,79.232048034667969,0,0.99964350461959839,-0.0018515464616939425,0.00012388998584356159,0,0,0,0,0,0
0,767,60,40.902545928955078,79.234306335449219,0,0.99951004981994629,-0.0012782984413206577,-1.4580109564121813e-05,0,0,0,0,0,0
0,1023,80,40.876968383789062,79.233863830566406,0,0.9991489052772522,-0.0015168613754212856,0.0005428505246527493,0,0,0,0,0,0
0,1279,100,40.846542358398438,79.244544982910156,0,0.99877089262008667,-0.00070861895801499486,0.0013741800794377923,0,0,0,0,0,0
0,1535,120,40.832187652587891,79.271980285644531,0,0.99861139059066772,0.00020182748266961426,0.0013533656019717455,0,0,0,0,0,0
0,1791,140,40.836067199707031,79.299110412597656,0,0.99848634004592896,0.00020707141084130853,0.0013343895552679896,0,0,0,0,0,0
0,2047,160,40.840053558349609,79.32586669921875,0,0.99823951721191406,0.0011706771329045296,0.00098122656345367432,0,0,0,0,0,0
0,2303,180,40.863388061523438,79.345664978027344,0,0.99805444478988647,0.0023375244345515966,0.0021207367535680532,0,0,0,0,0,0
