particle_id,geometry_id,tx,ty,tz,tt,tpx,tpy,tpz,te,deltapx,deltapy,deltapz,deltae,index
0,255,20,35.335350036621094,99.092208862304688,0,0.99986380338668823,-0.00090008112601935863,0.0005022360710427165,0,0,0,0,0,0
0,511,40,35.317287445068359,99.102149963378906,0,0.9997028112411499,9.0370565885677934e-05,0.00032065316918306053,0,0,0,0,0,0
0,767,60,35.319057464599609,99.108573913574219,0,0.99951386451721191,0.00025496009038761258,0.00030069431522861123,0,0,0,0,0,0
0,1023,80,35.324123382568359,99.1146240234375,0,0.99935013055801392,0.00059883383801206946,0.00064469786593690515,0,0,0,0,0,0
0,1279,100,35.336029052734375,99.127601623535156,0,0.99920350313186646,0.0011710221879184246,0.0018789885798469186,0,0,0,0,0,0
0,1535,120,35.359241485595703,99.165351867675781,0,0.9990469217300415,0.0015780497342348099,0.002194657688960433,0,0,0,0,0,0
0,1791,140,35.390567779541016,99.20947265625,0,0.99893897771835327,0.0015325237764045596,0.0020774805452674627,0,0,0,0,0,0
0,2047,160,35.421001434326172,99.251251220703125,0,0.99876785278320312,0.0011533728102222085,0.0021883284207433462,0,0,0,0,0,0
0,2303,180,35.443832397460938,99.295211791992188,0,0.99854987859725952,0.0018350480822846293,0.0016240933910012245,0,0,0,0,0,0
