measurement_id,geometry_id,local_key,local0,local1,phi,theta,time,var_local0,var_local1,var_phi,var_theta,var_time
0,255,unknown,225.37489318847656,48.184741973876953,-5.3764848416903988e-05,1.5706839561462402,0,0.0025000001769512892,0.0025000001769512892,0,0,0
1,511,unknown,225.47207641601562,48.179904937744141,0.0019250500481575727,1.5702992677688599,0,0.0025000001769512892,0.0025000001769512892,0,0,0
2,767,unknown,225.46788024902344,48.220447540283203,0.00094940082635730505,1.5713837146759033,0,0.0025000001769512892,0.0025000001769512892,0,0,0
3,1023,unknown,225.44227600097656,48.144550323486328,0.0010259033879265189,1.5712548494338989,0,0.0025000001769512892,0.0025000001769512892,0,0,0
4,1279,unknown,225.47036743164062,48.092510223388672,0.00059667322784662247,1.5708707571029663,0,0.0025000001769512892,0.0025000001769512892,0,0,0
5,1535,unknown,225.47407531738281,48.145919799804688,0.00072042451938614249,1.5713438987731934,0,0.0025000001769512892,0.0025000001769512892,0,0,0
6,1791,unknown,225.51651000976562,48.1300048828125,0.0011904536513611674,1.57219398021698,0,0.0025000001769512892,0.0025000001769512892,0,0,0
7,2047,unknown,225.56436157226562,48.176727294921875,0.0016953926533460617,1.5718542337417603,0,0.0025000001769512892,0.0025000001769512892,0,0,0
8,2303,unknown,225.62959289550781,48.035804748535156,0.0015176591696217656,1.5719419717788696,0,0.0025000001769512892,0.0025000001769512892,0,0,0
