particle_id,particle_type,process,vx,vy,vz,vt,px,py,pz,m,q
0,0,0,0,-79.773246765136719,219.38145446777344,0,1,0,-4.3711388286737929e-08,0,-1
