measurement_id,geometry_id,local_key,local0,local1,phi,theta,time,var_local0,var_local1,var_phi,var_theta,var_time
0,255,unknown,-170.54745483398438,76.271247863769531,0.00051706039812415838,1.5718704462051392,0,0.0025000001769512892,0.0025000001769512892,0,0,0
1,511,unknown,-170.57748413085938,76.298965454101562,0.0012902660528197885,1.5714879035949707,0,0.0025000001769512892,0.0025000001769512892,0,0,0
2,767,unknown,-170.47039794921875,76.264396667480469,0.0030128806829452515,1.5717635154724121,0,0.0025000001769512892,0.0025000001769512892,0,0,0
3,1023,unknown,-170.46418762207031,76.13409423828125,0.0027779843658208847,1.5702908039093018,0,0.0025000001769512892,0.0025000001769512892,0,0,0
4,1279,unknown,-170.39846801757812,76.073760986328125,0.0026006011757999659,1.5692620277404785,0,0.0025000001769512892,0.0025000001769512892,0,0,0
5,1535,unknown,-170.32383728027344,76.277053833007812,0.0013631309848278761,1.5676118135452271,0,0.0025000001769512892,0.0025000001769512892,0,0,0
6,1791,unknown,-170.33662414550781,76.348899841308594,0.00056127773132175207,1.5683790445327759,0,0.0025000001769512892,0.0025000001769512892,0,0,0
7,2047,unknown,-170.3760986328125,76.384597778320312,-0.00040357289253734052,1.5675908327102661,0,0.0025000001769512892,0.0025000001769512892,0,0,0
8,2303,unknown,-170.37872314453125,76.464775085449219,-0.0017314596334472299,1.5679758787155151,0,0.0025000001769512892,0.0025000001769512892,0,0,0
