measurement_id,geometry_id,local_key,local0,local1,phi,theta,time,var_local0,var_local1,var_phi,var_theta,var_time
0,255,unknown,37.544029235839844,-128.51432800292969,-0.0011026703286916018,1.5705356597900391,0,0.0025000001769512892,0.0025000001769512892,0,0,0
1,511,unknown,37.68695068359375,-128.58636474609375,-0.0014499936951324344,1.5708721876144409,0,0.0025000001769512892,0.0025000001769512892,0,0,0
2,767,unknown,37.662757873535156,-128.50126647949219,-0.0013899685582146049,1.5703424215316772,0,0.0025000001769512892,0.0025000001769512892,0,0,0
3,1023,unknown,37.544521331787109,-128.587158203125,-0.00076241081114858389,1.5704975128173828,0,0.0025000001769512892,0.0025000001769512892,0,0,0
4,1279,unknown,37.533981323242188,-128.53013610839844,-0.0007858466706238687,1.570514440536499,0,0.0025000001769512892,0.0025000001769512892,0,0,0
5,1535,unknown,37.577365875244141,-128.46112060546875,-0.0008347479160875082,1.5704693794250488,0,0.0025000001769512892,0.0025000001769512892,0,0,0
6,1791,unknown,37.559864044189453,-128.47590637207031,-0.00034106764360330999,1.5721985101699829,0,0.0025000001769512892,0.0025000001769512892,0,0,0
7,2047,unknown,37.526561737060547,-128.48774719238281,-0.00041873997543007135,1.5731734037399292,0,0.0025000001769512892,0.0025000001769512892,0,0,0
8,2303,unknown,37.537864685058594,-128.52729797363281,-0.00039897672832012177,1.5731544494628906,0,0.0025000001769512892,0.0025000001769512892,0,0,0
