measurement_id,geometry_id,local_key,local0,local1,phi,theta,time,var_local0,var_local1,var_phi,var_theta,var_time
0,255,unknown,-41.357456207275391,-424.253662109375,-1.8956490066557308e-07,1.5707664489746094,0,0.0025000001769512892,0.0025000001769512892,0,0,0
1,511,unknown,-41.396392822265625,-424.29067993164062,-0.0017990395426750183,1.5707886219024658,0,0.0025000001769512892,0.0025000001769512892,0,0,0
2,767,unknown,-41.417652130126953,-424.27676391601562,-0.00028134416788816452,1.5709192752838135,0,0.0025000001769512892,0.0025000001769512892,0,0,0
3,1023,unknown,-41.386238098144531,-424.35653686523438,8.7338332377839833e-05,1.5719919204711914,0,0.0025000001769512892,0.0025000001769512892,0,0,0
4,1279,unknown,-41.388008117675781,-424.38021850585938,-0.00011454994091764092,1.5718554258346558,0,0.0025000001769512892,0.0025000001769512892,0,0,0
5,1535,unknown,-41.273288726806641,-424.3958740234375,-9.227973350789398e-05,1.5718677043914795,0,0.0025000001769512892,0.0025000001769512892,0,0,0
6,1791,unknown,-41.445941925048828,-424.34530639648438,0.0011167597258463502,1.5732992887496948,0,0.0025000001769512892,0.0025000001769512892,0,0,0
7,2047,unknown,-41.357490539550781,-424.35787963867188,0.0017333321738988161,1.5740807056427002,0,0.0025000001769512892,0.0025000001769512892,0,0,0
8,2303,unknown,-41.420387268066406,-424.44778442382812,0.0011604937026277184,1.5758286714553833,0,0.0025000001769512892,0.0025000001769512892,0,0,0
