particle_id,particle_type,process,vx,vy,vz,vt,px,py,pz,m,q
0,0,0,0,-386.9803466796875,-178.82562255859375,0,1,0,-4.3711388286737929e-08,0,-1
