particle_id,particle_type,process,vx,vy,vz,vt,px,py,pz,m,q
0,0,0,0,8.2289628982543945,-108.25356292724609,0,1,0,-4.3711388286737929e-08,0,-1
