particle_id,geometry_id,tx,ty,tz,tt,tpx,tpy,tpz,te,deltapx,deltapy,deltapz,deltae,index
0,255,20,-60.403053283691406,-179.13298034667969,0,0.99985754489898682,-0.00056731415679678321,0.00074145192047581077,0,0,0,0,0,0
0,511,40,-60.41448974609375,-179.11822509765625,0,0.99970835447311401,8.3522456407081336e-05,0.0013990660663694143,0,0,0,0,0,0
0,767,60,-60.412986755371094,-179.09022521972656,0,0.99951982498168945,-0.000853943289257586,0.0013884365325793624,0,0,0,0,0,0
0,1023,80,-60.430240631103516,-179.06254577636719,0,0.99934226274490356,8.1865997344721109e-05,0.0023317092563956976,0,0,0,0,0,0
0,1279,100,-60.428882598876953,-179.015869140625,0,0.99894505739212036,0.00058180332416668534,0.0022496867459267378,0,0,0,0,0,0
0,1535,120,-60.417503356933594,-178.97076416015625,0,0.99879604578018188,-0.00027523247990757227,0.0030058999545872211,0,0,0,0,0,0
0,1791,140,-60.423374176025391,-178.91061401367188,0,0.99866127967834473,-0.00014632348029408604,0.0035462237428873777,0,0,0,0,0,0
0,2047,160,-60.426731109619141,-178.83961486816406,0,0.99845129251480103,-0.00023254875850398093,0.0035990399774163961,0,0,0,0,0,0
0,2303,180,-60.43182373046875,-178.76754760742188,0,0.99821358919143677,-0.0024844477884471416,0.0020142162684351206,0,0,0,0,0,0
