measurement_id,geometry_id,local_key,local0,local1,phi,theta,time,var_local0,var_local1,var_phi,var_theta,var_time
0,255,unknown,124.46221923828125,-149.10368347167969,-0.00018045281467493623,1.5706530809402466,0,0.0025000001769512892,0.0025000001769512892,0,0,0
1,511,unknown,124.50992584228516,-149.27845764160156,-0.00010832531552296132,1.5706727504730225,0,0.0025000001769512892,0.0025000001769512892,0,0,0
2,767,unknown,124.46826171875,-149.15786743164062,-0.001989368349313736,1.5715906620025635,0,0.0025000001769512892,0.0025000001769512892,0,0,0
3,1023,unknown,124.43791198730469,-149.30950927734375,-0.0021208538673818111,1.5717455148696899,0,0.0025000001769512892,0.0025000001769512892,0,0,0
4,1279,unknown,124.371826171875,-149.26161193847656,-0.002252976642921567,1.572022557258606,0,0.0025000001769512892,0.0025000001769512892,0,0,0
5,1535,unknown,124.42547607421875,-149.24073791503906,-0.0023847015108913183,1.5727663040161133,0,0.0025000001769512892,0.0025000001769512892,0,0,0
6,1791,unknown,124.30500030517578,-149.24388122558594,-0.0023654685355722904,1.5712735652923584,0,0.0025000001769512892,0.0025000001769512892,0,0,0
7,2047,unknown,124.18782806396484,-149.31111145019531,-0.0023356399033218622,1.5711706876754761,0,0.0025000001769512892,0.0025000001769512892,0,0,0
8,2303,unknown,124.14138031005859,-149.30406188964844,-0.0022920521441847086,1.5712770223617554,0,0.0025000001769512892,0.0025000001769512892,0,0,0
