particle_id,particle_type,process,vx,vy,vz,vt,px,py,pz,m,q
0,0,0,0,-217.57688903808594,261.72076416015625,0,1,0,-4.3711388286737929e-08,0,-1
