particle_id,geometry_id,tx,ty,tz,tt,tpx,tpy,tpz,te,deltapx,deltapy,deltapz,deltae,index
0,255,20,-232.93193054199219,180.28695678710938,0,0.99983251094818115,-0.00021439796546474099,-0.00069003080716356635,0,0,0,0,0,0
0,511,40,-232.93614196777344,180.27313232421875,0,0.99958455562591553,-0.0018580873729661107,-0.00018724400433711708,0,0,0,0,0,0
0,767,60,-232.97329711914062,180.2691650390625,0,0.99936223030090332,-0.0023688673973083496,-0.00083493208512663841,0,0,0,0,0,0
0,1023,80,-233.02059936523438,180.25216674804688,0,0.9991498589515686,-0.0023628976196050644,-0.00019681054982356727,0,0,0,0,0,0
0,1279,100,-233.06787109375,180.24794006347656,0,0.99896895885467529,-0.0021294194739311934,-0.00017486287106294185,0,0,0,0,0,0
0,1535,120,-233.11048889160156,180.24418640136719,0,0.99860167503356934,-0.0014918091474100947,0.0020763026550412178,0,0,0,0,0,0
0,1791,140,-233.14060974121094,180.28558349609375,0,0.99847632646560669,-0.0014089536853134632,0.0020429519936442375,0,0,0,0,0,0
0,2047,160,-233.16908264160156,180.32633972167969,0,0.99826765060424805,-0.00093845481751486659,0.002033955417573452,0,0,0,0,0,0
0,2303,180,-233.18812561035156,180.36697387695312,0,0.99807417392730713,-0.00054886308498680592,0.0020462917163968086,0,0,0,0,0,0
