particle_id,geometry_id,tx,ty,tz,tt,tpx,tpy,tpz,te,deltapx,deltapy,deltapz,deltae,index
0,255,20,429.51498413085938,-119.91545104980469,0,0.99976754188537598,-0.00020215426047798246,-0.00031802017474547029,0,0,0,0,0,0
0,511,40,429.510986328125,-119.92183685302734,0,0.99959224462509155,-8.7163032731041312e-05,-0.00020666832278948277,0,0,0,0,0,0
0,767,60,429.50927734375,-119.92597961425781,0,0.99938637018203735,-0.00043511277181096375,-0.00029550137696787715,0,0,0,0,0,0
0,1023,80,429.5006103515625,-119.93194580078125,0,0.99926167726516724,-0.0012744406703859568,8.882086694939062e-05,0,0,0,0,0,0
0,1279,100,429.47509765625,-119.93032073974609,0,0.99910187721252441,-0.0014119097031652927,-0.00026409359998069704,0,0,0,0,0,0
0,1535,120,429.44686889648438,-119.93577575683594,0,0.99893546104431152,-0.0019977204501628876,-0.0011551455827429891,0,0,0,0,0,0
0,1791,140,429.40701293945312,-119.95914459228516,0,0.99876034259796143,-0.0018682065419852734,-0.00038866113754920661,0,0,0,0,0,0
0,2047,160,429.36965942382812,-119.96715545654297,0,0.99845969676971436,-0.0012581435730680823,-0.00054589583305642009,0,0,0,0,0,0
0,2303,180,429.34451293945312,-119.97824096679688,0,0.99829107522964478,-0.0026503431145101786,-0.00056377507280558348,0,0,0,0,0,0
