measurement_id,geometry_id,local_key,local0,local1,phi,theta,time,var_local0,var_local1,var_phi,var_theta,var_time
0,255,unknown,-231.38189697265625,96.234931945800781,-0.00034952635178342462,1.5705952644348145,0,0.0025000001769512892,0.0025000001769512892,0,0,0
1,511,unknown,-231.43205261230469,96.184883117675781,0.00063053157646209002,1.5714377164840698,0,0.0025000001769512892,0.0025000001769512892,0,0,0
2,767,unknown,-231.40257263183594,96.072334289550781,0.00095143821090459824,1.5710303783416748,0,0.0025000001769512892,0.0025000001769512892,0,0,0
3,1023,unknown,-231.34762573242188,96.256683349609375,0.0013959405478090048,1.5713232755661011,0,0.0025000001769512892,0.0025000001769512892,0,0,0
4,1279,unknown,-231.27626037597656,96.075668334960938,0.0014263746561482549,1.5719294548034668,0,0.0025000001769512892,0.0025000001769512892,0,0,0
5,1535,unknown,-231.25746154785156,96.211418151855469,0.0032258243300020695,1.5701563358306885,0,0.0025000001769512892,0.0025000001769512892,0,0,0
6,1791,unknown,-231.29100036621094,96.085525512695312,0.0037201261147856712,1.5700621604919434,0,0.0025000001769512892,0.0025000001769512892,0,0,0
7,2047,unknown,-231.24848937988281,96.179885864257812,0.0055021257139742374,1.570425271987915,0,0.0025000001769512892,0.0025000001769512892,0,0,0
8,2303,unknown,-231.13644409179688,96.175605773925781,0.0062404894270002842,1.570385217666626,0,0.0025000001769512892,0.0025000001769512892,0,0,0
