particle_id,geometry_id,tx,ty,tz,tt,tpx,tpy,tpz,te,deltapx,deltapy,deltapz,deltae,index
0,255,20,61.658496856689453,-182.46896362304688,0,0.99983447790145874,0.0024569297675043344,0.0013013917487114668,0,0,0,0,0,0
0,511,40,61.707485198974609,-182.44264221191406,0,0.99970465898513794,0.0031506121158599854,0.00074003118788823485,0,0,0,0,0,0
0,767,60,61.770423889160156,-182.42745971679688,0,0.99957013130187988,0.00221783178858459,0.0010871574049815536,0,0,0,0,0,0
0,1023,80,61.814666748046875,-182.40544128417969,0,0.99941974878311157,0.0028387024067342281,0.00030531370430253446,0,0,0,0,0,0
0,1279,100,61.871437072753906,-182.39898681640625,0,0.99920886754989624,0.0024459604173898697,-0.00025209173327311873,0,0,0,0,0,0
0,1535,120,61.920425415039062,-182.40373229980469,0,0.99903661012649536,0.0013465577503666282,0.00019431863620411605,0,0,0,0,0,0
0,1791,140,61.947357177734375,-182.39967346191406,0,0.99892181158065796,0.0019599029328674078,7.1047681558411568e-05,0,0,0,0,0,0
0,2047,160,61.986587524414062,-182.39801025390625,0,0.99875211715698242,0.0013480916386470199,0.00041333489934913814,0,0,0,0,0,0
0,2303,180,62.013534545898438,-182.38957214355469,0,0.99858963489532471,0.0015254137106239796,0.00033220063778571784,0,0,0,0,0,0
