particle_id,geometry_id,tx,ty,tz,tt,tpx,tpy,tpz,te,deltapx,deltapy,deltapz,deltae,index
0,255,20,113.84804534912109,-401.85989379882812,0,0.99875986576080322,-0.00081693026004359126,5.9844278439413756e-05,0,0,0,0,0,0
0,511,40,113.83168029785156,-401.85879516601562,0,0.99820256233215332,-0.00020704652706626803,-0.00097092427313327789,0,0,0,0,0,0
0,767,60,113.82765197753906,-401.87826538085938,0,0.99803566932678223,-0.0019043623469769955,-0.0022789014037698507,0,0,0,0,0,0
0,1023,80,113.78976440429688,-401.92416381835938,0,0.99787092208862305,-0.0018240432254970074,-0.0041810036636888981,0,0,0,0,0,0
0,1279,100,113.75370788574219,-402.0081787109375,0,0.99772381782531738,-0.00096110010053962469,-0.0037945408839732409,0,0,0,0,0,0
0,1535,120,113.73490142822266,-402.0843505859375,0,0.99759262800216675,-0.00046664293040521443,-0.0042793708853423595,0,0,0,0,0,0
0,1791,140,113.72605895996094,-402.17019653320312,0,0.99745559692382812,-0.0016395376296713948,-0.0033911408390849829,0,0,0,0,0,0
0,2047,160,113.69359588623047,-402.2384033203125,0,0.99728101491928101,-0.00073838344542309642,-0.0034159852657467127,0,0,0,0,0,0
0,2303,180,113.67919921875,-402.3070068359375,0,0.99711513519287109,-0.00094841897953301668,-0.004424958024173975,0,0,0,0,0,0
