measurement_id,geometry_id,local_key,local0,local1,phi,theta,time,var_local0,var_local1,var_phi,var_theta,var_time
0,255,unknown,-225.09004211425781,-161.71957397460938,0.00056943041272461414,1.5711420774459839,0,0.0025000001769512892,0.0025000001769512892,0,0,0
1,511,unknown,-225.05856323242188,-161.88255310058594,0.00083124841330572963,1.5708454847335815,0,0.0025000001769512892,0.0025000001769512892,0,0,0
2,767,unknown,-225.05075073242188,-161.81428527832031,0.00043707282748073339,1.5704766511917114,0,0.0025000001769512892,0.0025000001769512892,0,0,0
3,1023,unknown,-225.10733032226562,-161.81472778320312,0.0011147977784276009,1.5695089101791382,0,0.0025000001769512892,0.0025000001769512892,0,0,0
4,1279,unknown,-225.07803344726562,-161.84780883789062,-1.8740865925792605e-05,1.5698404312133789,0,0.0025000001769512892,0.0025000001769512892,0,0,0
5,1535,unknown,-225.04531860351562,-161.7537841796875,0.00054336426546797156,1.5692112445831299,0,0.0025000001769512892,0.0025000001769512892,0,0,0
6,1791,unknown,-225.07011413574219,-161.77420043945312,-0.00022869551321491599,1.5689094066619873,0,0.0025000001769512892,0.0025000001769512892,0,0,0
7,2047,unknown,-225.08184814453125,-161.62492370605469,-0.00071378122083842754,1.5701600313186646,0,0.0025000001769512892,0.0025000001769512892,0,0,0
8,2303,unknown,-225.05082702636719,-161.69525146484375,-0.00073579529998824,1.5703322887420654,0,0.0025000001769512892,0.0025000001769512892,0,0,0
