measurement_id,geometry_id,local_key,local0,local1,phi,theta,time,var_local0,var_local1,var_phi,var_theta,var_time
0,255,unknown,318.48504638671875,-288.9007568359375,-0.00048670719843357801,1.5717695951461792,0,0.0025000001769512892,0.0025000001769512892,0,0,0
1,511,unknown,318.44680786132812,-288.95449829101562,-0.00081573345232754946,1.5716744661331177,0,0.0025000001769512892,0.0025000001769512892,0,0,0
2,767,unknown,318.39190673828125,-288.93914794921875,-0.00099532643798738718,1.5719640254974365,0,0.0025000001769512892,0.0025000001769512892,0,0,0
3,1023,unknown,318.47286987304688,-288.99002075195312,-0.0012313035549595952,1.5724596977233887,0,0.0025000001769512892,0.0025000001769512892,0,0,0
4,1279,unknown,318.34286499023438,-289.02304077148438,-0.0022497840691357851,1.572893500328064,0,0.0025000001769512892,0.0025000001769512892,0,0,0
5,1535,unknown,318.30508422851562,-289.07821655273438,-0.0012564900098368526,1.5734764337539673,0,0.0025000001769512892,0.0025000001769512892,0,0,0
6,1791,unknown,318.3173828125,-289.17654418945312,9.4520350103266537e-05,1.5742239952087402,0,0.0025000001769512892,0.0025000001769512892,0,0,0
7,2047,unknown,318.27227783203125,-289.21701049804688,0.0004067804547958076,1.5739696025848389,0,0.0025000001769512892,0.0025000001769512892,0,0,0
8,2303,unknown,318.34640502929688,-289.30911254882812,-0.00091373099712654948,1.5732828378677368,0,0.0025000001769512892,0.0025000001769512892,0,0,0
