measurement_id,geometry_id,local_key,local0,local1,phi,theta,time,var_local0,var_local1,var_phi,var_theta,var_time
0,255,unknown,78.009368896484375,26.90037727355957,-0.00069738930324092507,1.5707534551620483,0,0.0025000001769512892,0.0025000001769512892,0,0,0
1,511,unknown,77.883224487304688,26.914028167724609,-0.0023036247584968805,1.5709002017974854,0,0.0025000001769512892,0.0025000001769512892,0,0,0
2,767,unknown,77.794754028320312,26.949796676635742,-0.0012175014708191156,1.5719074010848999,0,0.0025000001769512892,0.0025000001769512892,0,0,0
3,1023,unknown,77.908454895019531,26.808904647827148,2.7144014893565327e-05,1.5725806951522827,0,0.0025000001769512892,0.0025000001769512892,0,0,0
4,1279,unknown,77.863174438476562,26.761312484741211,-0.0019765004981309175,1.572994589805603,0,0.0025000001769512892,0.0025000001769512892,0,0,0
5,1535,unknown,77.856796264648438,26.743400573730469,-0.0020172698423266411,1.5725631713867188,0,0.0025000001769512892,0.0025000001769512892,0,0,0
6,1791,unknown,77.8255615234375,26.719655990600586,-0.0011755680898204446,1.5707839727401733,0,0.0025000001769512892,0.0025000001769512892,0,0,0
7,2047,unknown,77.722236633300781,26.719276428222656,-0.0012006994802504778,1.570708155632019,0,0.0025000001769512892,0.0025000001769512892,0,0,0
8,2303,unknown,77.704177856445312,26.753398895263672,-0.0029506355058401823,1.5711981058120728,0,0.0025000001769512892,0.0025000001769512892,0,0,0
