particle_id,geometry_id,tx,ty,tz,tt,tpx,tpy,tpz,te,deltapx,deltapy,deltapz,deltae,index
0,255,20,14.744083404541016,-177.62443542480469,0,0.99984127283096313,2.9966948204673827e-05,0.00033368935692124069,0,0,0,0,0,0
0,511,40,14.744643211364746,-177.61775207519531,0,0.99970972537994385,-0.00066351640271022916,0.00036963628372177482,0,0,0,0,0,0
0,767,60,14.731325149536133,-177.61044311523438,0,0.99955809116363525,2.7378091544960625e-06,-0.00026600126875564456,0,0,0,0,0,0
0,1023,80,14.731411933898926,-177.61576843261719,0,0.99936878681182861,0.00041727436473593116,2.5093600925174542e-05,0,0,0,0,0,0
0,1279,100,14.73975944519043,-177.61521911621094,0,0.99916040897369385,0.00023654224060010165,-0.00066931836772710085,0,0,0,0,0,0
0,1535,120,14.744574546813965,-177.62858581542969,0,0.99893015623092651,0.00025780426221899688,-0.00063844106625765562,0,0,0,0,0,0
0,1791,140,14.749813079833984,-177.64134216308594,0,0.99874579906463623,0.0013311117654666305,-0.0012498159194365144,0,0,0,0,0,0
0,2047,160,14.776618003845215,-177.66621398925781,0,0.99845510721206665,-0.00042822494287975132,-0.0019830050878226757,0,0,0,0,0,0
0,2303,180,14.768279075622559,-177.70597839355469,0,0.99822139739990234,-0.00037366672768257558,-0.0019996764604002237,0,0,0,0,0,0
