measurement_id,geometry_id,local_key,local0,local1,phi,theta,time,var_local0,var_local1,var_phi,var_theta,var_time
0,255,unknown,-196.36373901367188,504.66323852539062,2.2223750420380384e-05,1.5712320804595947,0,0.0025000001769512892,0.0025000001769512892,0,0,0
1,511,unknown,-196.37483215332031,504.68161010742188,-0.0010049901902675629,1.5705839395523071,0,0.0025000001769512892,0.0025000001769512892,0,0,0
2,767,unknown,-196.44258117675781,504.62472534179688,-0.00014180231664795429,1.5691374540328979,0,0.0025000001769512892,0.0025000001769512892,0,0,0
3,1023,unknown,-196.45594787597656,504.6396484375,0.00057564029702916741,1.5678547620773315,0,0.0025000001769512892,0.0025000001769512892,0,0,0
4,1279,unknown,-196.45880126953125,504.75274658203125,0.00050392554840072989,1.5655666589736938,0,0.0025000001769512892,0.0025000001769512892,0,0,0
5,1535,unknown,-196.3359375,504.80267333984375,0.00040535707375966012,1.5655841827392578,0,0.0025000001769512892,0.0025000001769512892,0,0,0
6,1791,unknown,-196.34071350097656,504.988525390625,-0.00078236940316855907,1.5664924383163452,0,0.0025000001769512892,0.0025000001769512892,0,0,0
7,2047,unknown,-196.28555297851562,505.1383056640625,-0.00072276993887498975,1.5666911602020264,0,0.0025000001769512892,0.0025000001769512892,0,0,0
8,2303,unknown,-196.31585693359375,505.13018798828125,-0.00052028376376256347,1.5660557746887207,0,0.0025000001769512892,0.0025000001769512892,0,0,0
