measurement_id,geometry_id,local_key,local0,local1,phi,theta,time,var_local0,var_local1,var_phi,var_theta,var_time
0,255,unknown,-88.177032470703125,266.60842895507812,0.00021481909789144993,1.5705907344818115,0,0.0025000001769512892,0.0025000001769512892,0,0,0
1,511,unknown,-88.078590393066406,266.68527221679688,-0.00015127200458664447,1.5701917409896851,0,0.0025000001769512892,0.0025000001769512892,0,0,0
2,767,unknown,-88.03369140625,266.705810546875,0.0004214832151774317,1.5702638626098633,0,0.0025000001769512892,0.0025000001769512892,0,0,0
3,1023,unknown,-88.16839599609375,266.66195678710938,0.0006921207532286644,1.5696372985839844,0,0.0025000001769512892,0.0025000001769512892,0,0,0
4,1279,unknown,-88.016929626464844,266.66436767578125,0.001352235209196806,1.5691486597061157,0,0.0025000001769512892,0.0025000001769512892,0,0,0
5,1535,unknown,-88.059257507324219,266.65771484375,-8.2736325566656888e-05,1.5686740875244141,0,0.0025000001769512892,0.0025000001769512892,0,0,0
6,1791,unknown,-88.057960510253906,266.77810668945312,0.00016970644355751574,1.5676380395889282,0,0.0025000001769512892,0.0025000001769512892,0,0,0
7,2047,unknown,-87.991317749023438,266.77767944335938,0.0010089823044836521,1.5686463117599487,0,0.0025000001769512892,0.0025000001769512892,0,0,0
8,2303,unknown,-88.032760620117188,266.84030151367188,0.00098284333944320679,1.5686219930648804,0,0.0025000001769512892,0.0025000001769512892,0,0,0
