measurement_id,geometry_id,local_key,local0,local1,phi,theta,time,var_local0,var_local1,var_phi,var_theta,var_time
0,255,unknown,59.467510223388672,246.88360595703125,0.00055497279390692711,1.5710587501525879,0,0.0025000001769512892,0.0025000001769512892,0,0,0
1,511,unknown,59.476112365722656,246.95164489746094,0.0010114430915564299,1.570989727973938,0,0.0025000001769512892,0.0025000001769512892,0,0,0
2,767,unknown,59.408588409423828,246.8389892578125,0.0016073191072791815,1.570982813835144,0,0.0025000001769512892,0.0025000001769512892,0,0,0
3,1023,unknown,59.541622161865234,246.88743591308594,0.0018739101942628622,1.5710155963897705,0,0.0025000001769512892,0.0025000001769512892,0,0,0
4,1279,unknown,59.475780487060547,246.81753540039062,0.0025080351624637842,1.5681777000427246,0,0.0025000001769512892,0.0025000001769512892,0,0,0
5,1535,unknown,59.628231048583984,246.84417724609375,0.0025454873684793711,1.568164587020874,0,0.0025000001769512892,0.0025000001769512892,0,0,0
6,1791,unknown,59.629425048828125,246.93080139160156,0.0015810556942597032,1.5688513517379761,0,0.0025000001769512892,0.0025000001769512892,0,0,0
7,2047,unknown,59.626968383789062,246.98185729980469,-0.0005073983920738101,1.5691992044448853,0,0.0025000001769512892,0.0025000001769512892,0,0,0
8,2303,unknown,59.594398498535156,247.05357360839844,-0.0011941868579015136,1.56931471824646,0,0.0025000001769512892,0.0025000001769512892,0,0,0
