measurement_id,geometry_id,local_key,local0,local1,phi,theta,time,var_local0,var_local1,var_phi,var_theta,var_time
0,255,unknown,-207.94039916992188,-38.572990417480469,-0.00061528082005679607,1.5696450471878052,0,0.0025000001769512892,0.0025000001769512892,0,0,0
1,511,unknown,-207.92539978027344,-38.580055236816406,-0.00067995075369253755,1.5702688694000244,0,0.0025000001769512892,0.0025000001769512892,0,0,0
2,767,unknown,-207.95314025878906,-38.560741424560547,-8.1428144767414778e-05,1.569727897644043,0,0.0025000001769512892,0.0025000001769512892,0,0,0
3,1023,unknown,-207.96461486816406,-38.553306579589844,0.00036608919617719948,1.5702135562896729,0,0.0025000001769512892,0.0025000001769512892,0,0,0
4,1279,unknown,-207.95762634277344,-38.499725341796875,0.0012343119597062469,1.5705937147140503,0,0.0025000001769512892,0.0025000001769512892,0,0,0
5,1535,unknown,-207.98504638671875,-38.569812774658203,0.00121824920643121,1.569861888885498,0,0.0025000001769512892,0.0025000001769512892,0,0,0
6,1791,unknown,-207.92953491210938,-38.509574890136719,0.0014145971508696675,1.5703916549682617,0,0.0025000001769512892,0.0025000001769512892,0,0,0
7,2047,unknown,-207.85227966308594,-38.410385131835938,0.0040359850972890854,1.5696029663085938,0,0.0025000001769512892,0.0025000001769512892,0,0,0
8,2303,unknown,-207.7271728515625,-38.447475433349609,0.0039037470705807209,1.5692435503005981,0,0.0025000001769512892,0.0025000001769512892,0,0,0
