particle_id,particle_type,process,vx,vy,vz,vt,px,py,pz,m,q
0,0,0,0,-294.0191650390625,230.07443237304688,0,1,0,-4.3711388286737929e-08,0,-1
