particle_id,particle_type,process,vx,vy,vz,vt,px,py,pz,m,q
0,0,0,0,31.268772125244141,215.57905578613281,0,1,0,-4.3711388286737929e-08,0,-1
