particle_id,particle_type,process,vx,vy,vz,vt,px,py,pz,m,q
0,0,0,0,122.33486175537109,-41.32720947265625,0,1,0,-4.3711388286737929e-08,0,-1
