particle_id,geometry_id,tx,ty,tz,tt,tpx,tpy,tpz,te,deltapx,deltapy,deltapz,deltae,index
0,255,20,-188.40760803222656,236.43502807617188,0,0.99985915422439575,-0.00013263578875921667,0.00077542284270748496,0,0,0,0,0,0
0,511,40,-188.41035461425781,236.45051574707031,0,0.99973487854003906,0.00056112761376425624,0.00013653395581059158,0,0,0,0,0,0
0,767,60,-188.39913940429688,236.45330810546875,0,0.99960649013519287,0.00095093785785138607,0.00026330529362894595,0,0,0,0,0,0
0,1023,80,-188.38014221191406,236.45869445800781,0,0.99948215484619141,0.0011409125290811062,0.00032868466223590076,0,0,0,0,0,0
0,1279,100,-188.35734558105469,236.46540832519531,0,0.99933499097824097,0.00035093980841338634,-0.0012671112781390548,0,0,0,0,0,0
0,1535,120,-188.35017395019531,236.44009399414062,0,0.99915063381195068,0.00039991416269913316,-0.0012354329228401184,0,0,0,0,0,0
0,1791,140,-188.34202575683594,236.41542053222656,0,0.99894160032272339,0.00027921854052692652,-0.001317341928370297,0,0,0,0,0,0
0,2047,160,-188.33627319335938,236.38908386230469,0,0.99865263700485229,-0.00017918167577590793,-0.0014119618572294712,0,0,0,0,0,0
0,2303,180,-188.33969116210938,236.36077880859375,0,0.99851059913635254,0.00033674223232083023,0.0001086323318304494,0,0,0,0,0,0
