particle_id,particle_type,process,vx,vy,vz,vt,px,py,pz,m,q
0,0,0,0,-192.41444396972656,163.33636474609375,0,1,0,-4.3711388286737929e-08,0,-1
