particle_id,particle_type,process,vx,vy,vz,vt,px,py,pz,m,q
0,0,0,0,5.1143298149108887,49.672218322753906,0,1,0,-4.3711388286737929e-08,0,-1
