particle_id,particle_type,process,vx,vy,vz,vt,px,py,pz,m,q
0,0,0,0,17.882713317871094,-138.2021484375,0,1,0,-4.3711388286737929e-08,0,-1
