particle_id,particle_type,process,vx,vy,vz,vt,px,py,pz,m,q
0,0,0,0,19.896230697631836,13.097574234008789,0,1,0,-4.3711388286737929e-08,0,-1
