particle_id,geometry_id,tx,ty,tz,tt,tpx,tpy,tpz,te,deltapx,deltapy,deltapz,deltae,index
0,255,20,-157.24571228027344,-28.454607009887695,0,0.9998466968536377,0.00060291978297755122,0.00059531559236347675,0,0,0,0,0,0
0,511,40,-157.23371887207031,-28.442626953125,0,0.99970483779907227,0.00074142281664535403,0.0012075484264642,0,0,0,0,0,0
0,767,60,-157.21902465820312,-28.418380737304688,0,0.99950432777404785,0.0010916108731180429,7.0612419222015887e-05,0,0,0,0,0,0
0,1023,80,-157.19718933105469,-28.416837692260742,0,0.99937212467193604,0.00062739331042394042,-0.00022091898426879197,0,0,0,0,0,0
0,1279,100,-157.18460083007812,-28.421182632446289,0,0.99919426441192627,0.0019253803184255958,-0.00013750061043538153,0,0,0,0,0,0
0,1535,120,-157.14604187011719,-28.423704147338867,0,0.99876928329467773,0.00068121193908154964,0.0022658407688140869,0,0,0,0,0,0
0,1791,140,-157.13267517089844,-28.378250122070312,0,0.9985586404800415,0.0010037681786343455,0.00184789695776999,0,0,0,0,0,0
0,2047,160,-157.11279296875,-28.341119766235352,0,0.99832403659820557,0.0010625754948705435,0.0020861972589045763,0,0,0,0,0,0
0,2303,180,-157.09175109863281,-28.299198150634766,0,0.99811249971389771,0.0019662424456328154,0.0035706968046724796,0,0,0,0,0,0
