particle_id,geometry_id,tx,ty,tz,tt,tpx,tpy,tpz,te,deltapx,deltapy,deltapz,deltae,index
0,255,20,-32.748298645019531,31.604459762573242,0,0.99986928701400757,-0.00014166849723551422,-0.00028992281295359135,0,0,0,0,0,0
0,511,40,-32.7510986328125,31.598644256591797,0,0.99967896938323975,-4.3900476157432422e-05,-0.0002281370252603665,0,0,0,0,0,0
0,767,60,-32.751949310302734,31.594074249267578,0,0.99951887130737305,0.00021638748876284808,-0.00021237244072835892,0,0,0,0,0,0
0,1023,80,-32.747592926025391,31.589851379394531,0,0.99928069114685059,0.00014092188212089241,-0.00031929480610415339,0,0,0,0,0,0
0,1279,100,-32.744735717773438,31.583477020263672,0,0.99898868799209595,0.00023118394892662764,0.00010153901530429721,0,0,0,0,0,0
0,1535,120,-32.740119934082031,31.585536956787109,0,0.99869722127914429,0.00070504372706636786,-0.00038125462015159428,0,0,0,0,0,0
0,1791,140,-32.725955963134766,31.577987670898438,0,0.99851477146148682,0.00031956020393408835,4.5426670112647116e-05,0,0,0,0,0,0
0,2047,160,-32.719562530517578,31.578935623168945,0,0.99835669994354248,0.0032681527081876993,0.0017750525148585439,0,0,0,0,0,0
0,2303,180,-32.654308319091797,31.614887237548828,0,0.99760204553604126,0.0031657037325203419,0.0018561247270554304,0,0,0,0,0,0
