particle_id,geometry_id,tx,ty,tz,tt,tpx,tpy,tpz,te,deltapx,deltapy,deltapz,deltae,index
0,255,20,304.53518676757812,28.202348709106445,0,0.999797523021698,8.3239883679198101e-06,2.9752583941444755e-05,0,0,0,0,0,0
0,511,40,304.53533935546875,28.202945709228516,0,0.99961948394775391,-0.0011820743093267083,-0.00011193870886927471,0,0,0,0,0,0
0,767,60,304.51168823242188,28.200563430786133,0,0.99948018789291382,-0.0016817831201478839,0.00022728972544427961,0,0,0,0,0,0
0,1023,80,304.47799682617188,28.204910278320312,0,0.99929636716842651,-0.00055523694027215242,0.00086325849406421185,0,0,0,0,0,0
0,1279,100,304.46676635742188,28.22212028503418,0,0.9980049729347229,-0.00053638743702322245,0.0010012206621468067,0,0,0,0,0,0
0,1535,120,304.45590209960938,28.242118835449219,0,0.9977831244468689,-0.00067005743039771914,0.00012068560317857191,0,0,0,0,0,0
0,1791,140,304.44244384765625,28.244457244873047,0,0.99746972322463989,-0.0010414249263703823,0.00022374073159880936,0,0,0,0,0,0
0,2047,160,304.42153930664062,28.248817443847656,0,0.99728477001190186,9.0184767032042146e-05,0.0019449274986982346,0,0,0,0,0,0
0,2303,180,304.42312622070312,28.287832260131836,0,0.99715691804885864,0.00055496377171948552,0.0029593624640256166,0,0,0,0,0,0
