particle_id,geometry_id,tx,ty,tz,tt,tpx,tpy,tpz,te,deltapx,deltapy,deltapz,deltae,index
0,255,20,130.4075927734375,47.223697662353516,0,0.99984198808670044,-0.00029886813717894256,0.00013571423187386245,0,0,0,0,0,0
0,511,40,130.40159606933594,47.226375579833984,0,0.99967038631439209,-0.00017686090723145753,0.00023031191085465252,0,0,0,0,0,0
0,767,60,130.39802551269531,47.230960845947266,0,0.99941450357437134,-0.00067717750789597631,0.00034843944013118744,0,0,0,0,0,0
0,1023,80,130.38442993164062,47.23785400390625,0,0.99906283617019653,-0.00050358293810859323,0.0010876751039177179,0,0,0,0,0,0
0,1279,100,130.37422180175781,47.259567260742188,0,0.99889349937438965,0.0011054698843508959,0.0030768085271120071,0,0,0,0,0,0
0,1535,120,130.39598083496094,47.321304321289062,0,0.99862700700759888,0.0012160799233242869,0.0039330082945525646,0,0,0,0,0,0
0,1791,140,130.41986083984375,47.400215148925781,0,0.9984515905380249,0.0018418191466480494,0.0042660729959607124,0,0,0,0,0,0
0,2047,160,130.45623779296875,47.485889434814453,0,0.99828475713729858,0.00074317026883363724,0.0031322934664785862,0,0,0,0,0,0
0,2303,180,130.47074890136719,47.548732757568359,0,0.99800151586532593,0.0014610663056373596,0.0029953029006719589,0,0,0,0,0,0
