measurement_id,geometry_id,local_key,local0,local1,phi,theta,time,var_local0,var_local1,var_phi,var_theta,var_time
0,255,unknown,-184.25433349609375,-100.03760528564453,0.00026786315720528364,1.5716830492019653,0,0.0025000001769512892,0.0025000001769512892,0,0,0
1,511,unknown,-184.32875061035156,-100.11075592041016,0.00077194557525217533,1.5718092918395996,0,0.0025000001769512892,0.0025000001769512892,0,0,0
2,767,unknown,-184.37760925292969,-100.17690277099609,0.00081095588393509388,1.571793794631958,0,0.0025000001769512892,0.0025000001769512892,0,0,0
3,1023,unknown,-184.31430053710938,-100.12860870361328,0.00021401031699497253,1.5737507343292236,0,0.0025000001769512892,0.0025000001769512892,0,0,0
4,1279,unknown,-184.15708923339844,-100.19731903076172,-0.0013515879400074482,1.5730955600738525,0,0.0025000001769512892,0.0025000001769512892,0,0,0
5,1535,unknown,-184.24867248535156,-100.22207641601562,-0.0012574502034112811,1.5731074810028076,0,0.0025000001769512892,0.0025000001769512892,0,0,0
6,1791,unknown,-184.31861877441406,-100.26253509521484,-0.0016504855593666434,1.573586106300354,0,0.0025000001769512892,0.0025000001769512892,0,0,0
7,2047,unknown,-184.42474365234375,-100.26920318603516,-0.001333594904281199,1.572907567024231,0,0.0025000001769512892,0.0025000001769512892,0,0,0
8,2303,unknown,-184.47274780273438,-100.24871826171875,-0.0019378912402316928,1.572905421257019,0,0.0025000001769512892,0.0025000001769512892,0,0,0
