measurement_id,geometry_id,local_key,local0,local1,phi,theta,time,var_local0,var_local1,var_phi,var_theta,var_time
0,255,unknown,171.00701904296875,113.57302856445312,-0.00077155587496235967,1.5717527866363525,0,0.0025000001769512892,0.0025000001769512892,0,0,0
1,511,unknown,171.01138305664062,113.44068908691406,-0.00029825032106600702,1.5715157985687256,0,0.0025000001769512892,0.0025000001769512892,0,0,0
2,767,unknown,171.09785461425781,113.46042633056641,-0.00027130322996526957,1.5714852809906006,0,0.0025000001769512892,0.0025000001769512892,0,0,0
3,1023,unknown,170.99546813964844,113.47334289550781,0.00066039880039170384,1.5716681480407715,0,0.0025000001769512892,0.0025000001769512892,0,0,0
4,1279,unknown,171.08746337890625,113.4427490234375,0.00160963274538517,1.5727722644805908,0,0.0025000001769512892,0.0025000001769512892,0,0,0
5,1535,unknown,171.06065368652344,113.392822265625,0.0011827821144834161,1.5726209878921509,0,0.0025000001769512892,0.0025000001769512892,0,0,0
6,1791,unknown,171.13825988769531,113.3677978515625,0.001958359032869339,1.5731189250946045,0,0.0025000001769512892,0.0025000001769512892,0,0,0
7,2047,unknown,171.16061401367188,113.39675140380859,0.0016723236767575145,1.5725867748260498,0,0.0025000001769512892,0.0025000001769512892,0,0,0
8,2303,unknown,171.14979553222656,113.36700439453125,0.00085750571452081203,1.571264386177063,0,0.0025000001769512892,0.0025000001769512892,0,0,0
