particle_id,particle_type,process,vx,vy,vz,vt,px,py,pz,m,q
0,0,0,0,64.389183044433594,-505.55810546875,0,1,0,-4.3711388286737929e-08,0,-1
