particle_id,geometry_id,tx,ty,tz,tt,tpx,tpy,tpz,te,deltapx,deltapy,deltapz,deltae,index
0,255,20,404.522216796875,-281.51806640625,0,0.99984234571456909,0.00078227958874776959,0.00094561430159956217,0,0,0,0,0,0
0,511,40,404.53775024414062,-281.49905395507812,0,0.999644935131073,0.00083578011253848672,0.0010432638227939606,0,0,0,0,0,0
0,767,60,404.55435180664062,-281.47808837890625,0,0.9995119571685791,0.0014069880126044154,0.00079612503759562969,0,0,0,0,0,0
0,1023,80,404.5823974609375,-281.46197509765625,0,0.99933290481567383,0.0014425201807171106,0.00064838037360459566,0,0,0,0,0,0
0,1279,100,404.61117553710938,-281.44882202148438,0,0.99920469522476196,0.0030153892002999783,0.0013453612336888909,0,0,0,0,0,0
0,1535,120,404.67135620117188,-281.42153930664062,0,0.99900937080383301,0.0032323789782822132,0.00083979207556694746,0,0,0,0,0,0
0,1791,140,404.7359619140625,-281.40432739257812,0,0.99880498647689819,0.0031724302098155022,0.0010790650267153978,0,0,0,0,0,0
0,2047,160,404.79934692382812,-281.38232421875,0,0.99777680635452271,0.0043693711049854755,0.00013281840074341744,0,0,0,0,0,0
0,2303,180,404.88690185546875,-281.379150390625,0,0.99728262424468994,0.0038397649768739939,0.0013477704487740993,0,0,0,0,0,0
