measurement_id,geometry_id,local_key,local0,local1,phi,theta,time,var_local0,var_local1,var_phi,var_theta,var_time
0,255,unknown,-51.044281005859375,-118.46147918701172,-0.0006283976836130023,1.5711904764175415,0,0.0025000001769512892,0.0025000001769512892,0,0,0
1,511,unknown,-51.253246307373047,-118.39789581298828,4.0087488741846755e-05,1.570736289024353,0,0.0025000001769512892,0.0025000001769512892,0,0,0
2,767,unknown,-51.148033142089844,-118.50141143798828,0.0001699512213235721,1.5713509321212769,0,0.0025000001769512892,0.0025000001769512892,0,0,0
3,1023,unknown,-51.179351806640625,-118.38748168945312,0.00011026624270016328,1.5713087320327759,0,0.0025000001769512892,0.0025000001769512892,0,0,0
4,1279,unknown,-51.153205871582031,-118.58177185058594,0.00038051762385293841,1.571325421333313,0,0.0025000001769512892,0.0025000001769512892,0,0,0
5,1535,unknown,-51.121803283691406,-118.4964599609375,0.0011809298302978277,1.5706866979598999,0,0.0025000001769512892,0.0025000001769512892,0,0,0
6,1791,unknown,-51.088108062744141,-118.42490386962891,0.0016926297685131431,1.5704529285430908,0,0.0025000001769512892,0.0025000001769512892,0,0,0
7,2047,unknown,-51.106887817382812,-118.53182983398438,0.0019062531646341085,1.5706038475036621,0,0.0025000001769512892,0.0025000001769512892,0,0,0
8,2303,unknown,-51.10418701171875,-118.45362091064453,0.001705933129414916,1.5707970857620239,0,0.0025000001769512892,0.0025000001769512892,0,0,0
