measurement_id,geometry_id,local_key,local0,local1,phi,theta,time,var_local0,var_local1,var_phi,var_theta,var_time
0,255,unknown,-99.6761474609375,-133.52996826171875,2.9023442039033398e-05,1.5706983804702759,0,0.0025000001769512892,0.0025000001769512892,0,0,0
1,511,unknown,-99.711441040039062,-133.54734802246094,1.1265111652392079e-06,1.5713850259780884,0,0.0025000001769512892,0.0025000001769512892,0,0,0
2,767,unknown,-99.697395324707031,-133.57614135742188,0.00048543917364440858,1.5708867311477661,0,0.0025000001769512892,0.0025000001769512892,0,0,0
3,1023,unknown,-99.728073120117188,-133.56753540039062,0.00034460079041309655,1.570690393447876,0,0.0025000001769512892,0.0025000001769512892,0,0,0
4,1279,unknown,-99.680274963378906,-133.55335998535156,0.0010891817510128021,1.57047438621521,0,0.0025000001769512892,0.0025000001769512892,0,0,0
5,1535,unknown,-99.57366943359375,-133.58673095703125,0.001723869820125401,1.5718874931335449,0,0.0025000001769512892,0.0025000001769512892,0,0,0
6,1791,unknown,-99.58367919921875,-133.62388610839844,0.0027693577576428652,1.5711488723754883,0,0.0025000001769512892,0.0025000001769512892,0,0,0
7,2047,unknown,-99.537506103515625,-133.60356140136719,0.0030539915896952152,1.5715489387512207,0,0.0025000001769512892,0.0025000001769512892,0,0,0
8,2303,unknown,-99.512954711914062,-133.63084411621094,0.0034267418086528778,1.5703666210174561,0,0.0025000001769512892,0.0025000001769512892,0,0,0
