measurement_id,geometry_id,local_key,local0,local1,phi,theta,time,var_local0,var_local1,var_phi,var_theta,var_time
0,255,unknown,259.984130859375,-173.85568237304688,0.00034049054374918342,1.570909857749939,0,0.0025000001769512892,0.0025000001769512892,0,0,0
1,511,unknown,260.00006103515625,-173.97920227050781,0.00074513768777251244,1.5718230009078979,0,0.0025000001769512892,0.0025000001769512892,0,0,0
2,767,unknown,260.031982421875,-173.87901306152344,-0.0006620488129556179,1.5721441507339478,0,0.0025000001769512892,0.0025000001769512892,0,0,0
3,1023,unknown,260.00698852539062,-173.98057556152344,-0.00065811886452138424,1.572222113609314,0,0.0025000001769512892,0.0025000001769512892,0,0,0
4,1279,unknown,259.96737670898438,-174.05722045898438,-0.0014441449893638492,1.5718828439712524,0,0.0025000001769512892,0.0025000001769512892,0,0,0
5,1535,unknown,260.05551147460938,-174.00314331054688,-0.0019772581290453672,1.5713716745376587,0,0.0025000001769512892,0.0025000001769512892,0,0,0
6,1791,unknown,259.935546875,-174.06088256835938,-0.0021228797268122435,1.5714325904846191,0,0.0025000001769512892,0.0025000001769512892,0,0,0
7,2047,unknown,259.87728881835938,-174.03532409667969,-0.0022081143688410521,1.5718889236450195,0,0.0025000001769512892,0.0025000001769512892,0,0,0
8,2303,unknown,259.82778930664062,-174.05850219726562,-0.0027929376810789108,1.5687389373779297,0,0.0025000001769512892,0.0025000001769512892,0,0,0
