measurement_id,geometry_id,local_key,local0,local1,phi,theta,time,var_local0,var_local1,var_phi,var_theta,var_time
0,255,unknown,-117.92205810546875,-252.84317016601562,-2.2817572244093753e-05,1.5708197355270386,0,0.0025000001769512892,0.0025000001769512892,0,0,0
1,511,unknown,-117.99960327148438,-252.87049865722656,0.0013585791457444429,1.5708146095275879,0,0.0025000001769512892,0.0025000001769512892,0,0,0
2,767,unknown,-118.00534820556641,-252.88322448730469,0.0004306004848331213,1.5703706741333008,0,0.0025000001769512892,0.0025000001769512892,0,0,0
3,1023,unknown,-117.86368560791016,-252.79856872558594,-0.0018334520282223821,1.5703831911087036,0,0.0025000001769512892,0.0025000001769512892,0,0,0
4,1279,unknown,-118.02961730957031,-252.90573120117188,-0.00045236476580612361,1.5693938732147217,0,0.0025000001769512892,0.0025000001769512892,0,0,0
5,1535,unknown,-117.93568420410156,-252.76837158203125,0.0010068358387798071,1.5689651966094971,0,0.0025000001769512892,0.0025000001769512892,0,0,0
6,1791,unknown,-117.88414764404297,-252.844482421875,0.0024730388540774584,1.569011926651001,0,0.0025000001769512892,0.0025000001769512892,0,0,0
7,2047,unknown,-117.86590576171875,-252.74528503417969,0.0024971489328891039,1.5689915418624878,0,0.0025000001769512892,0.0025000001769512892,0,0,0
8,2303,unknown,-117.80619049072266,-252.74151611328125,0.0026922510005533695,1.5688977241516113,0,0.0025000001769512892,0.0025000001769512892,0,0,0
