particle_id,geometry_id,tx,ty,tz,tt,tpx,tpy,tpz,te,deltapx,deltapy,deltapz,deltae,index
0,255,20,11.035940170288086,61.133777618408203,0,0.99983465671539307,0.0011596668045967817,-0.00058180844644084573,0,0,0,0,0,0
0,511,40,11.059206962585449,61.122280120849609,0,0.99969905614852905,0.0011386608239263296,-0.00050212169298902154,0,0,0,0,0,0
0,767,60,11.082046508789062,61.112373352050781,0,0.9995461106300354,0.0013207483571022749,-0.00061285938136279583,0,0,0,0,0,0
0,1023,80,11.108546257019043,61.100269317626953,0,0.99938976764678955,0.0012031156802549958,-5.4250849643722177e-05,0,0,0,0,0,0
0,1279,100,11.13262939453125,61.099327087402344,0,0.9992060661315918,0.00059292057994753122,-0.00020194303942844272,0,0,0,0,0,0
0,1535,120,11.14452075958252,61.095355987548828,0,0.99902522563934326,-0.00067843182478100061,-0.00017296687292400748,0,0,0,0,0,0
0,1791,140,11.130960464477539,61.091812133789062,0,0.9988408088684082,0.00085087493062019348,0.00034014260745607316,0,0,0,0,0,0
0,2047,160,11.147956848144531,61.098724365234375,0,0.9932790994644165,0.00063129409682005644,-0.0010605070274323225,0,0,0,0,0,0
0,2303,180,11.160797119140625,61.077449798583984,0,0.99313360452651978,0.0012993040727451444,-0.0011151672806590796,0,0,0,0,0,0
