particle_id,geometry_id,tx,ty,tz,tt,tpx,tpy,tpz,te,deltapx,deltapy,deltapz,deltae,index
0,255,20,237.95506286621094,185.56373596191406,0,0.99984925985336304,-0.00041726487688720226,-0.00051328161498531699,0,0,0,0,0,0
0,511,40,237.94677734375,185.55342102050781,0,0.99967074394226074,0.0001581863034516573,0.00011519372492330149,0,0,0,0,0,0
0,767,60,237.94992065429688,185.55574035644531,0,0.99952393770217896,0.00040056291618384421,0.00081388751277700067,0,0,0,0,0,0
0,1023,80,237.95783996582031,185.57206726074219,0,0.99895286560058594,0.0011798943160101771,0.00096096890047192574,0,0,0,0,0,0
0,1279,100,237.98135375976562,185.59144592285156,0,0.99879258871078491,0.0010314469691365957,-3.3024778531398624e-05,0,0,0,0,0,0
0,1535,120,238.00201416015625,185.59091186523438,0,0.99856859445571899,0.00047053277376107872,-0.0011581713333725929,0,0,0,0,0,0
0,1791,140,238.01158142089844,185.56777954101562,0,0.99842154979705811,0.0017170134233310819,-0.00090936664491891861,0,0,0,0,0,0
0,2047,160,238.04608154296875,185.54977416992188,0,0.99828147888183594,0.0017833516467362642,-0.00089555361773818731,0,0,0,0,0,0
0,2303,180,238.08192443847656,185.53204345703125,0,0.99809998273849487,0.0014320968184620142,-0.00032938833464868367,0,0,0,0,0,0
