particle_id,geometry_id,tx,ty,tz,tt,tpx,tpy,tpz,te,deltapx,deltapy,deltapz,deltae,index
0,255,20,-284.14370727539062,-37.267833709716797,0,0.99981236457824707,-0.00032785304938443005,-0.00023698732547927648,0,0,0,0,0,0
0,511,40,-284.15023803710938,-37.272613525390625,0,0.99967002868652344,-0.00086721399566158652,-0.00047124188859015703,0,0,0,0,0,0
0,767,60,-284.16754150390625,-37.282146453857422,0,0.99915474653244019,-0.0013307948829606175,-0.0005001808749511838,0,0,0,0,0,0
0,1023,80,-284.19412231445312,-37.292316436767578,0,0.9989323616027832,-0.00092719006352126598,-0.00071525067323818803,0,0,0,0,0,0
0,1279,100,-284.21258544921875,-37.306747436523438,0,0.99867892265319824,-0.0016387811629101634,-0.00097936543170362711,0,0,0,0,0,0
0,1535,120,-284.24530029296875,-37.326557159423828,0,0.99849528074264526,-0.00094386254204437137,0.00049143109936267138,0,0,0,0,0,0
0,1791,140,-284.26425170898438,-37.316825866699219,0,0.99835669994354248,0.00018070863734465092,0.0010189494350925088,0,0,0,0,0,0
0,2047,160,-284.2607421875,-37.296390533447266,0,0.9981989860534668,0.00010354292317060754,0.0017491787439212203,0,0,0,0,0,0
0,2303,180,-284.25888061523438,-37.261333465576172,0,0.99801641702651978,0.00019054589211009443,0.001240248791873455,0,0,0,0,0,0
