measurement_id,geometry_id,local_key,local0,local1,phi,theta,time,var_local0,var_local1,var_phi,var_theta,var_time
0,255,unknown,-295.174072265625,-118.51990509033203,0.00079958414426073432,1.5696588754653931,0,0.0025000001769512892,0.0025000001769512892,0,0,0
1,511,unknown,-295.14913940429688,-118.54132080078125,0.00088404223788529634,1.5703146457672119,0,0.0025000001769512892,0.0025000001769512892,0,0,0
2,767,unknown,-295.18399047851562,-118.52837371826172,0.0019883003551512957,1.5711473226547241,0,0.0025000001769512892,0.0025000001769512892,0,0,0
3,1023,unknown,-295.0660400390625,-118.51588439941406,0.0027576431166380644,1.5707650184631348,0,0.0025000001769512892,0.0025000001769512892,0,0,0
4,1279,unknown,-295.110107421875,-118.49887084960938,0.0013384604826569557,1.5714529752731323,0,0.0025000001769512892,0.0025000001769512892,0,0,0
5,1535,unknown,-294.98098754882812,-118.53313446044922,0.0017670196248218417,1.572956919670105,0,0.0025000001769512892,0.0025000001769512892,0,0,0
6,1791,unknown,-294.924072265625,-118.50955200195312,0.0013646560255438089,1.5730687379837036,0,0.0025000001769512892,0.0025000001769512892,0,0,0
7,2047,unknown,-294.93521118164062,-118.63475799560547,0.00079186167567968369,1.5735917091369629,0,0.0025000001769512892,0.0025000001769512892,0,0,0
8,2303,unknown,-294.85855102539062,-118.72021484375,0.00071410578675568104,1.5733183622360229,0,0.0025000001769512892,0.0025000001769512892,0,0,0
