measurement_id,geometry_id,local_key,local0,local1,phi,theta,time,var_local0,var_local1,var_phi,var_theta,var_time
0,255,unknown,90.395668029785156,-86.272407531738281,0.00032072007888928056,1.5727956295013428,0,0.0025000001769512892,0.0025000001769512892,0,0,0
1,511,unknown,90.510063171386719,-86.344284057617188,0.00080410949885845184,1.5720919370651245,0,0.0025000001769512892,0.0025000001769512892,0,0,0
2,767,unknown,90.574378967285156,-86.465370178222656,0.0018429139163345098,1.5723452568054199,0,0.0025000001769512892,0.0025000001769512892,0,0,0
3,1023,unknown,90.53021240234375,-86.3802490234375,0.00078267976641654968,1.5713461637496948,0,0.0025000001769512892,0.0025000001769512892,0,0,0
4,1279,unknown,90.66943359375,-86.390846252441406,0.0026422655209898949,1.5724124908447266,0,0.0025000001769512892,0.0025000001769512892,0,0,0
5,1535,unknown,90.668891906738281,-86.463760375976562,0.0037903077900409698,1.57288658618927,0,0.0025000001769512892,0.0025000001769512892,0,0,0
6,1791,unknown,90.667037963867188,-86.548477172851562,0.0042887050658464432,1.5725446939468384,0,0.0025000001769512892,0.0025000001769512892,0,0,0
7,2047,unknown,90.80548095703125,-86.476417541503906,0.0051115029491484165,1.5716718435287476,0,0.0025000001769512892,0.0025000001769512892,0,0,0
8,2303,unknown,90.949485778808594,-86.5126953125,0.0051348274573683739,1.5704741477966309,0,0.0025000001769512892,0.0025000001769512892,0,0,0
