measurement_id,geometry_id,local_key,local0,local1,phi,theta,time,var_local0,var_local1,var_phi,var_theta,var_time
0,255,unknown,-23.543264389038086,-16.461620330810547,-0.00062907504616305232,1.5712234973907471,0,0.0025000001769512892,0.0025000001769512892,0,0,0
1,511,unknown,-23.611534118652344,-16.468450546264648,-0.00045874304487369955,1.5700759887695312,0,0.0025000001769512892,0.0025000001769512892,0,0,0
2,767,unknown,-23.614255905151367,-16.449291229248047,-0.00046872964594513178,1.5700397491455078,0,0.0025000001769512892,0.0025000001769512892,0,0,0
3,1023,unknown,-23.666782379150391,-16.450546264648438,0.0003645095566753298,1.5697134733200073,0,0.0025000001769512892,0.0025000001769512892,0,0,0
4,1279,unknown,-23.605447769165039,-16.494970321655273,0.00039184661000035703,1.5696878433227539,0,0.0025000001769512892,0.0025000001769512892,0,0,0
5,1535,unknown,-23.594888687133789,-16.396585464477539,0.0014256138820201159,1.5701198577880859,0,0.0025000001769512892,0.0025000001769512892,0,0,0
6,1791,unknown,-23.565067291259766,-16.418054580688477,0.0018850897904485464,1.5712703466415405,0,0.0025000001769512892,0.0025000001769512892,0,0,0
7,2047,unknown,-23.535993576049805,-16.386606216430664,0.0022308479528874159,1.5717297792434692,0,0.0025000001769512892,0.0025000001769512892,0,0,0
8,2303,unknown,-23.497482299804688,-16.363876342773438,0.0013133515603840351,1.5702731609344482,0,0.0025000001769512892,0.0025000001769512892,0,0,0
