particle_id,geometry_id,tx,ty,tz,tt,tpx,tpy,tpz,te,deltapx,deltapy,deltapz,deltae,index
0,255,20,104.36080932617188,98.951057434082031,0,0.99965977668762207,5.4124422604218125e-05,0.00021195747831370682,0,0,0,0,0,0
0,511,40,104.36186981201172,98.955307006835938,0,0.99943679571151733,-0.0003606425307225436,0.0012222363147884607,0,0,0,0,0,0
0,767,60,104.35450744628906,98.979721069335938,0,0.99927955865859985,-0.00017040706006810069,0.0010698040714487433,0,0,0,0,0,0
0,1023,80,104.35096740722656,99.001113891601562,0,0.99898391962051392,-0.00090623245341703296,0.0012611012207344174,0,0,0,0,0,0
0,1279,100,104.33267211914062,99.026252746582031,0,0.99883872270584106,-0.00087132875341922045,0.001117318170145154,0,0,0,0,0,0
0,1535,120,104.31509399414062,99.04852294921875,0,0.99867182970046997,-0.002626707311719656,-0.00010123732499778271,0,0,0,0,0,0
0,1791,140,104.26250457763672,99.046180725097656,0,0.99843090772628784,-0.0047119548544287682,-0.00041246032924391329,0,0,0,0,0,0
0,2047,160,104.16816711425781,99.037353515625,0,0.99830144643783569,-0.0046404381282627583,-0.00042573560494929552,0,0,0,0,0,0
0,2303,180,104.07525634765625,99.028266906738281,0,0.99817216396331787,-0.0055386633612215519,0.00078626378672197461,0,0,0,0,0,0
