particle_id,geometry_id,tx,ty,tz,tt,tpx,tpy,tpz,te,deltapx,deltapy,deltapz,deltae,index
0,255,20,189.74736022949219,122.65378570556641,0,0.9996604323387146,-0.0021107143256813288,0.00065657799132168293,0,0,0,0,0,0
0,511,40,189.70504760742188,122.66667175292969,0,0.99952238798141479,-0.00080357305705547333,-0.0004733170208055526,0,0,0,0,0,0
0,767,60,189.68902587890625,122.6571044921875,0,0.99935215711593628,-0.00073460361454635859,-0.0014997988473623991,0,0,0,0,0,0
0,1023,80,189.67449951171875,122.62699890136719,0,0.99922746419906616,-0.0005148298223502934,-0.0014107497408986092,0,0,0,0,0,0
0,1279,100,189.66436767578125,122.59870147705078,0,0.99907374382019043,0.00045406635035760701,-0.00071725726593285799,0,0,0,0,0,0
0,1535,120,189.67353820800781,122.58439636230469,0,0.99885976314544678,0.00039155079866759479,-0.00058636098401620984,0,0,0,0,0,0
0,1791,140,189.68144226074219,122.57270050048828,0,0.99872028827667236,-0.00097690464463084936,-0.00078058015787974,0,0,0,0,0,0
0,2047,160,189.66197204589844,122.55695343017578,0,0.99856245517730713,-0.0016682312125340104,-0.00094758713385090232,0,0,0,0,0,0
0,2303,180,189.62867736816406,122.53777313232422,0,0.99840599298477173,-0.0018245226237922907,-0.0013934054877609015,0,0,0,0,0,0
