measurement_id,geometry_id,local_key,local0,local1,phi,theta,time,var_local0,var_local1,var_phi,var_theta,var_time
0,255,unknown,167.30744934082031,-62.986602783203125,-0.00046311088954098523,1.5713746547698975,0,0.0025000001769512892,0.0025000001769512892,0,0,0
1,511,unknown,167.31539916992188,-63.041683197021484,-0.00045071259955875576,1.5721333026885986,0,0.0025000001769512892,0.0025000001769512892,0,0,0
2,767,unknown,167.29627990722656,-63.157402038574219,-0.00021198987087700516,1.5717934370040894,0,0.0025000001769512892,0.0025000001769512892,0,0,0
3,1023,unknown,167.3465576171875,-63.080715179443359,-5.7323490182170644e-05,1.5726004838943481,0,0.0025000001769512892,0.0025000001769512892,0,0,0
4,1279,unknown,167.27873229980469,-63.186874389648438,-0.00062862189952284098,1.5731080770492554,0,0.0025000001769512892,0.0025000001769512892,0,0,0
5,1535,unknown,167.307373046875,-63.252849578857422,-0.00068196991924196482,1.5731134414672852,0,0.0025000001769512892,0.0025000001769512892,0,0,0
6,1791,unknown,167.22491455078125,-63.222721099853516,-0.00094458443345502019,1.573764443397522,0,0.0025000001769512892,0.0025000001769512892,0,0,0
7,2047,unknown,167.255615234375,-63.27923583984375,-0.0018810420297086239,1.575219988822937,0,0.0025000001769512892,0.0025000001769512892,0,0,0
8,2303,unknown,167.19879150390625,-63.457111358642578,-0.0021234371233731508,1.5742040872573853,0,0.0025000001769512892,0.0025000001769512892,0,0,0
