particle_id,particle_type,process,vx,vy,vz,vt,px,py,pz,m,q
0,0,0,0,319.37872314453125,-42.423587799072266,0,1,0,-4.3711388286737929e-08,0,-1
