particle_id,geometry_id,tx,ty,tz,tt,tpx,tpy,tpz,te,deltapx,deltapy,deltapz,deltae,index
0,255,20,-143.30570983886719,24.917587280273438,0,0.99984860420227051,-0.00019859932945109904,-0.00049206521362066269,0,0,0,0,0,0
0,511,40,-143.30961608886719,24.907720565795898,0,0.99962502717971802,-0.00049655389739200473,-0.00038268126081675291,0,0,0,0,0,0
0,767,60,-143.31950378417969,24.900005340576172,0,0.99920958280563354,-0.0011768558761104941,0.00025045548682101071,0,0,0,0,0,0
0,1023,80,-143.34309387207031,24.904876708984375,0,0.99905109405517578,-0.0022685204166918993,-6.8405053752940148e-05,0,0,0,0,0,0
0,1279,100,-143.38850402832031,24.903234481811523,0,0.99891632795333862,-0.0013987843412905931,0.00077635952038690448,0,0,0,0,0,0
0,1535,120,-143.41659545898438,24.918609619140625,0,0.99876004457473755,0.00016139038780238479,0.0013255876256152987,0,0,0,0,0,0
0,1791,140,-143.41352844238281,24.945173263549805,0,0.99847143888473511,-0.0011797969928011298,0.00065353454556316137,0,0,0,0,0,0
0,2047,160,-143.43724060058594,24.958122253417969,0,0.99814611673355103,-0.0018758884398266673,0.00077361980220302939,0,0,0,0,0,0
0,2303,180,-143.47491455078125,24.973396301269531,0,0.99794453382492065,-0.0021584162022918463,0.0026891562156379223,0,0,0,0,0,0
