particle_id,particle_type,process,vx,vy,vz,vt,px,py,pz,m,q
0,0,0,0,41.398983001708984,5.7597556114196777,0,1,0,-4.3711388286737929e-08,0,-1
