measurement_id,geometry_id,local_key,local0,local1,phi,theta,time,var_local0,var_local1,var_phi,var_theta,var_time
0,255,unknown,189.08135986328125,-16.66093635559082,0.0011644478654488921,1.5708292722702026,0,0.0025000001769512892,0.0025000001769512892,0,0,0
1,511,unknown,189.10818481445312,-16.764442443847656,0.0006424268358387053,1.570371150970459,0,0.0025000001769512892,0.0025000001769512892,0,0,0
2,767,unknown,189.20574951171875,-16.696441650390625,0.00060379703063517809,1.5708916187286377,0,0.0025000001769512892,0.0025000001769512892,0,0,0
3,1023,unknown,189.07792663574219,-16.742752075195312,0.0016646076692268252,1.5696185827255249,0,0.0025000001769512892,0.0025000001769512892,0,0,0
4,1279,unknown,189.2227783203125,-16.633075714111328,0.00051947950851172209,1.5691399574279785,0,0.0025000001769512892,0.0025000001769512892,0,0,0
5,1535,unknown,189.1717529296875,-16.591806411743164,-0.00069066055584698915,1.5701925754547119,0,0.0025000001769512892,0.0025000001769512892,0,0,0
6,1791,unknown,189.25711059570312,-16.659622192382812,-0.0022841582540422678,1.5703698396682739,0,0.0025000001769512892,0.0025000001769512892,0,0,0
7,2047,unknown,189.1676025390625,-16.588300704956055,-0.0024365736171603203,1.5704162120819092,0,0.0025000001769512892,0.0025000001769512892,0,0,0
8,2303,unknown,189.13540649414062,-16.605110168457031,-0.002221681410446763,1.5702502727508545,0,0.0025000001769512892,0.0025000001769512892,0,0,0
