particle_id,particle_type,process,vx,vy,vz,vt,px,py,pz,m,q
0,0,0,0,194.73054504394531,207.23576354980469,0,1,0,-4.3711388286737929e-08,0,-1
