particle_id,geometry_id,tx,ty,tz,tt,tpx,tpy,tpz,te,deltapx,deltapy,deltapz,deltae,index
0,255,20,33.77056884765625,81.060653686523438,0,0.99979358911514282,7.8416975156869739e-05,1.3900906196795404e-05,0,0,0,0,0,0
0,511,40,33.772136688232422,81.060943603515625,0,0.99967032670974731,-0.00028089471743442118,-0.00019929592963308096,0,0,0,0,0,0
0,767,60,33.76654052734375,81.056922912597656,0,0.99946558475494385,0.00013181814574636519,-0.000629132438916713,0,0,0,0,0,0
0,1023,80,33.769252777099609,81.044349670410156,0,0.9992225170135498,0.00022734759841114283,0.00022687345335725695,0,0,0,0,0,0
0,1279,100,33.773777008056641,81.048919677734375,0,0.99904388189315796,0.00029494037153199315,0.00033282776712439954,0,0,0,0,0,0
0,1535,120,33.779640197753906,81.055618286132812,0,0.99886453151702881,-0.00027759515796788037,0.00034384187893010676,0,0,0,0,0,0
0,1791,140,33.774040222167969,81.062469482421875,0,0.99870586395263672,-0.0013950950233265758,-0.0011070187902078032,0,0,0,0,0,0
0,2047,160,33.746234893798828,81.040130615234375,0,0.99849849939346313,0.00086479767924174666,-0.0020945046562701464,0,0,0,0,0,0
0,2303,180,33.763809204101562,80.998283386230469,0,0.99822741746902466,0.0011273171985521913,-0.0016661370173096657,0,0,0,0,0,0
