measurement_id,geometry_id,local_key,local0,local1,phi,theta,time,var_local0,var_local1,var_phi,var_theta,var_time
0,255,unknown,77.52667236328125,-214.32499694824219,0.00026712610269896686,1.5712008476257324,0,0.0025000001769512892,0.0025000001769512892,0,0,0
1,511,unknown,77.507072448730469,-214.34893798828125,0.0012425258755683899,1.5720824003219604,0,0.0025000001769512892,0.0025000001769512892,0,0,0
2,767,unknown,77.65667724609375,-214.31695556640625,0.0011783012887462974,1.5721268653869629,0,0.0025000001769512892,0.0025000001769512892,0,0,0
3,1023,unknown,77.646232604980469,-214.33683776855469,0.0020286310464143753,1.5733834505081177,0,0.0025000001769512892,0.0025000001769512892,0,0,0
4,1279,unknown,77.679306030273438,-214.39471435546875,0.0027927651535719633,1.5735421180725098,0,0.0025000001769512892,0.0025000001769512892,0,0,0
5,1535,unknown,77.736595153808594,-214.48017883300781,0.0020537225063890219,1.5718687772750854,0,0.0025000001769512892,0.0025000001769512892,0,0,0
6,1791,unknown,77.725959777832031,-214.52952575683594,0.000678389857057482,1.5705454349517822,0,0.0025000001769512892,0.0025000001769512892,0,0,0
7,2047,unknown,77.701126098632812,-214.41841125488281,0.00066082540433853865,1.5705349445343018,0,0.0025000001769512892,0.0025000001769512892,0,0,0
8,2303,unknown,77.761062622070312,-214.52548217773438,0.00027051469078287482,1.5706126689910889,0,0.0025000001769512892,0.0025000001769512892,0,0,0
