particle_id,geometry_id,tx,ty,tz,tt,tpx,tpy,tpz,te,deltapx,deltapy,deltapz,deltae,index
0,255,20,18.687429428100586,-31.073846817016602,0,0.99985581636428833,-0.0015746261924505234,0.0015414708759635687,0,0,0,0,0,0
0,511,40,18.65574836730957,-31.043203353881836,0,0.99963927268981934,-0.0013135724002495408,0.001775775570422411,0,0,0,0,0,0
0,767,60,18.629255294799805,-31.007833480834961,0,0.99938857555389404,-0.0012842144351452589,0.0015604074578732252,0,0,0,0,0,0
0,1023,80,18.603368759155273,-30.976760864257812,0,0.99922871589660645,-0.0010848594829440117,0.0021898143459111452,0,0,0,0,0,0
0,1279,100,18.581392288208008,-30.933061599731445,0,0.99868631362915039,-0.0011908051092177629,0.0020996932871639729,0,0,0,0,0,0
0,1535,120,18.557292938232422,-30.891157150268555,0,0.99855321645736694,-0.0004743554163724184,0.0012016337132081389,0,0,0,0,0,0
0,1791,140,18.547647476196289,-30.867147445678711,0,0.99834978580474854,-0.0018093663966283202,-0.00085015204967930913,0,0,0,0,0,0
0,2047,160,18.511503219604492,-30.884395599365234,0,0.99817705154418945,-0.0017907264409586787,-0.0008826088160276413,0,0,0,0,0,0
0,2303,180,18.475730895996094,-30.902294158935547,0,0.99798041582107544,-0.0020481718238443136,-0.0012774121714755893,0,0,0,0,0,0
