particle_id,geometry_id,tx,ty,tz,tt,tpx,tpy,tpz,te,deltapx,deltapy,deltapz,deltae,index
0,255,20,-105.19075012207031,-107.73754119873047,0,0.99986624717712402,-0.00038855869206599891,0.00035098072839900851,0,0,0,0,0,0
0,511,40,-105.19856262207031,-107.73056793212891,0,0.99968844652175903,0.0010021165944635868,-0.0010385107016190886,0,0,0,0,0,0
0,767,60,-105.17839050292969,-107.751220703125,0,0.99938708543777466,-0.000409575121011585,-0.0020612224470824003,0,0,0,0,0,0
0,1023,80,-105.18634033203125,-107.79251861572266,0,0.99921637773513794,0.0003335698856972158,-0.0017496196087449789,0,0,0,0,0,0
0,1279,100,-105.17945098876953,-107.82749938964844,0,0.99908065795898438,0.0001492739247623831,-0.0023491701576858759,0,0,0,0,0,0
0,1535,120,-105.17617797851562,-107.87450408935547,0,0.99888938665390015,-0.00047500181244686246,-0.0031161773949861526,0,0,0,0,0,0
0,1791,140,-105.18531036376953,-107.93695068359375,0,0.99873799085617065,-0.00043393959640525281,-0.0031166577246040106,0,0,0,0,0,0
0,2047,160,-105.19362640380859,-107.99941253662109,0,0.99856096506118774,8.1189078628085554e-05,-0.0033777526114135981,0,0,0,0,0,0
0,2303,180,-105.19159698486328,-108.06705474853516,0,0.99838584661483765,-0.0010311813093721867,-0.0027944494504481554,0,0,0,0,0,0
