particle_id,particle_type,process,vx,vy,vz,vt,px,py,pz,m,q
0,0,0,0,-118.11817932128906,67.320053100585938,0,1,0,-4.3711388286737929e-08,0,-1
