measurement_id,geometry_id,local_key,local0,local1,phi,theta,time,var_local0,var_local1,var_phi,var_theta,var_time
0,255,unknown,-121.13777923583984,73.345718383789062,0.00037426702328957617,1.5704115629196167,0,0.0025000001769512892,0.0025000001769512892,0,0,0
1,511,unknown,-121.14414978027344,73.295783996582031,0.0022078396286815405,1.5709810256958008,0,0.0025000001769512892,0.0025000001769512892,0,0,0
2,767,unknown,-121.10128784179688,73.336463928222656,0.0024677799083292484,1.5712968111038208,0,0.0025000001769512892,0.0025000001769512892,0,0,0
3,1023,unknown,-121.04550933837891,73.300491333007812,0.0018580354517325759,1.5727907419204712,0,0.0025000001769512892,0.0025000001769512892,0,0,0
4,1279,unknown,-121.0130615234375,73.217689514160156,0.0008032933110371232,1.5728425979614258,0,0.0025000001769512892,0.0025000001769512892,0,0,0
5,1535,unknown,-120.93693542480469,73.182388305664062,0.00029166089370846748,1.5726290941238403,0,0.0025000001769512892,0.0025000001769512892,0,0,0
6,1791,unknown,-121.00441741943359,73.228012084960938,0.00095703685656189919,1.5700472593307495,0,0.0025000001769512892,0.0025000001769512892,0,0,0
7,2047,unknown,-121.00411987304688,73.308929443359375,0.0015419619157910347,1.5701080560684204,0,0.0025000001769512892,0.0025000001769512892,0,0,0
8,2303,unknown,-120.90769195556641,73.228828430175781,0.0026978657115250826,1.5706878900527954,0,0.0025000001769512892,0.0025000001769512892,0,0,0
