particle_id,geometry_id,tx,ty,tz,tt,tpx,tpy,tpz,te,deltapx,deltapy,deltapz,deltae,index
0,255,20,19.901954650878906,332.12887573242188,0,0.99977856874465942,-0.0013822737382724881,-0.00098115846049040556,0,0,0,0,0,0
0,511,40,19.874422073364258,332.10906982421875,0,0.99957692623138428,-0.0012290718732401729,-0.00065160490339621902,0,0,0,0,0,0
0,767,60,19.849908828735352,332.09588623046875,0,0.99945622682571411,-0.00064146018121391535,-0.00088695553131401539,0,0,0,0,0,0
0,1023,80,19.837179183959961,332.07806396484375,0,0.99932253360748291,-0.00061048369389027357,-0.00031001618481241167,0,0,0,0,0,0
0,1279,100,19.82499885559082,332.07177734375,0,0.99915629625320435,-0.00056557916104793549,-0.00014071109762880951,0,0,0,0,0,0
0,1535,120,19.813694000244141,332.06887817382812,0,0.99882745742797852,-0.0006156500312499702,-0.00086937053129076958,0,0,0,0,0,0
0,1791,140,19.801471710205078,332.0513916015625,0,0.99867779016494751,-0.00084972364129498601,-0.0011027010623365641,0,0,0,0,0,0
0,2047,160,19.784587860107422,332.02920532226562,0,0.99851292371749878,-0.0013802485773339868,-0.0016760176513344049,0,0,0,0,0,0
0,2303,180,19.757144927978516,331.9954833984375,0,0.99838483333587646,-0.00087844178779050708,-0.00098586000967770815,0,0,0,0,0,0
