particle_id,geometry_id,tx,ty,tz,tt,tpx,tpy,tpz,te,deltapx,deltapy,deltapz,deltae,index
0,255,20,-298.70285034179688,-15.238028526306152,0,0.99980044364929199,0.00030007757595740259,-0.00045664340723305941,0,0,0,0,0,0
0,511,40,-298.69680786132812,-15.247126579284668,0,0.99947410821914673,0.00057849683798849583,-0.00058946205535903573,0,0,0,0,0,0
0,767,60,-298.68515014648438,-15.258852005004883,0,0.997547447681427,0.00090755266137421131,-0.0003070872335229069,0,0,0,0,0,0
0,1023,80,-298.66693115234375,-15.264899253845215,0,0.99740540981292725,-0.00017191781080327928,-0.0010545679833739996,0,0,0,0,0,0
0,1279,100,-298.67025756835938,-15.286066055297852,0,0.99687904119491577,0.0002917845849879086,-0.0010757588315755129,0,0,0,0,0,0
0,1535,120,-298.66427612304688,-15.307612419128418,0,0.99670112133026123,0.00034998301998712122,1.2669749594351742e-05,0,0,0,0,0,0
0,1791,140,-298.65725708007812,-15.307315826416016,0,0.99655991792678833,0.0014582910807803273,-0.0024894888047128916,0,0,0,0,0,0
0,2047,160,-298.627685546875,-15.357100486755371,0,0.99634701013565063,0.0014504619175568223,-0.0024986963253468275,0,0,0,0,0,0
0,2303,180,-298.5982666015625,-15.407081604003906,0,0.99620044231414795,0.0020858598873019218,-0.00098893011454492807,0,0,0,0,0,0
