particle_id,particle_type,process,vx,vy,vz,vt,px,py,pz,m,q
0,0,0,0,427.92758178710938,-60.720149993896484,0,1,0,-4.3711388286737929e-08,0,-1
