particle_id,particle_type,process,vx,vy,vz,vt,px,py,pz,m,q
0,0,0,0,146.606201171875,88.797920227050781,0,1,0,-4.3711388286737929e-08,0,-1
