measurement_id,geometry_id,local_key,local0,local1,phi,theta,time,var_local0,var_local1,var_phi,var_theta,var_time
0,255,unknown,-48.885330200195312,-394.19955444335938,-0.00020993287034798414,1.5714352130889893,0,0.0025000001769512892,0.0025000001769512892,0,0,0
1,511,unknown,-48.949447631835938,-394.15530395507812,-0.00021536294661927968,1.571306586265564,0,0.0025000001769512892,0.0025000001769512892,0,0,0
2,767,unknown,-49.047725677490234,-394.12139892578125,-0.00020492463954724371,1.5713062286376953,0,0.0025000001769512892,0.0025000001769512892,0,0,0
3,1023,unknown,-48.968025207519531,-394.19439697265625,-0.0011161784641444683,1.5719026327133179,0,0.0025000001769512892,0.0025000001769512892,0,0,0
4,1279,unknown,-48.910198211669922,-394.248779296875,-0.0021485148463398218,1.5708414316177368,0,0.0025000001769512892,0.0025000001769512892,0,0,0
5,1535,unknown,-49.044406890869141,-394.13906860351562,-0.0017637715209275484,1.570870041847229,0,0.0025000001769512892,0.0025000001769512892,0,0,0
6,1791,unknown,-49.038261413574219,-394.14865112304688,-0.0022465132642537355,1.571001410484314,0,0.0025000001769512892,0.0025000001769512892,0,0,0
7,2047,unknown,-49.132766723632812,-394.2740478515625,-0.0021903999149799347,1.5702519416809082,0,0.0025000001769512892,0.0025000001769512892,0,0,0
8,2303,unknown,-49.089710235595703,-394.1097412109375,-0.0023757631424814463,1.5697180032730103,0,0.0025000001769512892,0.0025000001769512892,0,0,0
