measurement_id,geometry_id,local_key,local0,local1,phi,theta,time,var_local0,var_local1,var_phi,var_theta,var_time
0,255,unknown,-38.770183563232422,9.0149059295654297,0.00097688427194952965,1.5708473920822144,0,0.0025000001769512892,0.0025000001769512892,0,0,0
1,511,unknown,-38.694450378417969,8.9715328216552734,0.00084949424490332603,1.5696866512298584,0,0.0025000001769512892,0.0025000001769512892,0,0,0
2,767,unknown,-38.695728302001953,9.0473337173461914,-0.00085882830899208784,1.5680885314941406,0,0.0025000001769512892,0.0025000001769512892,0,0,0
3,1023,unknown,-38.709724426269531,9.1397333145141602,0.0023028147406876087,1.5694957971572876,0,0.0025000001769512892,0.0025000001769512892,0,0,0
4,1279,unknown,-38.598308563232422,9.0428743362426758,0.0035159832332283258,1.5702377557754517,0,0.0025000001769512892,0.0025000001769512892,0,0,0
5,1535,unknown,-38.647819519042969,9.0116186141967773,0.0029782152269035578,1.5700792074203491,0,0.0025000001769512892,0.0025000001769512892,0,0,0
6,1791,unknown,-38.586460113525391,9.1380958557128906,0.0030402664560824633,1.5704843997955322,0,0.0025000001769512892,0.0025000001769512892,0,0,0
7,2047,unknown,-38.43365478515625,9.1228561401367188,0.0028990700375288725,1.5707314014434814,0,0.0025000001769512892,0.0025000001769512892,0,0,0
8,2303,unknown,-38.528568267822266,9.0462551116943359,0.00038787745870649815,1.5688241720199585,0,0.0025000001769512892,0.0025000001769512892,0,0,0
