measurement_id,geometry_id,local_key,local0,local1,phi,theta,time,var_local0,var_local1,var_phi,var_theta,var_time
0,255,unknown,187.13330078125,-96.558868408203125,-0.00069352879654616117,1.5707651376724243,0,0.0025000001769512892,0.0025000001769512892,0,0,0
1,511,unknown,187.13572692871094,-96.561508178710938,0.00071777665289118886,1.570111870765686,0,0.0025000001769512892,0.0025000001769512892,0,0,0
2,767,unknown,187.11611938476562,-96.557357788085938,0.002013722900301218,1.571743369102478,0,0.0025000001769512892,0.0025000001769512892,0,0,0
3,1023,unknown,187.29428100585938,-96.562614440917969,0.0010612368350848556,1.5725218057632446,0,0.0025000001769512892,0.0025000001769512892,0,0,0
4,1279,unknown,187.23114013671875,-96.625900268554688,0.00095555448206141591,1.5724073648452759,0,0.0025000001769512892,0.0025000001769512892,0,0,0
5,1535,unknown,187.25137329101562,-96.571533203125,0.0016146436100825667,1.5712671279907227,0,0.0025000001769512892,0.0025000001769512892,0,0,0
6,1791,unknown,187.24331665039062,-96.704109191894531,0.00084733613766729832,1.5714683532714844,0,0.0025000001769512892,0.0025000001769512892,0,0,0
7,2047,unknown,187.32452392578125,-96.708511352539062,0.00018818689568433911,1.571394681930542,0,0.0025000001769512892,0.0025000001769512892,0,0,0
8,2303,unknown,187.23930358886719,-96.587028503417969,-0.00010982529784087092,1.5714362859725952,0,0.0025000001769512892,0.0025000001769512892,0,0,0
