particle_id,particle_type,process,vx,vy,vz,vt,px,py,pz,m,q
0,0,0,0,-155.98530578613281,235.19039916992188,0,1,0,-4.3711388286737929e-08,0,-1
