particle_id,particle_type,process,vx,vy,vz,vt,px,py,pz,m,q
0,0,0,0,158.216064453125,-72.498794555664062,0,1,0,-4.3711388286737929e-08,0,-1
