measurement_id,geometry_id,local_key,local0,local1,phi,theta,time,var_local0,var_local1,var_phi,var_theta,var_time
0,255,unknown,-185.6748046875,166.53292846679688,0.0004856291925534606,1.5722393989562988,0,0.0025000001769512892,0.0025000001769512892,0,0,0
1,511,unknown,-185.68904113769531,166.49073791503906,6.0781450883951038e-05,1.5725468397140503,0,0.0025000001769512892,0.0025000001769512892,0,0,0
2,767,unknown,-185.60191345214844,166.40774536132812,0.00016063856310211122,1.5706088542938232,0,0.0025000001769512892,0.0025000001769512892,0,0,0
3,1023,unknown,-185.63946533203125,166.52592468261719,0.00076409481698647141,1.5706499814987183,0,0.0025000001769512892,0.0025000001769512892,0,0,0
4,1279,unknown,-185.77133178710938,166.45521545410156,0.0012877733679488301,1.5710742473602295,0,0.0025000001769512892,0.0025000001769512892,0,0,0
5,1535,unknown,-185.71208190917969,166.38198852539062,0.00092051835963502526,1.5715464353561401,0,0.0025000001769512892,0.0025000001769512892,0,0,0
6,1791,unknown,-185.70263671875,166.42129516601562,0.00074650970054790378,1.5713295936584473,0,0.0025000001769512892,0.0025000001769512892,0,0,0
7,2047,unknown,-185.64871215820312,166.35809326171875,0.00090690940851345658,1.5709478855133057,0,0.0025000001769512892,0.0025000001769512892,0,0,0
8,2303,unknown,-185.64633178710938,166.39836120605469,-0.00083536561578512192,1.5710840225219727,0,0.0025000001769512892,0.0025000001769512892,0,0,0
