particle_id,geometry_id,tx,ty,tz,tt,tpx,tpy,tpz,te,deltapx,deltapy,deltapz,deltae,index
0,255,20,438.29226684570312,-358.7142333984375,0,0.99985134601593018,3.3748048736015335e-05,-8.5027299064677209e-05,0,0,0,0,0,0
0,511,40,438.29293823242188,-358.7159423828125,0,0.99964362382888794,-0.00099618150852620602,0.00059483735822141171,0,0,0,0,0,0
0,767,60,438.27294921875,-358.70416259765625,0,0.99951058626174927,0.0012422079453244805,0.00072868418646976352,0,0,0,0,0,0
0,1023,80,438.2977294921875,-358.68942260742188,0,0.99936944246292114,0.0011755111627280712,0.00072012271266430616,0,0,0,0,0,0
0,1279,100,438.3211669921875,-358.67486572265625,0,0.99914324283599854,0.0002180887822760269,0.00045268266694620252,0,0,0,0,0,0
0,1535,120,438.32546997070312,-358.665771484375,0,0.99891138076782227,0.00086548097897320986,0.00043400138383731246,0,0,0,0,0,0
0,1791,140,438.34274291992188,-358.656982421875,0,0.99875301122665405,0.0010783539619296789,0.0015103616751730442,0,0,0,0,0,0
0,2047,160,438.36416625976562,-358.62661743164062,0,0.99854129552841187,0.000943710096180439,0.0013758880086243153,0,0,0,0,0,0
0,2303,180,438.38290405273438,-358.59893798828125,0,0.99732327461242676,-0.00046864789328537881,0.0028347824700176716,0,0,0,0,0,0
