measurement_id,geometry_id,local_key,local0,local1,phi,theta,time,var_local0,var_local1,var_phi,var_theta,var_time
0,255,unknown,294.03091430664062,-83.362922668457031,0.00018290082516614348,1.5707051753997803,0,0.0025000001769512892,0.0025000001769512892,0,0,0
1,511,unknown,294.10977172851562,-83.293479919433594,0.00052654056344181299,1.570152759552002,0,0.0025000001769512892,0.0025000001769512892,0,0,0
2,767,unknown,294.165283203125,-83.34326171875,0.00029993205680511892,1.5704383850097656,0,0.0025000001769512892,0.0025000001769512892,0,0,0
3,1023,unknown,294.0804443359375,-83.337326049804688,-0.00029102072585374117,1.5713489055633545,0,0.0025000001769512892,0.0025000001769512892,0,0,0
4,1279,unknown,294.19195556640625,-83.350166320800781,0.00100052694324404,1.5712349414825439,0,0.0025000001769512892,0.0025000001769512892,0,0,0
5,1535,unknown,294.1571044921875,-83.340179443359375,0.00090493849711492658,1.5706838369369507,0,0.0025000001769512892,0.0025000001769512892,0,0,0
6,1791,unknown,294.170654296875,-83.356559753417969,0.0010514238383620977,1.5731101036071777,0,0.0025000001769512892,0.0025000001769512892,0,0,0
7,2047,unknown,294.16546630859375,-83.404136657714844,0.0010750499786809087,1.5730626583099365,0,0.0025000001769512892,0.0025000001769512892,0,0,0
8,2303,unknown,294.1929931640625,-83.427719116210938,0.00096953060710802674,1.5725032091140747,0,0.0025000001769512892,0.0025000001769512892,0,0,0
