measurement_id,geometry_id,local_key,local0,local1,phi,theta,time,var_local0,var_local1,var_phi,var_theta,var_time
0,255,unknown,178.18263244628906,-249.07891845703125,-0.00028043671045452356,1.5703946352005005,0,0.0025000001769512892,0.0025000001769512892,0,0,0
1,511,unknown,178.1629638671875,-249.09988403320312,-0.00066109863109886646,1.5704631805419922,0,0.0025000001769512892,0.0025000001769512892,0,0,0
2,767,unknown,178.11366271972656,-249.02085876464844,-0.00051108270417898893,1.5705580711364746,0,0.0025000001769512892,0.0025000001769512892,0,0,0
3,1023,unknown,178.01348876953125,-249.13265991210938,-0.00038009413401596248,1.5713610649108887,0,0.0025000001769512892,0.0025000001769512892,0,0,0
4,1279,unknown,178.09516906738281,-249.01243591308594,-0.00053030933486297727,1.5712500810623169,0,0.0025000001769512892,0.0025000001769512892,0,0,0
5,1535,unknown,178.07679748535156,-249.11766052246094,-0.00052035052794963121,1.570926308631897,0,0.0025000001769512892,0.0025000001769512892,0,0,0
6,1791,unknown,177.99830627441406,-249.10585021972656,0.00026152853388339281,1.5714631080627441,0,0.0025000001769512892,0.0025000001769512892,0,0,0
7,2047,unknown,178.05830383300781,-249.1680908203125,-0.00059236527886241674,1.5719044208526611,0,0.0025000001769512892,0.0025000001769512892,0,0,0
8,2303,unknown,178.05203247070312,-249.20632934570312,0.00056052440777420998,1.5715252161026001,0,0.0025000001769512892,0.0025000001769512892,0,0,0
