particle_id,particle_type,process,vx,vy,vz,vt,px,py,pz,m,q
0,0,0,0,52.724987030029297,254.09063720703125,0,1,0,-4.3711388286737929e-08,0,-1
