particle_id,geometry_id,tx,ty,tz,tt,tpx,tpy,tpz,te,deltapx,deltapy,deltapz,deltae,index
0,255,20,-450.71859741210938,241.80171203613281,0,0.99981451034545898,0.0018965187482535839,0.0010259217815473676,0,0,0,0,0,0
0,511,40,-450.6807861328125,241.82246398925781,0,0.99965143203735352,0.0019877878949046135,0.0010441064368933439,0,0,0,0,0,0
0,767,60,-450.64114379882812,241.84359741210938,0,0.9994271993637085,0.0018841353012248874,0.00090995721984654665,0,0,0,0,0,0
0,1023,80,-450.60354614257812,241.86203002929688,0,0.99926328659057617,0.0020386497490108013,0.00097985181491822004,0,0,0,0,0,0
0,1279,100,-450.5628662109375,241.88188171386719,0,0.99880683422088623,0.0019156988710165024,0.00080628012074157596,0,0,0,0,0,0
0,1535,120,-450.52459716796875,241.89825439453125,0,0.9982609748840332,0.0016410809475928545,0.0013710999628528953,0,0,0,0,0,0
0,1791,140,-450.49188232421875,241.92591857910156,0,0.99807560443878174,0.0018375309882685542,0.0011889248853549361,0,0,0,0,0,0
0,2047,160,-450.4552001953125,241.94996643066406,0,0.99793082475662231,0.0018922665622085333,0.0010213716886937618,0,0,0,0,0,0
0,2303,180,-450.41738891601562,241.97065734863281,0,0.99771791696548462,0.0011181196896359324,0.00053374713752418756,0,0,0,0,0,0
