measurement_id,geometry_id,local_key,local0,local1,phi,theta,time,var_local0,var_local1,var_phi,var_theta,var_time
0,255,unknown,-121.99336242675781,205.51596069335938,-0.00040638560312800109,1.5709495544433594,0,0.0025000001769512892,0.0025000001769512892,0,0,0
1,511,unknown,-122.06463623046875,205.55722045898438,-0.0020299507305026054,1.5694336891174316,0,0.0025000001769512892,0.0025000001769512892,0,0,0
2,767,unknown,-122.05204010009766,205.64781188964844,-0.0022527251858264208,1.5694477558135986,0,0.0025000001769512892,0.0025000001769512892,0,0,0
3,1023,unknown,-122.17167663574219,205.60549926757812,-0.0025171053130179644,1.570553183555603,0,0.0025000001769512892,0.0025000001769512892,0,0,0
4,1279,unknown,-122.24918365478516,205.6737060546875,-0.0032563130371272564,1.5695459842681885,0,0.0025000001769512892,0.0025000001769512892,0,0,0
5,1535,unknown,-122.32021331787109,205.69438171386719,-0.0029302532784640789,1.5697568655014038,0,0.0025000001769512892,0.0025000001769512892,0,0,0
6,1791,unknown,-122.31284332275391,205.76860046386719,-0.0030258162878453732,1.5700023174285889,0,0.0025000001769512892,0.0025000001769512892,0,0,0
7,2047,unknown,-122.37994384765625,205.71748352050781,-0.0024928727652877569,1.5703692436218262,0,0.0025000001769512892,0.0025000001769512892,0,0,0
8,2303,unknown,-122.39170074462891,205.72758483886719,-0.0025089103728532791,1.5693907737731934,0,0.0025000001769512892,0.0025000001769512892,0,0,0
