particle_id,geometry_id,tx,ty,tz,tt,tpx,tpy,tpz,te,deltapx,deltapy,deltapz,deltae,index
0,255,20,-140.29228210449219,32.309551239013672,0,0.99976718425750732,0.0012647556141018867,0.00019112363224849105,0,0,0,0,0,0
0,511,40,-140.26699829101562,32.313526153564453,0,0.99963074922561646,0.0012257777852937579,0.00021862474386580288,0,0,0,0,0,0
0,767,60,-140.24250793457031,32.318046569824219,0,0.99918895959854126,0.0025315163657069206,0.00050761597231030464,0,0,0,0,0,0
0,1023,80,-140.19189453125,32.328510284423828,0,0.99898606538772583,0.0024194361176341772,0.00030375178903341293,0,0,0,0,0,0
0,1279,100,-140.14349365234375,32.334880828857422,0,0.9986799955368042,0.0024224570952355862,0.00017972529167309403,0,0,0,0,0,0
0,1535,120,-140.09500122070312,32.338771820068359,0,0.99855828285217285,0.0030968505889177322,0.00020636823319364339,0,0,0,0,0,0
0,1791,140,-140.03300476074219,32.343276977539062,0,0.99839615821838379,0.003216754412278533,0.0011809796560555696,0,0,0,0,0,0
0,2047,160,-139.96870422363281,32.367321014404297,0,0.99793088436126709,0.0024851588532328606,-0.00087370810797438025,0,0,0,0,0,0
0,2303,180,-139.91879272460938,32.350109100341797,0,0.9977717399597168,0.0022499596234411001,-0.00087023788364604115,0,0,0,0,0,0
