measurement_id,geometry_id,local_key,local0,local1,phi,theta,time,var_local0,var_local1,var_phi,var_theta,var_time
0,255,unknown,340.8360595703125,59.560695648193359,0.0010599462548270822,1.5706043243408203,0,0.0025000001769512892,0.0025000001769512892,0,0,0
1,511,unknown,340.78466796875,59.497562408447266,0.0012730001471936703,1.5684510469436646,0,0.0025000001769512892,0.0025000001769512892,0,0,0
2,767,unknown,340.77639770507812,59.577983856201172,0.0009993421845138073,1.5692781209945679,0,0.0025000001769512892,0.0025000001769512892,0,0,0
3,1023,unknown,340.82843017578125,59.503948211669922,0.0009778833482414484,1.5693222284317017,0,0.0025000001769512892,0.0025000001769512892,0,0,0
4,1279,unknown,340.8399658203125,59.579372406005859,0.000881995540112257,1.5683499574661255,0,0.0025000001769512892,0.0025000001769512892,0,0,0
5,1535,unknown,340.847900390625,59.761764526367188,0.0011541788699105382,1.5688444375991821,0,0.0025000001769512892,0.0025000001769512892,0,0,0
6,1791,unknown,340.8787841796875,59.646816253662109,0.0034376694820821285,1.5684081315994263,0,0.0025000001769512892,0.0025000001769512892,0,0,0
7,2047,unknown,340.98269653320312,59.712337493896484,0.0032411122228950262,1.56804358959198,0,0.0025000001769512892,0.0025000001769512892,0,0,0
8,2303,unknown,340.93206787109375,59.861083984375,0.0031976557802408934,1.567989706993103,0,0.0025000001769512892,0.0025000001769512892,0,0,0
