particle_id,geometry_id,tx,ty,tz,tt,tpx,tpy,tpz,te,deltapx,deltapy,deltapz,deltae,index
0,255,20,-364.89923095703125,-41.625507354736328,0,0.9998471736907959,-0.00043854626710526645,-0.00066894420888274908,0,0,0,0,0,0
0,511,40,-364.90792846679688,-41.638938903808594,0,0.99956363439559937,0.00091521907597780228,-0.00028054005815647542,0,0,0,0,0,0
0,767,60,-364.88958740234375,-41.644443511962891,0,0.99935680627822876,0.00091254879953339696,-0.00031371999648399651,0,0,0,0,0,0
0,1023,80,-364.87127685546875,-41.650611877441406,0,0.99911707639694214,0.00073396111838519573,-0.00036795617779716849,0,0,0,0,0,0
0,1279,100,-364.85653686523438,-41.657890319824219,0,0.99875670671463013,0.0015492491656914353,0.00029737129807472229,0,0,0,0,0,0
0,1535,120,-364.8255615234375,-41.651748657226562,0,0.99863004684448242,0.0014574684901162982,0.0017763641662895679,0,0,0,0,0,0
0,1791,140,-364.79660034179688,-41.615997314453125,0,0.99847853183746338,0.00097288080723956227,0.0011604796163737774,0,0,0,0,0,0
0,2047,160,-364.77725219726562,-41.592636108398438,0,0.99831688404083252,0.0017421519150957465,1.3880395272281021e-05,0,0,0,0,0,0
0,2303,180,-364.74234008789062,-41.592147827148438,0,0.99803322553634644,0.0032810077536851168,-0.00078885123366490006,0,0,0,0,0,0
