measurement_id,geometry_id,local_key,local0,local1,phi,theta,time,var_local0,var_local1,var_phi,var_theta,var_time
0,255,unknown,4.6609129905700684,125.67243194580078,-8.0585028626956046e-05,1.5716087818145752,0,0.0025000001769512892,0.0025000001769512892,0,0,0
1,511,unknown,4.6411280632019043,125.73031616210938,0.00081874284660443664,1.57077956199646,0,0.0025000001769512892,0.0025000001769512892,0,0,0
2,767,unknown,4.6943192481994629,125.80725860595703,0.00056229491019621491,1.571448802947998,0,0.0025000001769512892,0.0025000001769512892,0,0,0
3,1023,unknown,4.6531572341918945,125.75865936279297,0.00083988095866516232,1.5705668926239014,0,0.0025000001769512892,0.0025000001769512892,0,0,0
4,1279,unknown,4.7032146453857422,125.86678314208984,0.00035332169500179589,1.570522665977478,0,0.0025000001769512892,0.0025000001769512892,0,0,0
5,1535,unknown,4.6518750190734863,125.73057556152344,9.8817487014457583e-05,1.5708471536636353,0,0.0025000001769512892,0.0025000001769512892,0,0,0
6,1791,unknown,4.7324066162109375,125.75456237792969,0.0021041000727564096,1.5707075595855713,0,0.0025000001769512892,0.0025000001769512892,0,0,0
7,2047,unknown,4.7556657791137695,125.83300018310547,0.0021992854308336973,1.5694718360900879,0,0.0025000001769512892,0.0025000001769512892,0,0,0
8,2303,unknown,4.8298063278198242,125.89268493652344,0.0017492795595899224,1.5685691833496094,0,0.0025000001769512892,0.0025000001769512892,0,0,0
