particle_id,geometry_id,tx,ty,tz,tt,tpx,tpy,tpz,te,deltapx,deltapy,deltapz,deltae,index
0,255,20,-190.78179931640625,51.036476135253906,0,0.99986124038696289,0.00028543156804516912,-0.00076549977529793978,0,0,0,0,0,0
0,511,40,-190.7760009765625,51.021198272705078,0,0.9996454119682312,0.0012699246872216463,-0.0014971414348110557,0,0,0,0,0,0
0,767,60,-190.75041198730469,50.991397857666016,0,0.99948698282241821,0.0018009609775617719,-0.0023442914243787527,0,0,0,0,0,0
0,1023,80,-190.71409606933594,50.944705963134766,0,0.99937307834625244,0.00095470249652862549,-0.0025019950699061155,0,0,0,0,0,0
0,1279,100,-190.69468688964844,50.894748687744141,0,0.99920952320098877,-0.00011972537322435528,-0.0018856372917070985,0,0,0,0,0,0
0,1535,120,-190.69685363769531,50.856990814208984,0,0.9990573525428772,1.0964960893034004e-05,-0.001904524746350944,0,0,0,0,0,0
0,1791,140,-190.6964111328125,50.818866729736328,0,0.9988938570022583,0.00094997073756530881,-0.0021126004867255688,0,0,0,0,0,0
0,2047,160,-190.67713928222656,50.776683807373047,0,0.99862712621688843,0.0016224621795117855,-0.0022307273466140032,0,0,0,0,0,0
0,2303,180,-190.64437866210938,50.732204437255859,0,0.99847787618637085,0.00057805731194093823,-0.0012657865881919861,0,0,0,0,0,0
