particle_id,particle_type,process,vx,vy,vz,vt,px,py,pz,m,q
0,0,0,0,306.92428588867188,92.56964111328125,0,1,0,-4.3711388286737929e-08,0,-1
