measurement_id,geometry_id,local_key,local0,local1,phi,theta,time,var_local0,var_local1,var_phi,var_theta,var_time
0,255,unknown,-12.224990844726562,83.785316467285156,0.00017594215751159936,1.5709573030471802,0,0.0025000001769512892,0.0025000001769512892,0,0,0
1,511,unknown,-12.174007415771484,83.825248718261719,-0.00057932222262024879,1.5700747966766357,0,0.0025000001769512892,0.0025000001769512892,0,0,0
2,767,unknown,-12.197528839111328,83.837409973144531,-6.7296132328920066e-05,1.5689952373504639,0,0.0025000001769512892,0.0025000001769512892,0,0,0
3,1023,unknown,-12.194392204284668,83.880081176757812,-0.00021834971266798675,1.5706003904342651,0,0.0025000001769512892,0.0025000001769512892,0,0,0
4,1279,unknown,-12.263156890869141,83.929122924804688,-0.00032139199902303517,1.5707793235778809,0,0.0025000001769512892,0.0025000001769512892,0,0,0
5,1535,unknown,-12.218372344970703,83.904693603515625,0.00047524308320134878,1.5714393854141235,0,0.0025000001769512892,0.0025000001769512892,0,0,0
6,1791,unknown,-12.166016578674316,83.927726745605469,0.00058413675287738442,1.5713428258895874,0,0.0025000001769512892,0.0025000001769512892,0,0,0
7,2047,unknown,-12.233323097229004,83.815093994140625,-0.0013436883455142379,1.5710799694061279,0,0.0025000001769512892,0.0025000001769512892,0,0,0
8,2303,unknown,-12.21675968170166,83.891380310058594,-0.0026415230240672827,1.5730576515197754,0,0.0025000001769512892,0.0025000001769512892,0,0,0
