particle_id,geometry_id,tx,ty,tz,tt,tpx,tpy,tpz,te,deltapx,deltapy,deltapz,deltae,index
0,255,20,184.88720703125,-32.005451202392578,0,0.99983847141265869,0.00082736194599419832,-0.00014772021677345037,0,0,0,0,0,0
0,511,40,184.90377807617188,-32.008308410644531,0,0.99964040517807007,0.0010599126107990742,-1.2675342986767646e-05,0,0,0,0,0,0
0,767,60,184.92498779296875,-32.008434295654297,0,0.9994921088218689,0.0011585287284106016,-0.0008146643522195518,0,0,0,0,0,0
0,1023,80,184.94827270507812,-32.02459716796875,0,0.99932366609573364,0.0016883173957467079,-0.00040436696144752204,0,0,0,0,0,0
0,1279,100,184.98211669921875,-32.032485961914062,0,0.99915909767150879,0.0017256976570934057,-0.0002470762119628489,0,0,0,0,0,0
0,1535,120,185.01669311523438,-32.037223815917969,0,0.99897384643554688,0.0022224541753530502,0.0014580617425963283,0,0,0,0,0,0
0,1791,140,185.06100463867188,-32.007766723632812,0,0.99884259700775146,0.0019818844739347696,0.0014228622894734144,0,0,0,0,0,0
0,2047,160,185.10050964355469,-31.979038238525391,0,0.99864858388900757,0.0041197915561497211,-0.00051219336455687881,0,0,0,0,0,0
0,2303,180,185.18307495117188,-31.988800048828125,0,0.9985014796257019,0.0039976532571017742,4.5664492063224316e-05,0,0,0,0,0,0
