particle_id,geometry_id,tx,ty,tz,tt,tpx,tpy,tpz,te,deltapx,deltapy,deltapz,deltae,index
0,255,20,59.752758026123047,72.438705444335938,0,0.99985277652740479,0.00016376601706724614,0.00016980452346615493,0,0,0,0,0,0
0,511,40,59.756011962890625,72.442123413085938,0,0.9994349479675293,0.00034555169986560941,0.00021667550026904792,0,0,0,0,0,0
0,767,60,59.762901306152344,72.446502685546875,0,0.99922066926956177,0.0012722552055492997,-0.00027127194334752858,0,0,0,0,0,0
0,1023,80,59.788398742675781,72.44122314453125,0,0.9990619421005249,0.0018404372967779636,-0.00075881503289565444,0,0,0,0,0,0
0,1279,100,59.825332641601562,72.426254272460938,0,0.99890375137329102,0.00045378910726867616,-0.0018238539341837168,0,0,0,0,0,0
0,1535,120,59.834636688232422,72.389793395996094,0,0.99872583150863647,0.0010668099857866764,-0.001742451568134129,0,0,0,0,0,0
0,1791,140,59.856208801269531,72.355026245117188,0,0.99856382608413696,0.00093953032046556473,-0.00036453842767514288,0,0,0,0,0,0
0,2047,160,59.875068664550781,72.34783935546875,0,0.99832600355148315,0.0022184576373547316,0.0022649590391665697,0,0,0,0,0,0
0,2303,180,59.919239044189453,72.393478393554688,0,0.99815922975540161,0.0028602150268852711,0.0011427401332184672,0,0,0,0,0,0
