particle_id,geometry_id,tx,ty,tz,tt,tpx,tpy,tpz,te,deltapx,deltapy,deltapz,deltae,index
0,255,20,49.561725616455078,174.76091003417969,0,0.99976855516433716,-0.00019268064352218062,8.3145125245209783e-05,0,0,0,0,0,0
0,511,40,49.557861328125,174.76254272460938,0,0.99950897693634033,3.3203039492946118e-05,2.6884379622060806e-05,0,0,0,0,0,0
0,767,60,49.558521270751953,174.76309204101562,0,0.99925601482391357,-0.00036872614873573184,-9.6650495834182948e-05,0,0,0,0,0,0
0,1023,80,49.551151275634766,174.7611083984375,0,0.99906086921691895,-0.00040295193321071565,0.00066440051887184381,0,0,0,0,0,0
0,1279,100,49.543006896972656,174.77435302734375,0,0.99893605709075928,-0.00050122890388593078,0.00041876939940266311,0,0,0,0,0,0
0,1535,120,49.532920837402344,174.78268432617188,0,0.99868613481521606,0.00043807263136841357,-7.5284951890353113e-05,0,0,0,0,0,0
0,1791,140,49.541702270507812,174.78123474121094,0,0.99849170446395874,-0.0012179414043202996,-0.00028761909925378859,0,0,0,0,0,0
0,2047,160,49.517341613769531,174.77532958984375,0,0.99834322929382324,-0.0013809773372486234,-0.0012934656115248799,0,0,0,0,0,0
0,2303,180,49.489833831787109,174.74925231933594,0,0.99820852279663086,-0.0013641290133818984,-0.0012985270004719496,0,0,0,0,0,0
