measurement_id,geometry_id,local_key,local0,local1,phi,theta,time,var_local0,var_local1,var_phi,var_theta,var_time
0,255,unknown,379.28140258789062,143.90812683105469,0.0015365506988018751,1.5699383020401001,0,0.0025000001769512892,0.0025000001769512892,0,0,0
1,511,unknown,379.33819580078125,143.83345031738281,0.0016637189546599984,1.5692781209945679,0,0.0025000001769512892,0.0025000001769512892,0,0,0
2,767,unknown,379.3575439453125,143.89637756347656,0.0015914104878902435,1.569058895111084,0,0.0025000001769512892,0.0025000001769512892,0,0,0
3,1023,unknown,379.41842651367188,143.81254577636719,0.0016037365421652794,1.5691388845443726,0,0.0025000001769512892,0.0025000001769512892,0,0,0
4,1279,unknown,379.4559326171875,144.07037353515625,0.0016321568982675672,1.5690412521362305,0,0.0025000001769512892,0.0025000001769512892,0,0,0
5,1535,unknown,379.3765869140625,144.12037658691406,0.0017395259346812963,1.5690609216690063,0,0.0025000001769512892,0.0025000001769512892,0,0,0
6,1791,unknown,379.55404663085938,144.02949523925781,0.0017639464931562543,1.5694586038589478,0,0.0025000001769512892,0.0025000001769512892,0,0,0
7,2047,unknown,379.57406616210938,144.11563110351562,0.0018339869566261768,1.5694484710693359,0,0.0025000001769512892,0.0025000001769512892,0,0,0
8,2303,unknown,379.62124633789062,144.10720825195312,0.0022339909337460995,1.5703321695327759,0,0.0025000001769512892,0.0025000001769512892,0,0,0
