particle_id,particle_type,process,vx,vy,vz,vt,px,py,pz,m,q
0,0,0,0,200.22587585449219,141.84748840332031,0,1,0,-4.3711388286737929e-08,0,-1
