measurement_id,geometry_id,local_key,local0,local1,phi,theta,time,var_local0,var_local1,var_phi,var_theta,var_time
0,255,unknown,-94.226943969726562,63.336994171142578,0.00058986112708225846,1.571574330329895,0,0.0025000001769512892,0.0025000001769512892,0,0,0
1,511,unknown,-94.286354064941406,63.207065582275391,0.00098233367316424847,1.5713968276977539,0,0.0025000001769512892,0.0025000001769512892,0,0,0
2,767,unknown,-94.275985717773438,63.276660919189453,0.00092294078785926104,1.571605920791626,0,0.0025000001769512892,0.0025000001769512892,0,0,0
3,1023,unknown,-94.199249267578125,63.207527160644531,0.00014560716226696968,1.5728863477706909,0,0.0025000001769512892,0.0025000001769512892,0,0,0
4,1279,unknown,-94.132598876953125,63.199207305908203,-0.00025620748056098819,1.5728957653045654,0,0.0025000001769512892,0.0025000001769512892,0,0,0
5,1535,unknown,-94.128997802734375,63.142868041992188,0.00086582999210804701,1.5730125904083252,0,0.0025000001769512892,0.0025000001769512892,0,0,0
6,1791,unknown,-94.193084716796875,63.090660095214844,0.00091747991973534226,1.5745682716369629,0,0.0025000001769512892,0.0025000001769512892,0,0,0
7,2047,unknown,-94.225028991699219,63.046554565429688,0.0015181429916992784,1.5756604671478271,0,0.0025000001769512892,0.0025000001769512892,0,0,0
8,2303,unknown,-94.107063293457031,62.926548004150391,0.0018249995773658156,1.5765284299850464,0,0.0025000001769512892,0.0025000001769512892,0,0,0
