particle_id,geometry_id,tx,ty,tz,tt,tpx,tpy,tpz,te,deltapx,deltapy,deltapz,deltae,index
0,255,20,51.381641387939453,-28.757556915283203,0,0.99987280368804932,2.2868574887979776e-05,-0.00016024061187636107,0,0,0,0,0,0
0,511,40,51.382118225097656,-28.760759353637695,0,0.99956518411636353,0.0010361551539972425,-0.0030279646161943674,0,0,0,0,0,0
0,767,60,51.403213500976562,-28.821218490600586,0,0.99938881397247314,0.0011871655005961657,-0.0032814324367791414,0,0,0,0,0,0
0,1023,80,51.427364349365234,-28.886743545532227,0,0.99924904108047485,0.0014976592501625419,-0.0033709113486111164,0,0,0,0,0,0
0,1279,100,51.457744598388672,-28.954030990600586,0,0.99909019470214844,0.001525477971881628,-0.0051989671774208546,0,0,0,0,0,0
0,1535,120,51.488906860351562,-29.057918548583984,0,0.99882346391677856,0.00047837934107519686,-0.0067867268808186054,0,0,0,0,0,0
0,1791,140,51.499301910400391,-29.193752288818359,0,0.9986993670463562,0.0019726657774299383,-0.0059727206826210022,0,0,0,0,0,0
0,2047,160,51.539524078369141,-29.313121795654297,0,0.99855107069015503,0.0026469344738870859,-0.0064237248152494431,0,0,0,0,0,0
0,2303,180,51.593311309814453,-29.441461563110352,0,0.99839246273040771,0.0039317887276411057,-0.0067282654345035553,0,0,0,0,0,0
