particle_id,geometry_id,tx,ty,tz,tt,tpx,tpy,tpz,te,deltapx,deltapy,deltapz,deltae,index
0,255,20,-190.88737487792969,363.00021362304688,0,0.99984276294708252,-0.00017584949091542512,4.7274941607611254e-05,0,0,0,0,0,0
0,511,40,-190.89089965820312,363.00112915039062,0,0.99958902597427368,-0.0001976888015633449,4.961039394402178e-06,0,0,0,0,0,0
0,767,60,-190.89485168457031,363.00119018554688,0,0.99934852123260498,-0.00096335983835160732,0.00038093945477157831,0,0,0,0,0,0
0,1023,80,-190.91416931152344,363.00869750976562,0,0.99919629096984863,-0.00095134909497573972,0.00028308920445851982,0,0,0,0,0,0
0,1279,100,-190.93324279785156,363.01425170898438,0,0.99905222654342651,-0.00066785747185349464,-0.0002344252570765093,0,0,0,0,0,0
0,1535,120,-190.94657897949219,363.00949096679688,0,0.99890625476837158,-0.0017121091950684786,0.0010513059096410871,0,0,0,0,0,0
0,1791,140,-190.98098754882812,363.03033447265625,0,0.9987531304359436,-0.0026653595268726349,0.0012395018711686134,0,0,0,0,0,0
0,2047,160,-191.03451538085938,363.05484008789062,0,0.99857372045516968,-0.0026343474164605141,0.0012635631719604135,0,0,0,0,0,0
0,2303,180,-191.08743286132812,363.079833984375,0,0.99839687347412109,-0.0036598679143935442,0.0015366117004305124,0,0,0,0,0,0
