measurement_id,geometry_id,local_key,local0,local1,phi,theta,time,var_local0,var_local1,var_phi,var_theta,var_time
0,255,unknown,-466.73281860351562,272.24822998046875,0.00035795930307358503,1.570548415184021,0,0.0025000001769512892,0.0025000001769512892,0,0,0
1,511,unknown,-466.7640380859375,272.310302734375,-0.00042072820360772312,1.5697581768035889,0,0.0025000001769512892,0.0025000001769512892,0,0,0
2,767,unknown,-466.81304931640625,272.39111328125,-0.00037783433799631894,1.5694797039031982,0,0.0025000001769512892,0.0025000001769512892,0,0,0
3,1023,unknown,-466.79498291015625,272.41879272460938,-0.00071202369872480631,1.5687559843063354,0,0.0025000001769512892,0.0025000001769512892,0,0,0
4,1279,unknown,-466.834228515625,272.44158935546875,-0.00070700811920687556,1.569982647895813,0,0.0025000001769512892,0.0025000001769512892,0,0,0
5,1535,unknown,-466.83865356445312,272.35202026367188,0.00029059441294521093,1.5687857866287231,0,0.0025000001769512892,0.0025000001769512892,0,0,0
6,1791,unknown,-466.88973999023438,272.51885986328125,2.9211341825430281e-05,1.568661093711853,0,0.0025000001769512892,0.0025000001769512892,0,0,0
7,2047,unknown,-466.75244140625,272.56314086914062,0.0004669062327593565,1.5685107707977295,0,0.0025000001769512892,0.0025000001769512892,0,0,0
8,2303,unknown,-466.81222534179688,272.55294799804688,0.0011823191307485104,1.5674744844436646,0,0.0025000001769512892,0.0025000001769512892,0,0,0
