measurement_id,geometry_id,local_key,local0,local1,phi,theta,time,var_local0,var_local1,var_phi,var_theta,var_time
0,255,unknown,166.44448852539062,-3.1786894798278809,7.1921887865755707e-05,1.5710813999176025,0,0.0025000001769512892,0.0025000001769512892,0,0,0
1,511,unknown,166.44390869140625,-3.2149803638458252,-6.8006418587174267e-05,1.5704830884933472,0,0.0025000001769512892,0.0025000001769512892,0,0,0
2,767,unknown,166.50733947753906,-3.1485028266906738,0.00012268607679288834,1.5710119009017944,0,0.0025000001769512892,0.0025000001769512892,0,0,0
3,1023,unknown,166.44038391113281,-3.1641771793365479,0.000410384003771469,1.5725302696228027,0,0.0025000001769512892,0.0025000001769512892,0,0,0
4,1279,unknown,166.43644714355469,-3.2145819664001465,0.0025121378712356091,1.5734268426895142,0,0.0025000001769512892,0.0025000001769512892,0,0,0
5,1535,unknown,166.63702392578125,-3.2939355373382568,0.00024448960903100669,1.5726476907730103,0,0.0025000001769512892,0.0025000001769512892,0,0,0
6,1791,unknown,166.61564636230469,-3.181948184967041,0.0005603814497590065,1.5725324153900146,0,0.0025000001769512892,0.0025000001769512892,0,0,0
7,2047,unknown,166.58943176269531,-3.3380935192108154,0.0005974729428999126,1.5725339651107788,0,0.0025000001769512892,0.0025000001769512892,0,0,0
8,2303,unknown,166.59986877441406,-3.3406500816345215,0.00079107441706582904,1.5729448795318604,0,0.0025000001769512892,0.0025000001769512892,0,0,0
