measurement_id,geometry_id,local_key,local0,local1,phi,theta,time,var_local0,var_local1,var_phi,var_theta,var_time
0,255,unknown,145.67475891113281,121.60446929931641,-6.3488187151961029e-05,1.5711236000061035,0,0.0025000001769512892,0.0025000001769512892,0,0,0
1,511,unknown,145.6080322265625,121.58741760253906,0.00018549259402789176,1.5710785388946533,0,0.0025000001769512892,0.0025000001769512892,0,0,0
2,767,unknown,145.54649353027344,121.712158203125,0.0016404944472014904,1.5702798366546631,0,0.0025000001769512892,0.0025000001769512892,0,0,0
3,1023,unknown,145.66636657714844,121.67034912109375,0.0013717380352318287,1.5701292753219604,0,0.0025000001769512892,0.0025000001769512892,0,0,0
4,1279,unknown,145.62709045410156,121.69158172607422,-0.0011026945430785418,1.5704845190048218,0,0.0025000001769512892,0.0025000001769512892,0,0,0
5,1535,unknown,145.70889282226562,121.66752624511719,0.00062668859027326107,1.5702128410339355,0,0.0025000001769512892,0.0025000001769512892,0,0,0
6,1791,unknown,145.80819702148438,121.69503021240234,0.00066369143314659595,1.5702787637710571,0,0.0025000001769512892,0.0025000001769512892,0,0,0
7,2047,unknown,145.67860412597656,121.68344116210938,0.0014900707174092531,1.5717167854309082,0,0.0025000001769512892,0.0025000001769512892,0,0,0
8,2303,unknown,145.63194274902344,121.76778411865234,0.0028864939231425524,1.5721652507781982,0,0.0025000001769512892,0.0025000001769512892,0,0,0
