particle_id,particle_type,process,vx,vy,vz,vt,px,py,pz,m,q
0,0,0,0,19.023002624511719,183.07749938964844,0,1,0,-4.3711388286737929e-08,0,-1
