measurement_id,geometry_id,local_key,local0,local1,phi,theta,time,var_local0,var_local1,var_phi,var_theta,var_time
0,255,unknown,-27.607564926147461,16.182285308837891,-0.00014560202544089407,1.5702265501022339,0,0.0025000001769512892,0.0025000001769512892,0,0,0
1,511,unknown,-27.597011566162109,16.269458770751953,-4.0761664422461763e-05,1.5701549053192139,0,0.0025000001769512892,0.0025000001769512892,0,0,0
2,767,unknown,-27.592849731445312,16.275842666625977,-0.00033851066837087274,1.5704954862594604,0,0.0025000001769512892,0.0025000001769512892,0,0,0
3,1023,unknown,-27.570955276489258,16.388118743896484,0.00029964506393298507,1.5723767280578613,0,0.0025000001769512892,0.0025000001769512892,0,0,0
4,1279,unknown,-27.523164749145508,16.31793212890625,0.00039804197149351239,1.5725446939468384,0,0.0025000001769512892,0.0025000001769512892,0,0,0
5,1535,unknown,-27.485858917236328,16.271366119384766,0.0006537507870234549,1.5733205080032349,0,0.0025000001769512892,0.0025000001769512892,0,0,0
6,1791,unknown,-27.518726348876953,16.249795913696289,0.0010582413524389267,1.5723750591278076,0,0.0025000001769512892,0.0025000001769512892,0,0,0
7,2047,unknown,-27.457828521728516,16.197256088256836,0.001368223107419908,1.572306752204895,0,0.0025000001769512892,0.0025000001769512892,0,0,0
8,2303,unknown,-27.462127685546875,16.125322341918945,0.00064293475588783622,1.5718649625778198,0,0.0025000001769512892,0.0025000001769512892,0,0,0
