particle_id,particle_type,process,vx,vy,vz,vt,px,py,pz,m,q
0,0,0,0,181.26904296875,-224.21620178222656,0,1,0,-4.3711388286737929e-08,0,-1
