measurement_id,geometry_id,local_key,local0,local1,phi,theta,time,var_local0,var_local1,var_phi,var_theta,var_time
0,255,unknown,72.5970458984375,311.89431762695312,0.00057293620193377137,1.5709836483001709,0,0.0025000001769512892,0.0025000001769512892,0,0,0
1,511,unknown,72.699798583984375,311.92855834960938,0.00074449065141379833,1.5710141658782959,0,0.0025000001769512892,0.0025000001769512892,0,0,0
2,767,unknown,72.624107360839844,311.87850952148438,0.0019091704161837697,1.5702682733535767,0,0.0025000001769512892,0.0025000001769512892,0,0,0
3,1023,unknown,72.648757934570312,311.88540649414062,0.0014488101005554199,1.5690770149230957,0,0.0025000001769512892,0.0025000001769512892,0,0,0
4,1279,unknown,72.781982421875,311.9866943359375,0.0014312119456008077,1.5690960884094238,0,0.0025000001769512892,0.0025000001769512892,0,0,0
5,1535,unknown,72.714714050292969,311.98220825195312,0.0014090753393247724,1.5690823793411255,0,0.0025000001769512892,0.0025000001769512892,0,0,0
6,1791,unknown,72.768959045410156,311.98190307617188,0.0010537764756008983,1.5664948225021362,0,0.0025000001769512892,0.0025000001769512892,0,0,0
7,2047,unknown,72.695770263671875,312.12628173828125,0.0025426056236028671,1.5667432546615601,0,0.0025000001769512892,0.0025000001769512892,0,0,0
8,2303,unknown,72.853279113769531,312.10577392578125,0.0018704364774748683,1.5664258003234863,0,0.0025000001769512892,0.0025000001769512892,0,0,0
