particle_id,particle_type,process,vx,vy,vz,vt,px,py,pz,m,q
0,0,0,0,126.68465423583984,-279.00833129882812,0,1,0,-4.3711388286737929e-08,0,-1
