measurement_id,geometry_id,local_key,local0,local1,phi,theta,time,var_local0,var_local1,var_phi,var_theta,var_time
0,255,unknown,91.937873840332031,-147.76860046386719,0.00014662295870948583,1.5708091259002686,0,0.0025000001769512892,0.0025000001769512892,0,0,0
1,511,unknown,92.098915100097656,-147.85209655761719,0.0010041138157248497,1.570911169052124,0,0.0025000001769512892,0.0025000001769512892,0,0,0
2,767,unknown,92.092674255371094,-147.80577087402344,0.0015354412607848644,1.571089506149292,0,0.0025000001769512892,0.0025000001769512892,0,0,0
3,1023,unknown,91.97686767578125,-147.77162170410156,0.0011561287101358175,1.5712532997131348,0,0.0025000001769512892,0.0025000001769512892,0,0,0
4,1279,unknown,92.029495239257812,-147.91015625,0.0017170148203149438,1.5728285312652588,0,0.0025000001769512892,0.0025000001769512892,0,0,0
5,1535,unknown,92.208999633789062,-147.8104248046875,0.0017759015318006277,1.5727763175964355,0,0.0025000001769512892,0.0025000001769512892,0,0,0
6,1791,unknown,92.23968505859375,-147.76458740234375,0.0022213824559003115,1.5714884996414185,0,0.0025000001769512892,0.0025000001769512892,0,0,0
7,2047,unknown,92.221229553222656,-147.841796875,0.0021349661983549595,1.5713866949081421,0,0.0025000001769512892,0.0025000001769512892,0,0,0
8,2303,unknown,92.221664428710938,-147.96365356445312,0.002403762424364686,1.5712524652481079,0,0.0025000001769512892,0.0025000001769512892,0,0,0
