particle_id,geometry_id,tx,ty,tz,tt,tpx,tpy,tpz,te,deltapx,deltapy,deltapz,deltae,index
0,255,20,-7.5426130294799805,-245.50740051269531,0,0.99954307079315186,1.3188312550482806e-05,4.1898805648088455e-05,0,0,0,0,0,0
0,511,40,-7.5423541069030762,-245.50656127929688,0,0.9993019700050354,0.00067012873478233814,-0.00057089602341875434,0,0,0,0,0,0
0,767,60,-7.5288739204406738,-245.51791381835938,0,0.99898898601531982,0.0014398167841136456,-0.0013693285873159766,0,0,0,0,0,0
0,1023,80,-7.4998846054077148,-245.54515075683594,0,0.99884003400802612,0.001965199364349246,-0.0016575168119743466,0,0,0,0,0,0
0,1279,100,-7.4603366851806641,-245.57810974121094,0,0.99870216846466064,0.0010832541156560183,-0.0013892932329326868,0,0,0,0,0,0
0,1535,120,-7.4384770393371582,-245.60580444335938,0,0.99850821495056152,0.0011535740923136473,-0.0014437781646847725,0,0,0,0,0,0
0,1791,140,-7.4151978492736816,-245.63458251953125,0,0.99837237596511841,-0.00079476053360849619,-0.0025780396535992622,0,0,0,0,0,0
0,2047,160,-7.4308085441589355,-245.68632507324219,0,0.99819839000701904,-0.00065209332387894392,-0.0025261843111366034,0,0,0,0,0,0
0,2303,180,-7.4435696601867676,-245.73701477050781,0,0.99801641702651978,-0.00023359367332886904,-0.00058776943478733301,0,0,0,0,0,0
