measurement_id,geometry_id,local_key,local0,local1,phi,theta,time,var_local0,var_local1,var_phi,var_theta,var_time
0,255,unknown,-87.426734924316406,-334.00469970703125,-0.00059975025942549109,1.5729949474334717,0,0.0025000001769512892,0.0025000001769512892,0,0,0
1,511,unknown,-87.346969604492188,-334.05111694335938,-0.00057315354933962226,1.5730020999908447,0,0.0025000001769512892,0.0025000001769512892,0,0,0
2,767,unknown,-87.497238159179688,-334.0833740234375,0.00048909074394032359,1.5735353231430054,0,0.0025000001769512892,0.0025000001769512892,0,0,0
3,1023,unknown,-87.502731323242188,-334.16290283203125,-8.2408760135876946e-06,1.5748721361160278,0,0.0025000001769512892,0.0025000001769512892,0,0,0
4,1279,unknown,-87.46429443359375,-334.2838134765625,-7.5733063567895442e-05,1.5731214284896851,0,0.0025000001769512892,0.0025000001769512892,0,0,0
5,1535,unknown,-87.451362609863281,-334.26327514648438,-0.00062607100699096918,1.5726568698883057,0,0.0025000001769512892,0.0025000001769512892,0,0,0
6,1791,unknown,-87.526145935058594,-334.28668212890625,-0.00093553349142894149,1.5729415416717529,0,0.0025000001769512892,0.0025000001769512892,0,0,0
7,2047,unknown,-87.522956848144531,-334.36856079101562,-0.00091867393348366022,1.5728424787521362,0,0.0025000001769512892,0.0025000001769512892,0,0,0
8,2303,unknown,-87.633583068847656,-334.47561645507812,-0.0021963464096188545,1.5742205381393433,0,0.0025000001769512892,0.0025000001769512892,0,0,0
