particle_id,geometry_id,tx,ty,tz,tt,tpx,tpy,tpz,te,deltapx,deltapy,deltapz,deltae,index
0,255,20,-131.47738647460938,-223.52616882324219,0,0.99942106008529663,-0.001456425292417407,0.00038120560930110514,0,0,0,0,0,0
0,511,40,-131.50657653808594,-223.51872253417969,0,0.99912279844284058,-0.00055847933981567621,0.00041265427717007697,0,0,0,0,0,0
0,767,60,-131.51780700683594,-223.51052856445312,0,0.99895966053009033,-0.0010184221900999546,0.0002804023097269237,0,0,0,0,0,0
0,1023,80,-131.53822326660156,-223.50503540039062,0,0.99879986047744751,-0.0015127261867746711,3.4009321097983047e-05,0,0,0,0,0,0
0,1279,100,-131.56851196289062,-223.50453186035156,0,0.99865299463272095,-0.0023696862626820803,-0.00083005381748080254,0,0,0,0,0,0
0,1535,120,-131.61587524414062,-223.52143859863281,0,0.99843877553939819,-0.0022779211867600679,-0.00095306499861180782,0,0,0,0,0,0
0,1791,140,-131.66139221191406,-223.54080200195312,0,0.99828654527664185,-0.0020247222855687141,-0.0014229906955733895,0,0,0,0,0,0
0,2047,160,-131.7017822265625,-223.56954956054688,0,0.99637037515640259,-0.0017473760526627302,-0.0017586546018719673,0,0,0,0,0,0
0,2303,180,-131.73664855957031,-223.60505676269531,0,0.99626290798187256,-0.0030256770551204681,-0.0012868558987975121,0,0,0,0,0,0
