particle_id,geometry_id,tx,ty,tz,tt,tpx,tpy,tpz,te,deltapx,deltapy,deltapz,deltae,index
0,255,20,201.49476623535156,128.88671875,0,0.99987500905990601,0.00016622386465314776,-0.00035071361344307661,0,0,0,0,0,0
0,511,40,201.49813842773438,128.87973022460938,0,0.99975103139877319,0.0021965415216982365,0.00042959986603818834,0,0,0,0,0,0
0,767,60,201.54202270507812,128.88858032226562,0,0.99961137771606445,0.0030450413469225168,0.00065106584224849939,0,0,0,0,0,0
0,1023,80,201.60287475585938,128.9019775390625,0,0.99886864423751831,0.0027185415383428335,0.00045720385969616473,0,0,0,0,0,0
0,1279,100,201.65725708007812,128.91145324707031,0,0.99858951568603516,0.0030513308010995388,0.00029303703922778368,0,0,0,0,0,0
0,1535,120,201.71833801269531,128.91769409179688,0,0.99845051765441895,0.0025481272023171186,-0.00074502109782770276,0,0,0,0,0,0
0,1791,140,201.76947021484375,128.903076171875,0,0.99828243255615234,0.0010033566504716873,-0.00016700709238648415,0,0,0,0,0,0
0,2047,160,201.78959655761719,128.89985656738281,0,0.99789941310882568,0.00090296450071036816,-0.00026448932476341724,0,0,0,0,0,0
0,2303,180,201.80772399902344,128.89466857910156,0,0.9977419376373291,0.0011657276190817356,-0.00060996896354481578,0,0,0,0,0,0
