particle_id,particle_type,process,vx,vy,vz,vt,px,py,pz,m,q
0,0,0,0,277.25265502929688,242.57858276367188,0,1,0,-4.3711388286737929e-08,0,-1
