measurement_id,geometry_id,local_key,local0,local1,phi,theta,time,var_local0,var_local1,var_phi,var_theta,var_time
0,255,unknown,136.49174499511719,59.133464813232422,0.00020667907665483654,1.5711832046508789,0,0.0025000001769512892,0.0025000001769512892,0,0,0
1,511,unknown,136.369140625,59.154026031494141,-0.00030391709879040718,1.5715917348861694,0,0.0025000001769512892,0.0025000001769512892,0,0,0
2,767,unknown,136.459228515625,59.071384429931641,-0.00075758207822218537,1.5724037885665894,0,0.0025000001769512892,0.0025000001769512892,0,0,0
3,1023,unknown,136.39813232421875,59.051425933837891,-0.00073769327718764544,1.5714854001998901,0,0.0025000001769512892,0.0025000001769512892,0,0,0
4,1279,unknown,136.48722839355469,59.011211395263672,-6.3180035795085132e-05,1.5710090398788452,0,0.0025000001769512892,0.0025000001769512892,0,0,0
5,1535,unknown,136.43118286132812,58.963653564453125,-0.0011896728537976742,1.5708402395248413,0,0.0025000001769512892,0.0025000001769512892,0,0,0
6,1791,unknown,136.38558959960938,59.028522491455078,-0.0020874873735010624,1.570745587348938,0,0.0025000001769512892,0.0025000001769512892,0,0,0
7,2047,unknown,136.39518737792969,59.043544769287109,-0.00049536913866177201,1.5710617303848267,0,0.0025000001769512892,0.0025000001769512892,0,0,0
8,2303,unknown,136.40745544433594,59.030368804931641,-0.0019598100334405899,1.570436954498291,0,0.0025000001769512892,0.0025000001769512892,0,0,0
