particle_id,particle_type,process,vx,vy,vz,vt,px,py,pz,m,q
0,0,0,0,484.58309936523438,60.700912475585938,0,1,0,-4.3711388286737929e-08,0,-1
