measurement_id,geometry_id,local_key,local0,local1,phi,theta,time,var_local0,var_local1,var_phi,var_theta,var_time
0,255,unknown,1.9937587976455688,-225.79505920410156,0.00018967075448017567,1.5709682703018188,0,0.0025000001769512892,0.0025000001769512892,0,0,0
1,511,unknown,1.9454282522201538,-225.84013366699219,8.0932200944516808e-05,1.5718938112258911,0,0.0025000001769512892,0.0025000001769512892,0,0,0
2,767,unknown,1.9791851043701172,-225.81764221191406,3.1534000299870968e-05,1.5727081298828125,0,0.0025000001769512892,0.0025000001769512892,0,0,0
3,1023,unknown,2.0513248443603516,-225.89218139648438,-0.0011397303314879537,1.5739575624465942,0,0.0025000001769512892,0.0025000001769512892,0,0,0
4,1279,unknown,1.8873049020767212,-225.98883056640625,-0.00089344743173569441,1.574779748916626,0,0.0025000001769512892,0.0025000001769512892,0,0,0
5,1535,unknown,1.9053304195404053,-226.05422973632812,0.00047741230810061097,1.5749905109405518,0,0.0025000001769512892,0.0025000001769512892,0,0,0
6,1791,unknown,1.9638261795043945,-226.06326293945312,0.00098347372841089964,1.5759549140930176,0,0.0025000001769512892,0.0025000001769512892,0,0,0
7,2047,unknown,2.0159428119659424,-226.2138671875,0.0013303853338584304,1.5758463144302368,0,0.0025000001769512892,0.0025000001769512892,0,0,0
8,2303,unknown,2.0042567253112793,-226.34434509277344,0.001751085976138711,1.5769407749176025,0,0.0025000001769512892,0.0025000001769512892,0,0,0
