measurement_id,geometry_id,local_key,local0,local1,phi,theta,time,var_local0,var_local1,var_phi,var_theta,var_time
0,255,unknown,87.203926086425781,-54.918392181396484,0.0020868685096502304,1.5696302652359009,0,0.0025000001769512892,0.0025000001769512892,0,0,0
1,511,unknown,87.259445190429688,-54.870513916015625,0.004183516837656498,1.5703754425048828,0,0.0025000001769512892,0.0025000001769512892,0,0,0
2,767,unknown,87.338241577148438,-54.785694122314453,0.0038858887273818254,1.5702240467071533,0,0.0025000001769512892,0.0025000001769512892,0,0,0
3,1023,unknown,87.378730773925781,-54.756748199462891,0.0033090587239712477,1.5708895921707153,0,0.0025000001769512892,0.0025000001769512892,0,0,0
4,1279,unknown,87.455734252929688,-54.816818237304688,0.0031206102576106787,1.5709735155105591,0,0.0025000001769512892,0.0025000001769512892,0,0,0
5,1535,unknown,87.541763305664062,-54.801296234130859,0.0032996016088873148,1.5715850591659546,0,0.0025000001769512892,0.0025000001769512892,0,0,0
6,1791,unknown,87.674049377441406,-54.779148101806641,0.0044912714511156082,1.5711690187454224,0,0.0025000001769512892,0.0025000001769512892,0,0,0
7,2047,unknown,87.714279174804688,-54.798004150390625,0.0041601271368563175,1.570581316947937,0,0.0025000001769512892,0.0025000001769512892,0,0,0
8,2303,unknown,87.821113586425781,-54.853527069091797,0.006096275057643652,1.570777416229248,0,0.0025000001769512892,0.0025000001769512892,0,0,0
