measurement_id,geometry_id,local_key,local0,local1,phi,theta,time,var_local0,var_local1,var_phi,var_theta,var_time
0,255,unknown,-16.263748168945312,171.71391296386719,8.5739746282342821e-05,1.5703754425048828,0,0.0025000001769512892,0.0025000001769512892,0,0,0
1,511,unknown,-16.343589782714844,171.61674499511719,-0.00092299655079841614,1.5708009004592896,0,0.0025000001769512892,0.0025000001769512892,0,0,0
2,767,unknown,-16.328374862670898,171.75048828125,-0.0010223531862720847,1.570168137550354,0,0.0025000001769512892,0.0025000001769512892,0,0,0
3,1023,unknown,-16.421453475952148,171.66207885742188,-0.001144248410128057,1.5700759887695312,0,0.0025000001769512892,0.0025000001769512892,0,0,0
4,1279,unknown,-16.434179306030273,171.68934631347656,-0.0013667084276676178,1.5699819326400757,0,0.0025000001769512892,0.0025000001769512892,0,0,0
5,1535,unknown,-16.439794540405273,171.70538330078125,-0.0016301864525303245,1.5698319673538208,0,0.0025000001769512892,0.0025000001769512892,0,0,0
6,1791,unknown,-16.560733795166016,171.53799438476562,-0.0010480760829523206,1.5689691305160522,0,0.0025000001769512892,0.0025000001769512892,0,0,0
7,2047,unknown,-16.505264282226562,171.64811706542969,0.00024545387714169919,1.56866455078125,0,0.0025000001769512892,0.0025000001769512892,0,0,0
8,2303,unknown,-16.517900466918945,171.75579833984375,0.00020611118816304952,1.5688828229904175,0,0.0025000001769512892,0.0025000001769512892,0,0,0
