particle_id,geometry_id,tx,ty,tz,tt,tpx,tpy,tpz,te,deltapx,deltapy,deltapz,deltae,index
0,255,20,-3.6305601596832275,-166.86781311035156,0,0.99983817338943481,-0.00051604671170935035,-0.00029480061493813992,0,0,0,0,0,0
0,511,40,-3.6408472061157227,-166.873779296875,0,0.99956154823303223,-0.0005432468606159091,-0.00088609568774700165,0,0,0,0,0,0
0,767,60,-3.6516103744506836,-166.89157104492188,0,0.99932312965393066,0.00025940366322174668,-0.0010598121443763375,0,0,0,0,0,0
0,1023,80,-3.6462917327880859,-166.91275024414062,0,0.99917346239089966,-0.00016826693899929523,-0.00099283212330192327,0,0,0,0,0,0
0,1279,100,-3.6495404243469238,-166.93264770507812,0,0.99898791313171387,0.00058065267512574792,-0.00086808111518621445,0,0,0,0,0,0
0,1535,120,-3.6378116607666016,-166.949951171875,0,0.99886548519134521,0.00063391117146238685,-0.00073354004416614771,0,0,0,0,0,0
0,1791,140,-3.6250312328338623,-166.96456909179688,0,0.99868124723434448,0.00075402040965855122,-0.00092615035828202963,0,0,0,0,0,0
0,2047,160,-3.6098198890686035,-166.9830322265625,0,0.99853384494781494,0.00080110860290005803,-0.00093946454580873251,0,0,0,0,0,0
0,2303,180,-3.5936615467071533,-167.00175476074219,0,0.9983333945274353,0.0010156044736504555,-0.00025484550860710442,0,0,0,0,0,0
