measurement_id,geometry_id,local_key,local0,local1,phi,theta,time,var_local0,var_local1,var_phi,var_theta,var_time
0,255,unknown,-22.534547805786133,-234.93313598632812,1.5746993085485883e-05,1.5708006620407104,0,0.0025000001769512892,0.0025000001769512892,0,0,0
1,511,unknown,-22.519842147827148,-235.04182434082031,0.00010951604781439528,1.5705504417419434,0,0.0025000001769512892,0.0025000001769512892,0,0,0
2,767,unknown,-22.487539291381836,-234.98005676269531,-0.0015458061825484037,1.5718079805374146,0,0.0025000001769512892,0.0025000001769512892,0,0,0
3,1023,unknown,-22.499917984008789,-235.12028503417969,-0.0013836163561791182,1.5717536211013794,0,0.0025000001769512892,0.0025000001769512892,0,0,0
4,1279,unknown,-22.559885025024414,-235.05097961425781,-0.00025857036234810948,1.571330189704895,0,0.0025000001769512892,0.0025000001769512892,0,0,0
5,1535,unknown,-22.511978149414062,-235.01995849609375,0.00022730251657776535,1.5715984106063843,0,0.0025000001769512892,0.0025000001769512892,0,0,0
6,1791,unknown,-22.586105346679688,-235.09860229492188,0.00026988142053596675,1.5722438097000122,0,0.0025000001769512892,0.0025000001769512892,0,0,0
7,2047,unknown,-22.565357208251953,-235.17903137207031,8.7597822130192071e-05,1.5715503692626953,0,0.0025000001769512892,0.0025000001769512892,0,0,0
8,2303,unknown,-22.522626876831055,-235.11834716796875,-0.00088356470223516226,1.5731737613677979,0,0.0025000001769512892,0.0025000001769512892,0,0,0
