measurement_id,geometry_id,local_key,local0,local1,phi,theta,time,var_local0,var_local1,var_phi,var_theta,var_time
0,255,unknown,-126.3695068359375,29.016273498535156,-0.0004620708932634443,1.5726088285446167,0,0.0025000001769512892,0.0025000001769512892,0,0,0
1,511,unknown,-126.38373565673828,29.019933700561523,-3.1143526939558797e-06,1.5733499526977539,0,0.0025000001769512892,0.0025000001769512892,0,0,0
2,767,unknown,-126.22345733642578,28.901317596435547,0.00067754567135125399,1.5732300281524658,0,0.0025000001769512892,0.0025000001769512892,0,0,0
3,1023,unknown,-126.23501586914062,28.891366958618164,0.00069495645584538579,1.5728503465652466,0,0.0025000001769512892,0.0025000001769512892,0,0,0
4,1279,unknown,-126.21018981933594,28.838748931884766,0.0011372941080480814,1.5726315975189209,0,0.0025000001769512892,0.0025000001769512892,0,0,0
5,1535,unknown,-126.29911041259766,28.771753311157227,0.0010663117282092571,1.572615385055542,0,0.0025000001769512892,0.0025000001769512892,0,0,0
6,1791,unknown,-126.15265655517578,28.791032791137695,0.0015758117660880089,1.5728867053985596,0,0.0025000001769512892,0.0025000001769512892,0,0,0
7,2047,unknown,-126.18719482421875,28.752265930175781,0.00090048526180908084,1.5729031562805176,0,0.0025000001769512892,0.0025000001769512892,0,0,0
8,2303,unknown,-126.07658386230469,28.651071548461914,0.0020993268117308617,1.5711261034011841,0,0.0025000001769512892,0.0025000001769512892,0,0,0
