particle_id,geometry_id,tx,ty,tz,tt,tpx,tpy,tpz,te,deltapx,deltapy,deltapz,deltae,index
0,255,20,291.17776489257812,-199.0240478515625,0,0.99969911575317383,-4.6897152060410008e-05,2.9749657187494449e-05,0,0,0,0,0,0
0,511,40,291.17681884765625,-199.02345275878906,0,0.99957537651062012,-0.0014795218594372272,0.00029832994914613664,0,0,0,0,0,0
0,767,60,291.14718627929688,-199.01765441894531,0,0.99934607744216919,-0.0014851954765617847,0.00029575976077467203,0,0,0,0,0,0
0,1023,80,291.117431640625,-199.01191711425781,0,0.99917393922805786,-0.0014808846171945333,0.00023448576394002885,0,0,0,0,0,0
0,1279,100,291.0877685546875,-199.00740051269531,0,0.99903190135955811,-0.0017132803332060575,0.00062138919020071626,0,0,0,0,0,0
0,1535,120,291.05340576171875,-198.99516296386719,0,0.99887430667877197,-0.0013945702230557799,0.00088516168761998415,0,0,0,0,0,0
0,1791,140,291.025390625,-198.97761535644531,0,0.99861764907836914,-0.00092000950826331973,0.00055601354688405991,0,0,0,0,0,0
0,2047,160,291.00689697265625,-198.96658325195312,0,0.99848228693008423,-0.0012839293340221047,0.00023277603031601757,0,0,0,0,0,0
0,2303,180,290.98114013671875,-198.96208190917969,0,0.99835008382797241,-0.00094370293663814664,0.00050837849266827106,0,0,0,0,0,0
