particle_id,geometry_id,tx,ty,tz,tt,tpx,tpy,tpz,te,deltapx,deltapy,deltapz,deltae,index
0,255,20,245.7030029296875,49.305812835693359,0,0.99985337257385254,0.0016480928752571344,-0.00062413292471319437,0,0,0,0,0,0
0,511,40,245.73603820800781,49.293525695800781,0,0.9996485710144043,0.0016483516665175557,-0.00054964452283456922,0,0,0,0,0,0
0,767,60,245.76908874511719,49.282726287841797,0,0.99949097633361816,0.0018252474255859852,-0.00064726010896265507,0,0,0,0,0,0
0,1023,80,245.80569458007812,49.269992828369141,0,0.99932152032852173,0.0020606417674571276,-0.0011218787403777242,0,0,0,0,0,0
0,1279,100,245.84707641601562,49.247787475585938,0,0.99918001890182495,0.0020135114900767803,-0.00042967990157194436,0,0,0,0,0,0
0,1535,120,245.88743591308594,49.239429473876953,0,0.99898350238800049,0.002750796964392066,0.00042057718383148313,0,0,0,0,0,0
0,1791,140,245.94245910644531,49.248180389404297,0,0.99878448247909546,0.0025622174143791199,0.0014099223772063851,0,0,0,0,0,0
0,2047,160,245.99359130859375,49.276721954345703,0,0.99865972995758057,0.0013947798870503902,0.0021341622341424227,0,0,0,0,0,0
0,2303,180,246.02127075195312,49.319629669189453,0,0.99847453832626343,0.0011306436499580741,0.0030218362808227539,0,0,0,0,0,0
