measurement_id,geometry_id,local_key,local0,local1,phi,theta,time,var_local0,var_local1,var_phi,var_theta,var_time
0,255,unknown,244.5316162109375,339.49896240234375,-0.0024210293777287006,1.5698637962341309,0,0.0025000001769512892,0.0025000001769512892,0,0,0
1,511,unknown,244.48603820800781,339.53799438476562,-0.00070840981788933277,1.5722953081130981,0,0.0025000001769512892,0.0025000001769512892,0,0,0
2,767,unknown,244.47659301757812,339.5916748046875,-7.0650938141625375e-05,1.5750268697738647,0,0.0025000001769512892,0.0025000001769512892,0,0,0
3,1023,unknown,244.48776245117188,339.57998657226562,0.00022080712369643152,1.5752407312393188,0,0.0025000001769512892,0.0025000001769512892,0,0,0
4,1279,unknown,244.48747253417969,339.3150634765625,-0.00071964791277423501,1.5747485160827637,0,0.0025000001769512892,0.0025000001769512892,0,0,0
5,1535,unknown,244.4962158203125,339.33126831054688,-0.00063136976677924395,1.57463538646698,0,0.0025000001769512892,0.0025000001769512892,0,0,0
6,1791,unknown,244.50834655761719,339.1705322265625,-0.0010785683989524841,1.5747053623199463,0,0.0025000001769512892,0.0025000001769512892,0,0,0
7,2047,unknown,244.46049499511719,339.14370727539062,-0.00090532947797328234,1.5743434429168701,0,0.0025000001769512892,0.0025000001769512892,0,0,0
8,2303,unknown,244.4178466796875,339.0531005859375,-0.0018178068567067385,1.5744707584381104,0,0.0025000001769512892,0.0025000001769512892,0,0,0
