measurement_id,geometry_id,local_key,local0,local1,phi,theta,time,var_local0,var_local1,var_phi,var_theta,var_time
0,255,unknown,-41.630321502685547,-372.79537963867188,-0.0010092351585626602,1.5700955390930176,0,0.0025000001769512892,0.0025000001769512892,0,0,0
1,511,unknown,-41.651691436767578,-372.80001831054688,-0.00039867431041784585,1.5711325407028198,0,0.0025000001769512892,0.0025000001769512892,0,0,0
2,767,unknown,-41.700325012207031,-372.81503295898438,-9.524892084300518e-05,1.5721840858459473,0,0.0025000001769512892,0.0025000001769512892,0,0,0
3,1023,unknown,-41.656333923339844,-372.8148193359375,-0.00074845866765826941,1.5718675851821899,0,0.0025000001769512892,0.0025000001769512892,0,0,0
4,1279,unknown,-41.618076324462891,-372.79229736328125,-0.001533562783151865,1.5718806982040405,0,0.0025000001769512892,0.0025000001769512892,0,0,0
5,1535,unknown,-41.681522369384766,-372.92178344726562,-0.0013361111050471663,1.5722280740737915,0,0.0025000001769512892,0.0025000001769512892,0,0,0
6,1791,unknown,-41.731227874755859,-372.91986083984375,-0.00082072202349081635,1.5712896585464478,0,0.0025000001769512892,0.0025000001769512892,0,0,0
7,2047,unknown,-41.777137756347656,-372.97256469726562,-0.00041087064892053604,1.5689680576324463,0,0.0025000001769512892,0.0025000001769512892,0,0,0
8,2303,unknown,-41.849811553955078,-372.8865966796875,-0.0011856675846502185,1.5683804750442505,0,0.0025000001769512892,0.0025000001769512892,0,0,0
