particle_id,geometry_id,tx,ty,tz,tt,tpx,tpy,tpz,te,deltapx,deltapy,deltapz,deltae,index
0,255,20,-194.30691528320312,42.180995941162109,0,0.99983781576156616,-0.00020080505055375397,-0.00028705314616672695,0,0,0,0,0,0
0,511,40,-194.31089782714844,42.175228118896484,0,0.99927002191543579,-0.00048006733413785696,-0.00014310954429674894,0,0,0,0,0,0
0,767,60,-194.32049560546875,42.172306060791016,0,0.99912410974502563,0.0004975832998752594,0.00082940293941646814,0,0,0,0,0,0
0,1023,80,-194.31063842773438,42.188968658447266,0,0.99888020753860474,6.0091224440839142e-05,0.0018257476622238755,0,0,0,0,0,0
0,1279,100,-194.30966186523438,42.225532531738281,0,0.99876004457473755,-0.00017291981203015894,0.0029809074476361275,0,0,0,0,0,0
0,1535,120,-194.3134765625,42.285202026367188,0,0.99862545728683472,-0.00020694512932095677,0.0028609829023480415,0,0,0,0,0,0
0,1791,140,-194.31796264648438,42.342475891113281,0,0.99847418069839478,0.0010006444063037634,0.0029314919374883175,0,0,0,0,0,0
0,2047,160,-194.29827880859375,42.401313781738281,0,0.99777454137802124,3.8000151107553393e-05,0.0022437195293605328,0,0,0,0,0,0
0,2303,180,-194.29779052734375,42.446292877197266,0,0.99763619899749756,-3.5734008179133525e-06,0.0031243108678609133,0,0,0,0,0,0
