measurement_id,geometry_id,local_key,local0,local1,phi,theta,time,var_local0,var_local1,var_phi,var_theta,var_time
0,255,unknown,167.45974731445312,221.91644287109375,-0.00027203120407648385,1.5706838369369507,0,0.0025000001769512892,0.0025000001769512892,0,0,0
1,511,unknown,167.46453857421875,221.80010986328125,-0.00016857129230629653,1.5702943801879883,0,0.0025000001769512892,0.0025000001769512892,0,0,0
2,767,unknown,167.42259216308594,221.78694152832031,-0.00021447098697535694,1.5702461004257202,0,0.0025000001769512892,0.0025000001769512892,0,0,0
3,1023,unknown,167.48831176757812,221.79039001464844,-0.0017606546171009541,1.5697389841079712,0,0.0025000001769512892,0.0025000001769512892,0,0,0
4,1279,unknown,167.35324096679688,221.8345947265625,-0.0024898683186620474,1.5698102712631226,0,0.0025000001769512892,0.0025000001769512892,0,0,0
5,1535,unknown,167.39146423339844,221.90036010742188,-0.0027888203039765358,1.5693435668945312,0,0.0025000001769512892,0.0025000001769512892,0,0,0
6,1791,unknown,167.3399658203125,221.89723205566406,-0.0028403226751834154,1.5694999694824219,0,0.0025000001769512892,0.0025000001769512892,0,0,0
7,2047,unknown,167.18536376953125,221.95268249511719,-0.0029441239312291145,1.5693588256835938,0,0.0025000001769512892,0.0025000001769512892,0,0,0
8,2303,unknown,167.20869445800781,222.09886169433594,-0.0031163271050900221,1.5694838762283325,0,0.0025000001769512892,0.0025000001769512892,0,0,0
