measurement_id,geometry_id,local_key,local0,local1,phi,theta,time,var_local0,var_local1,var_phi,var_theta,var_time
0,255,unknown,-2.1889488697052002,46.346145629882812,-3.4093736758222803e-05,1.5695571899414062,0,0.0025000001769512892,0.0025000001769512892,0,0,0
1,511,unknown,-2.165402889251709,46.271522521972656,0.00027785470592789352,1.5689983367919922,0,0.0025000001769512892,0.0025000001769512892,0,0,0
2,767,unknown,-2.2018969058990479,46.400188446044922,-0.00066197261912748218,1.5686862468719482,0,0.0025000001769512892,0.0025000001769512892,0,0,0
3,1023,unknown,-2.2707312107086182,46.451770782470703,-0.0025249526370316744,1.5686118602752686,0,0.0025000001769512892,0.0025000001769512892,0,0,0
4,1279,unknown,-2.2324111461639404,46.463943481445312,-0.00091108167544007301,1.568356990814209,0,0.0025000001769512892,0.0025000001769512892,0,0,0
5,1535,unknown,-2.2890734672546387,46.441616058349609,0.00062328233616426587,1.5676369667053223,0,0.0025000001769512892,0.0025000001769512892,0,0,0
6,1791,unknown,-2.2573871612548828,46.560081481933594,0.0008962883148342371,1.5678648948669434,0,0.0025000001769512892,0.0025000001769512892,0,0,0
7,2047,unknown,-2.2877755165100098,46.643154144287109,0.001951148733496666,1.568895697593689,0,0.0025000001769512892,0.0025000001769512892,0,0,0
8,2303,unknown,-2.1357297897338867,46.654544830322266,0.0019155823392793536,1.5687961578369141,0,0.0025000001769512892,0.0025000001769512892,0,0,0
