particle_id,geometry_id,tx,ty,tz,tt,tpx,tpy,tpz,te,deltapx,deltapy,deltapz,deltae,index
0,255,20,-104.42056274414062,141.4066162109375,0,0.99983382225036621,-0.0013532658340409398,0.00094179267762228847,0,0,0,0,0,0
0,511,40,-104.44774627685547,141.42529296875,0,0.99970340728759766,-0.0004723304882645607,-0.0010074214078485966,0,0,0,0,0,0
0,767,60,-104.45707702636719,141.40507507324219,0,0.99925601482391357,-0.00063945178408175707,-0.0009662313386797905,0,0,0,0,0,0
0,1023,80,-104.46975708007812,141.38566589355469,0,0.99907320737838745,-0.0013338905991986394,-0.0018113020341843367,0,0,0,0,0,0
0,1279,100,-104.49623870849609,141.3492431640625,0,0.99893218278884888,-0.00060798443155363202,-0.0031744237057864666,0,0,0,0,0,0
0,1535,120,-104.50802612304688,141.28561401367188,0,0.99879217147827148,0.0008428060682490468,-0.0029728759545832872,0,0,0,0,0,0
0,1791,140,-104.49079132080078,141.22618103027344,0,0.99863255023956299,0.00091061857528984547,-0.0029281156603246927,0,0,0,0,0,0
0,2047,160,-104.47220611572266,141.16764831542969,0,0.99834901094436646,0.0019266769522801042,-0.0025274027138948441,0,0,0,0,0,0
0,2303,180,-104.43330383300781,141.11724853515625,0,0.9981655478477478,0.001880920841358602,-0.0024673233274370432,0,0,0,0,0,0
