measurement_id,geometry_id,local_key,local0,local1,phi,theta,time,var_local0,var_local1,var_phi,var_theta,var_time
0,255,unknown,-14.901754379272461,-266.08291625976562,0.00030278178746812046,1.5692659616470337,0,0.0025000001769512892,0.0025000001769512892,0,0,0
1,511,unknown,-14.925380706787109,-265.99169921875,0.00083619845099747181,1.5696064233779907,0,0.0025000001769512892,0.0025000001769512892,0,0,0
2,767,unknown,-14.903812408447266,-265.97064208984375,0.001334517146460712,1.5711961984634399,0,0.0025000001769512892,0.0025000001769512892,0,0,0
3,1023,unknown,-14.91141414642334,-265.97119140625,0.00034376431722193956,1.5722949504852295,0,0.0025000001769512892,0.0025000001769512892,0,0,0
4,1279,unknown,-14.883755683898926,-265.97976684570312,0.0012319359229877591,1.5729097127914429,0,0.0025000001769512892,0.0025000001769512892,0,0,0
5,1535,unknown,-14.89253044128418,-266.05734252929688,0.0015059387078508735,1.5730998516082764,0,0.0025000001769512892,0.0025000001769512892,0,0,0
6,1791,unknown,-14.815526962280273,-266.0589599609375,0.0031573388259857893,1.5735056400299072,0,0.0025000001769512892,0.0025000001769512892,0,0,0
7,2047,unknown,-14.789571762084961,-266.1705322265625,0.0035471408627927303,1.5729039907455444,0,0.0025000001769512892,0.0025000001769512892,0,0,0
8,2303,unknown,-14.733543395996094,-266.238525390625,0.0037782792933285236,1.5729467868804932,0,0.0025000001769512892,0.0025000001769512892,0,0,0
