measurement_id,geometry_id,local_key,local0,local1,phi,theta,time,var_local0,var_local1,var_phi,var_theta,var_time
0,255,unknown,482.86166381835938,181.63749694824219,-0.00071248703170567751,1.5712172985076904,0,0.0025000001769512892,0.0025000001769512892,0,0,0
1,511,unknown,482.96969604492188,181.56365966796875,-0.00084300566231831908,1.5711190700531006,0,0.0025000001769512892,0.0025000001769512892,0,0,0
2,767,unknown,482.86599731445312,181.6280517578125,-0.00042564701288938522,1.5713084936141968,0,0.0025000001769512892,0.0025000001769512892,0,0,0
3,1023,unknown,482.79776000976562,181.54904174804688,-0.00032631636713631451,1.5713698863983154,0,0.0025000001769512892,0.0025000001769512892,0,0,0
4,1279,unknown,482.83319091796875,181.57096862792969,-0.00030933527159504592,1.5713822841644287,0,0.0025000001769512892,0.0025000001769512892,0,0,0
5,1535,unknown,482.87234497070312,181.50787353515625,0.00015800447727087885,1.5717103481292725,0,0.0025000001769512892,0.0025000001769512892,0,0,0
6,1791,unknown,482.79656982421875,181.58612060546875,-0.00010766038030851632,1.5709582567214966,0,0.0025000001769512892,0.0025000001769512892,0,0,0
7,2047,unknown,482.8427734375,181.57720947265625,-0.0013223540736362338,1.5703630447387695,0,0.0025000001769512892,0.0025000001769512892,0,0,0
8,2303,unknown,482.76321411132812,181.5399169921875,-0.0014048403827473521,1.5704847574234009,0,0.0025000001769512892,0.0025000001769512892,0,0,0
