particle_id,geometry_id,tx,ty,tz,tt,tpx,tpy,tpz,te,deltapx,deltapy,deltapz,deltae,index
0,255,20,-146.96833801269531,-67.812881469726562,0,0.99985378980636597,-0.00014499628741759807,-0.000593976816162467,0,0,0,0,0,0
0,511,40,-146.97116088867188,-67.824783325195312,0,0.99969983100891113,-0.00081683666212484241,-0.00043991330312564969,0,0,0,0,0,0
0,767,60,-146.98744201660156,-67.83367919921875,0,0.99936890602111816,-0.0014943566638976336,-0.0001491996954428032,0,0,0,0,0,0
0,1023,80,-147.017333984375,-67.836845397949219,0,0.99906957149505615,-0.0016337448032572865,4.4022785004926845e-05,0,0,0,0,0,0
0,1279,100,-147.050048828125,-67.836158752441406,0,0.99890059232711792,-0.0013562563108280301,0.00067703583044931293,0,0,0,0,0,0
0,1535,120,-147.07728576660156,-67.822769165039062,0,0.99877357482910156,-0.00028030516114085913,0.0010634283535182476,0,0,0,0,0,0
0,1791,140,-147.08302307128906,-67.801506042480469,0,0.99863678216934204,-0.00059849029639735818,0.00075399898923933506,0,0,0,0,0,0
0,2047,160,-147.0950927734375,-67.786476135253906,0,0.99847662448883057,0.00071168947033584118,0.0005510547780431807,0,0,0,0,0,0
0,2303,180,-147.08090209960938,-67.775352478027344,0,0.99819850921630859,0.00090366404037922621,0.00023723156482446939,0,0,0,0,0,0
