particle_id,particle_type,process,vx,vy,vz,vt,px,py,pz,m,q
0,0,0,0,-26.607509613037109,331.07659912109375,0,1,0,-4.3711388286737929e-08,0,-1
