particle_id,particle_type,process,vx,vy,vz,vt,px,py,pz,m,q
0,0,0,0,176.26138305664062,368.94540405273438,0,1,0,-4.3711388286737929e-08,0,-1
