particle_id,particle_type,process,vx,vy,vz,vt,px,py,pz,m,q
0,0,0,0,-137.01295471191406,-201.53312683105469,0,1,0,-4.3711388286737929e-08,0,-1
