particle_id,geometry_id,tx,ty,tz,tt,tpx,tpy,tpz,te,deltapx,deltapy,deltapz,deltae,index
0,255,20,125.06375122070312,287.21878051757812,0,0.99986636638641357,0.00038370920810848475,0.00033870385959744453,0,0,0,0,0,0
0,511,40,125.07138824462891,287.22561645507812,0,0.99947518110275269,0.00015569360402878374,-7.7131626312620938e-05,0,0,0,0,0,0
0,767,60,125.07451629638672,287.22409057617188,0,0.9993252158164978,-4.3668660509865731e-05,0.00038057300844229758,0,0,0,0,0,0
0,1023,80,125.07359313964844,287.231689453125,0,0.99911707639694214,-0.0014749651309102774,0.00098054122645407915,0,0,0,0,0,0
0,1279,100,125.04395294189453,287.25112915039062,0,0.99894225597381592,-0.0025372728705406189,0.0014983861474320292,0,0,0,0,0,0
0,1535,120,124.99297332763672,287.28082275390625,0,0.99876159429550171,-0.0033787267748266459,0.0020153273362666368,0,0,0,0,0,0
0,1791,140,124.92507171630859,287.32077026367188,0,0.99863207340240479,-0.003399567911401391,0.0020213755778968334,0,0,0,0,0,0
0,2047,160,124.85674285888672,287.36083984375,0,0.99846923351287842,-0.0043481262400746346,0.0017672850517556071,0,0,0,0,0,0
0,2303,180,124.76943969726562,287.39572143554688,0,0.99765533208847046,-0.0043281032703816891,0.0019055886659771204,0,0,0,0,0,0
