particle_id,geometry_id,tx,ty,tz,tt,tpx,tpy,tpz,te,deltapx,deltapy,deltapz,deltae,index
0,255,20,-10.276200294494629,254.17265319824219,0,0.99975347518920898,-0.0011439541121944785,-3.0315415642689914e-05,0,0,0,0,0,0
0,511,40,-10.299080848693848,254.17190551757812,0,0.99960297346115112,-0.0013247638707980514,-0.0012527952203527093,0,0,0,0,0,0
0,767,60,-10.325435638427734,254.14668273925781,0,0.99942296743392944,-0.0011664216872304678,-0.0010848190868273377,0,0,0,0,0,0
0,1023,80,-10.348647117614746,254.12483215332031,0,0.99919873476028442,-0.0015032441588118672,-0.0022092529106885195,0,0,0,0,0,0
0,1279,100,-10.378470420837402,254.08042907714844,0,0.99893951416015625,-0.0010516976471990347,-0.0020776866003870964,0,0,0,0,0,0
0,1535,120,-10.399276733398438,254.03871154785156,0,0.99880450963973999,-0.0010372840333729982,-0.0019371445523574948,0,0,0,0,0,0
0,1791,140,-10.419814109802246,253.99980163574219,0,0.99864643812179565,-0.0030547087080776691,-0.0025076861493289471,0,0,0,0,0,0
0,2047,160,-10.480688095092773,253.94921875,0,0.99848049879074097,-0.0050567025318741798,-0.0028752137441188097,0,0,0,0,0,0
0,2303,180,-10.58162784576416,253.89102172851562,0,0.99833351373672485,-0.0055537368170917034,-0.0037929893005639315,0,0,0,0,0,0
