particle_id,geometry_id,tx,ty,tz,tt,tpx,tpy,tpz,te,deltapx,deltapy,deltapz,deltae,index
0,255,20,-39.548294067382812,-261.69570922851562,0,0.99976742267608643,-0.00041544015402905643,-0.0018878820119425654,0,0,0,0,0,0
0,511,40,-39.556377410888672,-261.7335205078125,0,0.99961733818054199,-0.00037973205326125026,-0.0018038261914625764,0,0,0,0,0,0
0,767,60,-39.563758850097656,-261.7696533203125,0,0.99944120645523071,-0.00116105901543051,-0.0011589457280933857,0,0,0,0,0,0
0,1023,80,-39.58685302734375,-261.79299926757812,0,0.99927526712417603,-0.0024351361207664013,-0.00084772490663453937,0,0,0,0,0,0
0,1279,100,-39.635486602783203,-261.81027221679688,0,0.99901551008224487,-0.0022245163563638926,-0.00093325064517557621,0,0,0,0,0,0
0,1535,120,-39.679908752441406,-261.8292236328125,0,0.99883419275283813,-0.0015763938426971436,-0.00078436097828671336,0,0,0,0,0,0
0,1791,140,-39.711380004882812,-261.84512329101562,0,0.99860411882400513,-0.00038193230284377933,-0.00038693309761583805,0,0,0,0,0,0
0,2047,160,-39.718982696533203,-261.8529052734375,0,0.99847888946533203,-0.00058460334548726678,0.00045999954454600811,0,0,0,0,0,0
0,2303,180,-39.730747222900391,-261.84375,0,0.99827033281326294,-0.00053687934996560216,0.00038802553899586201,0,0,0,0,0,0
