particle_id,particle_type,process,vx,vy,vz,vt,px,py,pz,m,q
0,0,0,0,171.7310791015625,-224.14695739746094,0,1,0,-4.3711388286737929e-08,0,-1
