measurement_id,geometry_id,local_key,local0,local1,phi,theta,time,var_local0,var_local1,var_phi,var_theta,var_time
0,255,unknown,165.47828674316406,99.442169189453125,6.4531348471064121e-05,1.5698893070220947,0,0.0025000001769512892,0.0025000001769512892,0,0,0
1,511,unknown,165.42774963378906,99.516120910644531,0.0013452352723106742,1.5694730281829834,0,0.0025000001769512892,0.0025000001769512892,0,0,0
2,767,unknown,165.49822998046875,99.551345825195312,0.0020732101984322071,1.5699648857116699,0,0.0025000001769512892,0.0025000001769512892,0,0,0
3,1023,unknown,165.57902526855469,99.482894897460938,0.0010195766808465123,1.5710313320159912,0,0.0025000001769512892,0.0025000001769512892,0,0,0
4,1279,unknown,165.63603210449219,99.46063232421875,0.0011078004026785493,1.5707018375396729,0,0.0025000001769512892,0.0025000001769512892,0,0,0
5,1535,unknown,165.5955810546875,99.439186096191406,-3.1591396691510454e-05,1.5703698396682739,0,0.0025000001769512892,0.0025000001769512892,0,0,0
6,1791,unknown,165.58175659179688,99.551658630371094,-3.0635397706646472e-05,1.5703577995300293,0,0.0025000001769512892,0.0025000001769512892,0,0,0
7,2047,unknown,165.66294860839844,99.54522705078125,0.00067938893334940076,1.5722439289093018,0,0.0025000001769512892,0.0025000001769512892,0,0,0
8,2303,unknown,165.6168212890625,99.494270324707031,0.00084282294847071171,1.5727664232254028,0,0.0025000001769512892,0.0025000001769512892,0,0,0
