particle_id,particle_type,process,vx,vy,vz,vt,px,py,pz,m,q
0,0,0,0,-98.692665100097656,49.56915283203125,0,1,0,-4.3711388286737929e-08,0,-1
