particle_id,geometry_id,tx,ty,tz,tt,tpx,tpy,tpz,te,deltapx,deltapy,deltapz,deltae,index
0,255,20,-99.440177917480469,116.03688049316406,0,0.99984943866729736,-0.00019796082051470876,-0.0012144849169999361,0,0,0,0,0,0
0,511,40,-99.443992614746094,116.01256561279297,0,0.99957126379013062,-0.00071630842285230756,-0.00022572933812625706,0,0,0,0,0,0
0,767,60,-99.458297729492188,116.00796508789062,0,0.99934571981430054,0.00070493092061951756,-1.7913382180267945e-05,0,0,0,0,0,0
0,1023,80,-99.444190979003906,116.0076904296875,0,0.99918586015701294,0.00045504936133511364,-0.00085288757691159844,0,0,0,0,0,0
0,1279,100,-99.434982299804688,115.99067687988281,0,0.99898815155029297,0.00054968829499557614,-0.0013674208894371986,0,0,0,0,0,0
0,1535,120,-99.423812866210938,115.96337127685547,0,0.99885362386703491,0.00035092246253043413,-0.0010943217203021049,0,0,0,0,0,0
0,1791,140,-99.416656494140625,115.94150543212891,0,0.99865585565567017,0.00088364782277494669,-0.0023829350247979164,0,0,0,0,0,0
0,2047,160,-99.398674011230469,115.89389038085938,0,0.99849694967269897,-0.0015555346617475152,-0.0026071690954267979,0,0,0,0,0,0
0,2303,180,-99.429519653320312,115.84148406982422,0,0.9982871413230896,-0.0023218151181936264,-0.0046405745670199394,0,0,0,0,0,0
