measurement_id,geometry_id,local_key,local0,local1,phi,theta,time,var_local0,var_local1,var_phi,var_theta,var_time
0,255,unknown,-20.978086471557617,22.322160720825195,-0.000946611980907619,1.5704292058944702,0,0.0025000001769512892,0.0025000001769512892,0,0,0
1,511,unknown,-20.999032974243164,22.323282241821289,0.00062149687437340617,1.5699987411499023,0,0.0025000001769512892,0.0025000001769512892,0,0,0
2,767,unknown,-20.929523468017578,22.410934448242188,0.00062176759820431471,1.5705296993255615,0,0.0025000001769512892,0.0025000001769512892,0,0,0
3,1023,unknown,-20.936450958251953,22.464862823486328,0.0025872415862977505,1.5713363885879517,0,0.0025000001769512892,0.0025000001769512892,0,0,0
4,1279,unknown,-20.816005706787109,22.370918273925781,0.003087327815592289,1.5718257427215576,0,0.0025000001769512892,0.0025000001769512892,0,0,0
5,1535,unknown,-20.804988861083984,22.384872436523438,0.003484898479655385,1.5709149837493896,0,0.0025000001769512892,0.0025000001769512892,0,0,0
6,1791,unknown,-20.719758987426758,22.413326263427734,0.0023751223925501108,1.5704655647277832,0,0.0025000001769512892,0.0025000001769512892,0,0,0
7,2047,unknown,-20.765474319458008,22.341806411743164,0.0028176982887089252,1.5701771974563599,0,0.0025000001769512892,0.0025000001769512892,0,0,0
8,2303,unknown,-20.715198516845703,22.363529205322266,0.0042337044142186642,1.5690673589706421,0,0.0025000001769512892,0.0025000001769512892,0,0,0
