particle_id,geometry_id,tx,ty,tz,tt,tpx,tpy,tpz,te,deltapx,deltapy,deltapz,deltae,index
0,255,20,137.18843078613281,61.433322906494141,0,0.99988049268722534,-0.00084333925042301416,0.00056184205459430814,0,0,0,0,0,0
0,511,40,137.17149353027344,61.4444580078125,0,0.99974274635314941,-0.000900967454072088,0.00051290134433656931,0,0,0,0,0,0
0,767,60,137.15341186523438,61.454608917236328,0,0.99952948093414307,-0.0003564701764844358,0.00060728023527190089,0,0,0,0,0,0
0,1023,80,137.14620971679688,61.466716766357422,0,0.99940496683120728,-0.00030956909176893532,0.00046483427286148071,0,0,0,0,0,0
0,1279,100,137.13995361328125,61.475982666015625,0,0.9992031455039978,-0.0016322612063959241,0.0019483139039948583,0,0,0,0,0,0
0,1535,120,137.1070556640625,61.514781951904297,0,0.99885118007659912,-0.0021587081719189882,0.0004019455227535218,0,0,0,0,0,0
0,1791,140,137.06378173828125,61.522571563720703,0,0.99869441986083984,-0.0033067965414375067,0.00018841930432245135,0,0,0,0,0,0
0,2047,160,136.99754333496094,61.525947570800781,0,0.99843144416809082,-0.0039791399613022804,0.00018265703693032265,0,0,0,0,0,0
0,2303,180,136.91781616210938,61.529129028320312,0,0.99831694364547729,-0.0035523928236216307,0.00054311536950990558,0,0,0,0,0,0
