measurement_id,geometry_id,local_key,local0,local1,phi,theta,time,var_local0,var_local1,var_phi,var_theta,var_time
0,255,unknown,-163.09259033203125,74.532241821289062,-0.00011699647438945249,1.5710481405258179,0,0.0025000001769512892,0.0025000001769512892,0,0,0
1,511,unknown,-163.09883117675781,74.483154296875,-0.00051925022853538394,1.5723526477813721,0,0.0025000001769512892,0.0025000001769512892,0,0,0
2,767,unknown,-163.02957153320312,74.517776489257812,-0.00079975230619311333,1.5724714994430542,0,0.0025000001769512892,0.0025000001769512892,0,0,0
3,1023,unknown,-163.0474853515625,74.457160949707031,-0.0004916723701171577,1.5723737478256226,0,0.0025000001769512892,0.0025000001769512892,0,0,0
4,1279,unknown,-163.1361083984375,74.405006408691406,0.0010813821572810411,1.5718110799789429,0,0.0025000001769512892,0.0025000001769512892,0,0,0
5,1535,unknown,-163.15205383300781,74.497581481933594,-0.00033274671295657754,1.5714772939682007,0,0.0025000001769512892,0.0025000001769512892,0,0,0
6,1791,unknown,-163.13919067382812,74.3656005859375,-0.00044899547356180847,1.5712168216705322,0,0.0025000001769512892,0.0025000001769512892,0,0,0
7,2047,unknown,-163.04759216308594,74.374549865722656,0.00020372781727928668,1.5717986822128296,0,0.0025000001769512892,0.0025000001769512892,0,0,0
8,2303,unknown,-163.0767822265625,74.171905517578125,0.00011081031698267907,1.5694819688796997,0,0.0025000001769512892,0.0025000001769512892,0,0,0
