particle_id,geometry_id,tx,ty,tz,tt,tpx,tpy,tpz,te,deltapx,deltapy,deltapz,deltae,index
0,255,20,52.370876312255859,275.60931396484375,0,0.9998481273651123,-0.00014349438424687833,-0.00018645872478373349,0,0,0,0,0,0
0,511,40,52.368026733398438,275.60556030273438,0,0.99967128038406372,-0.00010929091513389722,-0.00073329749284312129,0,0,0,0,0,0
0,767,60,52.365928649902344,275.59088134765625,0,0.99951779842376709,-0.00015376234659925103,-0.00049380882410332561,0,0,0,0,0,0
0,1023,80,52.362911224365234,275.58099365234375,0,0.999347984790802,-0.00091277644969522953,-0.00075224088504910469,0,0,0,0,0,0
0,1279,100,52.344734191894531,275.56582641601562,0,0.99920350313186646,-0.0018704927060753107,0.00074061070336028934,0,0,0,0,0,0
0,1535,120,52.307205200195312,275.58041381835938,0,0.99882978200912476,-0.00059696030803024769,0.00061340403044596314,0,0,0,0,0,0
0,1791,140,52.295177459716797,275.59262084960938,0,0.99785661697387695,-0.0011535212397575378,0.00083251460455358028,0,0,0,0,0,0
0,2047,160,52.271957397460938,275.60916137695312,0,0.9976540207862854,-0.00092953367857262492,0.0030766769777983427,0,0,0,0,0,0
0,2303,180,52.252952575683594,275.67071533203125,0,0.99751579761505127,-0.00084213103400543332,0.0028626804705709219,0,0,0,0,0,0
