measurement_id,geometry_id,local_key,local0,local1,phi,theta,time,var_local0,var_local1,var_phi,var_theta,var_time
0,255,unknown,-322.54757690429688,-109.90717315673828,-0.00038451090222224593,1.5695781707763672,0,0.0025000001769512892,0.0025000001769512892,0,0,0
1,511,unknown,-322.6318359375,-109.87241363525391,-0.00026484686532057822,1.5690666437149048,0,0.0025000001769512892,0.0025000001769512892,0,0,0
2,767,unknown,-322.65994262695312,-109.80138397216797,-0.00051946123130619526,1.5691299438476562,0,0.0025000001769512892,0.0025000001769512892,0,0,0
3,1023,unknown,-322.59844970703125,-109.77202606201172,-0.00070165807846933603,1.5697313547134399,0,0.0025000001769512892,0.0025000001769512892,0,0,0
4,1279,unknown,-322.65298461914062,-109.82805633544922,-0.0016861303010955453,1.5696229934692383,0,0.0025000001769512892,0.0025000001769512892,0,0,0
5,1535,unknown,-322.6907958984375,-109.763427734375,-0.0017453652108088136,1.5702235698699951,0,0.0025000001769512892,0.0025000001769512892,0,0,0
6,1791,unknown,-322.71292114257812,-109.78646850585938,-0.0015827440656721592,1.570608377456665,0,0.0025000001769512892,0.0025000001769512892,0,0,0
7,2047,unknown,-322.84426879882812,-109.73103332519531,-0.00058696052292361856,1.5694419145584106,0,0.0025000001769512892,0.0025000001769512892,0,0,0
8,2303,unknown,-322.827392578125,-109.65945434570312,-0.0008989943889901042,1.5694209337234497,0,0.0025000001769512892,0.0025000001769512892,0,0,0
