measurement_id,geometry_id,local_key,local0,local1,phi,theta,time,var_local0,var_local1,var_phi,var_theta,var_time
0,255,unknown,-132.52684020996094,-50.875324249267578,8.6010673840064555e-05,1.5707069635391235,0,0.0025000001769512892,0.0025000001769512892,0,0,0
1,511,unknown,-132.45918273925781,-50.899257659912109,-0.00012840257841162384,1.5708271265029907,0,0.0025000001769512892,0.0025000001769512892,0,0,0
2,767,unknown,-132.44786071777344,-50.916500091552734,-0.00012861083087045699,1.5709583759307861,0,0.0025000001769512892,0.0025000001769512892,0,0,0
3,1023,unknown,-132.45729064941406,-50.871063232421875,-0.00021984368504490703,1.571669340133667,0,0.0025000001769512892,0.0025000001769512892,0,0,0
4,1279,unknown,-132.51556396484375,-50.859092712402344,-0.00082858867244794965,1.572620153427124,0,0.0025000001769512892,0.0025000001769512892,0,0,0
5,1535,unknown,-132.50103759765625,-50.9481201171875,-0.0013376395218074322,1.5722798109054565,0,0.0025000001769512892,0.0025000001769512892,0,0,0
6,1791,unknown,-132.48123168945312,-51.047721862792969,-0.0021134840790182352,1.5730103254318237,0,0.0025000001769512892,0.0025000001769512892,0,0,0
7,2047,unknown,-132.57302856445312,-51.028057098388672,-0.0022316845133900642,1.5729888677597046,0,0.0025000001769512892,0.0025000001769512892,0,0,0
8,2303,unknown,-132.59635925292969,-51.078296661376953,-0.0022859468590468168,1.5731931924819946,0,0.0025000001769512892,0.0025000001769512892,0,0,0
