particle_id,geometry_id,tx,ty,tz,tt,tpx,tpy,tpz,te,deltapx,deltapy,deltapz,deltae,index
0,255,20,206.03141784667969,132.08708190917969,0,0.99212062358856201,0.001285783713683486,0.00013667685561813414,0,0,0,0,0,0
0,511,40,206.05732727050781,132.08999633789062,0,0.99199020862579346,-0.0006086227367632091,4.4775082642445341e-05,0,0,0,0,0,0
0,767,60,206.0450439453125,132.0908203125,0,0.9917978048324585,-0.00067499489523470402,0.00043599461787380278,0,0,0,0,0,0
0,1023,80,206.0313720703125,132.09953308105469,0,0.9916083812713623,-0.00060867948923259974,0.00053154234774410725,0,0,0,0,0,0
0,1279,100,206.01902770996094,132.11018371582031,0,0.99146467447280884,-9.8876793344970793e-05,0.00049246195703744888,0,0,0,0,0,0
0,1535,120,206.0169677734375,132.12010192871094,0,0.99125927686691284,0.00060353486333042383,0.00057543162256479263,0,0,0,0,0,0
0,1791,140,206.02906799316406,132.13179016113281,0,0.99113482236862183,0.0013235020451247692,0.00042152515379711986,0,0,0,0,0,0
0,2047,160,206.05572509765625,132.14045715332031,0,0.99099910259246826,0.0016026501543819904,0.00072885875124484301,0,0,0,0,0,0
0,2303,180,206.08798217773438,132.15536499023438,0,0.99084252119064331,0.001024739583954215,0.00098446803167462349,0,0,0,0,0,0
