particle_id,particle_type,process,vx,vy,vz,vt,px,py,pz,m,q
0,0,0,0,90.282783508300781,-131.69001770019531,0,1,0,-4.3711388286737929e-08,0,-1
