measurement_id,geometry_id,local_key,local0,local1,phi,theta,time,var_local0,var_local1,var_phi,var_theta,var_time
0,255,unknown,258.16476440429688,-126.49632263183594,2.8549030162139388e-07,1.5717792510986328,0,0.0025000001769512892,0.0025000001769512892,0,0,0
1,511,unknown,258.25244140625,-126.52204895019531,0.00055387697648257017,1.5704452991485596,0,0.0025000001769512892,0.0025000001769512892,0,0,0
2,767,unknown,258.2108154296875,-126.53200531005859,-0.00072967837331816554,1.5697509050369263,0,0.0025000001769512892,0.0025000001769512892,0,0,0
3,1023,unknown,258.17788696289062,-126.47603607177734,-0.0013241824926808476,1.5684652328491211,0,0.0025000001769512892,0.0025000001769512892,0,0,0
4,1279,unknown,258.2108154296875,-126.40815734863281,-2.0167044567642733e-06,1.5672383308410645,0,0.0025000001769512892,0.0025000001769512892,0,0,0
5,1535,unknown,258.1624755859375,-126.41836547851562,0.0018371077021583915,1.5668178796768188,0,0.0025000001769512892,0.0025000001769512892,0,0,0
6,1791,unknown,258.2481689453125,-126.40508270263672,0.001814285758882761,1.5667741298675537,0,0.0025000001769512892,0.0025000001769512892,0,0,0
7,2047,unknown,258.24432373046875,-126.12574768066406,0.0020411545410752296,1.565481424331665,0,0.0025000001769512892,0.0025000001769512892,0,0,0
8,2303,unknown,258.34970092773438,-126.10020446777344,0.0018710850272327662,1.5654335021972656,0,0.0025000001769512892,0.0025000001769512892,0,0,0
