particle_id,particle_type,process,vx,vy,vz,vt,px,py,pz,m,q
0,0,0,0,-23.573633193969727,115.91912841796875,0,1,0,-4.3711388286737929e-08,0,-1
