particle_id,geometry_id,tx,ty,tz,tt,tpx,tpy,tpz,te,deltapx,deltapy,deltapz,deltae,index
0,255,20,148.19194030761719,-99.468040466308594,0,0.99984061717987061,3.365557495271787e-05,-8.7803647375039873e-07,0,0,0,0,0,0
0,511,40,148.19261169433594,-99.468055725097656,0,0.99963897466659546,0.0002744714729487896,0.00012210171553306282,0,0,0,0,0,0
0,767,60,148.19808959960938,-99.465576171875,0,0.99944645166397095,-0.0023226730991154909,0.0026455465704202652,0,0,0,0,0,0
0,1023,80,148.15129089355469,-99.412918090820312,0,0.99906617403030396,-0.0026633311063051224,0.0034307180903851986,0,0,0,0,0,0
0,1279,100,148.09756469726562,-99.344558715820312,0,0.99876898527145386,-0.00093332078540697694,0.0034369495697319508,0,0,0,0,0,0
0,1535,120,148.07846069335938,-99.275848388671875,0,0.99856042861938477,-0.00082331890007480979,0.0035297968424856663,0,0,0,0,0,0
0,1791,140,148.06155395507812,-99.205253601074219,0,0.99835646152496338,-4.494006498134695e-05,0.0029772035777568817,0,0,0,0,0,0
0,2047,160,148.060302734375,-99.145614624023438,0,0.99821257591247559,-0.0009219538769684732,0.0018641538918018341,0,0,0,0,0,0
0,2303,180,148.04161071777344,-99.108375549316406,0,0.99806112051010132,-0.0010363851906731725,0.0019097970798611641,0,0,0,0,0,0
