particle_id,geometry_id,tx,ty,tz,tt,tpx,tpy,tpz,te,deltapx,deltapy,deltapz,deltae,index
0,255,20,-151.71549987792969,-345.97314453125,0,0.99982154369354248,-0.0014571336796507239,-0.00033591591636650264,0,0,0,0,0,0
0,511,40,-151.74461364746094,-345.98004150390625,0,0.99959284067153931,-0.0014247793005779386,-0.00040173501474782825,0,0,0,0,0,0
0,767,60,-151.7730712890625,-345.98825073242188,0,0.99940258264541626,-0.00093094026669859886,-0.00051078887190669775,0,0,0,0,0,0
0,1023,80,-151.79164123535156,-345.99859619140625,0,0.9992668628692627,-0.0011797030456364155,-0.0014340350171551108,0,0,0,0,0,0
0,1279,100,-151.81507873535156,-346.02743530273438,0,0.99834436178207397,-0.0018717959756031632,-0.00086240569362416863,0,0,0,0,0,0
0,1535,120,-151.85247802734375,-346.044921875,0,0.99820077419281006,-0.0021030902862548828,-0.0016706169117242098,0,0,0,0,0,0
0,1791,140,-151.8944091796875,-346.07864379882812,0,0.99803894758224487,-0.0024188379757106304,-0.0010984293185174465,0,0,0,0,0,0
0,2047,160,-151.9427490234375,-346.1009521484375,0,0.99789410829544067,-0.002611666452139616,-0.00068893330171704292,0,0,0,0,0,0
0,2303,180,-151.99501037597656,-346.11508178710938,0,0.99776524305343628,-0.0026223682798445225,-0.00039208075031638145,0,0,0,0,0,0
