measurement_id,geometry_id,local_key,local0,local1,phi,theta,time,var_local0,var_local1,var_phi,var_theta,var_time
0,255,unknown,1.3837060928344727,-12.160806655883789,-0.00077839341247454286,1.5703414678573608,0,0.0025000001769512892,0.0025000001769512892,0,0,0
1,511,unknown,1.3580342531204224,-12.142354965209961,-0.00085225899238139391,1.5713356733322144,0,0.0025000001769512892,0.0025000001769512892,0,0,0
2,767,unknown,1.3527692556381226,-12.133745193481445,-0.0010620775865390897,1.571002721786499,0,0.0025000001769512892,0.0025000001769512892,0,0,0
3,1023,unknown,1.3595716953277588,-12.092250823974609,-0.00051487406017258763,1.5707582235336304,0,0.0025000001769512892,0.0025000001769512892,0,0,0
4,1279,unknown,1.3340685367584229,-12.051594734191895,-0.00023483588302042335,1.5710035562515259,0,0.0025000001769512892,0.0025000001769512892,0,0,0
5,1535,unknown,1.336416482925415,-12.188399314880371,-0.00079962395830079913,1.5714442729949951,0,0.0025000001769512892,0.0025000001769512892,0,0,0
6,1791,unknown,1.4037986993789673,-12.176165580749512,0.00038750216481275856,1.5719273090362549,0,0.0025000001769512892,0.0025000001769512892,0,0,0
7,2047,unknown,1.3536515235900879,-12.182859420776367,0.00071478215977549553,1.5726243257522583,0,0.0025000001769512892,0.0025000001769512892,0,0,0
8,2303,unknown,1.3094170093536377,-12.23557186126709,0.00099303899332880974,1.5738120079040527,0,0.0025000001769512892,0.0025000001769512892,0,0,0
