measurement_id,geometry_id,local_key,local0,local1,phi,theta,time,var_local0,var_local1,var_phi,var_theta,var_time
0,255,unknown,134.62628173828125,-235.06716918945312,-0.00076442986028268933,1.5729786157608032,0,0.0025000001769512892,0.0025000001769512892,0,0,0
1,511,unknown,134.56019592285156,-235.05850219726562,-0.00010641189874149859,1.5736856460571289,0,0.0025000001769512892,0.0025000001769512892,0,0,0
2,767,unknown,134.55398559570312,-235.12660217285156,-0.00011565788736334071,1.572839617729187,0,0.0025000001769512892,0.0025000001769512892,0,0,0
3,1023,unknown,134.59431457519531,-235.17588806152344,0.00013556855265051126,1.5726813077926636,0,0.0025000001769512892,0.0025000001769512892,0,0,0
4,1279,unknown,134.50338745117188,-235.29864501953125,0.00021145374921616167,1.5726538896560669,0,0.0025000001769512892,0.0025000001769512892,0,0,0
5,1535,unknown,134.57485961914062,-235.31449890136719,-0.0011528223985806108,1.5728600025177002,0,0.0025000001769512892,0.0025000001769512892,0,0,0
6,1791,unknown,134.56581115722656,-235.2921142578125,-0.0012763008708134294,1.5728627443313599,0,0.0025000001769512892,0.0025000001769512892,0,0,0
7,2047,unknown,134.51693725585938,-235.28704833984375,-0.001065055257640779,1.5743858814239502,0,0.0025000001769512892,0.0025000001769512892,0,0,0
8,2303,unknown,134.56632995605469,-235.45722961425781,-0.0020533250644803047,1.5747934579849243,0,0.0025000001769512892,0.0025000001769512892,0,0,0
