particle_id,geometry_id,tx,ty,tz,tt,tpx,tpy,tpz,te,deltapx,deltapy,deltapz,deltae,index
0,255,20,91.005851745605469,28.049823760986328,0,0.99983882904052734,-0.00013369962107390165,4.3937434384133667e-05,0,0,0,0,0,0
0,511,40,91.003173828125,28.050685882568359,0,0.99969273805618286,-0.00067827536258846521,0.00093486631521955132,0,0,0,0,0,0
0,767,60,90.989494323730469,28.069307327270508,0,0.99946439266204834,-0.0014943989226594567,0.0020131617784500122,0,0,0,0,0,0
0,1023,80,90.9593505859375,28.109411239624023,0,0.99924170970916748,-0.00069664232432842255,0.0018341515678912401,0,0,0,0,0,0
0,1279,100,90.9451904296875,28.146038055419922,0,0.99898725748062134,-0.0012318216031417251,0.0029943303670734167,0,0,0,0,0,0
0,1535,120,90.920166015625,28.205835342407227,0,0.9987943172454834,-0.00077524955850094557,0.0042612208053469658,0,0,0,0,0,0
0,1791,140,90.904129028320312,28.291067123413086,0,0.99864393472671509,-0.0016436815494671464,0.0065344637259840965,0,0,0,0,0,0
0,2047,160,90.87042236328125,28.421733856201172,0,0.99849486351013184,-0.00028244400164112449,0.0063023148104548454,0,0,0,0,0,0
0,2303,180,90.864006042480469,28.547933578491211,0,0.99837630987167358,-0.00043098826427012682,0.0061173229478299618,0,0,0,0,0,0
