measurement_id,geometry_id,local_key,local0,local1,phi,theta,time,var_local0,var_local1,var_phi,var_theta,var_time
0,255,unknown,28.607603073120117,282.07672119140625,9.9777811556123197e-05,1.5717306137084961,0,0.0025000001769512892,0.0025000001769512892,0,0,0
1,511,unknown,28.632848739624023,281.9599609375,0.000376175157725811,1.5716593265533447,0,0.0025000001769512892,0.0025000001769512892,0,0,0
2,767,unknown,28.72419548034668,282.0567626953125,0.00035147042945027351,1.5714186429977417,0,0.0025000001769512892,0.0025000001769512892,0,0,0
3,1023,unknown,28.670370101928711,281.97891235351562,0.00037444569170475006,1.5711919069290161,0,0.0025000001769512892,0.0025000001769512892,0,0,0
4,1279,unknown,28.732082366943359,282.01486206054688,-0.00071645388379693031,1.5709606409072876,0,0.0025000001769512892,0.0025000001769512892,0,0,0
5,1535,unknown,28.745742797851562,282.04443359375,-0.0014538031537085772,1.57037353515625,0,0.0025000001769512892,0.0025000001769512892,0,0,0
6,1791,unknown,28.670375823974609,282.04840087890625,-0.0014355076709762216,1.5710016489028931,0,0.0025000001769512892,0.0025000001769512892,0,0,0
7,2047,unknown,28.678745269775391,281.97097778320312,-0.0012246230617165565,1.5712474584579468,0,0.0025000001769512892,0.0025000001769512892,0,0,0
8,2303,unknown,28.638875961303711,282.08633422851562,-0.0016048217657953501,1.5701615810394287,0,0.0025000001769512892,0.0025000001769512892,0,0,0
