particle_id,particle_type,process,vx,vy,vz,vt,px,py,pz,m,q
0,0,0,0,-334.78836059570312,44.558815002441406,0,1,0,-4.3711388286737929e-08,0,-1
