measurement_id,geometry_id,local_key,local0,local1,phi,theta,time,var_local0,var_local1,var_phi,var_theta,var_time
0,255,unknown,-172.47158813476562,4.2696413993835449,0.00024413786013610661,1.570978045463562,0,0.0025000001769512892,0.0025000001769512892,0,0,0
1,511,unknown,-172.4658203125,4.2233767509460449,0.0011305178049951792,1.5697661638259888,0,0.0025000001769512892,0.0025000001769512892,0,0,0
2,767,unknown,-172.44087219238281,4.2646942138671875,0.0019983879756182432,1.5688408613204956,0,0.0025000001769512892,0.0025000001769512892,0,0,0
3,1023,unknown,-172.35333251953125,4.259699821472168,0.0015137136215344071,1.5686408281326294,0,0.0025000001769512892,0.0025000001769512892,0,0,0
4,1279,unknown,-172.36204528808594,4.2798933982849121,0.0017001088708639145,1.5693978071212769,0,0.0025000001769512892,0.0025000001769512892,0,0,0
5,1535,unknown,-172.29188537597656,4.3771023750305176,0.002077427925541997,1.5684338808059692,0,0.0025000001769512892,0.0025000001769512892,0,0,0
6,1791,unknown,-172.33111572265625,4.4567446708679199,0.0031978620681911707,1.5679013729095459,0,0.0025000001769512892,0.0025000001769512892,0,0,0
7,2047,unknown,-172.16987609863281,4.4431352615356445,0.0036671168636530638,1.5684137344360352,0,0.0025000001769512892,0.0025000001769512892,0,0,0
8,2303,unknown,-172.17291259765625,4.4953732490539551,0.0035367254167795181,1.5683619976043701,0,0.0025000001769512892,0.0025000001769512892,0,0,0
