particle_id,geometry_id,tx,ty,tz,tt,tpx,tpy,tpz,te,deltapx,deltapy,deltapz,deltae,index
0,255,20,69.061019897460938,70.069282531738281,0,0.99979543685913086,0.00033806238207034767,-9.4593106041429564e-06,0,0,0,0,0,0
0,511,40,69.067787170410156,70.069137573242188,0,0.99960631132125854,0.00048281424096785486,-0.0014726533554494381,0,0,0,0,0,0
0,767,60,69.077621459960938,70.03973388671875,0,0.99941325187683105,0.0010005295043811202,-0.00119846744928509,0,0,0,0,0,0
0,1023,80,69.097785949707031,70.015869140625,0,0.99929332733154297,0.0013697564136236906,-0.00097829976584762335,0,0,0,0,0,0
0,1279,100,69.125320434570312,69.996452331542969,0,0.99914026260375977,0.0012765949359163642,2.9852157240384258e-05,0,0,0,0,0,0
0,1535,120,69.150871276855469,69.997200012207031,0,0.99886471033096313,0.00077011075336486101,-0.00071365421172231436,0,0,0,0,0,0
0,1791,140,69.166374206542969,69.983001708984375,0,0.99863350391387939,4.6560580813093111e-05,-0.0017900271341204643,0,0,0,0,0,0
0,2047,160,69.167518615722656,69.947158813476562,0,0.99851691722869873,0.00041537609649822116,-0.0010959763312712312,0,0,0,0,0,0
0,2303,180,69.175971984863281,69.925254821777344,0,0.99826961755752563,0.00044916768092662096,-0.0029811973217874765,0,0,0,0,0,0
