particle_id,geometry_id,tx,ty,tz,tt,tpx,tpy,tpz,te,deltapx,deltapy,deltapz,deltae,index
0,255,20,235.13018798828125,91.480430603027344,0,0.9997209906578064,-0.00048819958465173841,-0.00073035462992265821,0,0,0,0,0,0
0,511,40,235.12051391601562,91.46575927734375,0,0.99953508377075195,-0.00032361055491492152,-0.0014418065547943115,0,0,0,0,0,0
0,767,60,235.11421203613281,91.436874389648438,0,0.99929291009902954,-0.00034973432775586843,-0.0017037710640579462,0,0,0,0,0,0
0,1023,80,235.107421875,91.402732849121094,0,0.99910849332809448,-0.00030173151753842831,-0.0021115050185471773,0,0,0,0,0,0
0,1279,100,235.10163879394531,91.360427856445312,0,0.9985385537147522,0.00033593783155083656,-0.0010743356542661786,0,0,0,0,0,0
0,1535,120,235.10848999023438,91.338951110839844,0,0.99831968545913696,0.00024732478777877986,-0.0012520188465714455,0,0,0,0,0,0
0,1791,140,235.11360168457031,91.313896179199219,0,0.99808597564697266,8.8779343059286475e-05,-0.0015840405831113458,0,0,0,0,0,0
0,2047,160,235.11557006835938,91.28216552734375,0,0.99778568744659424,-0.00032464886317029595,-0.0037908493541181087,0,0,0,0,0,0
0,2303,180,235.10951232910156,91.206146240234375,0,0.9976237416267395,0.00059246516320854425,-0.0036527542397379875,0,0,0,0,0,0
