particle_id,geometry_id,tx,ty,tz,tt,tpx,tpy,tpz,te,deltapx,deltapy,deltapz,deltae,index
0,255,20,262.95199584960938,-53.789989471435547,0,0.99986129999160767,-0.0015644872328266501,-0.00086955615552142262,0,0,0,0,0,0
0,511,40,262.92080688476562,-53.807571411132812,0,0.99973100423812866,-0.0016038399189710617,0.00096600840333849192,0,0,0,0,0,0
0,767,60,262.88861083984375,-53.788440704345703,0,0.99957716464996338,-0.0014160928549245,0.0016161112580448389,0,0,0,0,0,0
0,1023,80,262.86007690429688,-53.756275177001953,0,0.99940955638885498,-5.459903331939131e-05,0.0019469268154352903,0,0,0,0,0,0
0,1279,100,262.8587646484375,-53.717319488525391,0,0.99913787841796875,-0.00025734296650625765,0.0025150149594992399,0,0,0,0,0,0
0,1535,120,262.85330200195312,-53.667007446289062,0,0.99892044067382812,0.0005347599508240819,0.0036655121948570013,0,0,0,0,0,0
0,1791,140,262.86355590820312,-53.593555450439453,0,0.99875724315643311,0.00022145560069475323,0.002128534484654665,0,0,0,0,0,0
0,2047,160,262.86773681640625,-53.550907135009766,0,0.9986070990562439,-4.4268126657698303e-05,0.0020000047516077757,0,0,0,0,0,0
0,2303,180,262.86660766601562,-53.510856628417969,0,0.99832361936569214,0.00035582354757934809,0.0024522703606635332,0,0,0,0,0,0
