particle_id,geometry_id,tx,ty,tz,tt,tpx,tpy,tpz,te,deltapx,deltapy,deltapz,deltae,index
0,255,20,-103.64363098144531,104.36473846435547,0,0.99979317188262939,-0.0011379036586731672,-0.0014744788641110063,0,0,0,0,0,0
0,511,40,-103.66621398925781,104.33510589599609,0,0.9996677041053772,-0.00059482676442712545,-0.00071255944203585386,0,0,0,0,0,0
0,767,60,-103.67803192138672,104.32077789306641,0,0.99953997135162354,-0.0007166500436142087,-0.00051979557611048222,0,0,0,0,0,0
0,1023,80,-103.69230651855469,104.31029510498047,0,0.99930626153945923,-0.000654426752589643,-0.00025128174456767738,0,0,0,0,0,0
0,1279,100,-103.70537567138672,104.30519104003906,0,0.99917680025100708,0.00087942794198170304,-6.210061110323295e-05,0,0,0,0,0,0
0,1535,120,-103.68776702880859,104.30405426025391,0,0.99893993139266968,0.00023310353572014719,-0.0012138563906773925,0,0,0,0,0,0
0,1791,140,-103.68295288085938,104.27977752685547,0,0.99878597259521484,0.0018654034938663244,0.0004608561284840107,0,0,0,0,0,0
0,2047,160,-103.64565277099609,104.28923034667969,0,0.99867552518844604,-0.00088458304526284337,-0.0010342439636588097,0,0,0,0,0,0
0,2303,180,-103.66324615478516,104.26840972900391,0,0.99855029582977295,-0.0010193557245656848,-0.0014789546839892864,0,0,0,0,0,0
