particle_id,geometry_id,tx,ty,tz,tt,tpx,tpy,tpz,te,deltapx,deltapy,deltapz,deltae,index
0,255,20,-124.67633819580078,-263.56881713867188,0,0.99979275465011597,0.00039099360583350062,0.00024666840909048915,0,0,0,0,0,0
0,511,40,-124.66854858398438,-263.5638427734375,0,0.99941074848175049,0.00093677110271528363,0.00077924528159201145,0,0,0,0,0,0
0,767,60,-124.64989471435547,-263.54812622070312,0,0.99923133850097656,0.0033120186999440193,-0.0010899767512455583,0,0,0,0,0,0
0,1023,80,-124.58347320556641,-263.56954956054688,0,0.99907231330871582,0.0016052071005105972,-0.000238598688156344,0,0,0,0,0,0
0,1279,100,-124.55130767822266,-263.57412719726562,0,0.99892854690551758,0.0017757156165316701,-2.8742368158418685e-05,0,0,0,0,0,0
0,1535,120,-124.51575469970703,-263.57449340820312,0,0.99873489141464233,0.00071589532308280468,-6.6597363911569118e-05,0,0,0,0,0,0
0,1791,140,-124.50141143798828,-263.57574462890625,0,0.99856835603713989,0.00028686423320323229,4.3524491047719494e-05,0,0,0,0,0,0
0,2047,160,-124.49567413330078,-263.5748291015625,0,0.99839097261428833,0.00024577509611845016,0.00037855099071748555,0,0,0,0,0,0
0,2303,180,-124.49079895019531,-263.56723022460938,0,0.99821239709854126,0.00033722212538123131,0.0012078873114660382,0,0,0,0,0,0
