measurement_id,geometry_id,local_key,local0,local1,phi,theta,time,var_local0,var_local1,var_phi,var_theta,var_time
0,255,unknown,-57.361808776855469,330.5843505859375,-0.00042904316796921194,1.5710526704788208,0,0.0025000001769512892,0.0025000001769512892,0,0,0
1,511,unknown,-57.365959167480469,330.58599853515625,-0.0010433762799948454,1.5731068849563599,0,0.0025000001769512892,0.0025000001769512892,0,0,0
2,767,unknown,-57.431419372558594,330.5843505859375,-0.0033613918349146843,1.5727038383483887,0,0.0025000001769512892,0.0025000001769512892,0,0,0
3,1023,unknown,-57.416641235351562,330.46810913085938,-0.0030970093794167042,1.5729800462722778,0,0.0025000001769512892,0.0025000001769512892,0,0,0
4,1279,unknown,-57.493373870849609,330.50607299804688,-0.0022179544903337955,1.5735052824020386,0,0.0025000001769512892,0.0025000001769512892,0,0,0
5,1535,unknown,-57.594692230224609,330.43209838867188,-0.0022043038625270128,1.5742524862289429,0,0.0025000001769512892,0.0025000001769512892,0,0,0
6,1791,unknown,-57.548316955566406,330.30841064453125,-0.0024966283235698938,1.5740648508071899,0,0.0025000001769512892,0.0025000001769512892,0,0,0
7,2047,unknown,-57.603939056396484,330.2703857421875,-0.0019312172662466764,1.5724761486053467,0,0.0025000001769512892,0.0025000001769512892,0,0,0
8,2303,unknown,-57.727371215820312,330.24191284179688,-0.0018297376809641719,1.5721973180770874,0,0.0025000001769512892,0.0025000001769512892,0,0,0
