particle_id,geometry_id,tx,ty,tz,tt,tpx,tpy,tpz,te,deltapx,deltapy,deltapz,deltae,index
0,255,20,-108.1614990234375,-269.02862548828125,0,0.9998319149017334,-6.6757871536538005e-05,0.00043904955964535475,0,0,0,0,0,0
0,511,40,-108.16288757324219,-269.01983642578125,0,0.99962711334228516,0.00015568612434435636,0.00020027239224873483,0,0,0,0,0,0
0,767,60,-108.15979766845703,-269.01580810546875,0,0.9992097020149231,0.00097424426348879933,0.0005698032327927649,0,0,0,0,0,0
0,1023,80,-108.14036560058594,-269.0042724609375,0,0.99903726577758789,0.00093540380476042628,0.00041392908315174282,0,0,0,0,0,0
0,1279,100,-108.12168884277344,-268.99588012695312,0,0.99887007474899292,1.3345839761313982e-05,0.0011096129892393947,0,0,0,0,0,0
0,1535,120,-108.12155151367188,-268.97366333007812,0,0.99867331981658936,-0.00025750804343260825,0.0016540545038878918,0,0,0,0,0,0
0,1791,140,-108.12690734863281,-268.94058227539062,0,0.9985164999961853,-7.5851667133974843e-06,0.0034392934758216143,0,0,0,0,0,0
0,2047,160,-108.12747192382812,-268.8717041015625,0,0.9981958270072937,-0.00035674264654517174,0.0033086028415709734,0,0,0,0,0,0
0,2303,180,-108.13501739501953,-268.80545043945312,0,0.99802279472351074,0.00065065361559391022,0.0034577003680169582,0,0,0,0,0,0
