particle_id,particle_type,process,vx,vy,vz,vt,px,py,pz,m,q
0,0,0,0,-29.878353118896484,-178.77339172363281,0,1,0,-4.3711388286737929e-08,0,-1
