measurement_id,geometry_id,local_key,local0,local1,phi,theta,time,var_local0,var_local1,var_phi,var_theta,var_time
0,255,unknown,57.030681610107422,-192.78799438476562,-0.00085659901378676295,1.5712531805038452,0,0.0025000001769512892,0.0025000001769512892,0,0,0
1,511,unknown,57.015243530273438,-192.80584716796875,-0.0022700026165693998,1.5707257986068726,0,0.0025000001769512892,0.0025000001769512892,0,0,0
2,767,unknown,57.044902801513672,-192.76533508300781,-0.0024700344074517488,1.571172833442688,0,0.0025000001769512892,0.0025000001769512892,0,0,0
3,1023,unknown,56.926601409912109,-192.78105163574219,-0.0038002054207026958,1.5686554908752441,0,0.0025000001769512892,0.0025000001769512892,0,0,0
4,1279,unknown,56.865627288818359,-192.66361999511719,-0.0045158937573432922,1.5675017833709717,0,0.0025000001769512892,0.0025000001769512892,0,0,0
5,1535,unknown,56.776554107666016,-192.60105895996094,-0.0054878299124538898,1.5669293403625488,0,0.0025000001769512892,0.0025000001769512892,0,0,0
6,1791,unknown,56.705818176269531,-192.57772827148438,-0.0052631041035056114,1.5667209625244141,0,0.0025000001769512892,0.0025000001769512892,0,0,0
7,2047,unknown,56.642036437988281,-192.46601867675781,-0.0051004514098167419,1.5676466226577759,0,0.0025000001769512892,0.0025000001769512892,0,0,0
8,2303,unknown,56.525005340576172,-192.40303039550781,-0.0049388906918466091,1.5682687759399414,0,0.0025000001769512892,0.0025000001769512892,0,0,0
