particle_id,geometry_id,tx,ty,tz,tt,tpx,tpy,tpz,te,deltapx,deltapy,deltapz,deltae,index
0,255,20,-421.95364379882812,221.49154663085938,0,0.99984979629516602,0.0011613573879003525,0.00058780860854312778,0,0,0,0,0,0
0,511,40,-421.93048095703125,221.50344848632812,0,0.99972128868103027,0.00047322065802291036,-0.00056803692132234573,0,0,0,0,0,0
0,767,60,-421.92095947265625,221.49214172363281,0,0.99957531690597534,0.00070710235740989447,-0.00051957566756755114,0,0,0,0,0,0
0,1023,80,-421.90673828125,221.48182678222656,0,0.99942117929458618,0.0010780403390526772,-0.0011266353540122509,0,0,0,0,0,0
0,1279,100,-421.88504028320312,221.45941162109375,0,0.99919092655181885,0.00057841150555759668,-0.0010998132638633251,0,0,0,0,0,0
0,1535,120,-421.87332153320312,221.43746948242188,0,0.9990430474281311,0.00017946850857697427,-0.0011919491225853562,0,0,0,0,0,0
0,1791,140,-421.86959838867188,221.41363525390625,0,0.99885213375091553,-0.00016846913786139339,-0.0010678858961910009,0,0,0,0,0,0
0,2047,160,-421.87283325195312,221.39222717285156,0,0.99872100353240967,0.0010443474166095257,-0.0015298067592084408,0,0,0,0,0,0
0,2303,180,-421.85174560546875,221.36172485351562,0,0.99845653772354126,0.0010072920704260468,-0.0015473745297640562,0,0,0,0,0,0
