particle_id,geometry_id,tx,ty,tz,tt,tpx,tpy,tpz,te,deltapx,deltapy,deltapz,deltae,index
0,255,20,-64.542793273925781,382.03350830078125,0,0.99981033802032471,0.0022199631202965975,-0.00022757163969799876,0,0,0,0,0,0
0,511,40,-64.498359680175781,382.02923583984375,0,0.99873685836791992,0.0026967942249029875,-0.00053033314179629087,0,0,0,0,0,0
0,767,60,-64.444290161132812,382.01895141601562,0,0.99850958585739136,0.0027771671302616596,-0.00078327493974938989,0,0,0,0,0,0
0,1023,80,-64.388572692871094,382.00360107421875,0,0.99836713075637817,0.0023380783386528492,-0.00021355648641474545,0,0,0,0,0,0
0,1279,100,-64.341712951660156,381.99960327148438,0,0.99811232089996338,0.0034532889258116484,0.0001278652052860707,0,0,0,0,0,0
0,1535,120,-64.272537231445312,382.00259399414062,0,0.99775069952011108,0.0020405726972967386,-0.0010109269060194492,0,0,0,0,0,0
0,1791,140,-64.231513977050781,381.98257446289062,0,0.997123122215271,0.00075911573367193341,-0.00052115385187789798,0,0,0,0,0,0
0,2047,160,-64.216224670410156,381.97219848632812,0,0.99698281288146973,0.00052989559480920434,-0.0015876382822170854,0,0,0,0,0,0
0,2303,180,-64.205406188964844,381.94039916992188,0,0.99685204029083252,-2.7929836505791172e-05,-0.0011655681300908327,0,0,0,0,0,0
