particle_id,geometry_id,tx,ty,tz,tt,tpx,tpy,tpz,te,deltapx,deltapy,deltapz,deltae,index
0,255,20,-269.13092041015625,266.62847900390625,0,0.99986004829406738,-5.698086170013994e-05,-6.3454172050114721e-05,0,0,0,0,0,0
0,511,40,-269.13204956054688,266.627197265625,0,0.99971407651901245,-0.00023713009431958199,0.00019313930533826351,0,0,0,0,0,0
0,767,60,-269.13681030273438,266.63104248046875,0,0.99956423044204712,-0.00048963824519887567,0.00021610774274449795,0,0,0,0,0,0
0,1023,80,-269.14663696289062,266.63531494140625,0,0.99943625926971436,-0.00077025132486596704,0.00072422140510752797,0,0,0,0,0,0
0,1279,100,-269.16213989257812,266.64971923828125,0,0.99891316890716553,-0.00073447969043627381,-0.00094065500888973475,0,0,0,0,0,0
0,1535,120,-269.17672729492188,266.63079833984375,0,0.99876165390014648,-0.00063524680444970727,-0.001159585895948112,0,0,0,0,0,0
0,1791,140,-269.18930053710938,266.60751342773438,0,0.99858927726745605,0.00017349614063277841,-0.0019919613841921091,0,0,0,0,0,0
0,2047,160,-269.18557739257812,266.567626953125,0,0.99841815233230591,-0.0011092344066128135,-0.0014247234212234616,0,0,0,0,0,0
0,2303,180,-269.20761108398438,266.5389404296875,0,0.9981682300567627,-0.0011349308770149946,-0.0014071131590753794,0,0,0,0,0,0
