particle_id,particle_type,process,vx,vy,vz,vt,px,py,pz,m,q
0,0,0,0,77.318359375,107.60824584960938,0,1,0,-4.3711388286737929e-08,0,-1
