particle_id,geometry_id,tx,ty,tz,tt,tpx,tpy,tpz,te,deltapx,deltapy,deltapz,deltae,index
0,255,20,171.74728393554688,33.585838317871094,0,0.99981456995010376,-0.00021936195844318718,9.3994982307776809e-05,0,0,0,0,0,0
0,511,40,171.74288940429688,33.587692260742188,0,0.99959081411361694,-0.0014128796756267548,-0.00088683736976236105,0,0,0,0,0,0
0,767,60,171.7147216796875,33.569778442382812,0,0.9994279146194458,-0.0015009634662419558,-0.00098653335589915514,0,0,0,0,0,0
0,1023,80,171.68479919433594,33.549858093261719,0,0.99928504228591919,-0.0013566990382969379,-0.0010349948424845934,0,0,0,0,0,0
0,1279,100,171.65777587890625,33.528980255126953,0,0.99857193231582642,0.0014977554092183709,-0.0011876982171088457,0,0,0,0,0,0
0,1535,120,171.68791198730469,33.505374908447266,0,0.99844968318939209,0.00085204222705215216,4.8875434004003182e-05,0,0,0,0,0,0
0,1791,140,171.70497131347656,33.506458282470703,0,0.99831509590148926,0.00098805292509496212,7.3622613854240626e-05,0,0,0,0,0,0
0,2047,160,171.72476196289062,33.508052825927734,0,0.99783790111541748,0.0016616397770121694,0.0012584661599248648,0,0,0,0,0,0
0,2303,180,171.75791931152344,33.533477783203125,0,0.9976993203163147,0.0019168707076460123,0.0015680000651627779,0,0,0,0,0,0
