particle_id,geometry_id,tx,ty,tz,tt,tpx,tpy,tpz,te,deltapx,deltapy,deltapz,deltae,index
0,255,20,16.808568954467773,11.401186943054199,0,0.99981397390365601,0.00022917811293154955,-0.00022935970628168434,0,0,0,0,0,0
0,511,40,16.813180923461914,11.396626472473145,0,0.99957448244094849,0.00063271907856687903,0.00036815635394304991,0,0,0,0,0,0
0,767,60,16.825796127319336,11.404068946838379,0,0.99941086769104004,-0.00045852412586100399,0.0013901910278946161,0,0,0,0,0,0
0,1023,80,16.81645393371582,11.431833267211914,0,0.99922573566436768,-0.00036604679189622402,0.0014385331887751818,0,0,0,0,0,0
0,1279,100,16.808954238891602,11.46058177947998,0,0.99908071756362915,-0.00061864260351285338,0.00096311606466770172,0,0,0,0,0,0
0,1535,120,16.796455383300781,11.47978687286377,0,0.99871635437011719,0.00093737209681421518,0.001510067842900753,0,0,0,0,0,0
0,1791,140,16.815044403076172,11.510139465332031,0,0.99856549501419067,0.0010398031445220113,0.0016847077058628201,0,0,0,0,0,0
0,2047,160,16.835666656494141,11.54400634765625,0,0.99842697381973267,0.00069261027965694666,0.0016265095910057425,0,0,0,0,0,0
0,2303,180,16.849344253540039,11.57667064666748,0,0.99815928936004639,0.0010878755711019039,0.0017953973729163408,0,0,0,0,0,0
