particle_id,geometry_id,tx,ty,tz,tt,tpx,tpy,tpz,te,deltapx,deltapy,deltapz,deltae,index
0,255,20,392.43911743164062,236.77206420898438,0,0.99969416856765747,-0.0017349161207675934,0.00018658123735804111,0,0,0,0,0,0
0,511,40,392.40438842773438,236.77558898925781,0,0.99955290555953979,-0.0017015240155160427,0.00011398875358281657,0,0,0,0,0,0
0,767,60,392.37033081054688,236.77766418457031,0,0.99937200546264648,-0.0039667314849793911,0.00019617225916590542,0,0,0,0,0,0
0,1023,80,392.29092407226562,236.78111267089844,0,0.99923616647720337,-0.0039807879365980625,0.00024129178200382739,0,0,0,0,0,0
0,1279,100,392.21121215820312,236.78546142578125,0,0.99904906749725342,-0.0033955010585486889,0.00022623990662395954,0,0,0,0,0,0
0,1535,120,392.14321899414062,236.78958129882812,0,0.99890559911727905,-0.0024350418243557215,0.00061488128267228603,0,0,0,0,0,0
0,1791,140,392.09439086914062,236.80160522460938,0,0.99866431951522827,-0.0037875543348491192,-0.00017361990467179567,0,0,0,0,0,0
0,2047,160,392.0185546875,236.79766845703125,0,0.99850475788116455,-0.0032077978830784559,-0.00082517130067571998,0,0,0,0,0,0
0,2303,180,391.95440673828125,236.78076171875,0,0.9983440637588501,-0.0035772980190813541,-0.0018937753047794104,0,0,0,0,0,0
