particle_id,particle_type,process,vx,vy,vz,vt,px,py,pz,m,q
0,0,0,0,-241.98785400390625,163.38961791992188,0,1,0,-4.3711388286737929e-08,0,-1
