particle_id,particle_type,process,vx,vy,vz,vt,px,py,pz,m,q
0,0,0,0,195.03294372558594,136.44210815429688,0,1,0,-4.3711388286737929e-08,0,-1
