particle_id,geometry_id,tx,ty,tz,tt,tpx,tpy,tpz,te,deltapx,deltapy,deltapz,deltae,index
0,255,20,-178.99481201171875,163.63154602050781,0,0.99972480535507202,7.2032620664685965e-05,-9.3597242084797472e-05,0,0,0,0,0,0
0,511,40,-178.99336242675781,163.62968444824219,0,0.9995923638343811,-0.00067262590164318681,-0.00065840681781992316,0,0,0,0,0,0
0,767,60,-179.00674438476562,163.61642456054688,0,0.99941813945770264,-0.00077068852260708809,0.00037024333141744137,0,0,0,0,0,0
0,1023,80,-179.022216796875,163.62373352050781,0,0.99914073944091797,-0.0005395034677349031,-0.0013773964019492269,0,0,0,0,0,0
0,1279,100,-179.03285217285156,163.59609985351562,0,0.99893331527709961,-0.0018806594889611006,-0.0015028640627861023,0,0,0,0,0,0
0,1535,120,-179.07032775878906,163.56578063964844,0,0.99876606464385986,-0.0013706019381061196,-0.0020444653928279877,0,0,0,0,0,0
0,1791,140,-179.0975341796875,163.52467346191406,0,0.9985770583152771,-0.0018612723797559738,-0.0024361992254853249,0,0,0,0,0,0
0,2047,160,-179.134521484375,163.47566223144531,0,0.99836885929107666,-0.0022798709105700254,-0.00090717739658430219,0,0,0,0,0,0
0,2303,180,-179.18008422851562,163.45721435546875,0,0.99787318706512451,-0.0014404468238353729,0.00090544874547049403,0,0,0,0,0,0
