measurement_id,geometry_id,local_key,local0,local1,phi,theta,time,var_local0,var_local1,var_phi,var_theta,var_time
0,255,unknown,-16.847438812255859,-193.84649658203125,-0.00066623149905353785,1.5709793567657471,0,0.0025000001769512892,0.0025000001769512892,0,0,0
1,511,unknown,-16.810022354125977,-193.82893371582031,-0.00057790050050243735,1.5710185766220093,0,0.0025000001769512892,0.0025000001769512892,0,0,0
2,767,unknown,-16.967350006103516,-193.82298278808594,0.00033945307950489223,1.5714904069900513,0,0.0025000001769512892,0.0025000001769512892,0,0,0
3,1023,unknown,-16.904951095581055,-193.80540466308594,0.00084360508481040597,1.5713618993759155,0,0.0025000001769512892,0.0025000001769512892,0,0,0
4,1279,unknown,-16.859086990356445,-193.89324951171875,0.00081113429041579366,1.5709356069564819,0,0.0025000001769512892,0.0025000001769512892,0,0,0
5,1535,unknown,-16.916683197021484,-193.81196594238281,0.0017947230953723192,1.5703756809234619,0,0.0025000001769512892,0.0025000001769512892,0,0,0
6,1791,unknown,-16.732099533081055,-193.92131042480469,0.00034634387702681124,1.5688287019729614,0,0.0025000001769512892,0.0025000001769512892,0,0,0
7,2047,unknown,-16.804359436035156,-193.90438842773438,0.00010743334132712334,1.5685259103775024,0,0.0025000001769512892,0.0025000001769512892,0,0,0
8,2303,unknown,-16.854307174682617,-193.765869140625,-0.00010707374894991517,1.5689395666122437,0,0.0025000001769512892,0.0025000001769512892,0,0,0
