measurement_id,geometry_id,local_key,local0,local1,phi,theta,time,var_local0,var_local1,var_phi,var_theta,var_time
0,255,unknown,196.97154235839844,-175.12982177734375,-0.0013402807526290417,1.5711653232574463,0,0.0025000001769512892,0.0025000001769512892,0,0,0
1,511,unknown,196.96343994140625,-175.0377197265625,-0.00073319027433171868,1.5710139274597168,0,0.0025000001769512892,0.0025000001769512892,0,0,0
2,767,unknown,196.97262573242188,-175.15316772460938,-0.0011594403767958283,1.5722190141677856,0,0.0025000001769512892,0.0025000001769512892,0,0,0
3,1023,unknown,196.932373046875,-175.1380615234375,-0.0015361929545179009,1.5724910497665405,0,0.0025000001769512892,0.0025000001769512892,0,0,0
4,1279,unknown,196.96145629882812,-175.22331237792969,-0.001214274438098073,1.5732458829879761,0,0.0025000001769512892,0.0025000001769512892,0,0,0
5,1535,unknown,196.9566650390625,-175.1380615234375,-0.0024969091173261404,1.5727144479751587,0,0.0025000001769512892,0.0025000001769512892,0,0,0
6,1791,unknown,196.80082702636719,-175.30206298828125,-0.0024063107557594776,1.5727235078811646,0,0.0025000001769512892,0.0025000001769512892,0,0,0
7,2047,unknown,196.82281494140625,-175.31327819824219,-0.0028365487232804298,1.5737733840942383,0,0.0025000001769512892,0.0025000001769512892,0,0,0
8,2303,unknown,196.75849914550781,-175.40791320800781,-0.0028900597244501114,1.5751328468322754,0,0.0025000001769512892,0.0025000001769512892,0,0,0
