particle_id,geometry_id,tx,ty,tz,tt,tpx,tpy,tpz,te,deltapx,deltapy,deltapz,deltae,index
0,255,20,86.496414184570312,90.260536193847656,0,0.9997711181640625,-0.0013460529735311866,-0.00052909314399585128,0,0,0,0,0,0
0,511,40,86.469551086425781,90.249794006347656,0,0.99964272975921631,-0.00070966529892757535,-0.00085470767226070166,0,0,0,0,0,0
0,767,60,86.455451965332031,90.232612609863281,0,0.99942046403884888,-0.00057474646018818021,-0.0015622115461155772,0,0,0,0,0,0
0,1023,80,86.444137573242188,90.201278686523438,0,0.99925541877746582,-7.6979195000603795e-05,-0.0022054447326809168,0,0,0,0,0,0
0,1279,100,86.442863464355469,90.157127380371094,0,0.99910718202590942,0.00012941457680426538,-0.0019377305870875716,0,0,0,0,0,0
0,1535,120,86.445686340332031,90.118354797363281,0,0.9989546537399292,-0.00031055769068188965,-0.0022188331931829453,0,0,0,0,0,0
0,1791,140,86.439735412597656,90.073898315429688,0,0.99880921840667725,-0.0015842048451304436,-0.0017999887932091951,0,0,0,0,0,0
0,2047,160,86.408233642578125,90.037666320800781,0,0.99856126308441162,-0.002443953650072217,-0.00077581533696502447,0,0,0,0,0,0
0,2303,180,86.359375,90.021835327148438,0,0.99843400716781616,-0.0016955159371718764,-0.0012682321248576045,0,0,0,0,0,0
