measurement_id,geometry_id,local_key,local0,local1,phi,theta,time,var_local0,var_local1,var_phi,var_theta,var_time
0,255,unknown,-29.12693977355957,162.79127502441406,-0.0018363986164331436,1.5690656900405884,0,0.0025000001769512892,0.0025000001769512892,0,0,0
1,511,unknown,-29.203289031982422,162.85099792480469,-0.0018344692653045058,1.5691879987716675,0,0.0025000001769512892,0.0025000001769512892,0,0,0
2,767,unknown,-29.044713973999023,162.94830322265625,-0.0032668933272361755,1.569671630859375,0,0.0025000001769512892,0.0025000001769512892,0,0,0
3,1023,unknown,-29.199638366699219,162.95883178710938,-0.0050195194780826569,1.5694375038146973,0,0.0025000001769512892,0.0025000001769512892,0,0,0
4,1279,unknown,-29.419797897338867,162.97584533691406,-0.004198429174721241,1.5685278177261353,0,0.0025000001769512892,0.0025000001769512892,0,0,0
5,1535,unknown,-29.526935577392578,163.081787109375,-0.0034147182013839483,1.5688740015029907,0,0.0025000001769512892,0.0025000001769512892,0,0,0
6,1791,unknown,-29.435369491577148,163.07595825195312,-0.0034155622124671936,1.5689142942428589,0,0.0025000001769512892,0.0025000001769512892,0,0,0
7,2047,unknown,-29.590051651000977,163.06317138671875,-0.0034612210001796484,1.5693340301513672,0,0.0025000001769512892,0.0025000001769512892,0,0,0
8,2303,unknown,-29.638217926025391,163.09657287597656,-0.0041558342054486275,1.5693238973617554,0,0.0025000001769512892,0.0025000001769512892,0,0,0
