measurement_id,geometry_id,local_key,local0,local1,phi,theta,time,var_local0,var_local1,var_phi,var_theta,var_time
0,255,unknown,176.46334838867188,451.86422729492188,-0.00015127137885428965,1.5698370933532715,0,0.0025000001769512892,0.0025000001769512892,0,0,0
1,511,unknown,176.45401000976562,451.8154296875,0.00054386357078328729,1.5702719688415527,0,0.0025000001769512892,0.0025000001769512892,0,0,0
2,767,unknown,176.47938537597656,451.9091796875,-0.00022657669615000486,1.5697749853134155,0,0.0025000001769512892,0.0025000001769512892,0,0,0
3,1023,unknown,176.42338562011719,451.887939453125,-0.00031030294485390186,1.5699629783630371,0,0.0025000001769512892,0.0025000001769512892,0,0,0
4,1279,unknown,176.4146728515625,451.89401245117188,-0.00087678851559758186,1.570832371711731,0,0.0025000001769512892,0.0025000001769512892,0,0,0
5,1535,unknown,176.45161437988281,451.92202758789062,-0.0016516686882823706,1.5717577934265137,0,0.0025000001769512892,0.0025000001769512892,0,0,0
6,1791,unknown,176.38627624511719,451.88760375976562,-0.0016851655673235655,1.5715097188949585,0,0.0025000001769512892,0.0025000001769512892,0,0,0
7,2047,unknown,176.33140563964844,451.97976684570312,-0.0020158637780696154,1.5707806348800659,0,0.0025000001769512892,0.0025000001769512892,0,0,0
8,2303,unknown,176.31240844726562,451.91519165039062,-0.0015918146818876266,1.5695341825485229,0,0.0025000001769512892,0.0025000001769512892,0,0,0
