measurement_id,geometry_id,local_key,local0,local1,phi,theta,time,var_local0,var_local1,var_phi,var_theta,var_time
0,255,unknown,-460.68292236328125,209.35255432128906,0.0015266345581039786,1.5702422857284546,0,0.0025000001769512892,0.0025000001769512892,0,0,0
1,511,unknown,-460.60369873046875,209.25588989257812,0.00080754311056807637,1.5695711374282837,0,0.0025000001769512892,0.0025000001769512892,0,0,0
2,767,unknown,-460.62692260742188,209.34983825683594,0.00082816428039222956,1.5695817470550537,0,0.0025000001769512892,0.0025000001769512892,0,0,0
3,1023,unknown,-460.6051025390625,209.44252014160156,0.0014660221058875322,1.5689194202423096,0,0.0025000001769512892,0.0025000001769512892,0,0,0
4,1279,unknown,-460.6182861328125,209.36895751953125,0.00010177661170018837,1.5684992074966431,0,0.0025000001769512892,0.0025000001769512892,0,0,0
5,1535,unknown,-460.49761962890625,209.38363647460938,0.00051089504268020391,1.568972110748291,0,0.0025000001769512892,0.0025000001769512892,0,0,0
6,1791,unknown,-460.61813354492188,209.41242980957031,-0.00056821299949660897,1.5694236755371094,0,0.0025000001769512892,0.0025000001769512892,0,0,0
7,2047,unknown,-460.6422119140625,209.47575378417969,-0.00069068040465936065,1.5684628486633301,0,0.0025000001769512892,0.0025000001769512892,0,0,0
8,2303,unknown,-460.597412109375,209.45989990234375,0.00074112811125814915,1.5681899785995483,0,0.0025000001769512892,0.0025000001769512892,0,0,0
