particle_id,geometry_id,tx,ty,tz,tt,tpx,tpy,tpz,te,deltapx,deltapy,deltapz,deltae,index
0,255,20,-148.90908813476562,-84.152450561523438,0,0.99987542629241943,-0.00054801936494186521,-0.00060912745539098978,0,0,0,0,0,0
0,511,40,-148.91998291015625,-84.164703369140625,0,0.99971514940261841,-0.00085514422971755266,-0.00086752144852653146,0,0,0,0,0,0
0,767,60,-148.93698120117188,-84.182159423828125,0,0.9995083212852478,-0.0021624986547976732,-8.5832376498728991e-05,0,0,0,0,0,0
0,1023,80,-148.98023986816406,-84.184135437011719,0,0.99924772977828979,-0.0018847201718017459,-0.00012011646322207525,0,0,0,0,0,0
0,1279,100,-149.0179443359375,-84.186767578125,0,0.99884694814682007,-0.0010584790725260973,0.00016606163990218192,0,0,0,0,0,0
0,1535,120,-149.03915405273438,-84.183570861816406,0,0.9984891414642334,-0.0011994217056781054,0.00064961815951392055,0,0,0,0,0,0
0,1791,140,-149.06326293945312,-84.170700073242188,0,0.99835813045501709,0.0002814473700709641,0.002112450310960412,0,0,0,0,0,0
0,2047,160,-149.05787658691406,-84.128349304199219,0,0.99819999933242798,-0.00010459365148562938,0.0020272720139473677,0,0,0,0,0,0
0,2303,180,-149.06021118164062,-84.087745666503906,0,0.99800080060958862,-0.0007921249489299953,0.0018429383635520935,0,0,0,0,0,0
