particle_id,geometry_id,tx,ty,tz,tt,tpx,tpy,tpz,te,deltapx,deltapy,deltapz,deltae,index
0,255,20,60.397998809814453,74.81903076171875,0,0.99984848499298096,-0.00015083867765497416,-0.00016381245222873986,0,0,0,0,0,0
0,511,40,60.395000457763672,74.81573486328125,0,0.99968284368515015,0.00039211806142702699,-5.3551695600617677e-05,0,0,0,0,0,0
0,767,60,60.402851104736328,74.814712524414062,0,0.99954205751419067,0.0011330636916682124,0.001145749120041728,0,0,0,0,0,0
0,1023,80,60.425384521484375,74.837776184082031,0,0.99932539463043213,1.7248104313694057e-06,0.0011932707857340574,0,0,0,0,0,0
0,1279,100,60.425273895263672,74.861656188964844,0,0.99919384717941284,0.00077052554115653038,0.00038219068665057421,0,0,0,0,0,0
0,1535,120,60.440650939941406,74.869400024414062,0,0.99901068210601807,4.5650049287360162e-05,9.1180307208560407e-05,0,0,0,0,0,0
0,1791,140,60.441555023193359,74.871231079101562,0,0.99886906147003174,-0.00075568590546026826,-2.6240053557557985e-05,0,0,0,0,0,0
0,2047,160,60.426425933837891,74.870613098144531,0,0.99865269660949707,-0.00074106128886342049,-0.00032611811184324324,0,0,0,0,0,0
0,2303,180,60.411624908447266,74.863990783691406,0,0.99851894378662109,-0.00061550369719043374,0.00069903582334518433,0,0,0,0,0,0
