measurement_id,geometry_id,local_key,local0,local1,phi,theta,time,var_local0,var_local1,var_phi,var_theta,var_time
0,255,unknown,187.25677490234375,151.14825439453125,-0.00024845130974426866,1.5699425935745239,0,0.0025000001769512892,0.0025000001769512892,0,0,0
1,511,unknown,187.25224304199219,151.18656921386719,-0.00033600459573790431,1.5698845386505127,0,0.0025000001769512892,0.0025000001769512892,0,0,0
2,767,unknown,187.21343994140625,151.26210021972656,-0.000428786501288414,1.5708215236663818,0,0.0025000001769512892,0.0025000001769512892,0,0,0
3,1023,unknown,187.34080505371094,151.21665954589844,-0.0015307583380490541,1.5702999830245972,0,0.0025000001769512892,0.0025000001769512892,0,0,0
4,1279,unknown,187.23829650878906,151.2510986328125,-0.0023492169566452503,1.570651650428772,0,0.0025000001769512892,0.0025000001769512892,0,0,0
5,1535,unknown,187.20594787597656,151.18962097167969,-0.0018709012074396014,1.5701146125793457,0,0.0025000001769512892,0.0025000001769512892,0,0,0
6,1791,unknown,187.15815734863281,151.24050903320312,-0.0028897521551698446,1.5709680318832397,0,0.0025000001769512892,0.0025000001769512892,0,0,0
7,2047,unknown,187.09333801269531,151.20413208007812,-0.0030911334324628115,1.5706132650375366,0,0.0025000001769512892,0.0025000001769512892,0,0,0
8,2303,unknown,187.06730651855469,151.20619201660156,-0.003289736807346344,1.5706977844238281,0,0.0025000001769512892,0.0025000001769512892,0,0,0
