measurement_id,geometry_id,local_key,local0,local1,phi,theta,time,var_local0,var_local1,var_phi,var_theta,var_time
0,255,unknown,-98.978515625,398.3052978515625,-0.0010190055472776294,1.5699092149734497,0,0.0025000001769512892,0.0025000001769512892,0,0,0
1,511,unknown,-98.901481628417969,398.3680419921875,-0.00055868894560262561,1.5695644617080688,0,0.0025000001769512892,0.0025000001769512892,0,0,0
2,767,unknown,-98.986534118652344,398.36376953125,-0.0005931162741035223,1.5698115825653076,0,0.0025000001769512892,0.0025000001769512892,0,0,0
3,1023,unknown,-99.124595642089844,398.4698486328125,-0.00058239192003384233,1.5702222585678101,0,0.0025000001769512892,0.0025000001769512892,0,0,0
4,1279,unknown,-99.023109436035156,398.47073364257812,-4.8796362534631044e-05,1.571226954460144,0,0.0025000001769512892,0.0025000001769512892,0,0,0
5,1535,unknown,-99.047271728515625,398.41455078125,0.00018701438966672868,1.5716298818588257,0,0.0025000001769512892,0.0025000001769512892,0,0,0
6,1791,unknown,-98.973312377929688,398.37548828125,0.00088281271746382117,1.5722994804382324,0,0.0025000001769512892,0.0025000001769512892,0,0,0
7,2047,unknown,-98.991600036621094,398.36505126953125,0.00062377075664699078,1.5723519325256348,0,0.0025000001769512892,0.0025000001769512892,0,0,0
8,2303,unknown,-99.044929504394531,398.36590576171875,0.00089321774430572987,1.5729458332061768,0,0.0025000001769512892,0.0025000001769512892,0,0,0
