measurement_id,geometry_id,local_key,local0,local1,phi,theta,time,var_local0,var_local1,var_phi,var_theta,var_time
0,255,unknown,254.28736877441406,344.54742431640625,-9.4925497251097113e-05,1.570949912071228,0,0.0025000001769512892,0.0025000001769512892,0,0,0
1,511,unknown,254.11624145507812,344.53668212890625,0.0015634566079825163,1.5701898336410522,0,0.0025000001769512892,0.0025000001769512892,0,0,0
2,767,unknown,254.27177429199219,344.53024291992188,0.0016728047048673034,1.5698120594024658,0,0.0025000001769512892,0.0025000001769512892,0,0,0
3,1023,unknown,254.18492126464844,344.50936889648438,0.0016420352039858699,1.5684162378311157,0,0.0025000001769512892,0.0025000001769512892,0,0,0
4,1279,unknown,254.27568054199219,344.65740966796875,0.0027013020589947701,1.5692520141601562,0,0.0025000001769512892,0.0025000001769512892,0,0,0
5,1535,unknown,254.40809631347656,344.56088256835938,0.002452383516356349,1.5690271854400635,0,0.0025000001769512892,0.0025000001769512892,0,0,0
6,1791,unknown,254.36372375488281,344.62921142578125,0.0025737660471349955,1.5688216686248779,0,0.0025000001769512892,0.0025000001769512892,0,0,0
7,2047,unknown,254.54792785644531,344.739501953125,0.0016211946494877338,1.5694940090179443,0,0.0025000001769512892,0.0025000001769512892,0,0,0
8,2303,unknown,254.57476806640625,344.73272705078125,0.0017099673859775066,1.5695090293884277,0,0.0025000001769512892,0.0025000001769512892,0,0,0
