particle_id,geometry_id,tx,ty,tz,tt,tpx,tpy,tpz,te,deltapx,deltapy,deltapz,deltae,index
0,255,20,-112.94597625732422,111.76982116699219,0,0.99981844425201416,-0.00039976887637749314,0.00011246943904552609,0,0,0,0,0,0
0,511,40,-112.95398712158203,111.77202606201172,0,0.9996371865272522,-0.00027493512607179582,-0.00018439357518218458,0,0,0,0,0,0
0,767,60,-112.95946502685547,111.76830291748047,0,0.99946314096450806,-0.00048533439985476434,0.00010039580229204148,0,0,0,0,0,0
0,1023,80,-112.96919250488281,111.77025604248047,0,0.9993135929107666,-0.00051521731074899435,-0.000156815440277569,0,0,0,0,0,0
0,1279,100,-112.97948455810547,111.76705932617188,0,0.99884796142578125,-0.001083689508959651,7.7829441579524428e-05,0,0,0,0,0,0
0,1535,120,-113.00119018554688,111.76848602294922,0,0.998668372631073,-0.0013057204196229577,0.00035282247699797153,0,0,0,0,0,0
0,1791,140,-113.02738189697266,111.77539825439453,0,0.99852514266967773,-0.0010682357242330909,-0.00032940949313342571,0,0,0,0,0,0
0,2047,160,-113.04873657226562,111.76866912841797,0,0.99836444854736328,-0.0016685652080923319,-0.00045753532322123647,0,0,0,0,0,0
0,2303,180,-113.08210754394531,111.75930023193359,0,0.99819487333297729,-0.0017008871072903275,-0.00045400680392049253,0,0,0,0,0,0
