measurement_id,geometry_id,local_key,local0,local1,phi,theta,time,var_local0,var_local1,var_phi,var_theta,var_time
0,255,unknown,-176.55952453613281,372.19754028320312,-0.00027623237110674381,1.5713266134262085,0,0.0025000001769512892,0.0025000001769512892,0,0,0
1,511,unknown,-176.57337951660156,372.20040893554688,0.00027581921312958002,1.5714980363845825,0,0.0025000001769512892,0.0025000001769512892,0,0,0
2,767,unknown,-176.67117309570312,372.20404052734375,-0.00023952685296535492,1.571668267250061,0,0.0025000001769512892,0.0025000001769512892,0,0,0
3,1023,unknown,-176.658447265625,372.1883544921875,-0.00046331767225638032,1.5723873376846313,0,0.0025000001769512892,0.0025000001769512892,0,0,0
4,1279,unknown,-176.73208618164062,372.07147216796875,-0.0011098935501649976,1.5725029706954956,0,0.0025000001769512892,0.0025000001769512892,0,0,0
5,1535,unknown,-176.69551086425781,372.15255737304688,-0.0011212038807570934,1.5720422267913818,0,0.0025000001769512892,0.0025000001769512892,0,0,0
6,1791,unknown,-176.65625,372.03836059570312,-0.0012472230009734631,1.5718499422073364,0,0.0025000001769512892,0.0025000001769512892,0,0,0
7,2047,unknown,-176.76957702636719,372.1275634765625,-0.00048887828597798944,1.5728331804275513,0,0.0025000001769512892,0.0025000001769512892,0,0,0
8,2303,unknown,-176.79083251953125,372.04058837890625,-0.00073739519575610757,1.5727888345718384,0,0.0025000001769512892,0.0025000001769512892,0,0,0
