measurement_id,geometry_id,local_key,local0,local1,phi,theta,time,var_local0,var_local1,var_phi,var_theta,var_time
0,255,unknown,-59.684135437011719,-142.58793640136719,-0.00096074730390682817,1.5717129707336426,0,0.0025000001769512892,0.0025000001769512892,0,0,0
1,511,unknown,-59.681541442871094,-142.57858276367188,-0.00041497513302601874,1.5718073844909668,0,0.0025000001769512892,0.0025000001769512892,0,0,0
2,767,unknown,-59.756439208984375,-142.666748046875,0.00039309714338742197,1.5729819536209106,0,0.0025000001769512892,0.0025000001769512892,0,0,0
3,1023,unknown,-59.742179870605469,-142.75852966308594,-0.00027820223476737738,1.572873592376709,0,0.0025000001769512892,0.0025000001769512892,0,0,0
4,1279,unknown,-59.672393798828125,-142.78315734863281,-8.3187092968728393e-05,1.5729309320449829,0,0.0025000001769512892,0.0025000001769512892,0,0,0
5,1535,unknown,-59.665687561035156,-142.70021057128906,-0.00078736268915235996,1.5723503828048706,0,0.0025000001769512892,0.0025000001769512892,0,0,0
6,1791,unknown,-59.733036041259766,-142.78421020507812,-0.00089419516734778881,1.572718620300293,0,0.0025000001769512892,0.0025000001769512892,0,0,0
7,2047,unknown,-59.694126129150391,-142.92620849609375,-0.00055294216144829988,1.5728131532669067,0,0.0025000001769512892,0.0025000001769512892,0,0,0
8,2303,unknown,-59.700481414794922,-142.94349670410156,-0.00065118650672957301,1.5726579427719116,0,0.0025000001769512892,0.0025000001769512892,0,0,0
