measurement_id,geometry_id,local_key,local0,local1,phi,theta,time,var_local0,var_local1,var_phi,var_theta,var_time
0,255,unknown,-79.20819091796875,65.128776550292969,0.00047845125664025545,1.5704631805419922,0,0.0025000001769512892,0.0025000001769512892,0,0,0
1,511,unknown,-79.23321533203125,65.075439453125,-0.00056749855866655707,1.5702656507492065,0,0.0025000001769512892,0.0025000001769512892,0,0,0
2,767,unknown,-79.20904541015625,65.002052307128906,-0.00037448742659762502,1.5700614452362061,0,0.0025000001769512892,0.0025000001769512892,0,0,0
3,1023,unknown,-79.341560363769531,65.035369873046875,-9.038254211191088e-05,1.5701014995574951,0,0.0025000001769512892,0.0025000001769512892,0,0,0
4,1279,unknown,-79.309402465820312,65.106727600097656,-0.00082437758101150393,1.5720187425613403,0,0.0025000001769512892,0.0025000001769512892,0,0,0
5,1535,unknown,-79.272544860839844,65.068931579589844,-0.00035094920895062387,1.5716937780380249,0,0.0025000001769512892,0.0025000001769512892,0,0,0
6,1791,unknown,-79.280715942382812,65.116706848144531,-0.00052925857016816735,1.5718994140625,0,0.0025000001769512892,0.0025000001769512892,0,0,0
7,2047,unknown,-79.221122741699219,65.078193664550781,-0.0010315333493053913,1.5712388753890991,0,0.0025000001769512892,0.0025000001769512892,0,0,0
8,2303,unknown,-79.262687683105469,65.025215148925781,-0.0001697816769592464,1.5707955360412598,0,0.0025000001769512892,0.0025000001769512892,0,0,0
