measurement_id,geometry_id,local_key,local0,local1,phi,theta,time,var_local0,var_local1,var_phi,var_theta,var_time
0,255,unknown,-148.94923400878906,-84.179740905761719,-0.00054808758432045579,1.5714055299758911,0,0.0025000001769512892,0.0025000001769512892,0,0,0
1,511,unknown,-148.93568420410156,-84.256576538085938,-0.00085538765415549278,1.5716640949249268,0,0.0025000001769512892,0.0025000001769512892,0,0,0
2,767,unknown,-148.89878845214844,-84.147354125976562,-0.0021635589655488729,1.5708822011947632,0,0.0025000001769512892,0.0025000001769512892,0,0,0
3,1023,unknown,-149.04948425292969,-84.17413330078125,-0.0018861368298530579,1.5709165334701538,0,0.0025000001769512892,0.0025000001769512892,0,0,0
4,1279,unknown,-149.03793334960938,-84.174468994140625,-0.0010597006184980273,1.5706300735473633,0,0.0025000001769512892,0.0025000001769512892,0,0,0
5,1535,unknown,-149.03285217285156,-84.235847473144531,-0.0012012359220534563,1.5701457262039185,0,0.0025000001769512892,0.0025000001769512892,0,0,0
6,1791,unknown,-148.99172973632812,-84.258560180664062,0.00028191020828671753,1.5686804056167603,0,0.0025000001769512892,0.0025000001769512892,0,0,0
7,2047,unknown,-149.00907897949219,-84.172569274902344,-0.00010478225885890424,1.56876540184021,0,0.0025000001769512892,0.0025000001769512892,0,0,0
8,2303,unknown,-149.07215881347656,-84.040946960449219,-0.00079371157335117459,1.5689496994018555,0,0.0025000001769512892,0.0025000001769512892,0,0,0
