particle_id,particle_type,process,vx,vy,vz,vt,px,py,pz,m,q
0,0,0,0,-195.41514587402344,-805.55474853515625,0,1,0,-4.3711388286737929e-08,0,-1
