particle_id,geometry_id,tx,ty,tz,tt,tpx,tpy,tpz,te,deltapx,deltapy,deltapz,deltae,index
0,255,20,-59.795497894287109,107.66285705566406,0,0.99986088275909424,0.0001291675289394334,-0.00048634997801855206,0,0,0,0,0,0
0,511,40,-59.792854309082031,107.65314483642578,0,0.99973183870315552,0.00010319973807781935,-0.00051882263505831361,0,0,0,0,0,0
0,767,60,-59.790725708007812,107.64277648925781,0,0.99952936172485352,0.0016076008323580027,-0.00054374040337279439,0,0,0,0,0,0
0,1023,80,-59.758495330810547,107.63208770751953,0,0.99939131736755371,0.0009648184641264379,9.5623152446933091e-05,0,0,0,0,0,0
0,1279,100,-59.739200592041016,107.63411712646484,0,0.99925202131271362,0.00095219223294407129,0.00012312659237068146,0,0,0,0,0,0
0,1535,120,-59.720157623291016,107.63669586181641,0,0.9989510178565979,0.00176333321724087,-0.0010402465704828501,0,0,0,0,0,0
0,1791,140,-59.684730529785156,107.61608123779297,0,0.99881768226623535,0.0015513986581936479,-0.0011644149199128151,0,0,0,0,0,0
0,2047,160,-59.653526306152344,107.59294891357422,0,0.9985349178314209,0.0017188355559483171,-0.0015201193746179342,0,0,0,0,0,0
0,2303,180,-59.618915557861328,107.56270599365234,0,0.99823278188705444,0.0018716879421845078,-0.0022755430545657873,0,0,0,0,0,0
