measurement_id,geometry_id,local_key,local0,local1,phi,theta,time,var_local0,var_local1,var_phi,var_theta,var_time
0,255,unknown,-294.43380737304688,173.37246704101562,0.0016596372006461024,1.5711301565170288,0,0.0025000001769512892,0.0025000001769512892,0,0,0
1,511,unknown,-294.42608642578125,173.33757019042969,-0.000600423663854599,1.56903076171875,0,0.0025000001769512892,0.0025000001769512892,0,0,0
2,767,unknown,-294.45089721679688,173.36172485351562,-0.0026403062511235476,1.5688529014587402,0,0.0025000001769512892,0.0025000001769512892,0,0,0
3,1023,unknown,-294.50372314453125,173.4285888671875,-0.0042129028588533401,1.5691279172897339,0,0.0025000001769512892,0.0025000001769512892,0,0,0
4,1279,unknown,-294.61978149414062,173.39492797851562,-0.0039917370304465294,1.5694193840026855,0,0.0025000001769512892,0.0025000001769512892,0,0,0
5,1535,unknown,-294.57998657226562,173.3583984375,-0.003961135633289814,1.5693271160125732,0,0.0025000001769512892,0.0025000001769512892,0,0,0
6,1791,unknown,-294.69760131835938,173.5078125,-0.0020789650734513998,1.5697194337844849,0,0.0025000001769512892,0.0025000001769512892,0,0,0
7,2047,unknown,-294.7979736328125,173.5328369140625,-0.0012303506955504417,1.5699071884155273,0,0.0025000001769512892,0.0025000001769512892,0,0,0
8,2303,unknown,-294.6849365234375,173.61885070800781,-0.0013599015073850751,1.5694853067398071,0,0.0025000001769512892,0.0025000001769512892,0,0,0
