particle_id,geometry_id,tx,ty,tz,tt,tpx,tpy,tpz,te,deltapx,deltapy,deltapz,deltae,index
0,255,20,248.92924499511719,-283.82278442382812,0,0.9998515248298645,-0.000792239501606673,0.00064645177917554975,0,0,0,0,0,0
0,511,40,248.91331481933594,-283.8099365234375,0,0.99967896938323975,-0.0010455383453518152,-0.00042179017327725887,0,0,0,0,0,0
0,767,60,248.8924560546875,-283.81851196289062,0,0.99877619743347168,-0.00094241485930979252,0.00017890871095005423,0,0,0,0,0,0
0,1023,80,248.87356567382812,-283.81503295898438,0,0.99862068891525269,-0.0004528667195700109,0.00039792340248823166,0,0,0,0,0,0
0,1279,100,248.86444091796875,-283.80712890625,0,0.99844104051589966,0.0013285089517012239,-0.0010295977117493749,0,0,0,0,0,0
0,1535,120,248.89117431640625,-283.82760620117188,0,0.9983057975769043,0.0010394013952463865,-0.0010470710694789886,0,0,0,0,0,0
0,1791,140,248.91212463378906,-283.84844970703125,0,0.99816125631332397,0.0010509671410545707,-0.0018459400162100792,0,0,0,0,0,0
0,2047,160,248.93341064453125,-283.88531494140625,0,0.99792367219924927,0.0014033063780516386,-0.0018184971995651722,0,0,0,0,0,0
0,2303,180,248.96174621582031,-283.92160034179688,0,0.99776393175125122,0.0027425179723650217,0.00018455619283486158,0,0,0,0,0,0
