particle_id,geometry_id,tx,ty,tz,tt,tpx,tpy,tpz,te,deltapx,deltapy,deltapz,deltae,index
0,255,20,-18.497831344604492,-48.962074279785156,0,0.99980473518371582,0.00072485301643610001,-0.0011340993223711848,0,0,0,0,0,0
0,511,40,-18.483196258544922,-48.984672546386719,0,0.99966365098953247,0.0017608845373615623,-0.0022187428548932076,0,0,0,0,0,0
0,767,60,-18.447700500488281,-49.028850555419922,0,0.99953550100326538,0.0018605595687404275,-0.0020083892159163952,0,0,0,0,0,0
0,1023,80,-18.410232543945312,-49.068813323974609,0,0.99936813116073608,0.0019823098555207253,-0.0026555510703474283,0,0,0,0,0,0
0,1279,100,-18.370243072509766,-49.121719360351562,0,0.99919313192367554,0.0031289507169276476,-0.0018952637910842896,0,0,0,0,0,0
0,1535,120,-18.307388305664062,-49.159278869628906,0,0.99885225296020508,0.0034989167470484972,-0.0018555634887889028,0,0,0,0,0,0
0,1791,140,-18.23710823059082,-49.196010589599609,0,0.99869650602340698,0.0032240455038845539,-0.0016901432536542416,0,0,0,0,0,0
0,2047,160,-18.172342300415039,-49.229469299316406,0,0.9985576868057251,0.0032197614200413227,-0.0015449196798726916,0,0,0,0,0,0
0,2303,180,-18.107669830322266,-49.260025024414062,0,0.99819487333297729,0.0029583731666207314,-0.0016556173795834184,0,0,0,0,0,0
