particle_id,particle_type,process,vx,vy,vz,vt,px,py,pz,m,q
0,0,0,0,-148.71888732910156,145.33976745605469,0,1,0,-4.3711388286737929e-08,0,-1
