particle_id,geometry_id,tx,ty,tz,tt,tpx,tpy,tpz,te,deltapx,deltapy,deltapz,deltae,index
0,255,20,327.4903564453125,123.88742065429688,0,0.99981355667114258,-0.0018305879784747958,-0.0013151566963642836,0,0,0,0,0,0
0,511,40,327.45388793945312,123.86089324951172,0,0.99968236684799194,-0.0036447530146688223,-0.0023203310556709766,0,0,0,0,0,0
0,767,60,327.38125610351562,123.81403350830078,0,0.99935859441757202,-0.003641556715592742,-0.0023549622856080532,0,0,0,0,0,0
0,1023,80,327.30865478515625,123.76646423339844,0,0.99884265661239624,-0.0025610486045479774,-0.0026265336200594902,0,0,0,0,0,0
0,1279,100,327.2576904296875,123.71356964111328,0,0.99868088960647583,-0.0017244021873921156,-0.001871903776191175,0,0,0,0,0,0
0,1535,120,327.223388671875,123.67587280273438,0,0.99846625328063965,-0.0028760840650647879,-0.0013414782006293535,0,0,0,0,0,0
0,1791,140,327.16595458984375,123.64865875244141,0,0.99834638833999634,-0.0026173603255301714,-0.0012481291778385639,0,0,0,0,0,0
0,2047,160,327.11367797851562,123.62333679199219,0,0.9970671534538269,-0.0026069153100252151,-0.0012722037499770522,0,0,0,0,0,0
0,2303,180,327.06155395507812,123.59750366210938,0,0.99675226211547852,-0.0023947465233504772,-0.0012573048006743193,0,0,0,0,0,0
