particle_id,geometry_id,tx,ty,tz,tt,tpx,tpy,tpz,te,deltapx,deltapy,deltapz,deltae,index
0,255,20,29.525779724121094,170.48945617675781,0,0.99986469745635986,0.0010949717834591866,0.00053501478396356106,0,0,0,0,0,0
0,511,40,29.547616958618164,170.50028991699219,0,0.99975019693374634,0.0012788159074261785,-0.00015581145999021828,0,0,0,0,0,0
0,767,60,29.573217391967773,170.49732971191406,0,0.99931418895721436,0.00090079230722039938,-0.00040865133632905781,0,0,0,0,0,0
0,1023,80,29.591293334960938,170.4892578125,0,0.99915039539337158,-0.00016106125258374959,-0.00011343450023559853,0,0,0,0,0,0
0,1279,100,29.588083267211914,170.48696899414062,0,0.99898624420166016,-0.0021658418700098991,-9.9840013717766851e-05,0,0,0,0,0,0
0,1535,120,29.544734954833984,170.48471069335938,0,0.99855321645736694,-0.00052679219515994191,-0.0013594451593235135,0,0,0,0,0,0
0,1791,140,29.534347534179688,170.45741271972656,0,0.99842745065689087,-0.00050677475519478321,-0.0013927191030234098,0,0,0,0,0,0
0,2047,160,29.524364471435547,170.42945861816406,0,0.99828565120697021,0.00014766644744668156,-0.0023160027340054512,0,0,0,0,0,0
0,2303,180,29.52760124206543,170.38307189941406,0,0.99809801578521729,0.00019770979997701943,-0.0023198507260531187,0,0,0,0,0,0
