measurement_id,geometry_id,local_key,local0,local1,phi,theta,time,var_local0,var_local1,var_phi,var_theta,var_time
0,255,unknown,208.00286865234375,-38.526721954345703,9.2785652668680996e-05,1.5708400011062622,0,0.0025000001769512892,0.0025000001769512892,0,0,0
1,511,unknown,208.07891845703125,-38.504497528076172,0.00040378849371336401,1.5712971687316895,0,0.0025000001769512892,0.0025000001769512892,0,0,0
2,767,unknown,208.08627319335938,-38.562049865722656,3.6792655009776354e-05,1.5706541538238525,0,0.0025000001769512892,0.0025000001769512892,0,0,0
3,1023,unknown,208.05795288085938,-38.562755584716797,0.00037203190731815994,1.5709415674209595,0,0.0025000001769512892,0.0025000001769512892,0,0,0
4,1279,unknown,208.07708740234375,-38.637729644775391,2.1574476704699919e-05,1.5718400478363037,0,0.0025000001769512892,0.0025000001769512892,0,0,0
5,1535,unknown,207.97682189941406,-38.555446624755859,0.0002553917292971164,1.5716705322265625,0,0.0025000001769512892,0.0025000001769512892,0,0,0
6,1791,unknown,208.13943481445312,-38.563385009765625,0.0016933806473389268,1.571357250213623,0,0.0025000001769512892,0.0025000001769512892,0,0,0
7,2047,unknown,208.1468505859375,-38.475589752197266,0.0022560530342161655,1.5716575384140015,0,0.0025000001769512892,0.0025000001769512892,0,0,0
8,2303,unknown,208.26625061035156,-38.579814910888672,0.001387482276186347,1.5713111162185669,0,0.0025000001769512892,0.0025000001769512892,0,0,0
