particle_id,particle_type,process,vx,vy,vz,vt,px,py,pz,m,q
0,0,0,0,-225.71232604980469,156.78776550292969,0,1,0,-4.3711388286737929e-08,0,-1
