particle_id,particle_type,process,vx,vy,vz,vt,px,py,pz,m,q
0,0,0,0,59.423603057861328,246.90483093261719,0,1,0,-4.3711388286737929e-08,0,-1
