particle_id,geometry_id,tx,ty,tz,tt,tpx,tpy,tpz,te,deltapx,deltapy,deltapz,deltae,index
0,255,20,-42.199821472167969,-99.956459045410156,0,0.99986445903778076,0.0006333019700832665,-0.00061376928351819515,0,0,0,0,0,0
0,511,40,-42.187080383300781,-99.968658447265625,0,0.99966198205947876,0.00081622216384857893,-0.00093325669877231121,0,0,0,0,0,0
0,767,60,-42.170639038085938,-99.987228393554688,0,0.99925076961517334,0.00093236175598576665,-0.00086926267249509692,0,0,0,0,0,0
0,1023,80,-42.151874542236328,-100.0045166015625,0,0.9989173412322998,0.0018052441300824285,-0.00079740624641999602,0,0,0,0,0,0
0,1279,100,-42.115634918212891,-100.020263671875,0,0.99874144792556763,0.002338493475690484,-0.00040127447573468089,0,0,0,0,0,0
0,1535,120,-42.068759918212891,-100.02801513671875,0,0.99853259325027466,0.0024893528316169977,-0.00041404645889997482,0,0,0,0,0,0
0,1791,140,-42.018852233886719,-100.0360107421875,0,0.99831652641296387,0.0017035866621881723,-0.00066804001107811928,0,0,0,0,0,0
0,2047,160,-41.984642028808594,-100.04918670654297,0,0.99817496538162231,0.0016717202961444855,-0.00075064471457153559,0,0,0,0,0,0
0,2303,180,-41.951057434082031,-100.06402587890625,0,0.99784481525421143,0.002514267573133111,-0.0015903242165222764,0,0,0,0,0,0
