measurement_id,geometry_id,local_key,local0,local1,phi,theta,time,var_local0,var_local1,var_phi,var_theta,var_time
0,255,unknown,-222.60685729980469,-25.416624069213867,-0.00010382338950876147,1.570719838142395,0,0.0025000001769512892,0.0025000001769512892,0,0,0
1,511,unknown,-222.65840148925781,-25.529733657836914,0.00056398368906229734,1.5700994729995728,0,0.0025000001769512892,0.0025000001769512892,0,0,0
2,767,unknown,-222.63880920410156,-25.35930061340332,0.0030401784460991621,1.5704474449157715,0,0.0025000001769512892,0.0025000001769512892,0,0,0
3,1023,unknown,-222.58528137207031,-25.423471450805664,0.004083546344190836,1.5704691410064697,0,0.0025000001769512892,0.0025000001769512892,0,0,0
4,1279,unknown,-222.46499633789062,-25.483257293701172,0.0039999736472964287,1.5707417726516724,0,0.0025000001769512892,0.0025000001769512892,0,0,0
5,1535,unknown,-222.40408325195312,-25.434988021850586,0.0043613691814243793,1.5705274343490601,0,0.0025000001769512892,0.0025000001769512892,0,0,0
6,1791,unknown,-222.28892517089844,-25.462213516235352,0.0025817693676799536,1.5695589780807495,0,0.0025000001769512892,0.0025000001769512892,0,0,0
7,2047,unknown,-222.33528137207031,-25.403339385986328,0.0027532519306987524,1.570945143699646,0,0.0025000001769512892,0.0025000001769512892,0,0,0
8,2303,unknown,-222.22688293457031,-25.320762634277344,0.0032644991297274828,1.5699251890182495,0,0.0025000001769512892,0.0025000001769512892,0,0,0
