particle_id,geometry_id,tx,ty,tz,tt,tpx,tpy,tpz,te,deltapx,deltapy,deltapz,deltae,index
0,255,20,480.8070068359375,90.240501403808594,0,0.99984753131866455,-0.00028774942620657384,0.00030556233832612634,0,0,0,0,0,0
0,511,40,480.80120849609375,90.24658203125,0,0.99971401691436768,-9.7972006187774241e-05,0.00031207615393213928,0,0,0,0,0,0
0,767,60,480.79922485351562,90.252815246582031,0,0.99936830997467041,-0.00066983816213905811,-0.0017994457157328725,0,0,0,0,0,0
0,1023,80,480.78604125976562,90.216720581054688,0,0.99923801422119141,-0.0019235506188124418,-0.0019933781586587429,0,0,0,0,0,0
0,1279,100,480.74777221679688,90.176589965820312,0,0.99909812211990356,-0.0016685235314071178,-0.0019984578248113394,0,0,0,0,0,0
0,1535,120,480.714599609375,90.136383056640625,0,0.99888908863067627,-0.001800060155801475,-0.0012165353400632739,0,0,0,0,0,0
0,1791,140,480.6787109375,90.111808776855469,0,0.99876052141189575,-0.0024671312421560287,-0.00082966714398935437,0,0,0,0,0,0
0,2047,160,480.62939453125,90.094902038574219,0,0.99856710433959961,-0.0033997911959886551,-0.00088402873370796442,0,0,0,0,0,0
0,2303,180,480.5614013671875,90.076789855957031,0,0.99837428331375122,-0.0043468456715345383,-0.0010971393203362823,0,0,0,0,0,0
