particle_id,geometry_id,tx,ty,tz,tt,tpx,tpy,tpz,te,deltapx,deltapy,deltapz,deltae,index
0,255,20,73.632148742675781,-275.383056640625,0,0.99968999624252319,0.0011268699308857322,0.0019452100386843085,0,0,0,0,0,0
0,511,40,73.654457092285156,-275.343994140625,0,0.99949389696121216,0.0017000538064166903,0.0019361319718882442,0,0,0,0,0,0
0,767,60,73.688240051269531,-275.3050537109375,0,0.99932640790939331,0.001698340056464076,0.0021516706328839064,0,0,0,0,0,0
0,1023,80,73.721969604492188,-275.26177978515625,0,0.9991832971572876,0.0014262552140280604,0.0020131908822804689,0,0,0,0,0,0
0,1279,100,73.750274658203125,-275.2213134765625,0,0.99898886680603027,0.0014721581246703863,0.0041507040150463581,0,0,0,0,0,0
0,1535,120,73.779251098632812,-275.13803100585938,0,0.99885499477386475,0.001066986471414566,0.0044751018285751343,0,0,0,0,0,0
0,1791,140,73.800079345703125,-275.04830932617188,0,0.99852520227432251,0.0011385425459593534,0.0043575642630457878,0,0,0,0,0,0
0,2047,160,73.822357177734375,-274.96090698242188,0,0.9983336329460144,0.0011724745854735374,0.0051739937625825405,0,0,0,0,0,0
0,2303,180,73.845222473144531,-274.85711669921875,0,0.99819940328598022,0.0019764909520745277,0.0050860797055065632,0,0,0,0,0,0
