particle_id,geometry_id,tx,ty,tz,tt,tpx,tpy,tpz,te,deltapx,deltapy,deltapz,deltae,index
0,255,20,21.889715194702148,-79.493911743164062,0,0.9998176097869873,0.00059244775911793113,0.00048659916501492262,0,0,0,0,0,0
0,511,40,21.901508331298828,-79.484107971191406,0,0.99957853555679321,-0.0018910461803898215,0.00068488385295495391,0,0,0,0,0,0
0,767,60,21.863590240478516,-79.470634460449219,0,0.99942952394485474,-0.0041413120925426483,0.00108200719114393,0,0,0,0,0,0
0,1023,80,21.780588150024414,-79.449478149414062,0,0.99928653240203857,-0.0023369870614260435,0.0011937040835618973,0,0,0,0,0,0
0,1279,100,21.733673095703125,-79.425865173339844,0,0.9991421103477478,-0.0024928504135459661,0.0006339650135487318,0,0,0,0,0,0
0,1535,120,21.683698654174805,-79.413475036621094,0,0.99894964694976807,-0.001289063598960638,-0.00010972019663313404,0,0,0,0,0,0
0,1791,140,21.657903671264648,-79.415824890136719,0,0.99881494045257568,-0.0022400219459086657,-0.0005763343651778996,0,0,0,0,0,0
0,2047,160,21.613121032714844,-79.427635192871094,0,0.99866765737533569,-0.0030425724107772112,0.00073414412327110767,0,0,0,0,0,0
0,2303,180,21.552101135253906,-79.413299560546875,0,0.99850696325302124,-0.0029286204371601343,0.00048465395229868591,0,0,0,0,0,0
