measurement_id,geometry_id,local_key,local0,local1,phi,theta,time,var_local0,var_local1,var_phi,var_theta,var_time
0,255,unknown,36.458023071289062,-210.2442626953125,0.0008690253016538918,1.5698814392089844,0,0.0025000001769512892,0.0025000001769512892,0,0,0
1,511,unknown,36.504924774169922,-210.31178283691406,-0.00035175954690203071,1.5672249794006348,0,0.0025000001769512892,0.0025000001769512892,0,0,0
2,767,unknown,36.442901611328125,-210.23292541503906,-0.00055252079619094729,1.5678454637527466,0,0.0025000001769512892,0.0025000001769512892,0,0,0
3,1023,unknown,36.512767791748047,-210.10658264160156,-0.00066359486663714051,1.5678361654281616,0,0.0025000001769512892,0.0025000001769512892,0,0,0
4,1279,unknown,36.431610107421875,-210.11566162109375,0.00044410003465600312,1.5680828094482422,0,0.0025000001769512892,0.0025000001769512892,0,0,0
5,1535,unknown,36.340118408203125,-210.02035522460938,0.00076079578138887882,1.5679720640182495,0,0.0025000001769512892,0.0025000001769512892,0,0,0
6,1791,unknown,36.423114776611328,-209.90574645996094,0.00078802899224683642,1.5677100419998169,0,0.0025000001769512892,0.0025000001769512892,0,0,0
7,2047,unknown,36.396156311035156,-209.88937377929688,3.8659920392092317e-05,1.5671377182006836,0,0.0025000001769512892,0.0025000001769512892,0,0,0
8,2303,unknown,36.544113159179688,-209.86418151855469,0.00030669922125525773,1.5652587413787842,0,0.0025000001769512892,0.0025000001769512892,0,0,0
