measurement_id,geometry_id,local_key,local0,local1,phi,theta,time,var_local0,var_local1,var_phi,var_theta,var_time
0,255,unknown,499.36019897460938,64.334152221679688,-0.00096116896020248532,1.5713242292404175,0,0.0025000001769512892,0.0025000001769512892,0,0,0
1,511,unknown,499.31283569335938,64.417808532714844,-0.00048935593804344535,1.5699470043182373,0,0.0025000001769512892,0.0025000001769512892,0,0,0
2,767,unknown,499.2930908203125,64.341743469238281,-0.00021172892593313009,1.5704891681671143,0,0.0025000001769512892,0.0025000001769512892,0,0,0
3,1023,unknown,499.3438720703125,64.325042724609375,-0.00027262355433776975,1.5707709789276123,0,0.0025000001769512892,0.0025000001769512892,0,0,0
4,1279,unknown,499.34176635742188,64.301750183105469,-0.00049186055548489094,1.5709459781646729,0,0.0025000001769512892,0.0025000001769512892,0,0,0
5,1535,unknown,499.32943725585938,64.392730712890625,-0.00055305595742538571,1.571091890335083,0,0.0025000001769512892,0.0025000001769512892,0,0,0
6,1791,unknown,499.13189697265625,64.358612060546875,-0.00017230982484761626,1.5712814331054688,0,0.0025000001769512892,0.0025000001769512892,0,0,0
7,2047,unknown,499.35748291015625,64.223983764648438,-0.00024100592418108135,1.5714387893676758,0,0.0025000001769512892,0.0025000001769512892,0,0,0
8,2303,unknown,499.2005615234375,64.35504150390625,8.1997986853821203e-06,1.5707473754882812,0,0.0025000001769512892,0.0025000001769512892,0,0,0
