measurement_id,geometry_id,local_key,local0,local1,phi,theta,time,var_local0,var_local1,var_phi,var_theta,var_time
0,255,unknown,159.60739135742188,-193.9033203125,0.00083374010864645243,1.5711506605148315,0,0.0025000001769512892,0.0025000001769512892,0,0,0
1,511,unknown,159.701416015625,-193.9368896484375,0.0010537815978750587,1.5714868307113647,0,0.0025000001769512892,0.0025000001769512892,0,0,0
2,767,unknown,159.72782897949219,-193.9324951171875,0.0018908145138993859,1.5703365802764893,0,0.0025000001769512892,0.0025000001769512892,0,0,0
3,1023,unknown,159.71951293945312,-193.94935607910156,0.0036072127986699343,1.5704301595687866,0,0.0025000001769512892,0.0025000001769512892,0,0,0
4,1279,unknown,159.82896423339844,-193.90997314453125,0.0035973088815808296,1.5704923868179321,0,0.0025000001769512892,0.0025000001769512892,0,0,0
5,1535,unknown,159.80535888671875,-193.92826843261719,0.0032730977982282639,1.5720194578170776,0,0.0025000001769512892,0.0025000001769512892,0,0,0
6,1791,unknown,159.97503662109375,-193.97648620605469,0.0031392930541187525,1.5718709230422974,0,0.0025000001769512892,0.0025000001769512892,0,0,0
7,2047,unknown,160.10490417480469,-193.92066955566406,0.0029190529603511095,1.5718491077423096,0,0.0025000001769512892,0.0025000001769512892,0,0,0
8,2303,unknown,160.07591247558594,-193.92808532714844,0.0024485290050506592,1.5716484785079956,0,0.0025000001769512892,0.0025000001769512892,0,0,0
