measurement_id,geometry_id,local_key,local0,local1,phi,theta,time,var_local0,var_local1,var_phi,var_theta,var_time
0,255,unknown,-354.20388793945312,-208.13316345214844,-5.1046128646703437e-05,1.5707865953445435,0,0.0025000001769512892,0.0025000001769512892,0,0,0
1,511,unknown,-354.25540161132812,-208.31536865234375,-1.0329433280276135e-05,1.5707399845123291,0,0.0025000001769512892,0.0025000001769512892,0,0,0
2,767,unknown,-354.24850463867188,-208.24858093261719,-0.001406328403390944,1.5701018571853638,0,0.0025000001769512892,0.0025000001769512892,0,0,0
3,1023,unknown,-354.23904418945312,-208.14187622070312,-0.0011288756504654884,1.5705084800720215,0,0.0025000001769512892,0.0025000001769512892,0,0,0
4,1279,unknown,-354.3416748046875,-208.30245971679688,-0.0010162536054849625,1.5706707239151001,0,0.0025000001769512892,0.0025000001769512892,0,0,0
5,1535,unknown,-354.25146484375,-208.22410583496094,-9.5549876277800649e-05,1.5715645551681519,0,0.0025000001769512892,0.0025000001769512892,0,0,0
6,1791,unknown,-354.31927490234375,-208.21755981445312,0.00079253589501604438,1.5721594095230103,0,0.0025000001769512892,0.0025000001769512892,0,0,0
7,2047,unknown,-354.3294677734375,-208.27352905273438,0.0013733903178945184,1.5719038248062134,0,0.0025000001769512892,0.0025000001769512892,0,0,0
8,2303,unknown,-354.3048095703125,-208.17561340332031,0.0021934695541858673,1.5737155675888062,0,0.0025000001769512892,0.0025000001769512892,0,0,0
