measurement_id,geometry_id,local_key,local0,local1,phi,theta,time,var_local0,var_local1,var_phi,var_theta,var_time
0,255,unknown,-151.11367797851562,-15.053800582885742,-1.2213697118568234e-05,1.5708074569702148,0,0.0025000001769512892,0.0025000001769512892,0,0,0
1,511,unknown,-151.17974853515625,-15.184112548828125,-9.2436093837022781e-06,1.5708085298538208,0,0.0025000001769512892,0.0025000001769512892,0,0,0
2,767,unknown,-151.23143005371094,-15.174260139465332,-0.00071305519668385386,1.5697594881057739,0,0.0025000001769512892,0.0025000001769512892,0,0,0
3,1023,unknown,-151.12519836425781,-15.091280937194824,-0.00069668592186644673,1.5697792768478394,0,0.0025000001769512892,0.0025000001769512892,0,0,0
4,1279,unknown,-151.17323303222656,-15.144357681274414,-0.00094220147002488375,1.5699152946472168,0,0.0025000001769512892,0.0025000001769512892,0,0,0
5,1535,unknown,-151.18954467773438,-15.035068511962891,-0.00092489179223775864,1.5699471235275269,0,0.0025000001769512892,0.0025000001769512892,0,0,0
6,1791,unknown,-151.21334838867188,-15.053234100341797,-0.00093259004643186927,1.5699400901794434,0,0.0025000001769512892,0.0025000001769512892,0,0,0
7,2047,unknown,-151.18067932128906,-15.018593788146973,-0.0010782682802528143,1.5697416067123413,0,0.0025000001769512892,0.0025000001769512892,0,0,0
8,2303,unknown,-151.35447692871094,-15.070069313049316,-0.00094839429948478937,1.5688129663467407,0,0.0025000001769512892,0.0025000001769512892,0,0,0
