particle_id,particle_type,process,vx,vy,vz,vt,px,py,pz,m,q
0,0,0,0,110.18102264404297,220.77183532714844,0,1,0,-4.3711388286737929e-08,0,-1
