particle_id,geometry_id,tx,ty,tz,tt,tpx,tpy,tpz,te,deltapx,deltapy,deltapz,deltae,index
0,255,20,7.3462562561035156,197.74420166015625,0,0.9996260404586792,-6.4282453422492836e-06,6.9667657953687012e-05,0,0,0,0,0,0
0,511,40,7.3461194038391113,197.74559020996094,0,0.9994131326675415,-0.00076490786159411073,0.00027397685335017741,0,0,0,0,0,0
0,767,60,7.3307795524597168,197.7509765625,0,0.9987913966178894,-0.00023089925525709987,-3.853745056403568e-06,0,0,0,0,0,0
0,1023,80,7.3261566162109375,197.75086975097656,0,0.99864494800567627,-0.00036243456997908652,9.3611215561395511e-06,0,0,0,0,0,0
0,1279,100,7.3188972473144531,197.75100708007812,0,0.99849152565002441,-0.00092377775581553578,-0.0009426386677660048,0,0,0,0,0,0
0,1535,120,7.3005075454711914,197.73200988769531,0,0.99803316593170166,-0.0010910683777183294,-0.0016413037665188313,0,0,0,0,0,0
0,1791,140,7.278841495513916,197.69898986816406,0,0.99772864580154419,-0.001520633464679122,-0.0003371157799847424,0,0,0,0,0,0
0,2047,160,7.2484011650085449,197.69204711914062,0,0.9974600076675415,-0.0014305318472906947,-0.00077079649781808257,0,0,0,0,0,0
0,2303,180,7.2198114395141602,197.67642211914062,0,0.99729907512664795,-0.0013702332507818937,-0.00077887531369924545,0,0,0,0,0,0
