particle_id,geometry_id,tx,ty,tz,tt,tpx,tpy,tpz,te,deltapx,deltapy,deltapz,deltae,index
0,255,20,29.39436149597168,20.412235260009766,0,0.99986207485198975,0.00063336623134091496,0.00090486882254481316,0,0,0,0,0,0
0,511,40,29.40692138671875,20.430410385131836,0,0.99754238128662109,0.00064693932654336095,0.00070643849903717637,0,0,0,0,0,0
0,767,60,29.419807434082031,20.444650650024414,0,0.99741476774215698,0.00083174224710091949,0.00078850897261872888,0,0,0,0,0,0
0,1023,80,29.436389923095703,20.460561752319336,0,0.99723190069198608,0.00045794519246555865,0.0006463033496402204,0,0,0,0,0,0
0,1279,100,29.44549560546875,20.473579406738281,0,0.99708634614944458,-0.00030119362054392695,0.00078908115392550826,0,0,0,0,0,0
0,1535,120,29.439359664916992,20.489370346069336,0,0.99688977003097534,-0.00030468552722595632,0.00078476622002199292,0,0,0,0,0,0
0,1791,140,29.43315315246582,20.505077362060547,0,0.99674636125564575,0.001382275833748281,-0.0002814129984471947,0,0,0,0,0,0
0,2047,160,29.460922241210938,20.499597549438477,0,0.99657356739044189,0.0014335060259327292,-0.00025392120005562901,0,0,0,0,0,0
0,2303,180,29.489721298217773,20.494674682617188,0,0.99641287326812744,0.0020286610815674067,0.00076027965405955911,0,0,0,0,0,0
