measurement_id,geometry_id,local_key,local0,local1,phi,theta,time,var_local0,var_local1,var_phi,var_theta,var_time
0,255,unknown,75.264213562011719,309.31430053710938,0.00097044819267466664,1.5715367794036865,0,0.0025000001769512892,0.0025000001769512892,0,0,0
1,511,unknown,75.286048889160156,309.3580322265625,0.0019731768406927586,1.5686827898025513,0,0.0025000001769512892,0.0025000001769512892,0,0,0
2,767,unknown,75.3194580078125,309.33157348632812,0.003382708877325058,1.5708034038543701,0,0.0025000001769512892,0.0025000001769512892,0,0,0
3,1023,unknown,75.430381774902344,309.3758544921875,0.0046631153672933578,1.5713740587234497,0,0.0025000001769512892,0.0025000001769512892,0,0,0
4,1279,unknown,75.518714904785156,309.33892822265625,0.0042532216757535934,1.5714958906173706,0,0.0025000001769512892,0.0025000001769512892,0,0,0
5,1535,unknown,75.498191833496094,309.39517211914062,0.0040537468157708645,1.5712196826934814,0,0.0025000001769512892,0.0025000001769512892,0,0,0
6,1791,unknown,75.635612487792969,309.32363891601562,0.0038283076137304306,1.5686527490615845,0,0.0025000001769512892,0.0025000001769512892,0,0,0
7,2047,unknown,75.801712036132812,309.332275390625,0.0033382154069840908,1.5686882734298706,0,0.0025000001769512892,0.0025000001769512892,0,0,0
8,2303,unknown,75.871665954589844,309.46212768554688,0.0032343063503503799,1.5688043832778931,0,0.0025000001769512892,0.0025000001769512892,0,0,0
