particle_id,geometry_id,tx,ty,tz,tt,tpx,tpy,tpz,te,deltapx,deltapy,deltapz,deltae,index
0,255,20,184.52560424804688,-144.40524291992188,0,0.99984622001647949,9.4515999080613256e-05,0.00011116145469713956,0,0,0,0,0,0
0,511,40,184.52748107910156,-144.40301513671875,0,0.99966830015182495,0.00075352645944803953,-0.0011120174312964082,0,0,0,0,0,0
0,767,60,184.54269409179688,-144.4251708984375,0,0.99953848123550415,0.00083674251800402999,-0.0011615604162216187,0,0,0,0,0,0
0,1023,80,184.5595703125,-144.44831848144531,0,0.99923741817474365,0.00039203488267958164,-0.0015847961185500026,0,0,0,0,0,0
0,1279,100,184.56761169433594,-144.47999572753906,0,0.99902439117431641,0.00038493701140396297,-0.001579218078404665,0,0,0,0,0,0
0,1535,120,184.57550048828125,-144.51156616210938,0,0.9987981915473938,7.0625239459332079e-05,-0.0019690410699695349,0,0,0,0,0,0
0,1791,140,184.5771484375,-144.55097961425781,0,0.99866408109664917,-0.00016543628589715809,-0.0021583051420748234,0,0,0,0,0,0
0,2047,160,184.5740966796875,-144.59422302246094,0,0.99854737520217896,-0.00052243540994822979,-0.001184929977171123,0,0,0,0,0,0
0,2303,180,184.56378173828125,-144.61801147460938,0,0.9983820915222168,-0.0014665367780253291,-0.0011897336225956678,0,0,0,0,0,0
