particle_id,geometry_id,tx,ty,tz,tt,tpx,tpy,tpz,te,deltapx,deltapy,deltapz,deltae,index
0,255,20,90.515426635742188,-86.294662475585938,0,0.99983316659927368,0.00032066661515273154,-0.0019989719148725271,0,0,0,0,0,0
0,511,40,90.522079467773438,-86.334609985351562,0,0.99970424175262451,0.00080387183697894216,-0.0012952281394973397,0,0,0,0,0,0
0,767,60,90.538314819335938,-86.360427856445312,0,0.99873811006546021,0.0018405903829261661,-0.0015469791833311319,0,0,0,0,0,0
0,1023,80,90.575355529785156,-86.391181945800781,0,0.99856698513031006,0.00078155839582905173,-0.00054904923308640718,0,0,0,0,0,0
0,1279,100,90.591072082519531,-86.402084350585938,0,0.9984278678894043,0.0026381178759038448,-0.0016136303311213851,0,0,0,0,0,0
0,1535,120,90.644111633300781,-86.434089660644531,0,0.99808341264724731,0.0037830616347491741,-0.0020862712990492582,0,0,0,0,0,0
0,1791,140,90.720169067382812,-86.475440979003906,0,0.99769699573516846,0.0042788544669747353,-0.0017443585675209761,0,0,0,0,0,0
0,2047,160,90.80615234375,-86.509895324707031,0,0.99751657247543335,0.0050988527946174145,-0.00087335403077304363,0,0,0,0,0,0
0,2303,180,90.908485412597656,-86.52679443359375,0,0.9973304271697998,0.0051211644895374775,0.00032132316846400499,0,0,0,0,0,0
