measurement_id,geometry_id,local_key,local0,local1,phi,theta,time,var_local0,var_local1,var_phi,var_theta,var_time
0,255,unknown,151.75794982910156,-133.89825439453125,-3.6323963286122307e-06,1.5707787275314331,0,0.0025000001769512892,0.0025000001769512892,0,0,0
1,511,unknown,151.84870910644531,-134.12867736816406,0.00043515549623407423,1.5707787275314331,0,0.0025000001769512892,0.0025000001769512892,0,0,0
2,767,unknown,151.92991638183594,-134.08561706542969,0.0004083709791302681,1.5706940889358521,0,0.0025000001769512892,0.0025000001769512892,0,0,0
3,1023,unknown,151.84126281738281,-134.04002380371094,-0.00022349308710545301,1.570767879486084,0,0.0025000001769512892,0.0025000001769512892,0,0,0
4,1279,unknown,151.76478576660156,-134.01554870605469,-0.00014844471297692508,1.5705642700195312,0,0.0025000001769512892,0.0025000001769512892,0,0,0
5,1535,unknown,151.87348937988281,-134.06259155273438,0.00059144914848729968,1.5686012506484985,0,0.0025000001769512892,0.0025000001769512892,0,0,0
6,1791,unknown,151.80374145507812,-134.02061462402344,-0.0015443811425939202,1.5684003829956055,0,0.0025000001769512892,0.0025000001769512892,0,0,0
7,2047,unknown,151.87263488769531,-133.97698974609375,-0.0017096677329391241,1.5689866542816162,0,0.0025000001769512892,0.0025000001769512892,0,0,0
8,2303,unknown,151.78634643554688,-133.94999694824219,-0.0018661323701962829,1.5689185857772827,0,0.0025000001769512892,0.0025000001769512892,0,0,0
