particle_id,geometry_id,tx,ty,tz,tt,tpx,tpy,tpz,te,deltapx,deltapy,deltapz,deltae,index
0,255,20,211.49342346191406,-82.679519653320312,0,0.99904763698577881,-0.00064010504866018891,-9.1390138550195843e-05,0,0,0,0,0,0
0,511,40,211.48062133789062,-82.681427001953125,0,0.99893355369567871,0.00037852543755434453,0.00071575934998691082,0,0,0,0,0,0
0,767,60,211.48811340332031,-82.66705322265625,0,0.99853730201721191,0.00071427738294005394,0.00047442968934774399,0,0,0,0,0,0
0,1023,80,211.50236511230469,-82.657463073730469,0,0.99837863445281982,0.0017315096920356154,0.0018043626332655549,0,0,0,0,0,0
0,1279,100,211.53683471679688,-82.621109008789062,0,0.99820566177368164,0.00095909356605261564,0.0028006404172629118,0,0,0,0,0,0
0,1535,120,211.55570983886719,-82.56488037109375,0,0.9980844259262085,0.00010711488721426576,0.0028960795607417822,0,0,0,0,0,0
0,1791,140,211.55751037597656,-82.5068359375,0,0.997944176197052,-5.5101572797866538e-05,0.0029224397148936987,0,0,0,0,0,0
0,2047,160,211.55606079101562,-82.448272705078125,0,0.99781209230422974,0.0023588493932038546,0.0015592575073242188,0,0,0,0,0,0
0,2303,180,211.6031494140625,-82.416732788085938,0,0.99757248163223267,0.0017798691987991333,0.0023131943307816982,0,0,0,0,0,0
