measurement_id,geometry_id,local_key,local0,local1,phi,theta,time,var_local0,var_local1,var_phi,var_theta,var_time
0,255,unknown,-34.834403991699219,21.417875289916992,-5.3468600526684895e-05,1.5709912776947021,0,0.0025000001769512892,0.0025000001769512892,0,0,0
1,511,unknown,-34.865070343017578,21.513025283813477,7.8624296293128282e-05,1.5710293054580688,0,0.0025000001769512892,0.0025000001769512892,0,0,0
2,767,unknown,-34.85498046875,21.427064895629883,0.00089973863214254379,1.5715701580047607,0,0.0025000001769512892,0.0025000001769512892,0,0,0
3,1023,unknown,-34.899314880371094,21.35957145690918,0.0018051041988655925,1.5702667236328125,0,0.0025000001769512892,0.0025000001769512892,0,0,0
4,1279,unknown,-34.910987854003906,21.453039169311523,0.0018232658039778471,1.5702241659164429,0,0.0025000001769512892,0.0025000001769512892,0,0,0
5,1535,unknown,-34.790756225585938,21.505264282226562,0.0020801329519599676,1.5696457624435425,0,0.0025000001769512892,0.0025000001769512892,0,0,0
6,1791,unknown,-34.684452056884766,21.434438705444336,0.0020477150101214647,1.56961989402771,0,0.0025000001769512892,0.0025000001769512892,0,0,0
7,2047,unknown,-34.602458953857422,21.392673492431641,0.0033484571613371372,1.5694214105606079,0,0.0025000001769512892,0.0025000001769512892,0,0,0
8,2303,unknown,-34.614189147949219,21.492780685424805,0.0034315595403313637,1.569399356842041,0,0.0025000001769512892,0.0025000001769512892,0,0,0
