particle_id,geometry_id,tx,ty,tz,tt,tpx,tpy,tpz,te,deltapx,deltapy,deltapz,deltae,index
0,255,20,277.373779296875,-201.42512512207031,0,0.99987196922302246,0.00021352421026676893,-0.0010698105907067657,0,0,0,0,0,0
0,511,40,277.378173828125,-201.44650268554688,0,0.99970096349716187,-0.0014632472302764654,-0.00084772688569501042,0,0,0,0,0,0
0,767,60,277.3489990234375,-201.46363830566406,0,0.99949312210083008,-0.00086274504428729415,-0.0011137288529425859,0,0,0,0,0,0
0,1023,80,277.33187866210938,-201.48602294921875,0,0.99918591976165771,-0.0026273303665220737,-0.002647447632625699,0,0,0,0,0,0
0,1279,100,277.27960205078125,-201.53932189941406,0,0.99904435873031616,-0.0026663490571081638,-0.0027509254869073629,0,0,0,0,0,0
0,1535,120,277.2265625,-201.59471130371094,0,0.99892210960388184,-0.0015090695815160871,-0.003309076651930809,0,0,0,0,0,0
0,1791,140,277.19674682617188,-201.66114807128906,0,0.99877220392227173,-0.0021270769648253918,-0.0039025980513542891,0,0,0,0,0,0
0,2047,160,277.15463256835938,-201.73954772949219,0,0.99860894680023193,-0.0026478266809135675,-0.0037888716906309128,0,0,0,0,0,0
0,2303,180,277.10205078125,-201.81575012207031,0,0.99842172861099243,-0.0023006352130323648,-0.0031711433548480272,0,0,0,0,0,0
