particle_id,geometry_id,tx,ty,tz,tt,tpx,tpy,tpz,te,deltapx,deltapy,deltapz,deltae,index
0,255,20,46.716037750244141,169.57820129394531,0,0.9998399019241333,-0.00018314803310204297,-0.00022865051869302988,0,0,0,0,0,0
0,511,40,46.71240234375,169.5736083984375,0,0.99967342615127563,-6.361779469443718e-06,0.00055886537302285433,0,0,0,0,0,0
0,767,60,46.712207794189453,169.58479309082031,0,0.9994693398475647,-0.0015194740844890475,0.0016427451046183705,0,0,0,0,0,0
0,1023,80,46.681606292724609,169.61747741699219,0,0.99931961297988892,-0.001061723567545414,0.0024775906931608915,0,0,0,0,0,0
0,1279,100,46.660060882568359,169.66693115234375,0,0.99911391735076904,-0.0010126492707058787,0.0015400877455249429,0,0,0,0,0,0
0,1535,120,46.639606475830078,169.6976318359375,0,0.99885344505310059,0.000674884591717273,0.0030906156171113253,0,0,0,0,0,0
0,1791,140,46.652748107910156,169.75959777832031,0,0.99692690372467041,0.00090015598107129335,0.0033470632042735815,0,0,0,0,0,0
0,2047,160,46.670402526855469,169.82685852050781,0,0.99678057432174683,0.00032349498360417783,0.0042639169842004776,0,0,0,0,0,0
0,2303,180,46.676380157470703,169.91244506835938,0,0.99657493829727173,0.00022230880858842283,0.005628569982945919,0,0,0,0,0,0
