measurement_id,geometry_id,local_key,local0,local1,phi,theta,time,var_local0,var_local1,var_phi,var_theta,var_time
0,255,unknown,-152.67265319824219,75.089614868164062,-0.0019080635393038392,1.5706621408462524,0,0.0025000001769512892,0.0025000001769512892,0,0,0
1,511,unknown,-152.69537353515625,75.225677490234375,-0.0021570583339780569,1.5706069469451904,0,0.0025000001769512892,0.0025000001769512892,0,0,0
2,767,unknown,-152.75865173339844,75.26708984375,-0.0025640637613832951,1.5683611631393433,0,0.0025000001769512892,0.0025000001769512892,0,0,0
3,1023,unknown,-152.91070556640625,75.205711364746094,-0.0025875519495457411,1.5683867931365967,0,0.0025000001769512892,0.0025000001769512892,0,0,0
4,1279,unknown,-152.8551025390625,75.211555480957031,-0.002463087672367692,1.5670202970504761,0,0.0025000001769512892,0.0025000001769512892,0,0,0
5,1535,unknown,-152.99357604980469,75.292610168457031,-0.0022970288991928101,1.5668971538543701,0,0.0025000001769512892,0.0025000001769512892,0,0,0
6,1791,unknown,-152.93185424804688,75.448081970214844,-0.0027064960449934006,1.5665739774703979,0,0.0025000001769512892,0.0025000001769512892,0,0,0
7,2047,unknown,-152.97100830078125,75.518058776855469,-0.004075115080922842,1.5675220489501953,0,0.0025000001769512892,0.0025000001769512892,0,0,0
8,2303,unknown,-153.19609069824219,75.604110717773438,-0.0041126897558569908,1.5675369501113892,0,0.0025000001769512892,0.0025000001769512892,0,0,0
