particle_id,geometry_id,tx,ty,tz,tt,tpx,tpy,tpz,te,deltapx,deltapy,deltapz,deltae,index
0,255,20,-389.59381103515625,5.9665646553039551,0,0.99984490871429443,0.0008395718177780509,-0.00016536140174139291,0,0,0,0,0,0
0,511,40,-389.57699584960938,5.9633579254150391,0,0.99963259696960449,-4.5690914703300223e-05,-0.0010863568168133497,0,0,0,0,0,0
0,767,60,-389.57778930664062,5.9416179656982422,0,0.9994577169418335,-9.8453914688434452e-05,-0.0010301686124876142,0,0,0,0,0,0
0,1023,80,-389.57965087890625,5.9209918975830078,0,0.99924206733703613,0.0001172050106106326,-0.00018801336409524083,0,0,0,0,0,0
0,1279,100,-389.5772705078125,5.9172430038452148,0,0.99905544519424438,0.0003542760678101331,-0.00076404918218031526,0,0,0,0,0,0
0,1535,120,-389.57009887695312,5.9019904136657715,0,0.9989018440246582,0.0012851953506469727,4.6003974603081588e-06,0,0,0,0,0,0
0,1791,140,-389.54437255859375,5.9022369384765625,0,0.99858570098876953,0.0009040759177878499,0.00033434180659241974,0,0,0,0,0,0
0,2047,160,-389.52630615234375,5.9090418815612793,0,0.99838536977767944,0.00078089081216603518,0.00042675080476328731,0,0,0,0,0,0
0,2303,180,-389.51071166992188,5.9176845550537109,0,0.99818307161331177,0.00060901360120624304,0.00061717163771390915,0,0,0,0,0,0
