measurement_id,geometry_id,local_key,local0,local1,phi,theta,time,var_local0,var_local1,var_phi,var_theta,var_time
0,255,unknown,-210.39585876464844,-12.272571563720703,-0.00034901811159215868,1.5730637311935425,0,0.0025000001769512892,0.0025000001769512892,0,0,0
1,511,unknown,-210.40432739257812,-12.36439323425293,-0.00038337244768626988,1.572751522064209,0,0.0025000001769512892,0.0025000001769512892,0,0,0
2,767,unknown,-210.374755859375,-12.332874298095703,-0.00074330542702227831,1.5715442895889282,0,0.0025000001769512892,0.0025000001769512892,0,0,0
3,1023,unknown,-210.49237060546875,-12.390556335449219,-0.00086901866598054767,1.5716168880462646,0,0.0025000001769512892,0.0025000001769512892,0,0,0
4,1279,unknown,-210.38249206542969,-12.339548110961914,-0.0002107379405060783,1.5707396268844604,0,0.0025000001769512892,0.0025000001769512892,0,0,0
5,1535,unknown,-210.45872497558594,-12.343256950378418,-0.00025306141469627619,1.5707210302352905,0,0.0025000001769512892,0.0025000001769512892,0,0,0
6,1791,unknown,-210.54495239257812,-12.32981014251709,-0.00038817839231342077,1.5706754922866821,0,0.0025000001769512892,0.0025000001769512892,0,0,0
7,2047,unknown,-210.38987731933594,-12.401679039001465,-0.00031867114012129605,1.5706347227096558,0,0.0025000001769512892,0.0025000001769512892,0,0,0
8,2303,unknown,-210.45733642578125,-12.317316055297852,-0.00044416554737836123,1.5735723972320557,0,0.0025000001769512892,0.0025000001769512892,0,0,0
