particle_id,geometry_id,tx,ty,tz,tt,tpx,tpy,tpz,te,deltapx,deltapy,deltapz,deltae,index
0,255,20,-160.64729309082031,-403.10598754882812,0,0.99988663196563721,0.00045263359788805246,0.0004765010962728411,0,0,0,0,0,0
0,511,40,-160.63829040527344,-403.09640502929688,0,0.9997372031211853,-0.00070957333082333207,-7.6913507655262947e-05,0,0,0,0,0,0
0,767,60,-160.65248107910156,-403.0980224609375,0,0.99959146976470947,0.00026143071590922773,0.0010707338806241751,0,0,0,0,0,0
0,1023,80,-160.64738464355469,-403.07656860351562,0,0.99892151355743408,0.00011943092249566689,0.00095712754409760237,0,0,0,0,0,0
0,1279,100,-160.64511108398438,-403.05740356445312,0,0.99873113632202148,0.00079774920595809817,0.00094742077635601163,0,0,0,0,0,0
0,1535,120,-160.62925720214844,-403.038330078125,0,0.9986003041267395,0.0010920519707724452,0.0011763349175453186,0,0,0,0,0,0
0,1791,140,-160.60752868652344,-403.0146484375,0,0.99843037128448486,0.0018082009628415108,0.0010414024582132697,0,0,0,0,0,0
0,2047,160,-160.57142639160156,-402.99356079101562,0,0.99829530715942383,0.0011555112432688475,0.00098318548407405615,0,0,0,0,0,0
0,2303,180,-160.54840087890625,-402.97372436523438,0,0.99815535545349121,0.0021754193585366011,0.00113404740113765,0,0,0,0,0,0
