measurement_id,geometry_id,local_key,local0,local1,phi,theta,time,var_local0,var_local1,var_phi,var_theta,var_time
0,255,unknown,-260.17373657226562,-163.81887817382812,-0.00051932677160948515,1.5705240964889526,0,0.0025000001769512892,0.0025000001769512892,0,0,0
1,511,unknown,-260.08358764648438,-163.79306030273438,3.5894758184440434e-05,1.5699522495269775,0,0.0025000001769512892,0.0025000001769512892,0,0,0
2,767,unknown,-260.17062377929688,-163.72967529296875,-0.00045354379108175635,1.5691561698913574,0,0.0025000001769512892,0.0025000001769512892,0,0,0
3,1023,unknown,-260.17471313476562,-163.66584777832031,-0.001250043511390686,1.5699306726455688,0,0.0025000001769512892,0.0025000001769512892,0,0,0
4,1279,unknown,-260.20510864257812,-163.61427307128906,-0.0014957657549530268,1.5693726539611816,0,0.0025000001769512892,0.0025000001769512892,0,0,0
5,1535,unknown,-260.17767333984375,-163.72540283203125,-0.0018781939288601279,1.5689650774002075,0,0.0025000001769512892,0.0025000001769512892,0,0,0
6,1791,unknown,-260.31192016601562,-163.60862731933594,-0.0017278956947848201,1.5687088966369629,0,0.0025000001769512892,0.0025000001769512892,0,0,0
7,2047,unknown,-260.24160766601562,-163.54098510742188,-0.0016448745736852288,1.5684478282928467,0,0.0025000001769512892,0.0025000001769512892,0,0,0
8,2303,unknown,-260.2672119140625,-163.59526062011719,-0.0014101598644629121,1.5682345628738403,0,0.0025000001769512892,0.0025000001769512892,0,0,0
