particle_id,geometry_id,tx,ty,tz,tt,tpx,tpy,tpz,te,deltapx,deltapy,deltapz,deltae,index
0,255,20,-26.368654251098633,105.85483551025391,0,0.99982690811157227,0.00026669871294870973,-0.0010158889926970005,0,0,0,0,0,0
0,511,40,-26.363197326660156,105.83454895019531,0,0.99963283538818359,0.00097215734422206879,-0.0017584528541192412,0,0,0,0,0,0
0,767,60,-26.343536376953125,105.79948425292969,0,0.99946820735931396,0.0024184864014387131,-0.001189481234177947,0,0,0,0,0,0
0,1023,80,-26.295000076293945,105.77597045898438,0,0.99917030334472656,0.0021456531248986721,-0.001561109209433198,0,0,0,0,0,0
0,1279,100,-26.251865386962891,105.74497985839844,0,0.9989885687828064,0.0012376127997413278,-0.00041947446879930794,0,0,0,0,0,0
0,1535,120,-26.22703742980957,105.73673248291016,0,0.99883019924163818,0.002356693847104907,0.00020654308900702745,0,0,0,0,0,0
0,1791,140,-26.179874420166016,105.74114990234375,0,0.99868607521057129,0.00260317069478333,-0.00086972647113725543,0,0,0,0,0,0
0,2047,160,-26.127639770507812,105.72404479980469,0,0.99853169918060303,0.0027218570467084646,-0.00049558514729142189,0,0,0,0,0,0
0,2303,180,-26.073064804077148,105.71444702148438,0,0.99839460849761963,0.0023998913820832968,0.0012630977435037494,0,0,0,0,0,0
