particle_id,particle_type,process,vx,vy,vz,vt,px,py,pz,m,q
0,0,0,0,260.01483154296875,-173.94911193847656,0,1,0,-4.3711388286737929e-08,0,-1
