measurement_id,geometry_id,local_key,local0,local1,phi,theta,time,var_local0,var_local1,var_phi,var_theta,var_time
0,255,unknown,44.627346038818359,339.66964721679688,0.0032593023497611284,1.5700013637542725,0,0.0025000001769512892,0.0025000001769512892,0,0,0
1,511,unknown,44.71435546875,339.59381103515625,0.0030735651962459087,1.5705448389053345,0,0.0025000001769512892,0.0025000001769512892,0,0,0
2,767,unknown,44.730476379394531,339.64047241210938,0.0030649572145193815,1.5703334808349609,0,0.0025000001769512892,0.0025000001769512892,0,0,0
3,1023,unknown,44.745697021484375,339.60391235351562,0.002922325860708952,1.570289134979248,0,0.0025000001769512892,0.0025000001769512892,0,0,0
4,1279,unknown,44.903312683105469,339.64764404296875,0.0020283518824726343,1.5717612504959106,0,0.0025000001769512892,0.0025000001769512892,0,0,0
5,1535,unknown,44.84771728515625,339.65264892578125,0.0032039836514741182,1.5719320774078369,0,0.0025000001769512892,0.0025000001769512892,0,0,0
6,1791,unknown,44.975738525390625,339.61624145507812,0.0025495034642517567,1.5718468427658081,0,0.0025000001769512892,0.0025000001769512892,0,0,0
7,2047,unknown,45.041877746582031,339.59628295898438,0.0022806646302342415,1.5735892057418823,0,0.0025000001769512892,0.0025000001769512892,0,0,0
8,2303,unknown,45.104812622070312,339.52645874023438,0.0024714265018701553,1.574442982673645,0,0.0025000001769512892,0.0025000001769512892,0,0,0
