particle_id,geometry_id,tx,ty,tz,tt,tpx,tpy,tpz,te,deltapx,deltapy,deltapz,deltae,index
0,255,20,-27.382549285888672,240.640380859375,0,0.99987393617630005,0.0014311138074845076,0.00086423492757603526,0,0,0,0,0,0
0,511,40,-27.354028701782227,240.6578369140625,0,0.99969130754470825,0.0017134143272414804,0.00068662932608276606,0,0,0,0,0,0
0,767,60,-27.319833755493164,240.67178344726562,0,0.99955040216445923,0.0017543353606015444,0.00087539473315700889,0,0,0,0,0,0
0,1023,80,-27.28483772277832,240.68951416015625,0,0.99934738874435425,0.0012047316413372755,0.0022322474978864193,0,0,0,0,0,0
0,1279,100,-27.260995864868164,240.73432922363281,0,0.99910557270050049,0.0032701082527637482,0.0023765482474118471,0,0,0,0,0,0
0,1535,120,-27.195821762084961,240.78228759765625,0,0.9989127516746521,0.003025545971468091,0.0019633537158370018,0,0,0,0,0,0
0,1791,140,-27.135482788085938,240.82196044921875,0,0.99879038333892822,0.0026233664248138666,0.0015272106975317001,0,0,0,0,0,0
0,2047,160,-27.083137512207031,240.85285949707031,0,0.99863910675048828,0.0026271850802004337,0.0015984080964699388,0,0,0,0,0,0
0,2303,180,-27.030715942382812,240.88519287109375,0,0.99847888946533203,0.0029332891572266817,0.0019338142592459917,0,0,0,0,0,0
