particle_id,geometry_id,tx,ty,tz,tt,tpx,tpy,tpz,te,deltapx,deltapy,deltapz,deltae,index
0,255,20,89.093063354492188,-27.17341423034668,0,0.99977457523345947,0.00075674377148970962,0.00069943821290507913,0,0,0,0,0,0
0,511,40,89.108116149902344,-27.159332275390625,0,0.99960345029830933,0.0011325068771839142,0.0008033473277464509,0,0,0,0,0,0
0,767,60,89.13067626953125,-27.143123626708984,0,0.99925583600997925,-0.00054303125943988562,0.0013661512639373541,0,0,0,0,0,0
0,1023,80,89.119644165039062,-27.115846633911133,0,0.99860358238220215,-0.00093837501481175423,0.00084123254055157304,0,0,0,0,0,0
0,1279,100,89.100746154785156,-27.099111557006836,0,0.99847614765167236,-0.0012589604593813419,0.00018778210505843163,0,0,0,0,0,0
0,1535,120,89.075508117675781,-27.095500946044922,0,0.99834251403808594,-0.00057937455130741,-0.0017762954812496901,0,0,0,0,0,0
0,1791,140,89.064117431640625,-27.131155014038086,0,0.99818259477615356,0.00063658831641077995,-0.00088451633928343654,0,0,0,0,0,0
0,2047,160,89.076980590820312,-27.148799896240234,0,0.9979853630065918,0.00091546622570604086,-0.00090694590471684933,0,0,0,0,0,0
0,2303,180,89.095436096191406,-27.166864395141602,0,0.99785745143890381,0.00035365120857022703,-0.0015493002720177174,0,0,0,0,0,0
