particle_id,geometry_id,tx,ty,tz,tt,tpx,tpy,tpz,te,deltapx,deltapy,deltapz,deltae,index
0,255,20,-308.70721435546875,-31.047159194946289,0,0.99984574317932129,-0.00012956165301147848,-0.00015379996330011636,0,0,0,0,0,0
0,511,40,-308.70977783203125,-31.050251007080078,0,0.99938696622848511,-0.0015025499742478132,-0.0018819236429408193,0,0,0,0,0,0
0,767,60,-308.7396240234375,-31.088092803955078,0,0.99923253059387207,-0.0011448565637692809,-0.0019203453557565808,0,0,0,0,0,0
0,1023,80,-308.76229858398438,-31.126665115356445,0,0.99903380870819092,-0.0027486432809382677,-0.0032720593735575676,0,0,0,0,0,0
0,1279,100,-308.81692504882812,-31.192499160766602,0,0.99882829189300537,-0.0016385102644562721,-0.0029650088399648666,0,0,0,0,0,0
0,1535,120,-308.849365234375,-31.252063751220703,0,0.99846178293228149,-0.0034533438738435507,-0.0025829272344708443,0,0,0,0,0,0
0,1791,140,-308.918212890625,-31.304216384887695,0,0.99820804595947266,-0.0034608240239322186,-0.0025443108752369881,0,0,0,0,0,0
0,2047,160,-308.98724365234375,-31.355609893798828,0,0.99806541204452515,-0.0034744164440780878,-0.0025557265616953373,0,0,0,0,0,0
0,2303,180,-309.05654907226562,-31.40723991394043,0,0.99775534868240356,-0.0035779501777142286,-0.0025619512889534235,0,0,0,0,0,0
