measurement_id,geometry_id,local_key,local0,local1,phi,theta,time,var_local0,var_local1,var_phi,var_theta,var_time
0,255,unknown,163.21574401855469,-44.958286285400391,-9.5576528110541403e-05,1.5706682205200195,0,0.0025000001769512892,0.0025000001769512892,0,0,0
1,511,unknown,163.25596618652344,-45.063552856445312,-0.0002078786346828565,1.5700641870498657,0,0.0025000001769512892,0.0025000001769512892,0,0,0
2,767,unknown,163.21771240234375,-44.877056121826172,9.1906549641862512e-06,1.5689970254898071,0,0.0025000001769512892,0.0025000001769512892,0,0,0
3,1023,unknown,163.28517150878906,-44.949985504150391,0.00085894385119900107,1.5681906938552856,0,0.0025000001769512892,0.0025000001769512892,0,0,0
4,1279,unknown,163.21955871582031,-44.951606750488281,0.00096020393539220095,1.5682262182235718,0,0.0025000001769512892,0.0025000001769512892,0,0,0
5,1535,unknown,163.21591186523438,-44.773391723632812,0.00076075812103226781,1.5683133602142334,0,0.0025000001769512892,0.0025000001769512892,0,0,0
6,1791,unknown,163.25297546386719,-44.789314270019531,-0.00062060554046183825,1.566892147064209,0,0.0025000001769512892,0.0025000001769512892,0,0,0
7,2047,unknown,163.29808044433594,-44.710186004638672,-0.00048737399629317224,1.5669512748718262,0,0.0025000001769512892,0.0025000001769512892,0,0,0
8,2303,unknown,163.29324340820312,-44.589813232421875,-0.0019374933326616883,1.5663108825683594,0,0.0025000001769512892,0.0025000001769512892,0,0,0
