measurement_id,geometry_id,local_key,local0,local1,phi,theta,time,var_local0,var_local1,var_phi,var_theta,var_time
0,255,unknown,-524.431640625,-24.467199325561523,-3.7297832022886723e-05,1.5702506303787231,0,0.0025000001769512892,0.0025000001769512892,0,0,0
1,511,unknown,-524.5870361328125,-24.365329742431641,-0.00013770171790383756,1.5705089569091797,0,0.0025000001769512892,0.0025000001769512892,0,0,0
2,767,unknown,-524.48455810546875,-24.376846313476562,-0.00016479917394462973,1.5704461336135864,0,0.0025000001769512892,0.0025000001769512892,0,0,0
3,1023,unknown,-524.4647216796875,-24.341596603393555,-0.0013063164660707116,1.5712616443634033,0,0.0025000001769512892,0.0025000001769512892,0,0,0
4,1279,unknown,-524.45709228515625,-24.278900146484375,-0.0018329607555642724,1.5723600387573242,0,0.0025000001769512892,0.0025000001769512892,0,0,0
5,1535,unknown,-524.518310546875,-24.418388366699219,-0.0018595810979604721,1.5724329948425293,0,0.0025000001769512892,0.0025000001769512892,0,0,0
6,1791,unknown,-524.56390380859375,-24.285310745239258,-0.0031281476840376854,1.573968768119812,0,0.0025000001769512892,0.0025000001769512892,0,0,0
7,2047,unknown,-524.4984130859375,-24.453359603881836,-0.003156713442876935,1.5739542245864868,0,0.0025000001769512892,0.0025000001769512892,0,0,0
8,2303,unknown,-524.64501953125,-24.524215698242188,-0.0032169406767934561,1.5724841356277466,0,0.0025000001769512892,0.0025000001769512892,0,0,0
