particle_id,particle_type,process,vx,vy,vz,vt,px,py,pz,m,q
0,0,0,0,-358.59124755859375,148.75883483886719,0,1,0,-4.3711388286737929e-08,0,-1
