particle_id,geometry_id,tx,ty,tz,tt,tpx,tpy,tpz,te,deltapx,deltapy,deltapz,deltae,index
0,255,20,-194.35931396484375,-223.83070373535156,0,0.99975460767745972,-0.00043871390516869724,-0.00042694667354226112,0,0,0,0,0,0
0,511,40,-194.3680419921875,-223.83929443359375,0,0.9996412992477417,-0.00030903509468771517,-0.0013143322430551052,0,0,0,0,0,0
0,767,60,-194.37406921386719,-223.86563110351562,0,0.99936455488204956,-0.0005031843320466578,-0.0013071777066215873,0,0,0,0,0,0
0,1023,80,-194.38398742675781,-223.891845703125,0,0.99922859668731689,-0.00047224541776813567,-0.0013807337963953614,0,0,0,0,0,0
0,1279,100,-194.39328002929688,-223.91954040527344,0,0.99899774789810181,-0.00064145284704864025,-0.0021659336052834988,0,0,0,0,0,0
0,1535,120,-194.40586853027344,-223.96298217773438,0,0.99821233749389648,-0.0012510436354205012,-0.0024270964786410332,0,0,0,0,0,0
0,1791,140,-194.43064880371094,-224.01176452636719,0,0.99803900718688965,-0.0012825186131522059,-0.0019946726970374584,0,0,0,0,0,0
0,2047,160,-194.45611572265625,-224.05189514160156,0,0.99787187576293945,-0.00075494538759812713,-0.001253003953024745,0,0,0,0,0,0
0,2303,180,-194.47109985351562,-224.07710266113281,0,0.99769192934036255,-0.00071029970422387123,-0.0012307751458138227,0,0,0,0,0,0
