particle_id,particle_type,process,vx,vy,vz,vt,px,py,pz,m,q
0,0,0,0,210.78016662597656,-315.56918334960938,0,1,0,-4.3711388286737929e-08,0,-1
