measurement_id,geometry_id,local_key,local0,local1,phi,theta,time,var_local0,var_local1,var_phi,var_theta,var_time
0,255,unknown,126.72065734863281,-197.01055908203125,0.00051015306962653995,1.5720465183258057,0,0.0025000001769512892,0.0025000001769512892,0,0,0
1,511,unknown,126.70355987548828,-197.07720947265625,0.0012566503137350082,1.5720499753952026,0,0.0025000001769512892,0.0025000001769512892,0,0,0
2,767,unknown,126.61748504638672,-197.10400390625,0.0011160692665725946,1.5716454982757568,0,0.0025000001769512892,0.0025000001769512892,0,0,0
3,1023,unknown,126.76618194580078,-197.16415405273438,0.0010113489115610719,1.5738571882247925,0,0.0025000001769512892,0.0025000001769512892,0,0,0
4,1279,unknown,126.83256530761719,-197.21786499023438,0.0017157562542706728,1.5728808641433716,0,0.0025000001769512892,0.0025000001769512892,0,0,0
5,1535,unknown,126.83242797851562,-197.16116333007812,0.0025006690993905067,1.5743303298950195,0,0.0025000001769512892,0.0025000001769512892,0,0,0
6,1791,unknown,126.94952392578125,-197.33477783203125,0.0027114551048725843,1.5738668441772461,0,0.0025000001769512892,0.0025000001769512892,0,0,0
7,2047,unknown,126.876708984375,-197.29827880859375,0.0027430122718214989,1.572681188583374,0,0.0025000001769512892,0.0025000001769512892,0,0,0
8,2303,unknown,126.91433715820312,-197.41535949707031,0.0030730110593140125,1.5726982355117798,0,0.0025000001769512892,0.0025000001769512892,0,0,0
