particle_id,geometry_id,tx,ty,tz,tt,tpx,tpy,tpz,te,deltapx,deltapy,deltapz,deltae,index
0,255,20,83.170211791992188,10.47225284576416,0,0.99986439943313599,-0.00090860272757709026,0.00015824483125470579,0,0,0,0,0,0
0,511,40,83.152015686035156,10.475309371948242,0,0.99956125020980835,-0.0010922702495008707,0.0011057342635467649,0,0,0,0,0,0
0,767,60,83.130027770996094,10.497302055358887,0,0.99941283464431763,-0.0017848430434241891,0.0015492474194616079,0,0,0,0,0,0
0,1023,80,83.094123840332031,10.528090476989746,0,0.99925482273101807,-0.0026559657417237759,0.0016737254336476326,0,0,0,0,0,0
0,1279,100,83.040763854980469,10.561269760131836,0,0.99911171197891235,-0.0031464230269193649,0.00092360802227631211,0,0,0,0,0,0
0,1535,120,82.977668762207031,10.579380035400391,0,0.99897485971450806,-0.0019799822475761175,0.0012011906364932656,0,0,0,0,0,0
0,1791,140,82.937881469726562,10.603190422058105,0,0.99882286787033081,-0.0017142809228971601,0.0015816721133887768,0,0,0,0,0,0
0,2047,160,82.903366088867188,10.63465404510498,0,0.99867284297943115,-0.0013729511993005872,0.0001153169505414553,0,0,0,0,0,0
0,2303,180,82.8758544921875,10.636797904968262,0,0.99819982051849365,0.00024646523525007069,-0.00028491695411503315,0,0,0,0,0,0
