particle_id,particle_type,process,vx,vy,vz,vt,px,py,pz,m,q
0,0,0,0,-113.49095153808594,-122.96439361572266,0,1,0,-4.3711388286737929e-08,0,-1
