particle_id,geometry_id,tx,ty,tz,tt,tpx,tpy,tpz,te,deltapx,deltapy,deltapz,deltae,index
0,255,20,226.84529113769531,-242.92976379394531,0,0.99979811906814575,-0.0011023532133549452,0.00015263265231624246,0,0,0,0,0,0
0,511,40,226.82322692871094,-242.92684936523438,0,0.99967461824417114,-0.0018170039402320981,-0.00032251962693408132,0,0,0,0,0,0
0,767,60,226.78691101074219,-242.93351745605469,0,0.99950474500656128,-0.00078896706691011786,-0.0010646519949659705,0,0,0,0,0,0
0,1023,80,226.77125549316406,-242.95491027832031,0,0.99935019016265869,-0.00092724687419831753,-0.0013760178117081523,0,0,0,0,0,0
0,1279,100,226.75286865234375,-242.98255920410156,0,0.99904268980026245,-0.00092128978576511145,-0.0010164026170969009,0,0,0,0,0,0
0,1535,120,226.73454284667969,-243.00302124023438,0,0.9988710880279541,-0.00067382946144789457,0.0015058957505971193,0,0,0,0,0,0
0,1791,140,226.72087097167969,-242.97294616699219,0,0.99868172407150269,-0.00095610349671915174,0.0012709583388641477,0,0,0,0,0,0
0,2047,160,226.70156860351562,-242.94761657714844,0,0.99852454662322998,0.0010965364053845406,0.0012382622808218002,0,0,0,0,0,0
0,2303,180,226.723388671875,-242.92268371582031,0,0.99836122989654541,0.00032717111753299832,-5.3123854740988463e-05,0,0,0,0,0,0
