particle_id,particle_type,process,vx,vy,vz,vt,px,py,pz,m,q
0,0,0,0,-78.3758544921875,-275.93780517578125,0,1,0,-4.3711388286737929e-08,0,-1
