particle_id,particle_type,process,vx,vy,vz,vt,px,py,pz,m,q
0,0,0,0,-272.9356689453125,-313.26568603515625,0,1,0,-4.3711388286737929e-08,0,-1
