particle_id,particle_type,process,vx,vy,vz,vt,px,py,pz,m,q
0,0,0,0,-198.57469177246094,-232.35404968261719,0,1,0,-4.3711388286737929e-08,0,-1
