particle_id,particle_type,process,vx,vy,vz,vt,px,py,pz,m,q
0,0,0,0,172.72744750976562,30.610126495361328,0,1,0,-4.3711388286737929e-08,0,-1
