particle_id,geometry_id,tx,ty,tz,tt,tpx,tpy,tpz,te,deltapx,deltapy,deltapz,deltae,index
0,255,20,69.015914916992188,-69.052108764648438,0,0.99985504150390625,0.00080478296149522066,0.00056278123520314693,0,0,0,0,0,0
0,511,40,69.031944274902344,-69.040756225585938,0,0.99971330165863037,0.0010184987913817167,0.00099340081214904785,0,0,0,0,0,0
0,767,60,69.052200317382812,-69.020759582519531,0,0.99956792593002319,0.00025167083367705345,0.0012657701736316085,0,0,0,0,0,0
0,1023,80,69.057083129882812,-68.995407104492188,0,0.99941080808639526,0.00091719528427347541,0.00010348819341743365,0,0,0,0,0,0
0,1279,100,69.075424194335938,-68.99322509765625,0,0.99926948547363281,0.0022765335161238909,-0.00025615710183046758,0,0,0,0,0,0
0,1535,120,69.121017456054688,-68.998077392578125,0,0.99912571907043457,0.0024446879979223013,-0.00030745478579774499,0,0,0,0,0,0
0,1791,140,69.169990539550781,-69.003936767578125,0,0.99898642301559448,0.0033392903860658407,-0.00084140856051817536,0,0,0,0,0,0
0,2047,160,69.236946105957031,-69.020378112792969,0,0.99873894453048706,0.003416519844904542,-0.00028531061252579093,0,0,0,0,0,0
0,2303,180,69.305397033691406,-69.025680541992188,0,0.99853360652923584,0.0023462036624550819,-0.00020406930707395077,0,0,0,0,0,0
