measurement_id,geometry_id,local_key,local0,local1,phi,theta,time,var_local0,var_local1,var_phi,var_theta,var_time
0,255,unknown,110.11717987060547,-53.784416198730469,1.7320915503660217e-05,1.571648120880127,0,0.0025000001769512892,0.0025000001769512892,0,0,0
1,511,unknown,110.15755462646484,-53.781406402587891,-0.00010257511166855693,1.5718834400177002,0,0.0025000001769512892,0.0025000001769512892,0,0,0
2,767,unknown,110.16204833984375,-53.763809204101562,0.0015734825283288956,1.5712442398071289,0,0.0025000001769512892,0.0025000001769512892,0,0,0
3,1023,unknown,110.13009643554688,-53.833896636962891,0.0021639084443449974,1.5705912113189697,0,0.0025000001769512892,0.0025000001769512892,0,0,0
4,1279,unknown,110.19105529785156,-53.770736694335938,0.0020633111707866192,1.5703332424163818,0,0.0025000001769512892,0.0025000001769512892,0,0,0
5,1535,unknown,110.18287658691406,-53.811435699462891,0.0025670647155493498,1.5700143575668335,0,0.0025000001769512892,0.0025000001769512892,0,0,0
6,1791,unknown,110.24781036376953,-53.890590667724609,0.00099175109062343836,1.5704885721206665,0,0.0025000001769512892,0.0025000001769512892,0,0,0
7,2047,unknown,110.33624267578125,-53.746376037597656,0.00032183184521272779,1.568907618522644,0,0.0025000001769512892,0.0025000001769512892,0,0,0
8,2303,unknown,110.31112670898438,-53.725494384765625,0.0014772900613024831,1.5679330825805664,0,0.0025000001769512892,0.0025000001769512892,0,0,0
