measurement_id,geometry_id,local_key,local0,local1,phi,theta,time,var_local0,var_local1,var_phi,var_theta,var_time
0,255,unknown,-316.66766357421875,-76.121620178222656,-0.00047514529433101416,1.5712811946868896,0,0.0025000001769512892,0.0025000001769512892,0,0,0
1,511,unknown,-316.626708984375,-76.241729736328125,0.00033471878850832582,1.5710184574127197,0,0.0025000001769512892,0.0025000001769512892,0,0,0
2,767,unknown,-316.71090698242188,-76.197731018066406,0.00040611575241200626,1.5708369016647339,0,0.0025000001769512892,0.0025000001769512892,0,0,0
3,1023,unknown,-316.61175537109375,-76.106513977050781,-0.00093109312001615763,1.5699656009674072,0,0.0025000001769512892,0.0025000001769512892,0,0,0
4,1279,unknown,-316.7406005859375,-76.139999389648438,0.00019999117648694664,1.5698806047439575,0,0.0025000001769512892,0.0025000001769512892,0,0,0
5,1535,unknown,-316.71908569335938,-76.107307434082031,0.00025012900005094707,1.5708791017532349,0,0.0025000001769512892,0.0025000001769512892,0,0,0
6,1791,unknown,-316.65966796875,-76.149261474609375,0.00013914555893279612,1.5729677677154541,0,0.0025000001769512892,0.0025000001769512892,0,0,0
7,2047,unknown,-316.67266845703125,-76.165702819824219,0.00096653687069192529,1.5734236240386963,0,0.0025000001769512892,0.0025000001769512892,0,0,0
8,2303,unknown,-316.72412109375,-76.180908203125,-0.00020726829825434834,1.5725307464599609,0,0.0025000001769512892,0.0025000001769512892,0,0,0
