particle_id,particle_type,process,vx,vy,vz,vt,px,py,pz,m,q
0,0,0,0,-44.093467712402344,-72.261726379394531,0,1,0,-4.3711388286737929e-08,0,-1
