measurement_id,geometry_id,local_key,local0,local1,phi,theta,time,var_local0,var_local1,var_phi,var_theta,var_time
0,255,unknown,-41.742725372314453,-364.71054077148438,0.00079466885654255748,1.5717215538024902,0,0.0025000001769512892,0.0025000001769512892,0,0,0
1,511,unknown,-41.817283630371094,-364.76678466796875,8.3665079728234559e-05,1.5715912580490112,0,0.0025000001769512892,0.0025000001769512892,0,0,0
2,767,unknown,-41.738479614257812,-364.79916381835938,0.00022318917035590857,1.5710697174072266,0,0.0025000001769512892,0.0025000001769512892,0,0,0
3,1023,unknown,-41.791179656982422,-364.85888671875,0.00021334497432690114,1.5710572004318237,0,0.0025000001769512892,0.0025000001769512892,0,0,0
4,1279,unknown,-41.790626525878906,-364.81243896484375,0.00021817449305672199,1.5711177587509155,0,0.0025000001769512892,0.0025000001769512892,0,0,0
5,1535,unknown,-41.732860565185547,-364.84048461914062,-0.00013782340101897717,1.5717467069625854,0,0.0025000001769512892,0.0025000001769512892,0,0,0
6,1791,unknown,-41.802505493164062,-364.84432983398438,-0.00023147837782744318,1.5714150667190552,0,0.0025000001769512892,0.0025000001769512892,0,0,0
7,2047,unknown,-41.811439514160156,-364.86477661132812,0.00062034570146352053,1.5732032060623169,0,0.0025000001769512892,0.0025000001769512892,0,0,0
8,2303,unknown,-41.736656188964844,-364.87884521484375,6.158675387268886e-05,1.5720133781433105,0,0.0025000001769512892,0.0025000001769512892,0,0,0
