particle_id,geometry_id,tx,ty,tz,tt,tpx,tpy,tpz,te,deltapx,deltapy,deltapz,deltae,index
0,255,20,157.42021179199219,-97.895164489746094,0,0.99984818696975708,0.0004095524491276592,-4.0687904402147979e-05,0,0,0,0,0,0
0,511,40,157.42840576171875,-97.895927429199219,0,0.99971097707748413,-0.0012968274531885982,0.0006726988940499723,0,0,0,0,0,0
0,767,60,157.40237426757812,-97.882621765136719,0,0.99955379962921143,-0.00095739512471482158,0.00088635919382795691,0,0,0,0,0,0
0,1023,80,157.38311767578125,-97.865005493164062,0,0.99942648410797119,-0.00091748032718896866,0.0018110201926901937,0,0,0,0,0,0
0,1279,100,157.36454772949219,-97.828872680664062,0,0.99854862689971924,-0.0011413088068366051,0.0015483824536204338,0,0,0,0,0,0
0,1535,120,157.34150695800781,-97.797996520996094,0,0.99840784072875977,0.0022291440982371569,0.0051403474062681198,0,0,0,0,0,0
0,1791,140,157.38554382324219,-97.69476318359375,0,0.99824273586273193,0.0014623834285885096,0.0043737078085541725,0,0,0,0,0,0
0,2047,160,157.41432189941406,-97.606964111328125,0,0.99804878234863281,0.0014834607718512416,0.0044906483963131905,0,0,0,0,0,0
0,2303,180,157.44351196289062,-97.516799926757812,0,0.99791496992111206,0.0028408532962203026,0.0042345253750681877,0,0,0,0,0,0
