particle_id,particle_type,process,vx,vy,vz,vt,px,py,pz,m,q
0,0,0,0,162.50244140625,-114.72733306884766,0,1,0,-4.3711388286737929e-08,0,-1
