particle_id,geometry_id,tx,ty,tz,tt,tpx,tpy,tpz,te,deltapx,deltapy,deltapz,deltae,index
0,255,20,190.15068054199219,95.767646789550781,0,0.99984824657440186,5.3144543926464394e-05,8.8276974565815181e-05,0,0,0,0,0,0
0,511,40,190.1517333984375,95.769416809082031,0,0.99973011016845703,-0.00062451994745060802,-9.335939830634743e-05,0,0,0,0,0,0
0,767,60,190.13925170898438,95.767471313476562,0,0.9993022084236145,-0.00047753407852724195,-0.00027915620012208819,0,0,0,0,0,0
0,1023,80,190.12973022460938,95.761825561523438,0,0.99907130002975464,0.00059274572413414717,-0.00020965721341781318,0,0,0,0,0,0
0,1279,100,190.14161682128906,95.757698059082031,0,0.99883699417114258,0.0034260626416653395,0.00057257054140791297,0,0,0,0,0,0
0,1535,120,190.21014404296875,95.769577026367188,0,0.99870318174362183,0.0034613967873156071,0.0015435109380632639,0,0,0,0,0,0
0,1791,140,190.27928161621094,95.8009033203125,0,0.99847686290740967,0.0036905545275658369,0.0016263636061921716,0,0,0,0,0,0
0,2047,160,190.35301208496094,95.83392333984375,0,0.99820762872695923,0.0046028397046029568,0.001827988657169044,0,0,0,0,0,0
0,2303,180,190.44500732421875,95.871101379394531,0,0.99807089567184448,0.0037187361158430576,0.0019285079324617982,0,0,0,0,0,0
