particle_id,geometry_id,tx,ty,tz,tt,tpx,tpy,tpz,te,deltapx,deltapy,deltapz,deltae,index
0,255,20,-80.143402099609375,-194.33840942382812,0,0.99968039989471436,0.00044722473830915987,0.00047127844300121069,0,0,0,0,0,0
0,511,40,-80.134513854980469,-194.32893371582031,0,0.99948966503143311,0.00052149168914183974,0.00048965658061206341,0,0,0,0,0,0
0,767,60,-80.124137878417969,-194.31907653808594,0,0.99929028749465942,0.00051869766321033239,0.0007747435593046248,0,0,0,0,0,0
0,1023,80,-80.113853454589844,-194.30351257324219,0,0.99912899732589722,0.00062400905881077051,0.00163753901142627,0,0,0,0,0,0
0,1279,100,-80.1015625,-194.27066040039062,0,0.99897152185440063,0.00030628897366113961,0.0015479654539376497,0,0,0,0,0,0
0,1535,120,-80.095619201660156,-194.23963928222656,0,0.9987938404083252,0.0004313644312787801,0.0018326148856431246,0,0,0,0,0,0
0,1791,140,-80.087203979492188,-194.20289611816406,0,0.99770307540893555,0.00059997692005708814,0.0030655283480882645,0,0,0,0,0,0
0,2047,160,-80.075546264648438,-194.14137268066406,0,0.99753916263580322,0.00045251307892613113,0.00086019455920904875,0,0,0,0,0,0
0,2303,180,-80.066574096679688,-194.12406921386719,0,0.99739623069763184,0.002135580638423562,0.00045545917237177491,0,0,0,0,0,0
