particle_id,geometry_id,tx,ty,tz,tt,tpx,tpy,tpz,te,deltapx,deltapy,deltapz,deltae,index
0,255,20,-255.22990417480469,-210.04583740234375,0,0.99987292289733887,9.4936840469017625e-05,-0.00021423558064270765,0,0,0,0,0,0
0,511,40,-255.22798156738281,-210.05010986328125,0,0.99970102310180664,-0.0002660155005287379,0.00084894959582015872,0,0,0,0,0,0
0,767,60,-255.2333984375,-210.03315734863281,0,0.99950897693634033,0.00014458145597018301,0.00020394239982124418,0,0,0,0,0,0
0,1023,80,-255.23052978515625,-210.029052734375,0,0.9992634654045105,0.00038846454117447138,0.00088884116848930717,0,0,0,0,0,0
0,1279,100,-255.22285461425781,-210.01121520996094,0,0.99888253211975098,0.00035585227306000888,0.00083134573651477695,0,0,0,0,0,0
0,1535,120,-255.21583557128906,-209.99452209472656,0,0.99854212999343872,-0.00013882813800591975,0.001419812673702836,0,0,0,0,0,0
0,1791,140,-255.21878051757812,-209.96609497070312,0,0.99819368124008179,0.0010099220089614391,0.00030743694514967501,0,0,0,0,0,0
0,2047,160,-255.19857788085938,-209.95980834960938,0,0.99806255102157593,0.0014899200759828091,-0.0014058940578252077,0,0,0,0,0,0
0,2303,180,-255.16854858398438,-209.98780822753906,0,0.99790865182876587,0.0021689918357878923,-0.001466111047193408,0,0,0,0,0,0
