particle_id,geometry_id,tx,ty,tz,tt,tpx,tpy,tpz,te,deltapx,deltapy,deltapz,deltae,index
0,255,20,68.233413696289062,268.75726318359375,0,0.99980545043945312,-0.00014065144932828844,-0.00033233457361347973,0,0,0,0,0,0
0,511,40,68.230636596679688,268.7506103515625,0,0.99963706731796265,-0.00033393225749023259,-0.00012671719014178962,0,0,0,0,0,0
0,767,60,68.223968505859375,268.748046875,0,0.9995073676109314,0.00049738329835236073,-0.0022222055122256279,0,0,0,0,0,0
0,1023,80,68.234184265136719,268.70364379882812,0,0.99903106689453125,0.00055481860181316733,-0.0021486184559762478,0,0,0,0,0,0
0,1279,100,68.245552062988281,268.66070556640625,0,0.99881410598754883,0.0027208784595131874,-0.0018621558556333184,0,0,0,0,0,0
0,1535,120,68.300254821777344,268.62374877929688,0,0.99863547086715698,0.0031387077178806067,-0.00027182846679352224,0,0,0,0,0,0
0,1791,140,68.363143920898438,268.61868286132812,0,0.99844008684158325,0.0044742943719029427,-0.0005481516127474606,0,0,0,0,0,0
0,2047,160,68.452835083007812,268.60824584960938,0,0.99828839302062988,0.003444429486989975,-0.00061054428806528449,0,0,0,0,0,0
0,2303,180,68.52191162109375,268.596435546875,0,0.99813926219940186,0.0033245014492422342,0.0004065388347953558,0,0,0,0,0,0
