measurement_id,geometry_id,local_key,local0,local1,phi,theta,time,var_local0,var_local1,var_phi,var_theta,var_time
0,255,unknown,363.95974731445312,352.80929565429688,-0.00074465392390266061,1.5705339908599854,0,0.0025000001769512892,0.0025000001769512892,0,0,0
1,511,unknown,363.99179077148438,352.96664428710938,-0.00049190566642209888,1.5700268745422363,0,0.0025000001769512892,0.0025000001769512892,0,0,0
2,767,unknown,363.95571899414062,352.96536254882812,-0.00049709930317476392,1.5700331926345825,0,0.0025000001769512892,0.0025000001769512892,0,0,0
3,1023,unknown,364.11541748046875,352.92947387695312,-0.00020859722280874848,1.5701024532318115,0,0.0025000001769512892,0.0025000001769512892,0,0,0
4,1279,unknown,363.92694091796875,352.92306518554688,-0.0002353702875552699,1.5700417757034302,0,0.0025000001769512892,0.0025000001769512892,0,0,0
5,1535,unknown,364.03591918945312,352.8448486328125,0.0002820669615175575,1.5703891515731812,0,0.0025000001769512892,0.0025000001769512892,0,0,0
6,1791,unknown,363.92013549804688,352.95449829101562,0.0026668324135243893,1.5707013607025146,0,0.0025000001769512892,0.0025000001769512892,0,0,0
7,2047,unknown,363.99658203125,353.01272583007812,0.0025821365416049957,1.5707505941390991,0,0.0025000001769512892,0.0025000001769512892,0,0,0
8,2303,unknown,364.125244140625,352.91213989257812,0.0014915871433913708,1.5716227293014526,0,0.0025000001769512892,0.0025000001769512892,0,0,0
