particle_id,geometry_id,tx,ty,tz,tt,tpx,tpy,tpz,te,deltapx,deltapy,deltapz,deltae,index
0,255,20,-101.07430267333984,-94.440956115722656,0,0.99986952543258667,-0.00021461688447743654,0.0011693665292114019,0,0,0,0,0,0
0,511,40,-101.0787353515625,-94.417594909667969,0,0.99972271919250488,0.00028075138106942177,0.002439975505694747,0,0,0,0,0,0
0,767,60,-101.07341003417969,-94.368751525878906,0,0.99888211488723755,0.00027939150459133089,0.0023011050652712584,0,0,0,0,0,0
0,1023,80,-101.06809234619141,-94.322647094726562,0,0.99864727258682251,0.0004148150619585067,0.0022166343405842781,0,0,0,0,0,0
0,1279,100,-101.06005096435547,-94.278205871582031,0,0.99847698211669922,0.00058244436513632536,0.0023957514204084873,0,0,0,0,0,0
0,1535,120,-101.04867553710938,-94.230148315429688,0,0.99829590320587158,0.0002703589852899313,0.0023335523437708616,0,0,0,0,0,0
0,1791,140,-101.04354095458984,-94.183364868164062,0,0.99812501668930054,0.00063286046497523785,0.0035590748302638531,0,0,0,0,0,0
0,2047,160,-101.03128814697266,-94.111976623535156,0,0.99778628349304199,0.00047119156806729734,0.0039847674779593945,0,0,0,0,0,0
0,2303,180,-101.02232360839844,-94.032051086425781,0,0.99764233827590942,0.00024009778280742466,0.0039865709841251373,0,0,0,0,0,0
