particle_id,geometry_id,tx,ty,tz,tt,tpx,tpy,tpz,te,deltapx,deltapy,deltapz,deltae,index
0,255,20,123.88007354736328,-0.72708791494369507,0,0.9996904730796814,-0.0001676675456110388,0.00036498135887086391,0,0,0,0,0,0
0,511,40,123.87667846679688,-0.71980631351470947,0,0.9995570182800293,0.0002154351823264733,-0.0006450377986766398,0,0,0,0,0,0
0,767,60,123.88106536865234,-0.73268663883209229,0,0.99942553043365479,0.00038678868440911174,-0.00061171269044280052,0,0,0,0,0,0
0,1023,80,123.88887786865234,-0.74488121271133423,0,0.99923819303512573,0.00023228800273500383,0.00025534635642543435,0,0,0,0,0,0
0,1279,100,123.89349365234375,-0.73974263668060303,0,0.99909788370132446,0.00043525412911549211,-0.0017404794925823808,0,0,0,0,0,0
0,1535,120,123.90241241455078,-0.77453052997589111,0,0.99893921613693237,8.4596504166256636e-05,-0.0017750941915437579,0,0,0,0,0,0
0,1791,140,123.90431976318359,-0.8100590705871582,0,0.99881166219711304,1.3200133253121749e-05,-0.0019316801335662603,0,0,0,0,0,0
0,2047,160,123.90481567382812,-0.84873610734939575,0,0.99865013360977173,-0.00029174564406275749,-0.0023993493523448706,0,0,0,0,0,0
0,2303,180,123.89926147460938,-0.89682185649871826,0,0.99836504459381104,-0.0011821246007457376,-0.0024153280537575483,0,0,0,0,0,0
