particle_id,geometry_id,tx,ty,tz,tt,tpx,tpy,tpz,te,deltapx,deltapy,deltapz,deltae,index
0,255,20,476.8223876953125,183.67303466796875,0,0.99981540441513062,-0.00046764963190071285,-0.0012932266108691692,0,0,0,0,0,0
0,511,40,476.81320190429688,183.64710998535156,0,0.99932116270065308,-0.0010985075496137142,-0.001337975962087512,0,0,0,0,0,0
0,767,60,476.7913818359375,183.62019348144531,0,0.9987223744392395,-0.00084464135579764843,-0.0015256415354087949,0,0,0,0,0,0
0,1023,80,476.774658203125,183.58953857421875,0,0.99846023321151733,-0.00086220010416582227,-0.0023550919722765684,0,0,0,0,0,0
0,1279,100,476.75765991210938,183.54226684570312,0,0.99827611446380615,-0.0022808515932410955,-0.00097385444678366184,0,0,0,0,0,0
0,1535,120,476.71209716796875,183.52247619628906,0,0.99806296825408936,-0.0031315882224589586,-0.0014801430515944958,0,0,0,0,0,0
0,1791,140,476.6495361328125,183.49244689941406,0,0.99787598848342896,-0.0033052489161491394,-0.0016722201835364103,0,0,0,0,0,0
0,2047,160,476.58349609375,183.45852661132812,0,0.99773901700973511,-0.003128058509901166,-0.0017529882024973631,0,0,0,0,0,0
0,2303,180,476.52099609375,183.42300415039062,0,0.99756848812103271,-0.0054499926045536995,-0.0025036968290805817,0,0,0,0,0,0
