particle_id,geometry_id,tx,ty,tz,tt,tpx,tpy,tpz,te,deltapx,deltapy,deltapz,deltae,index
0,255,20,-131.99897766113281,9.8481788635253906,0,0.99814850091934204,0.00072356901364400983,0.0016479500336572528,0,0,0,0,0,0
0,511,40,-131.98468017578125,9.8812856674194336,0,0.9979480504989624,0.0012678913772106171,0.0013248678296804428,0,0,0,0,0,0
0,767,60,-131.95942687988281,9.907989501953125,0,0.99776345491409302,0.0022080731578171253,7.5329232629428589e-08,0,0,0,0,0,0
0,1023,80,-131.9151611328125,9.9082565307617188,0,0.99751102924346924,0.002534838393330574,0.00085601099999621511,0,0,0,0,0,0
0,1279,100,-131.86444091796875,9.925724983215332,0,0.9973180890083313,0.0021870313212275505,0.00071484129875898361,0,0,0,0,0,0
0,1535,120,-131.82066345214844,9.9403238296508789,0,0.99710458517074585,0.0021541009191423655,0.00075260602170601487,0,0,0,0,0,0
0,1791,140,-131.77754211425781,9.9556789398193359,0,0.99697184562683105,0.00052780297119170427,0.0011846370762214065,0,0,0,0,0,0
0,2047,160,-131.76708984375,9.9795064926147461,0,0.99684774875640869,-7.4828012657235377e-06,0.0010414137504994869,0,0,0,0,0,0
0,2303,180,-131.76736450195312,10.000399589538574,0,0.99669992923736572,0.0013833272969350219,0.0014395320322364569,0,0,0,0,0,0
