particle_id,geometry_id,tx,ty,tz,tt,tpx,tpy,tpz,te,deltapx,deltapy,deltapz,deltae,index
0,255,20,30.901687622070312,138.25967407226562,0,0.99985337257385254,0.0006753643392585218,-0.000688019092194736,0,0,0,0,0,0
0,511,40,30.915279388427734,138.24598693847656,0,0.99965894222259521,0.0018398992251604795,0.00068231712793931365,0,0,0,0,0,0
0,767,60,30.952007293701172,138.25985717773438,0,0.99943435192108154,0.002396030817180872,0.00055897160200402141,0,0,0,0,0,0
0,1023,80,30.999887466430664,138.27133178710938,0,0.99926906824111938,0.002521509537473321,0.00040449647349305451,0,0,0,0,0,0
0,1279,100,31.050304412841797,138.27972412109375,0,0.99914288520812988,0.003660174086689949,0.00033726997207850218,0,0,0,0,0,0
0,1535,120,31.123527526855469,138.28691101074219,0,0.99900633096694946,0.0036636008881032467,0.00045869738096371293,0,0,0,0,0,0
0,1791,140,31.196815490722656,138.29653930664062,0,0.99886608123779297,0.0041075469925999641,0.0013244297588244081,0,0,0,0,0,0
0,2047,160,31.278898239135742,138.32354736328125,0,0.99871230125427246,0.0038535213097929955,0.0018383124843239784,0,0,0,0,0,0
0,2303,180,31.355844497680664,138.36082458496094,0,0.99849164485931396,0.0030431561172008514,0.0022845037747174501,0,0,0,0,0,0
