particle_id,particle_type,process,vx,vy,vz,vt,px,py,pz,m,q
0,0,0,0,238.138916015625,344.98873901367188,0,1,0,-4.3711388286737929e-08,0,-1
