particle_id,particle_type,process,vx,vy,vz,vt,px,py,pz,m,q
0,0,0,0,-403.3848876953125,339.11703491210938,0,1,0,-4.3711388286737929e-08,0,-1
