particle_id,geometry_id,tx,ty,tz,tt,tpx,tpy,tpz,te,deltapx,deltapy,deltapz,deltae,index
0,255,20,108.24937438964844,-64.807769775390625,0,0.99901962280273438,0.00072557310340926051,-0.00086394045501947403,0,0,0,0,0,0
0,511,40,108.26399993896484,-64.824981689453125,0,0.99886065721511841,0.0017788722179830074,-0.0016829133965075016,0,0,0,0,0,0
0,767,60,108.29981994628906,-64.858467102050781,0,0.99842715263366699,0.00039014479261822999,-0.0023856020998209715,0,0,0,0,0,0
0,1023,80,108.30792236328125,-64.906204223632812,0,0.99811422824859619,0.00049706513527780771,-0.0027933311648666859,0,0,0,0,0,0
0,1279,100,108.31822204589844,-64.962112426757812,0,0.99794179201126099,0.00086222280515357852,-0.0024296496994793415,0,0,0,0,0,0
0,1535,120,108.33579254150391,-65.010704040527344,0,0.99779993295669556,0.00067160138860344887,-0.0022928710095584393,0,0,0,0,0,0
0,1791,140,108.34953308105469,-65.05657958984375,0,0.99763739109039307,0.0011312061687931418,-0.0016540918732061982,0,0,0,0,0,0
0,2047,160,108.37240600585938,-65.089599609375,0,0.99743109941482544,0.0012721784878522158,-0.0018186693778261542,0,0,0,0,0,0
0,2303,180,108.39813232421875,-65.12591552734375,0,0.99726808071136475,0.00099213758949190378,-0.0018602185882627964,0,0,0,0,0,0
