measurement_id,geometry_id,local_key,local0,local1,phi,theta,time,var_local0,var_local1,var_phi,var_theta,var_time
0,255,unknown,57.411739349365234,-73.788063049316406,-0.0013938377378508449,1.5714913606643677,0,0.0025000001769512892,0.0025000001769512892,0,0,0
1,511,unknown,57.524589538574219,-73.83941650390625,-0.0017154449597001076,1.5700827836990356,0,0.0025000001769512892,0.0025000001769512892,0,0,0
2,767,unknown,57.431682586669922,-73.778274536132812,-0.0010832272237166762,1.5705422163009644,0,0.0025000001769512892,0.0025000001769512892,0,0,0
3,1023,unknown,57.425308227539062,-73.729751586914062,-7.2280141466762871e-05,1.569922924041748,0,0.0025000001769512892,0.0025000001769512892,0,0,0
4,1279,unknown,57.438552856445312,-73.735404968261719,-0.00012264648103155196,1.5699625015258789,0,0.0025000001769512892,0.0025000001769512892,0,0,0
5,1535,unknown,57.332851409912109,-73.794845581054688,-0.0011584631865844131,1.5709686279296875,0,0.0025000001769512892,0.0025000001769512892,0,0,0
6,1791,unknown,57.38690185546875,-73.797401428222656,-0.0010885439114645123,1.5709755420684814,0,0.0025000001769512892,0.0025000001769512892,0,0,0
7,2047,unknown,57.286483764648438,-73.804473876953125,-0.0014215419068932533,1.5702860355377197,0,0.0025000001769512892,0.0025000001769512892,0,0,0
8,2303,unknown,57.334846496582031,-73.633049011230469,-0.0016054295701906085,1.5707942247390747,0,0.0025000001769512892,0.0025000001769512892,0,0,0
