particle_id,particle_type,process,vx,vy,vz,vt,px,py,pz,m,q
0,0,0,0,27.201503753662109,265.90682983398438,0,1,0,-4.3711388286737929e-08,0,-1
