particle_id,geometry_id,tx,ty,tz,tt,tpx,tpy,tpz,te,deltapx,deltapy,deltapz,deltae,index
0,255,20,-131.09323120117188,89.610221862792969,0,0.99983030557632446,0.00038224249146878719,6.154127731861081e-06,0,0,0,0,0,0
0,511,40,-131.08558654785156,89.610389709472656,0,0.99967938661575317,0.0022190704476088285,0.0001789516827557236,0,0,0,0,0,0
0,767,60,-131.04121398925781,89.614234924316406,0,0.99953985214233398,0.0031016732100397348,-0.00051705737132579088,0,0,0,0,0,0
0,1023,80,-130.97909545898438,89.604263305664062,0,0.99938178062438965,0.0034116688184440136,-0.00021317850041668862,0,0,0,0,0,0
0,1279,100,-130.91079711914062,89.600410461425781,0,0.99923902750015259,0.0031621307134628296,-0.0012415043311193585,0,0,0,0,0,0
0,1535,120,-130.84736633300781,89.575942993164062,0,0.99896806478500366,0.0031773000955581665,-0.0010023982031270862,0,0,0,0,0,0
0,1791,140,-130.78363037109375,89.556259155273438,0,0.99882447719573975,0.0041252020746469498,-0.0020249537192285061,0,0,0,0,0,0
0,2047,160,-130.70079040527344,89.516212463378906,0,0.99867981672286987,0.0041159186512231827,-0.0010844971984624863,0,0,0,0,0,0
0,2303,180,-130.61824035644531,89.494987487792969,0,0.99848151206970215,0.0039268056862056255,-0.0010691643692553043,0,0,0,0,0,0
