particle_id,geometry_id,tx,ty,tz,tt,tpx,tpy,tpz,te,deltapx,deltapy,deltapz,deltae,index
0,255,20,80.35455322265625,-297.31228637695312,0,0.99983716011047363,-3.0729359423276037e-05,3.3210271794814616e-05,0,0,0,0,0,0
0,511,40,80.353935241699219,-297.31161499023438,0,0.99965637922286987,-0.00030711659928783774,5.1556191465351731e-05,0,0,0,0,0,0
0,767,60,80.347785949707031,-297.31060791015625,0,0.99951767921447754,-0.00044334190897643566,0.0004984874976798892,0,0,0,0,0,0
0,1023,80,80.338851928710938,-297.30068969726562,0,0.99930065870285034,-3.9177608414320275e-05,0.00074580387445166707,0,0,0,0,0,0
0,1279,100,80.337974548339844,-297.2857666015625,0,0.99914389848709106,0.0014398061903193593,2.4968869183794595e-05,0,0,0,0,0,0
0,1535,120,80.366790771484375,-297.28509521484375,0,0.99900054931640625,0.0011654668487608433,-0.00016760361904744059,0,0,0,0,0,0
0,1791,140,80.390144348144531,-297.28829956054688,0,0.9988674521446228,0.0019309892086312175,-0.0010217032395303249,0,0,0,0,0,0
0,2047,160,80.428932189941406,-297.30853271484375,0,0.99865984916687012,0.00060413702158257365,-0.001027084537781775,0,0,0,0,0,0
0,2303,180,80.441154479980469,-297.32904052734375,0,0.99850773811340332,0.00011887608707183972,-0.00078148493776097894,0,0,0,0,0,0
