particle_id,geometry_id,tx,ty,tz,tt,tpx,tpy,tpz,te,deltapx,deltapy,deltapz,deltae,index
0,255,20,-202.77812194824219,-180.85508728027344,0,0.99979370832443237,0.00066457741195335984,0.0012193358270451427,0,0,0,0,0,0
0,511,40,-202.76496887207031,-180.83061218261719,0,0.99965053796768188,0.00036386822466738522,0.0010789005318656564,0,0,0,0,0,0
0,767,60,-202.7578125,-180.80899047851562,0,0.99946492910385132,-0.00035168934846296906,0.00094466132577508688,0,0,0,0,0,0
0,1023,80,-202.76496887207031,-180.79013061523438,0,0.99929893016815186,-0.00030428558238781989,0.0008887535659596324,0,0,0,0,0,0
0,1279,100,-202.77116394042969,-180.77238464355469,0,0.99895870685577393,-0.00020838365890085697,0.001000867341645062,0,0,0,0,0,0
0,1535,120,-202.77545166015625,-180.75236511230469,0,0.9987947940826416,-0.00089251348981633782,0.0028218200895935297,0,0,0,0,0,0
0,1791,140,-202.79365539550781,-180.69596862792969,0,0.99862450361251831,-0.00094158522551879287,0.0027674110606312752,0,0,0,0,0,0
0,2047,160,-202.81285095214844,-180.64065551757812,0,0.9984855055809021,-0.0010787633946165442,0.0026016943156719208,0,0,0,0,0,0
0,2303,180,-202.83477783203125,-180.58866882324219,0,0.99831074476242065,-0.0010969183640554547,0.0023702429607510567,0,0,0,0,0,0
