particle_id,geometry_id,tx,ty,tz,tt,tpx,tpy,tpz,te,deltapx,deltapy,deltapz,deltae,index
0,255,20,-150.41127014160156,-50.029735565185547,0,0.99981862306594849,0.00012360500113572925,-0.00048895156942307949,0,0,0,0,0,0
0,511,40,-150.40873718261719,-50.039501190185547,0,0.99966299533843994,-0.0009151176200248301,-0.00036434386856853962,0,0,0,0,0,0
0,767,60,-150.427001953125,-50.046901702880859,0,0.99950331449508667,-0.00027008162578567863,-9.5721210527699441e-05,0,0,0,0,0,0
0,1023,80,-150.43238830566406,-50.048851013183594,0,0.99932056665420532,-0.00035901562660001218,-0.00015884170716162771,0,0,0,0,0,0
0,1279,100,-150.43955993652344,-50.052074432373047,0,0.99917006492614746,5.0679333071457222e-05,1.69891045516124e-05,0,0,0,0,0,0
0,1535,120,-150.43855285644531,-50.051727294921875,0,0.99883419275283813,0.00016137395869009197,0.00010247587488265708,0,0,0,0,0,0
0,1791,140,-150.43533325195312,-50.049655914306641,0,0.99871397018432617,0.0009810678893700242,0.00081287120701745152,0,0,0,0,0,0
0,2047,160,-150.41578674316406,-50.033260345458984,0,0.99842625856399536,-0.00012436977704055607,0.00077181216329336166,0,0,0,0,0,0
0,2303,180,-150.41836547851562,-50.017814636230469,0,0.99821043014526367,0.00031891441904008389,0.00032767126685939729,0,0,0,0,0,0
