particle_id,particle_type,process,vx,vy,vz,vt,px,py,pz,m,q
0,0,0,0,-226.70848083496094,-318.43789672851562,0,1,0,-4.3711388286737929e-08,0,-1
