measurement_id,geometry_id,local_key,local0,local1,phi,theta,time,var_local0,var_local1,var_phi,var_theta,var_time
0,255,unknown,-104.49802398681641,141.38212585449219,-0.0013534900499507785,1.5698543787002563,0,0.0025000001769512892,0.0025000001769512892,0,0,0
1,511,unknown,-104.44155883789062,141.40095520019531,-0.00047247059410437942,1.5718040466308594,0,0.0025000001769512892,0.0025000001769512892,0,0,0
2,767,unknown,-104.51808166503906,141.48971557617188,-0.00063992780633270741,1.571763277053833,0,0.0025000001769512892,0.0025000001769512892,0,0,0
3,1023,unknown,-104.46532440185547,141.38894653320312,-0.0013351271627470851,1.5726093053817749,0,0.0025000001769512892,0.0025000001769512892,0,0,0
4,1279,unknown,-104.48062896728516,141.3570556640625,-0.00060863426188006997,1.5739741325378418,0,0.0025000001769512892,0.0025000001769512892,0,0,0
5,1535,unknown,-104.48294067382812,141.27053833007812,0.00084382505156099796,1.5737727880477905,0,0.0025000001769512892,0.0025000001769512892,0,0,0
6,1791,unknown,-104.44528961181641,141.17930603027344,0.0009118652087636292,1.5737284421920776,0,0.0025000001769512892,0.0025000001769512892,0,0,0
7,2047,unknown,-104.51743316650391,141.18630981445312,0.0019298606785014272,1.573327898979187,0,0.0025000001769512892,0.0025000001769512892,0,0,0
8,2303,unknown,-104.47102355957031,141.12556457519531,0.0018843753496184945,1.5732681751251221,0,0.0025000001769512892,0.0025000001769512892,0,0,0
