measurement_id,geometry_id,local_key,local0,local1,phi,theta,time,var_local0,var_local1,var_phi,var_theta,var_time
0,255,unknown,178.8057861328125,182.27119445800781,-0.00021375376672949642,1.5705400705337524,0,0.0025000001769512892,0.0025000001769512892,0,0,0
1,511,unknown,178.73738098144531,182.16348266601562,-0.00024618578027002513,1.5705671310424805,0,0.0025000001769512892,0.0025000001769512892,0,0,0
2,767,unknown,178.71347045898438,182.17718505859375,0.0011989095946773887,1.5711838006973267,0,0.0025000001769512892,0.0025000001769512892,0,0,0
3,1023,unknown,178.71051025390625,182.18873596191406,0.0011530992342159152,1.5713486671447754,0,0.0025000001769512892,0.0025000001769512892,0,0,0
4,1279,unknown,178.77522277832031,182.246337890625,0.0011374718742445111,1.5712321996688843,0,0.0025000001769512892,0.0025000001769512892,0,0,0
5,1535,unknown,178.80302429199219,182.32308959960938,0.0016538457712158561,1.57117760181427,0,0.0025000001769512892,0.0025000001769512892,0,0,0
6,1791,unknown,178.84901428222656,182.14178466796875,0.00072567770257592201,1.5684722661972046,0,0.0025000001769512892,0.0025000001769512892,0,0,0
7,2047,unknown,178.79801940917969,182.25154113769531,0.00079556595301255584,1.5686525106430054,0,0.0025000001769512892,0.0025000001769512892,0,0,0
8,2303,unknown,178.76974487304688,182.33757019042969,0.00076952512608841062,1.5686637163162231,0,0.0025000001769512892,0.0025000001769512892,0,0,0
