measurement_id,geometry_id,local_key,local0,local1,phi,theta,time,var_local0,var_local1,var_phi,var_theta,var_time
0,255,unknown,-289.40890502929688,-350.15768432617188,-0.00081207969924435019,1.5708804130554199,0,0.0025000001769512892,0.0025000001769512892,0,0,0
1,511,unknown,-289.54071044921875,-350.23541259765625,-0.00071196362841874361,1.5716996192932129,0,0.0025000001769512892,0.0025000001769512892,0,0,0
2,767,unknown,-289.54055786132812,-350.30831909179688,-0.00017406688129995018,1.5727696418762207,0,0.0025000001769512892,0.0025000001769512892,0,0,0
3,1023,unknown,-289.53506469726562,-350.22250366210938,-5.0508151616668329e-05,1.5726646184921265,0,0.0025000001769512892,0.0025000001769512892,0,0,0
4,1279,unknown,-289.57476806640625,-350.38638305664062,6.8603885665652342e-06,1.5719913244247437,0,0.0025000001769512892,0.0025000001769512892,0,0,0
5,1535,unknown,-289.61807250976562,-350.29739379882812,9.9430755653884262e-05,1.5720415115356445,0,0.0025000001769512892,0.0025000001769512892,0,0,0
6,1791,unknown,-289.48110961914062,-350.3419189453125,0.00013726534962188452,1.571990966796875,0,0.0025000001769512892,0.0025000001769512892,0,0,0
7,2047,unknown,-289.44744873046875,-350.30767822265625,-4.4310902012512088e-05,1.5741149187088013,0,0.0025000001769512892,0.0025000001769512892,0,0,0
8,2303,unknown,-289.47216796875,-350.412109375,-0.0011548831826075912,1.5738135576248169,0,0.0025000001769512892,0.0025000001769512892,0,0,0
