particle_id,geometry_id,tx,ty,tz,tt,tpx,tpy,tpz,te,deltapx,deltapy,deltapz,deltae,index
0,255,20,-301.34750366210938,-297.69293212890625,0,0.99984437227249146,0.00066293420968577266,0.00080735475057736039,0,0,0,0,0,0
0,511,40,-301.3343505859375,-297.67669677734375,0,0.9996599555015564,0.0012890618527308106,0.00073796918150037527,0,0,0,0,0,0
0,767,60,-301.30865478515625,-297.66177368164062,0,0.99928593635559082,0.0015363235725089908,0.00079153751721605659,0,0,0,0,0,0
0,1023,80,-301.27801513671875,-297.645751953125,0,0.99912506341934204,0.0014238925650715828,0.0015627357643097639,0,0,0,0,0,0
0,1279,100,-301.24969482421875,-297.61428833007812,0,0.99896198511123657,0.00043478302541188896,0.00025682389969006181,0,0,0,0,0,0
0,1535,120,-301.24102783203125,-297.60910034179688,0,0.99882179498672485,0.0002907003799919039,0.00036978418938815594,0,0,0,0,0,0
0,1791,140,-301.23526000976562,-297.60165405273438,0,0.99867475032806396,-0.0011459761299192905,-0.00071982847293838859,0,0,0,0,0,0
0,2047,160,-301.25811767578125,-297.6162109375,0,0.99839025735855103,-0.0012941259192302823,-0.0010015761945396662,0,0,0,0,0,0
0,2303,180,-301.283935546875,-297.63644409179688,0,0.9982110857963562,-0.0012784971622750163,-0.0010148430010303855,0,0,0,0,0,0
