particle_id,particle_type,process,vx,vy,vz,vt,px,py,pz,m,q
0,0,0,0,37.005363464355469,-36.819751739501953,0,1,0,-4.3711388286737929e-08,0,-1
