particle_id,geometry_id,tx,ty,tz,tt,tpx,tpy,tpz,te,deltapx,deltapy,deltapz,deltae,index
0,255,20,-11.996628761291504,151.02955627441406,0,0.99982863664627075,0.0016375618288293481,0.0010789750376716256,0,0,0,0,0,0
0,511,40,-11.964001655578613,151.05133056640625,0,0.99967968463897705,0.0010704206069931388,0.0020569728221744299,0,0,0,0,0,0
0,767,60,-11.94283390045166,151.09260559082031,0,0.99693191051483154,0.0012586908414959908,0.00074890919495373964,0,0,0,0,0,0
0,1023,80,-11.917673110961914,151.1077880859375,0,0.99671441316604614,0.0020222980529069901,0.00079199648462235928,0,0,0,0,0,0
0,1279,100,-11.877190589904785,151.12391662597656,0,0.99651980400085449,0.0030253357253968716,0.00044377447920851409,0,0,0,0,0,0
0,1535,120,-11.816527366638184,151.13319396972656,0,0.99510294198989868,0.0040768515318632126,9.7111609647981822e-05,0,0,0,0,0,0
0,1791,140,-11.734602928161621,151.13563537597656,0,0.99495518207550049,0.0039294129237532616,0.00086580112110823393,0,0,0,0,0,0
0,2047,160,-11.655722618103027,151.15351867675781,0,0.99479854106903076,0.0038948685396462679,0.00090373220155015588,0,0,0,0,0,0
0,2303,180,-11.577528953552246,151.17216491699219,0,0.99396312236785889,0.0038799736648797989,0.00095676793716847897,0,0,0,0,0,0
