particle_id,geometry_id,tx,ty,tz,tt,tpx,tpy,tpz,te,deltapx,deltapy,deltapz,deltae,index
0,255,20,310.24822998046875,281.6185302734375,0,0.99951338768005371,0.00067643006332218647,0.00098152505233883858,0,0,0,0,0,0
0,511,40,310.26165771484375,281.63824462890625,0,0.99913758039474487,0.00064293603645637631,0.0010022378992289305,0,0,0,0,0,0
0,767,60,310.2744140625,281.65838623046875,0,0.99899756908416748,0.00067968631628900766,0.00093457353068515658,0,0,0,0,0,0
0,1023,80,310.28790283203125,281.67718505859375,0,0.9987984299659729,0.0011396250920370221,0.00053932599257677794,0,0,0,0,0,0
0,1279,100,310.3106689453125,281.6881103515625,0,0.99847835302352905,0.00052035070257261395,0.0012812924105674028,0,0,0,0,0,0
0,1535,120,310.3209228515625,281.71383666992188,0,0.99826830625534058,0.00014382528024725616,0.0024642723146826029,0,0,0,0,0,0
0,1791,140,310.32351684570312,281.76321411132812,0,0.99811363220214844,0.00028456203290261328,0.0018588521052151918,0,0,0,0,0,0
0,2047,160,310.32901000976562,281.80050659179688,0,0.99784374237060547,0.0018857412505894899,0.0021921347361057997,0,0,0,0,0,0
0,2303,180,310.36654663085938,281.84466552734375,0,0.99754935503005981,0.0028797404374927282,0.0030195224098861217,0,0,0,0,0,0
