measurement_id,geometry_id,local_key,local0,local1,phi,theta,time,var_local0,var_local1,var_phi,var_theta,var_time
0,255,unknown,170.63656616210938,-124.94302368164062,0.00075360597111284733,1.5709836483001709,0,0.0025000001769512892,0.0025000001769512892,0,0,0
1,511,unknown,170.55879211425781,-124.927490234375,0.00096096319612115622,1.5703690052032471,0,0.0025000001769512892,0.0025000001769512892,0,0,0
2,767,unknown,170.63163757324219,-124.96031188964844,0.001517627271823585,1.5699912309646606,0,0.0025000001769512892,0.0025000001769512892,0,0,0
3,1023,unknown,170.68397521972656,-124.84311676025391,0.0020583465229719877,1.5698087215423584,0,0.0025000001769512892,0.0025000001769512892,0,0,0
4,1279,unknown,170.66818237304688,-124.953857421875,0.001533505623228848,1.5699892044067383,0,0.0025000001769512892,0.0025000001769512892,0,0,0
5,1535,unknown,170.67225646972656,-124.81879425048828,0.0037584383971989155,1.5695580244064331,0,0.0025000001769512892,0.0025000001769512892,0,0,0
6,1791,unknown,170.77470397949219,-124.77286529541016,0.0041273240931332111,1.5689326524734497,0,0.0025000001769512892,0.0025000001769512892,0,0,0
7,2047,unknown,170.83157348632812,-124.71846008300781,0.0043852254748344421,1.5691968202590942,0,0.0025000001769512892,0.0025000001769512892,0,0,0
8,2303,unknown,170.91067504882812,-124.78281402587891,0.0046844286844134331,1.5688583850860596,0,0.0025000001769512892,0.0025000001769512892,0,0,0
