particle_id,geometry_id,tx,ty,tz,tt,tpx,tpy,tpz,te,deltapx,deltapy,deltapz,deltae,index
0,255,20,-58.442718505859375,305.74502563476562,0,0.99922746419906616,0.0024564790073782206,-0.00049783603753894567,0,0,0,0,0,0
0,511,40,-58.39349365234375,305.7353515625,0,0.99904918670654297,0.0025131471920758486,-0.00045106146717444062,0,0,0,0,0,0
0,767,60,-58.343128204345703,305.72662353515625,0,0.99882262945175171,0.0024769371375441551,-0.00071946054231375456,0,0,0,0,0,0
0,1023,80,-58.293445587158203,305.7125244140625,0,0.99869561195373535,0.0018836292438209057,-0.0011699879541993141,0,0,0,0,0,0
0,1279,100,-58.255584716796875,305.6893310546875,0,0.99850422143936157,0.0016595732886344194,-0.0021472498774528503,0,0,0,0,0,0
0,1535,120,-58.222087860107422,305.64651489257812,0,0.99836421012878418,0.0019874416757375002,-0.0020116297528147697,0,0,0,0,0,0
0,1791,140,-58.182033538818359,305.6064453125,0,0.99820566177368164,0.0020182735752314329,-0.0012891239020973444,0,0,0,0,0,0
0,2047,160,-58.141441345214844,305.58087158203125,0,0.99797254800796509,0.0010629757307469845,-7.6539836300071329e-05,0,0,0,0,0,0
0,2303,180,-58.120128631591797,305.5794677734375,0,0.997833251953125,0.00048029469326138496,-0.0010527604026719928,0,0,0,0,0,0
