particle_id,geometry_id,tx,ty,tz,tt,tpx,tpy,tpz,te,deltapx,deltapy,deltapz,deltae,index
0,255,20,-64.539688110351562,-60.942852020263672,0,0.99986457824707031,0.00014612707309424877,-8.5386003775056452e-05,0,0,0,0,0,0
0,511,40,-64.536758422851562,-60.944541931152344,0,0.99938791990280151,0.0002638697624206543,-2.7921587388846092e-05,0,0,0,0,0,0
0,767,60,-64.531471252441406,-60.945068359375,0,0.99921458959579468,-0.00044096133206039667,-0.0020439524669200182,0,0,0,0,0,0
0,1023,80,-64.540054321289062,-60.986030578613281,0,0.9990919828414917,0.00080102973151952028,-0.0026878044009208679,0,0,0,0,0,0
0,1279,100,-64.523696899414062,-61.039737701416016,0,0.99877685308456421,0.0010110409930348396,-0.0026421889197081327,0,0,0,0,0,0
0,1535,120,-64.503135681152344,-61.092521667480469,0,0.99846512079238892,0.00077637971844524145,-0.0032914911862462759,0,0,0,0,0,0
0,1791,140,-64.487190246582031,-61.158359527587891,0,0.99824470281600952,0.00051746179815381765,-0.003038719529286027,0,0,0,0,0,0
0,2047,160,-64.476455688476562,-61.21917724609375,0,0.9981076717376709,0.0010093420278280973,-0.0032439096830785275,0,0,0,0,0,0
0,2303,180,-64.455841064453125,-61.284053802490234,0,0.99794489145278931,0.00092367694014683366,-0.0035970653407275677,0,0,0,0,0,0
