particle_id,geometry_id,tx,ty,tz,tt,tpx,tpy,tpz,te,deltapx,deltapy,deltapz,deltae,index
0,255,20,-22.856712341308594,-164.89254760742188,0,0.99983638525009155,5.2884926844853908e-05,-0.00025201094103977084,0,0,0,0,0,0
0,511,40,-22.855625152587891,-164.8975830078125,0,0.99965196847915649,0.0017403237288817763,-0.0029778219759464264,0,0,0,0,0,0
0,767,60,-22.820449829101562,-164.95695495605469,0,0.99944573640823364,0.0024671806022524834,-0.0016391034005209804,0,0,0,0,0,0
0,1023,80,-22.770883560180664,-164.98945617675781,0,0.99925851821899414,0.0028327316977083683,-0.0014823911478742957,0,0,0,0,0,0
0,1279,100,-22.714010238647461,-165.01878356933594,0,0.99905198812484741,0.0032110405154526234,-0.0013558435020968318,0,0,0,0,0,0
0,1535,120,-22.649566650390625,-165.0455322265625,0,0.99891740083694458,0.0046309800818562508,-0.00083218544023111463,0,0,0,0,0,0
0,1791,140,-22.55674934387207,-165.06163024902344,0,0.99865484237670898,0.0051939939148724079,-0.0006436309777200222,0,0,0,0,0,0
0,2047,160,-22.452653884887695,-165.07389831542969,0,0.99851906299591064,0.0051748254336416721,-0.00056629010941833258,0,0,0,0,0,0
0,2303,180,-22.34893798828125,-165.08462524414062,0,0.99810951948165894,0.0051825419068336487,-0.00050204363651573658,0,0,0,0,0,0
