particle_id,geometry_id,tx,ty,tz,tt,tpx,tpy,tpz,te,deltapx,deltapy,deltapz,deltae,index
0,255,20,-164.14349365234375,292.75064086914062,0,0.99988037347793579,-0.00076314766192808747,0.0013085996033623815,0,0,0,0,0,0
0,511,40,-164.15892028808594,292.7767333984375,0,0.99952048063278198,-0.00085719552589580417,0.0020398441702127457,0,0,0,0,0,0
0,767,60,-164.17631530761719,292.81744384765625,0,0.99932187795639038,-0.0016567450948059559,0.00045347900595515966,0,0,0,0,0,0
0,1023,80,-164.20953369140625,292.82632446289062,0,0.99912345409393311,-0.0037845317274332047,0.00032606761669740081,0,0,0,0,0,0
0,1279,100,-164.28532409667969,292.8323974609375,0,0.99851185083389282,-0.004514679778367281,0.00033003516728058457,0,0,0,0,0,0
0,1535,120,-164.37579345703125,292.83847045898438,0,0.99836206436157227,-0.004692799411714077,0.00038497103378176689,0,0,0,0,0,0
0,1791,140,-164.4698486328125,292.84561157226562,0,0.99803817272186279,-0.006334756501019001,9.5257601060438901e-05,0,0,0,0,0,0
0,2047,160,-164.5968017578125,292.84677124023438,0,0.99787372350692749,-0.0063634105026721954,0.0015947117935866117,0,0,0,0,0,0
0,2303,180,-164.72453308105469,292.87796020507812,0,0.99768900871276855,-0.0067668491974473,0.0010412461124360561,0,0,0,0,0,0
