particle_id,geometry_id,tx,ty,tz,tt,tpx,tpy,tpz,te,deltapx,deltapy,deltapz,deltae,index
0,255,20,-188.19825744628906,-266.03445434570312,0,0.9998631477355957,-0.00062105566030368209,0.00032630673376843333,0,0,0,0,0,0
0,511,40,-188.21072387695312,-266.02801513671875,0,0.99972051382064819,-4.7594858187949285e-05,0.00012389931362122297,0,0,0,0,0,0
0,767,60,-188.21168518066406,-266.02554321289062,0,0.9995914101600647,-0.00083341932622715831,-6.6773645812645555e-05,0,0,0,0,0,0
0,1023,80,-188.22834777832031,-266.0269775390625,0,0.99944454431533813,-0.0019668894819915295,0.00083086185622960329,0,0,0,0,0,0
0,1279,100,-188.26780700683594,-266.01058959960938,0,0.99930661916732788,-0.0020372467115521431,0.0007305616163648665,0,0,0,0,0,0
0,1535,120,-188.30867004394531,-265.9962158203125,0,0.9990423321723938,-0.002900667954236269,0.00088805268751457334,0,0,0,0,0,0
0,1791,140,-188.36685180664062,-265.97879028320312,0,0.99889290332794189,-0.0026803484652191401,0.001202165731228888,0,0,0,0,0,0
0,2047,160,-188.420654296875,-265.95504760742188,0,0.99874418973922729,-0.0031257038936018944,0.00092564942315220833,0,0,0,0,0,0
0,2303,180,-188.48335266113281,-265.9368896484375,0,0.99849122762680054,-0.0032052169553935528,0.0010064747184514999,0,0,0,0,0,0
