particle_id,geometry_id,tx,ty,tz,tt,tpx,tpy,tpz,te,deltapx,deltapy,deltapz,deltae,index
0,255,20,159.08370971679688,-177.48849487304688,0,0.99982452392578125,-0.0003353155916556716,-0.00043841858860105276,0,0,0,0,0,0
0,511,40,159.07705688476562,-177.49729919433594,0,0.99923890829086304,-0.00041675637476146221,-0.00045055014197714627,0,0,0,0,0,0
0,767,60,159.06877136230469,-177.50636291503906,0,0.99907577037811279,-0.00075034226756542921,0.00036023126449435949,0,0,0,0,0,0
0,1023,80,159.0537109375,-177.49923706054688,0,0.99892520904541016,-0.00094533356605097651,0.00033707529655657709,0,0,0,0,0,0
0,1279,100,159.03474426269531,-177.49259948730469,0,0.99877065420150757,-0.0003279621887486428,0.00057336263125762343,0,0,0,0,0,0
0,1535,120,159.02810668945312,-177.48115539550781,0,0.99849343299865723,-0.00050692312652245164,0.0012152502313256264,0,0,0,0,0,0
0,1791,140,159.01780700683594,-177.45687866210938,0,0.99833196401596069,-0.00079067982733249664,0.00092288287123665214,0,0,0,0,0,0
0,2047,160,159.00186157226562,-177.43849182128906,0,0.99816673994064331,-0.0006736273062415421,-0.00041246568434871733,0,0,0,0,0,0
0,2303,180,158.98841857910156,-177.44683837890625,0,0.99799627065658569,-0.00060265423962846398,-0.00032507089781574905,0,0,0,0,0,0
