particle_id,particle_type,process,vx,vy,vz,vt,px,py,pz,m,q
0,0,0,0,-14.509916305541992,-23.168886184692383,0,1,0,-4.3711388286737929e-08,0,-1
