measurement_id,geometry_id,local_key,local0,local1,phi,theta,time,var_local0,var_local1,var_phi,var_theta,var_time
0,255,unknown,74.251502990722656,-24.440927505493164,-0.00027487825718708336,1.5708764791488647,0,0.0025000001769512892,0.0025000001769512892,0,0,0
1,511,unknown,74.311737060546875,-24.410293579101562,0.0010849091922864318,1.5706515312194824,0,0.0025000001769512892,0.0025000001769512892,0,0,0
2,767,unknown,74.248130798339844,-24.429019927978516,0.0026038051582872868,1.5695348978042603,0,0.0025000001769512892,0.0025000001769512892,0,0,0
3,1023,unknown,74.312271118164062,-24.433143615722656,0.0031678068917244673,1.568412184715271,0,0.0025000001769512892,0.0025000001769512892,0,0,0
4,1279,unknown,74.357559204101562,-24.242349624633789,0.004275172483175993,1.5671998262405396,0,0.0025000001769512892,0.0025000001769512892,0,0,0
5,1535,unknown,74.4056396484375,-24.282304763793945,0.0059991078451275826,1.5657330751419067,0,0.0025000001769512892,0.0025000001769512892,0,0,0
6,1791,unknown,74.528572082519531,-24.076072692871094,0.0057943048886954784,1.5654294490814209,0,0.0025000001769512892,0.0025000001769512892,0,0,0
7,2047,unknown,74.644699096679688,-23.893856048583984,0.0057963253930211067,1.5654082298278809,0,0.0025000001769512892,0.0025000001769512892,0,0,0
8,2303,unknown,74.8521728515625,-23.876087188720703,0.0058312267065048218,1.5651923418045044,0,0.0025000001769512892,0.0025000001769512892,0,0,0
