particle_id,geometry_id,tx,ty,tz,tt,tpx,tpy,tpz,te,deltapx,deltapy,deltapz,deltae,index
0,255,20,-58.831138610839844,126.23905944824219,0,0.99983674287796021,-0.00032093407935462892,-3.2701718737371266e-05,0,0,0,0,0,0
0,511,40,-58.837554931640625,126.23836517333984,0,0.9995424747467041,-0.0003505529894027859,-0.00060701806796714664,0,0,0,0,0,0
0,767,60,-58.844497680664062,126.22618103027344,0,0.99926364421844482,-0.001001289114356041,-0.00093431439017876983,0,0,0,0,0,0
0,1023,80,-58.864425659179688,126.20735931396484,0,0.99908602237701416,0.00022594003530684859,0.0012968404917046428,0,0,0,0,0,0
0,1279,100,-58.860057830810547,126.23334503173828,0,0.99877244234085083,9.1607827926054597e-05,0.0020228384528309107,0,0,0,0,0,0
0,1535,120,-58.858467102050781,126.27386474609375,0,0.9986412525177002,-0.00075736339204013348,0.0025270991027355194,0,0,0,0,0,0
0,1791,140,-58.873939514160156,126.32438659667969,0,0.9984862208366394,-0.00091607723152264953,0.0027046564500778913,0,0,0,0,0,0
0,2047,160,-58.892612457275391,126.37844848632812,0,0.99830853939056396,-0.00046743848361074924,0.0030445388983935118,0,0,0,0,0,0
0,2303,180,-58.90234375,126.43938446044922,0,0.99817907810211182,-0.00012933365360368043,0.0028547067195177078,0,0,0,0,0,0
