particle_id,geometry_id,tx,ty,tz,tt,tpx,tpy,tpz,te,deltapx,deltapy,deltapz,deltae,index
0,255,20,-62.544708251953125,25.944427490234375,0,0.99986886978149414,0.0012947096256539226,0.0014632991515100002,0,0,0,0,0,0
0,511,40,-62.518985748291016,25.973852157592773,0,0.99974381923675537,0.00031352814403362572,0.0031257867813110352,0,0,0,0,0,0
0,767,60,-62.513088226318359,26.036420822143555,0,0.99952119588851929,0.00023603088629897684,0.0032986972946673632,0,0,0,0,0,0
0,1023,80,-62.508762359619141,26.102453231811523,0,0.99931657314300537,-0.0010416131699457765,0.0049374899826943874,0,0,0,0,0,0
0,1279,100,-62.530200958251953,26.201143264770508,0,0.99916309118270874,-0.00094716082094237208,0.0047563952393829823,0,0,0,0,0,0
0,1535,120,-62.549732208251953,26.296234130859375,0,0.99893534183502197,-0.0015806171577423811,0.0035545846913009882,0,0,0,0,0,0
0,1791,140,-62.581806182861328,26.367210388183594,0,0.99874705076217651,-0.0013797756982967257,0.0047857305034995079,0,0,0,0,0,0
0,2047,160,-62.610012054443359,26.46287727355957,0,0.9985584020614624,-0.0017687680665403605,0.0046213874593377113,0,0,0,0,0,0
0,2303,180,-62.645992279052734,26.55522346496582,0,0.99842607975006104,-0.0017348676919937134,0.0046788579784333706,0,0,0,0,0,0
