particle_id,geometry_id,tx,ty,tz,tt,tpx,tpy,tpz,te,deltapx,deltapy,deltapz,deltae,index
0,255,20,-87.771636962890625,135.00102233886719,0,0.99979227781295776,1.9446242731646635e-05,-9.5391325885429978e-05,0,0,0,0,0,0
0,511,40,-87.771240234375,134.99911499023438,0,0.99965465068817139,0.00011604040628299117,-0.00010133659816347063,0,0,0,0,0,0
0,767,60,-87.768905639648438,134.99710083007812,0,0.99952870607376099,-0.00026286134379915893,0.00013376525021158159,0,0,0,0,0,0
0,1023,80,-87.774177551269531,134.99974060058594,0,0.99928677082061768,-0.00033307544072158635,0.00019472450367175043,0,0,0,0,0,0
0,1279,100,-87.780868530273438,135.00360107421875,0,0.99908196926116943,-0.00032069237204268575,0.00041906876140274107,0,0,0,0,0,0
0,1535,120,-87.787338256835938,135.01194763183594,0,0.9989284873008728,-0.00045032255002297461,0.00070325221167877316,0,0,0,0,0,0
0,1791,140,-87.796440124511719,135.02597045898438,0,0.9984734058380127,-0.00094402855029329658,-0.0002072702773148194,0,0,0,0,0,0
0,2047,160,-87.815322875976562,135.02169799804688,0,0.99833214282989502,0.00068790354998782277,0.00055442634038627148,0,0,0,0,0,0
0,2303,180,-87.801605224609375,135.03288269042969,0,0.99817830324172974,0.000720457814168185,-0.0003202515363227576,0,0,0,0,0,0
