particle_id,geometry_id,tx,ty,tz,tt,tpx,tpy,tpz,te,deltapx,deltapy,deltapz,deltae,index
0,255,20,55.656517028808594,-127.84825897216797,0,0.99983006715774536,-9.1881440312135965e-05,-0.0013402060139924288,0,0,0,0,0,0
0,511,40,55.654838562011719,-127.87507629394531,0,0.99907833337783813,-0.00031918988679535687,-0.0012807204620912671,0,0,0,0,0,0
0,767,60,55.648601531982422,-127.90074920654297,0,0.99890023469924927,-0.00095753400819376111,-0.00035584947909228504,0,0,0,0,0,0
0,1023,80,55.629474639892578,-127.90798950195312,0,0.99864500761032104,-0.00030940640135668218,-0.00036099652061238885,0,0,0,0,0,0
0,1279,100,55.623321533203125,-127.91525268554688,0,0.9984702467918396,0.0010123058455064893,-0.00059482158394530416,0,0,0,0,0,0
0,1535,120,55.643669128417969,-127.92704772949219,0,0.99829483032226562,0.002338130259886384,-0.0018006114987656474,0,0,0,0,0,0
0,1791,140,55.690727233886719,-127.96283721923828,0,0.99812710285186768,0.0021122188773006201,-0.0018414775840938091,0,0,0,0,0,0
0,2047,160,55.733272552490234,-127.99948120117188,0,0.99798029661178589,0.002053622854873538,-0.0018062295857816935,0,0,0,0,0,0
0,2303,180,55.774642944335938,-128.03543090820312,0,0.9977385401725769,0.0023262947797775269,-0.0027655251324176788,0,0,0,0,0,0
