particle_id,geometry_id,tx,ty,tz,tt,tpx,tpy,tpz,te,deltapx,deltapy,deltapz,deltae,index
0,255,20,-258.918701171875,85.133552551269531,0,0.99984598159790039,0.00083870033267885447,-8.0616802733857185e-05,0,0,0,0,0,0
0,511,40,-258.90191650390625,85.132041931152344,0,0.99944084882736206,0.00058003247249871492,-0.00036414366331882775,0,0,0,0,0,0
0,767,60,-258.8902587890625,85.124824523925781,0,0.99927622079849243,-1.6612253602943383e-05,-0.00044401516788639128,0,0,0,0,0,0
0,1023,80,-258.89053344726562,85.115936279296875,0,0.99911433458328247,-0.00023333475110121071,-0.0019992021843791008,0,0,0,0,0,0
0,1279,100,-258.89495849609375,85.075889587402344,0,0.99888551235198975,-0.0021758312359452248,-0.0015141052426770329,0,0,0,0,0,0
0,1535,120,-258.9383544921875,85.045310974121094,0,0.99871790409088135,-0.0020523765124380589,-0.001447774120606482,0,0,0,0,0,0
0,1791,140,-258.97927856445312,85.016075134277344,0,0.99825495481491089,-0.0035631605423986912,-0.00077450898243114352,0,0,0,0,0,0
0,2047,160,-259.05056762695312,85.000129699707031,0,0.99813085794448853,-0.003702452639117837,-0.0014816743787378073,0,0,0,0,0,0
0,2303,180,-259.12457275390625,84.969993591308594,0,0.99796760082244873,-0.0036037780810147524,-0.0015494812978431582,0,0,0,0,0,0
