particle_id,geometry_id,tx,ty,tz,tt,tpx,tpy,tpz,te,deltapx,deltapy,deltapz,deltae,index
0,255,20,-66.889015197753906,164.75936889648438,0,0.99962460994720459,0.0011735793668776751,-0.0011033894261345267,0,0,0,0,0,0
0,511,40,-66.865402221679688,164.7374267578125,0,0.99950325489044189,-0.00045171944657340646,-0.00051000615349039435,0,0,0,0,0,0
0,767,60,-66.874382019042969,164.7271728515625,0,0.9993361234664917,-0.00019808005890809,-0.00040055927820503712,0,0,0,0,0,0
0,1023,80,-66.8782958984375,164.71913146972656,0,0.99919700622558594,-0.00046586306416429579,0.00055002293083816767,0,0,0,0,0,0
0,1279,100,-66.887687683105469,164.73008728027344,0,0.99906784296035767,0.00011514069774420932,-6.3558732108504046e-06,0,0,0,0,0,0
0,1535,120,-66.885383605957031,164.72998046875,0,0.99889945983886719,0.00011673601693473756,-8.7363641796400771e-06,0,0,0,0,0,0
0,1791,140,-66.883049011230469,164.72981262207031,0,0.99871915578842163,0.00036039386759512126,-0.0011888244189321995,0,0,0,0,0,0
0,2047,160,-66.875686645507812,164.7060546875,0,0.99857926368713379,0.00026836062897928059,-0.0013237685197964311,0,0,0,0,0,0
0,2303,180,-66.870155334472656,164.67958068847656,0,0.99843919277191162,0.00029059688677079976,-0.0013046580133959651,0,0,0,0,0,0
