particle_id,particle_type,process,vx,vy,vz,vt,px,py,pz,m,q
0,0,0,0,79.564826965332031,-18.012790679931641,0,1,0,-4.3711388286737929e-08,0,-1
