particle_id,particle_type,process,vx,vy,vz,vt,px,py,pz,m,q
0,0,0,0,2.8306283950805664,-206.04119873046875,0,1,0,-4.3711388286737929e-08,0,-1
