particle_id,geometry_id,tx,ty,tz,tt,tpx,tpy,tpz,te,deltapx,deltapy,deltapz,deltae,index
0,255,20,-327.80703735351562,-57.066314697265625,0,0.99983024597167969,-2.686127663764637e-05,-0.0005164899630472064,0,0,0,0,0,0
0,511,40,-327.80752563476562,-57.076648712158203,0,0.99967324733734131,-4.6351069613592699e-05,-0.00047720177099108696,0,0,0,0,0,0
0,767,60,-327.80841064453125,-57.086200714111328,0,0.99950653314590454,0.00033810647437348962,0.00010611937614157796,0,0,0,0,0,0
0,1023,80,-327.80166625976562,-57.084037780761719,0,0.9993445873260498,-0.0011455472558736801,-0.00097227399237453938,0,0,0,0,0,0
0,1279,100,-327.824462890625,-57.103633880615234,0,0.99910169839859009,-0.0021655894815921783,-0.00077552010770887136,0,0,0,0,0,0
0,1535,120,-327.86770629882812,-57.119419097900391,0,0.99872010946273804,-0.0022571028675884008,-0.001593385124579072,0,0,0,0,0,0
0,1791,140,-327.9127197265625,-57.151599884033203,0,0.99843460321426392,-0.0021547551732510328,-0.001340480986982584,0,0,0,0,0,0
0,2047,160,-327.95571899414062,-57.1787109375,0,0.99823510646820068,-0.0039243707433342934,-0.001605590688996017,0,0,0,0,0,0
0,2303,180,-328.03414916992188,-57.211349487304688,0,0.99799662828445435,-0.0039163017645478249,-0.0015698723727837205,0,0,0,0,0,0
