particle_id,particle_type,process,vx,vy,vz,vt,px,py,pz,m,q
0,0,0,0,-210.47322082519531,-133.76191711425781,0,1,0,-4.3711388286737929e-08,0,-1
