particle_id,particle_type,process,vx,vy,vz,vt,px,py,pz,m,q
0,0,0,0,474.01715087890625,479.95877075195312,0,1,0,-4.3711388286737929e-08,0,-1
