particle_id,geometry_id,tx,ty,tz,tt,tpx,tpy,tpz,te,deltapx,deltapy,deltapz,deltae,index
0,255,20,101.36281585693359,55.552608489990234,0,0.99978750944137573,-0.0013923730002716184,0.00011187014024471864,0,0,0,0,0,0
0,511,40,101.33495330810547,55.554679870605469,0,0.99964743852615356,-0.00095145852537825704,0.00090908404672518373,0,0,0,0,0,0
0,767,60,101.31581115722656,55.57275390625,0,0.99929517507553101,-0.00094907020684331656,0.00094438216183334589,0,0,0,0,0,0
0,1023,80,101.29670715332031,55.591541290283203,0,0.99915754795074463,-0.0016153337201103568,0.0013012230629101396,0,0,0,0,0,0
0,1279,100,101.26422119140625,55.617393493652344,0,0.99898982048034668,-0.0015941426390781999,0.0012702796375378966,0,0,0,0,0,0
0,1535,120,101.23215484619141,55.642631530761719,0,0.99885386228561401,-0.0016226375009864569,0.0012555798748508096,0,0,0,0,0,0
0,1791,140,101.19951629638672,55.667575836181641,0,0.99864852428436279,-0.0013729071943089366,0.00091496179811656475,0,0,0,0,0,0
0,2047,160,101.17191314697266,55.685733795166016,0,0.99850565195083618,-0.0013604877749457955,9.3633956566918641e-05,0,0,0,0,0,0
0,2303,180,101.1446533203125,55.687446594238281,0,0.99822604656219482,-0.0012198828626424074,0.00023830917780287564,0,0,0,0,0,0
