particle_id,particle_type,process,vx,vy,vz,vt,px,py,pz,m,q
0,0,0,0,-65.207511901855469,-2.3873405456542969,0,1,0,-4.3711388286737929e-08,0,-1
