measurement_id,geometry_id,local_key,local0,local1,phi,theta,time,var_local0,var_local1,var_phi,var_theta,var_time
0,255,unknown,-53.661483764648438,175.4686279296875,-0.00024860986741259694,1.5702952146530151,0,0.0025000001769512892,0.0025000001769512892,0,0,0
1,511,unknown,-53.660232543945312,175.49473571777344,-0.00034544704249128699,1.5705538988113403,0,0.0025000001769512892,0.0025000001769512892,0,0,0
2,767,unknown,-53.729373931884766,175.51776123046875,-0.00034928295644931495,1.5707250833511353,0,0.0025000001769512892,0.0025000001769512892,0,0,0
3,1023,unknown,-53.712306976318359,175.4971923828125,-0.00041137394146062434,1.5701189041137695,0,0.0025000001769512892,0.0025000001769512892,0,0,0
4,1279,unknown,-53.765045166015625,175.54634094238281,-0.0017059774836525321,1.5689603090286255,0,0.0025000001769512892,0.0025000001769512892,0,0,0
5,1535,unknown,-53.813079833984375,175.58273315429688,-0.0034931439440697432,1.5699533224105835,0,0.0025000001769512892,0.0025000001769512892,0,0,0
6,1791,unknown,-53.857219696044922,175.58535766601562,-0.0039201551117002964,1.5697824954986572,0,0.0025000001769512892,0.0025000001769512892,0,0,0
7,2047,unknown,-53.955089569091797,175.56747436523438,-0.0040013534016907215,1.5699038505554199,0,0.0025000001769512892,0.0025000001769512892,0,0,0
8,2303,unknown,-53.97052001953125,175.54585266113281,-0.0040907002985477448,1.5695326328277588,0,0.0025000001769512892,0.0025000001769512892,0,0,0
