measurement_id,geometry_id,local_key,local0,local1,phi,theta,time,var_local0,var_local1,var_phi,var_theta,var_time
0,255,unknown,21.525970458984375,17.468177795410156,-0.0009121483308263123,1.5695488452911377,0,0.0025000001769512892,0.0025000001769512892,0,0,0
1,511,unknown,21.673440933227539,17.488649368286133,-0.0010157631477341056,1.5699962377548218,0,0.0025000001769512892,0.0025000001769512892,0,0,0
2,767,unknown,21.516231536865234,17.480175018310547,-0.001161990687251091,1.5701749324798584,0,0.0025000001769512892,0.0025000001769512892,0,0,0
3,1023,unknown,21.517633438110352,17.460289001464844,0.00050554791232571006,1.5721594095230103,0,0.0025000001769512892,0.0025000001769512892,0,0,0
4,1279,unknown,21.520797729492188,17.502798080444336,-0.00021096380078233778,1.572701096534729,0,0.0025000001769512892,0.0025000001769512892,0,0,0
5,1535,unknown,21.486347198486328,17.519229888916016,0.00064286123961210251,1.5725256204605103,0,0.0025000001769512892,0.0025000001769512892,0,0,0
6,1791,unknown,21.565767288208008,17.353469848632812,0.00012782661360688508,1.5735651254653931,0,0.0025000001769512892,0.0025000001769512892,0,0,0
7,2047,unknown,21.522378921508789,17.348016738891602,8.895558858057484e-05,1.5738919973373413,0,0.0025000001769512892,0.0025000001769512892,0,0,0
8,2303,unknown,21.572471618652344,17.241458892822266,0.0012673590099439025,1.5743457078933716,0,0.0025000001769512892,0.0025000001769512892,0,0,0
