measurement_id,geometry_id,local_key,local0,local1,phi,theta,time,var_local0,var_local1,var_phi,var_theta,var_time
0,255,unknown,215.38029479980469,-26.969797134399414,0.00015421988791786134,1.5728017091751099,0,0.0025000001769512892,0.0025000001769512892,0,0,0
1,511,unknown,215.41546630859375,-27.019992828369141,6.1555096181109548e-05,1.5750792026519775,0,0.0025000001769512892,0.0025000001769512892,0,0,0
2,767,unknown,215.33787536621094,-27.08134651184082,4.6009732614038512e-05,1.5769102573394775,0,0.0025000001769512892,0.0025000001769512892,0,0,0
3,1023,unknown,215.38331604003906,-27.125961303710938,0.00013003261119592935,1.5754554271697998,0,0.0025000001769512892,0.0025000001769512892,0,0,0
4,1279,unknown,215.34768676757812,-27.410251617431641,0.00060627126367762685,1.5761396884918213,0,0.0025000001769512892,0.0025000001769512892,0,0,0
5,1535,unknown,215.46406555175781,-27.479862213134766,0.0018028765916824341,1.5757929086685181,0,0.0025000001769512892,0.0025000001769512892,0,0,0
6,1791,unknown,215.38198852539062,-27.52210807800293,0.0013750168727710843,1.5758523941040039,0,0.0025000001769512892,0.0025000001769512892,0,0,0
7,2047,unknown,215.46549987792969,-27.653223037719727,0.0014689569361507893,1.5745695829391479,0,0.0025000001769512892,0.0025000001769512892,0,0,0
8,2303,unknown,215.50772094726562,-27.691591262817383,0.00087429943960160017,1.5736267566680908,0,0.0025000001769512892,0.0025000001769512892,0,0,0
