particle_id,particle_type,process,vx,vy,vz,vt,px,py,pz,m,q
0,0,0,0,-182.07699584960938,-473.41708374023438,0,1,0,-4.3711388286737929e-08,0,-1
