particle_id,geometry_id,tx,ty,tz,tt,tpx,tpy,tpz,te,deltapx,deltapy,deltapz,deltae,index
0,255,20,-121.1644287109375,73.329612731933594,0,0.99977582693099976,0.00037418314605019987,0.00038467766717076302,0,0,0,0,0,0
0,511,40,-121.15699005126953,73.337348937988281,0,0.99956583976745605,0.0022068845573812723,-0.00018461915897205472,0,0,0,0,0,0
0,767,60,-121.11281585693359,73.33392333984375,0,0.99941092729568481,0.0024663312360644341,-0.00050019106129184365,0,0,0,0,0,0
0,1023,80,-121.06340026855469,73.324211120605469,0,0.99914419651031494,0.0018564475467428565,-0.0019927143584936857,0,0,0,0,0,0
0,1279,100,-121.0260009765625,73.2845458984375,0,0.99879515171051025,0.00080232560867443681,-0.0020438092760741711,0,0,0,0,0,0
0,1535,120,-121.00968933105469,73.243721008300781,0,0.99863314628601074,0.0002912622585427016,-0.0018302643438801169,0,0,0,0,0,0
0,1791,140,-121.00363922119141,73.207099914550781,0,0.99847924709320068,0.00095558172324672341,0.00074792886152863503,0,0,0,0,0,0
0,2047,160,-120.98458862304688,73.222198486328125,0,0.99834179878234863,0.0015394063666462898,0.00068713037762790918,0,0,0,0,0,0
0,2303,180,-120.95383453369141,73.23614501953125,0,0.99813252687454224,0.0026928340084850788,0.00010823462798725814,0,0,0,0,0,0
