measurement_id,geometry_id,local_key,local0,local1,phi,theta,time,var_local0,var_local1,var_phi,var_theta,var_time
0,255,unknown,-228.96926879882812,-67.821731567382812,0.00027141842292621732,1.5706765651702881,0,0.0025000001769512892,0.0025000001769512892,0,0,0
1,511,unknown,-228.96311950683594,-67.632469177246094,-0.0026830737479031086,1.5703334808349609,0,0.0025000001769512892,0.0025000001769512892,0,0,0
2,767,unknown,-228.98759460449219,-67.705772399902344,-0.0024146242067217827,1.5706852674484253,0,0.0025000001769512892,0.0025000001769512892,0,0,0
3,1023,unknown,-229.11717224121094,-67.607902526855469,-0.0037778234109282494,1.5701693296432495,0,0.0025000001769512892,0.0025000001769512892,0,0,0
4,1279,unknown,-229.12789916992188,-67.707565307617188,-0.0032251805532723665,1.5708467960357666,0,0.0025000001769512892,0.0025000001769512892,0,0,0
5,1535,unknown,-229.17100524902344,-67.739280700683594,-0.0019671691115945578,1.5690169334411621,0,0.0025000001769512892,0.0025000001769512892,0,0,0
6,1791,unknown,-229.20175170898438,-67.656326293945312,-0.0013245051959529519,1.568567156791687,0,0.0025000001769512892,0.0025000001769512892,0,0,0
7,2047,unknown,-229.31745910644531,-67.631645202636719,0.00048357297782786191,1.5703061819076538,0,0.0025000001769512892,0.0025000001769512892,0,0,0
8,2303,unknown,-229.16177368164062,-67.572380065917969,0.00032081452081911266,1.5701966285705566,0,0.0025000001769512892,0.0025000001769512892,0,0,0
