particle_id,particle_type,process,vx,vy,vz,vt,px,py,pz,m,q
0,0,0,0,-251.24530029296875,-303.71905517578125,0,1,0,-4.3711388286737929e-08,0,-1
