particle_id,geometry_id,tx,ty,tz,tt,tpx,tpy,tpz,te,deltapx,deltapy,deltapz,deltae,index
0,255,20,-126.15271759033203,-15.898957252502441,0,0.99980467557907104,-0.00044016537140123546,0.00053271785145625472,0,0,0,0,0,0
0,511,40,-126.16158294677734,-15.888354301452637,0,0.99967116117477417,-0.00031704996945336461,0.00049915991257876158,0,0,0,0,0,0
0,767,60,-126.16798400878906,-15.878406524658203,0,0.99953877925872803,-0.00099770061206072569,0.00044142326805740595,0,0,0,0,0,0
0,1023,80,-126.18800354003906,-15.869693756103516,0,0.99938678741455078,-0.00032793774153105915,0.00035950937308371067,0,0,0,0,0,0
0,1279,100,-126.19461059570312,-15.86253833770752,0,0.99917936325073242,0.00013678289542440325,0.0002529490739107132,0,0,0,0,0,0
0,1535,120,-126.19190216064453,-15.85745906829834,0,0.99902635812759399,-0.00013099548232275993,0.00030114309629425406,0,0,0,0,0,0
0,1791,140,-126.19455718994141,-15.851446151733398,0,0.99883890151977539,-0.00010329288488719612,0.00032597241806797683,0,0,0,0,0,0
0,2047,160,-126.19666290283203,-15.844931602478027,0,0.99860018491744995,-0.000810793018899858,-0.0010989251313731074,0,0,0,0,0,0
0,2303,180,-126.2127685546875,-15.867037773132324,0,0.99844515323638916,-0.00082155928248539567,-0.0010160327656194568,0,0,0,0,0,0
