particle_id,geometry_id,tx,ty,tz,tt,tpx,tpy,tpz,te,deltapx,deltapy,deltapz,deltae,index
0,255,20,42.005966186523438,40.130729675292969,0,0.99892157316207886,-0.00053381198085844517,0.0019360926235094666,0,0,0,0,0,0
0,511,40,41.995044708251953,40.169429779052734,0,0.99879765510559082,-0.00018725641712080687,0.0017051014583557844,0,0,0,0,0,0
0,767,60,41.9910888671875,40.203548431396484,0,0.99861866235733032,-0.00055100361350923777,0.0015264670364558697,0,0,0,0,0,0
0,1023,80,41.979869842529297,40.234054565429688,0,0.99846088886260986,0.00053119909716770053,0.0016802456229925156,0,0,0,0,0,0
0,1279,100,41.990306854248047,40.267772674560547,0,0.99827247858047485,0.0013527394039556384,0.0023953814525157213,0,0,0,0,0,0
0,1535,120,42.017120361328125,40.315925598144531,0,0.9978145956993103,0.00040871795499697328,0.0032736763823777437,0,0,0,0,0,0
0,1791,140,42.024917602539062,40.381591796875,0,0.99765270948410034,0.0012130823452025652,0.0040043359622359276,0,0,0,0,0,0
0,2047,160,42.048751831054688,40.462009429931641,0,0.99750715494155884,0.0011646829079836607,0.004019448533654213,0,0,0,0,0,0
0,2303,180,42.071617126464844,40.542736053466797,0,0.99734193086624146,0.0015426877653226256,0.003941741306334734,0,0,0,0,0,0
