particle_id,geometry_id,tx,ty,tz,tt,tpx,tpy,tpz,te,deltapx,deltapy,deltapz,deltae,index
0,255,20,17.882713317871094,-138.2021484375,0,0.99982428550720215,-0.00032422321964986622,0.00014488933084066957,0,0,0,0,0,0
0,511,40,17.876211166381836,-138.19929504394531,0,0.99968963861465454,-0.0013116868212819099,-0.0015992193948477507,0,0,0,0,0,0
0,767,60,17.850162506103516,-138.2314453125,0,0.99947339296340942,-0.0012576006120070815,-0.0009436850668862462,0,0,0,0,0,0
0,1023,80,17.825111389160156,-138.25047302246094,0,0.99926859140396118,-0.0012509399093687534,-0.00079315941547974944,0,0,0,0,0,0
0,1279,100,17.8001708984375,-138.26649475097656,0,0.99882900714874268,-5.5499996960861608e-05,-0.0011213234392926097,0,0,0,0,0,0
0,1535,120,17.7991943359375,-138.28895568847656,0,0.99866509437561035,0.00048081978457048535,-0.0010954247554764152,0,0,0,0,0,0
0,1791,140,17.808954238891602,-138.31083679199219,0,0.99848467111587524,0.0012080637970939279,-0.00047758696018718183,0,0,0,0,0,0
0,2047,160,17.833209991455078,-138.32025146484375,0,0.9983552098274231,0.0013779854634776711,-0.00050406513037160039,0,0,0,0,0,0
0,2303,180,17.860874176025391,-138.33018493652344,0,0.99784278869628906,0.0019361162558197975,0.00045506816240958869,0,0,0,0,0,0
