measurement_id,geometry_id,local_key,local0,local1,phi,theta,time,var_local0,var_local1,var_phi,var_theta,var_time
0,255,unknown,-13.643150329589844,175.54145812988281,0.00062618224183097482,1.5704871416091919,0,0.0025000001769512892,0.0025000001769512892,0,0,0
1,511,unknown,-13.62256908416748,175.56941223144531,0.0015217089094221592,1.5695210695266724,0,0.0025000001769512892,0.0025000001769512892,0,0,0
2,767,unknown,-13.545411109924316,175.49433898925781,0.0011138500412926078,1.57025146484375,0,0.0025000001769512892,0.0025000001769512892,0,0,0
3,1023,unknown,-13.553821563720703,175.6075439453125,0.0020853898022323847,1.5698623657226562,0,0.0025000001769512892,0.0025000001769512892,0,0,0
4,1279,unknown,-13.566438674926758,175.50276184082031,0.0020057877991348505,1.569912314414978,0,0.0025000001769512892,0.0025000001769512892,0,0,0
5,1535,unknown,-13.488197326660156,175.60725402832031,0.0030010142363607883,1.5696878433227539,0,0.0025000001769512892,0.0025000001769512892,0,0,0
6,1791,unknown,-13.34355640411377,175.67657470703125,0.002713365014642477,1.5698196887969971,0,0.0025000001769512892,0.0025000001769512892,0,0,0
7,2047,unknown,-13.360395431518555,175.63531494140625,0.0022100622300058603,1.5694302320480347,0,0.0025000001769512892,0.0025000001769512892,0,0,0
8,2303,unknown,-13.285523414611816,175.69219970703125,0.0022061113268136978,1.5695569515228271,0,0.0025000001769512892,0.0025000001769512892,0,0,0
