measurement_id,geometry_id,local_key,local0,local1,phi,theta,time,var_local0,var_local1,var_phi,var_theta,var_time
0,255,unknown,-22.836292266845703,78.157646179199219,0.0015178659232333302,1.5708526372909546,0,0.0025000001769512892,0.0025000001769512892,0,0,0
1,511,unknown,-22.84190559387207,78.183433532714844,0.0016009225510060787,1.5708076953887939,0,0.0025000001769512892,0.0025000001769512892,0,0,0
2,767,unknown,-22.720846176147461,78.111770629882812,0.0015911537921056151,1.572426438331604,0,0.0025000001769512892,0.0025000001769512892,0,0,0
3,1023,unknown,-22.644731521606445,78.104293823242188,0.0010221068514510989,1.5719281435012817,0,0.0025000001769512892,0.0025000001769512892,0,0,0
4,1279,unknown,-22.669900894165039,78.094673156738281,0.00068283971631899476,1.5727173089981079,0,0.0025000001769512892,0.0025000001769512892,0,0,0
5,1535,unknown,-22.692110061645508,78.005027770996094,-0.0003932976396754384,1.5726795196533203,0,0.0025000001769512892,0.0025000001769512892,0,0,0
6,1791,unknown,-22.669511795043945,77.969871520996094,-0.00010838638263521716,1.5720003843307495,0,0.0025000001769512892,0.0025000001769512892,0,0,0
7,2047,unknown,-22.669773101806641,77.980857849121094,-0.00080248882295563817,1.5728648900985718,0,0.0025000001769512892,0.0025000001769512892,0,0,0
8,2303,unknown,-22.745643615722656,77.951019287109375,-0.00046095927245914936,1.5721293687820435,0,0.0025000001769512892,0.0025000001769512892,0,0,0
