measurement_id,geometry_id,local_key,local0,local1,phi,theta,time,var_local0,var_local1,var_phi,var_theta,var_time
0,255,unknown,-350.07431030273438,32.314178466796875,0.00010078168998006731,1.5706808567047119,0,0.0025000001769512892,0.0025000001769512892,0,0,0
1,511,unknown,-350.05715942382812,32.411842346191406,0.00071685790317133069,1.5714489221572876,0,0.0025000001769512892,0.0025000001769512892,0,0,0
2,767,unknown,-350.018310546875,32.430183410644531,0.00060073583154007792,1.5714492797851562,0,0.0025000001769512892,0.0025000001769512892,0,0,0
3,1023,unknown,-350.01434326171875,32.386753082275391,0.0014207970816642046,1.5708345174789429,0,0.0025000001769512892,0.0025000001769512892,0,0,0
4,1279,unknown,-349.9969482421875,32.389430999755859,0.0012952199904248118,1.5714932680130005,0,0.0025000001769512892,0.0025000001769512892,0,0,0
5,1535,unknown,-349.998779296875,32.357669830322266,0.0016461340710520744,1.5713015794754028,0,0.0025000001769512892,0.0025000001769512892,0,0,0
6,1791,unknown,-350.0047607421875,32.356288909912109,0.0017486332217231393,1.5713152885437012,0,0.0025000001769512892,0.0025000001769512892,0,0,0
7,2047,unknown,-349.82937622070312,32.413692474365234,0.0023461193777620792,1.5709065198898315,0,0.0025000001769512892,0.0025000001769512892,0,0,0
8,2303,unknown,-349.82440185546875,32.381649017333984,0.0041058110073208809,1.5706100463867188,0,0.0025000001769512892,0.0025000001769512892,0,0,0
