measurement_id,geometry_id,local_key,local0,local1,phi,theta,time,var_local0,var_local1,var_phi,var_theta,var_time
0,255,unknown,-114.41855621337891,-71.918083190917969,-0.00028816226404160261,1.570713996887207,0,0.0025000001769512892,0.0025000001769512892,0,0,0
1,511,unknown,-114.32963562011719,-71.908088684082031,-0.0017467322759330273,1.5695019960403442,0,0.0025000001769512892,0.0025000001769512892,0,0,0
2,767,unknown,-114.35932159423828,-71.931053161621094,-0.0019939187914133072,1.56956946849823,0,0.0025000001769512892,0.0025000001769512892,0,0,0
3,1023,unknown,-114.41233825683594,-71.856063842773438,-0.0019007222726941109,1.5710005760192871,0,0.0025000001769512892,0.0025000001769512892,0,0,0
4,1279,unknown,-114.47189331054688,-71.807197570800781,-0.0030964147299528122,1.5711138248443604,0,0.0025000001769512892,0.0025000001769512892,0,0,0
5,1535,unknown,-114.44184875488281,-71.840286254882812,-0.0041391453705728054,1.5714002847671509,0,0.0025000001769512892,0.0025000001769512892,0,0,0
6,1791,unknown,-114.58974456787109,-71.917266845703125,-0.0041223736479878426,1.5710787773132324,0,0.0025000001769512892,0.0025000001769512892,0,0,0
7,2047,unknown,-114.56653594970703,-71.844085693359375,-0.0040868059732019901,1.5712835788726807,0,0.0025000001769512892,0.0025000001769512892,0,0,0
8,2303,unknown,-114.729736328125,-71.859352111816406,-0.0048881871625781059,1.5699567794799805,0,0.0025000001769512892,0.0025000001769512892,0,0,0
