particle_id,geometry_id,tx,ty,tz,tt,tpx,tpy,tpz,te,deltapx,deltapy,deltapz,deltae,index
0,255,20,-566.964111328125,-16.766103744506836,0,0.99986660480499268,-0.00068211631150916219,0.0016760557191446424,0,0,0,0,0,0
0,511,40,-566.97796630859375,-16.732660293579102,0,0.99967741966247559,-0.00072368781547993422,0.0017011219169944525,0,0,0,0,0,0
0,767,60,-566.99267578125,-16.698715209960938,0,0.99952900409698486,-0.00029140760307200253,0.0045446073636412621,0,0,0,0,0,0
0,1023,80,-566.9990234375,-16.607816696166992,0,0.99930256605148315,0.0011685565114021301,0.0057279658503830433,0,0,0,0,0,0
0,1279,100,-566.976318359375,-16.493040084838867,0,0.99909204244613647,0.00077315268572419882,0.0050376174040138721,0,0,0,0,0,0
0,1535,120,-566.96142578125,-16.392105102539062,0,0.99894040822982788,0.00094254675786942244,0.0051406966522336006,0,0,0,0,0,0
0,1791,140,-566.94317626953125,-16.289072036743164,0,0.99876081943511963,0.00070617796154692769,0.0062370793893933296,0,0,0,0,0,0
0,2047,160,-566.9298095703125,-16.164093017578125,0,0.99858081340789795,-0.00025719564291648567,0.0069354637525975704,0,0,0,0,0,0
0,2303,180,-566.935791015625,-16.02522087097168,0,0.99835032224655151,0.00034581869840621948,0.010396325029432774,0,0,0,0,0,0
