particle_id,particle_type,process,vx,vy,vz,vt,px,py,pz,m,q
0,0,0,0,-365.23178100585938,-476.24090576171875,0,1,0,-4.3711388286737929e-08,0,-1
