particle_id,geometry_id,tx,ty,tz,tt,tpx,tpy,tpz,te,deltapx,deltapy,deltapz,deltae,index
0,255,20,376.48037719726562,-131.62649536132812,0,0.99984109401702881,0.00018923472089227289,-6.9293295382522047e-05,0,0,0,0,0,0
0,511,40,376.48416137695312,-131.62785339355469,0,0.99971914291381836,0.00018725061090663075,-0.00033206751686520875,0,0,0,0,0,0
0,767,60,376.48794555664062,-131.63447570800781,0,0.99936288595199585,-0.00014136190293356776,-0.00051279366016387939,0,0,0,0,0,0
0,1023,80,376.48516845703125,-131.64476013183594,0,0.99922424554824829,0.00070532097015529871,0.0010157851502299309,0,0,0,0,0,0
0,1279,100,376.49917602539062,-131.62434387207031,0,0.99907714128494263,0.00085587566718459129,-0.00058160570915788412,0,0,0,0,0,0
0,1535,120,376.51638793945312,-131.63587951660156,0,0.99886184930801392,0.0019314244855195284,-0.001550862449221313,0,0,0,0,0,0
0,1791,140,376.55523681640625,-131.66670227050781,0,0.99864083528518677,0.0022721684072166681,-0.0026104056742042303,0,0,0,0,0,0
0,2047,160,376.60104370117188,-131.71870422363281,0,0.99850714206695557,0.0024673175066709518,-0.0024399599060416222,0,0,0,0,0,0
0,2303,180,376.6507568359375,-131.76727294921875,0,0.99831539392471313,0.00048464839346706867,-0.0017930273897945881,0,0,0,0,0,0
