particle_id,particle_type,process,vx,vy,vz,vt,px,py,pz,m,q
0,0,0,0,123.70367431640625,122.28185272216797,0,1,0,-4.3711388286737929e-08,0,-1
