measurement_id,geometry_id,local_key,local0,local1,phi,theta,time,var_local0,var_local1,var_phi,var_theta,var_time
0,255,unknown,-46.294620513916016,178.70262145996094,-0.00036365629057399929,1.5694786310195923,0,0.0025000001769512892,0.0025000001769512892,0,0,0
1,511,unknown,-46.478752136230469,178.58599853515625,-0.0003655394830275327,1.5694475173950195,0,0.0025000001769512892,0.0025000001769512892,0,0,0
2,767,unknown,-46.411300659179688,178.73136901855469,0.00036655445001088083,1.568926215171814,0,0.0025000001769512892,0.0025000001769512892,0,0,0
3,1023,unknown,-46.499515533447266,178.76344299316406,0.00030870884074829519,1.5689187049865723,0,0.0025000001769512892,0.0025000001769512892,0,0,0
4,1279,unknown,-46.450298309326172,178.88204956054688,0.00098186952527612448,1.5678180456161499,0,0.0025000001769512892,0.0025000001769512892,0,0,0
5,1535,unknown,-46.38360595703125,178.86009216308594,0.0013973999302834272,1.567859411239624,0,0.0025000001769512892,0.0025000001769512892,0,0,0
6,1791,unknown,-46.329532623291016,179.0142822265625,0.0010672616772353649,1.5675989389419556,0,0.0025000001769512892,0.0025000001769512892,0,0,0
7,2047,unknown,-46.349388122558594,179.00186157226562,0.001546200830489397,1.5670731067657471,0,0.0025000001769512892,0.0025000001769512892,0,0,0
8,2303,unknown,-46.320735931396484,179.14909362792969,0.0020939630921930075,1.5672065019607544,0,0.0025000001769512892,0.0025000001769512892,0,0,0
