particle_id,particle_type,process,vx,vy,vz,vt,px,py,pz,m,q
0,0,0,0,-88.256813049316406,-59.741313934326172,0,1,0,-4.3711388286737929e-08,0,-1
