particle_id,geometry_id,tx,ty,tz,tt,tpx,tpy,tpz,te,deltapx,deltapy,deltapz,deltae,index
0,255,20,57.333236694335938,123.63401794433594,0,0.99727731943130493,-0.00033322573290206492,-0.00025374360848218203,0,0,0,0,0,0
0,511,40,57.326583862304688,123.62889099121094,0,0.99713587760925293,-0.0010681843850761652,-0.00086516456212848425,0,0,0,0,0,0
0,767,60,57.305263519287109,123.61141204833984,0,0.99699306488037109,-0.001166942180134356,-0.0010038587497547269,0,0,0,0,0,0
0,1023,80,57.281974792480469,123.59113311767578,0,0.99684643745422363,-0.0022526741959154606,-0.00047466525575146079,0,0,0,0,0,0
0,1279,100,57.236835479736328,123.58133697509766,0,0.99669671058654785,-0.0026723900809884071,-0.0016638246597722173,0,0,0,0,0,0
0,1535,120,57.183414459228516,123.54763031005859,0,0.99656462669372559,-0.003734818659722805,-0.0010964547982439399,0,0,0,0,0,0
0,1791,140,57.108592987060547,123.52517700195312,0,0.99642682075500488,-0.0030197519809007645,-0.00091907469322904944,0,0,0,0,0,0
0,2047,160,57.048095703125,123.50636291503906,0,0.99626034498214722,-0.0034734415821731091,-0.00014790499699302018,0,0,0,0,0,0
0,2303,180,56.978385925292969,123.50297546386719,0,0.99611634016036987,-0.0064886528998613358,-0.00032458416535519063,0,0,0,0,0,0
