particle_id,particle_type,process,vx,vy,vz,vt,px,py,pz,m,q
0,0,0,0,314.75552368164062,205.99276733398438,0,1,0,-4.3711388286737929e-08,0,-1
