particle_id,particle_type,process,vx,vy,vz,vt,px,py,pz,m,q
0,0,0,0,110.11531066894531,-53.769920349121094,0,1,0,-4.3711388286737929e-08,0,-1
