particle_id,geometry_id,tx,ty,tz,tt,tpx,tpy,tpz,te,deltapx,deltapy,deltapz,deltae,index
0,255,20,-109.8292236328125,-6.9309234619140625,0,0.99975103139877319,-1.3340059922484215e-05,0.00081800529733300209,0,0,0,0,0,0
0,511,40,-109.82958984375,-6.9145612716674805,0,0.9995797872543335,0.00070940324803814292,0.0017163275042548776,0,0,0,0,0,0
0,767,60,-109.81560516357422,-6.8801360130310059,0,0.99936550855636597,0.0013482323847711086,0.0015975413843989372,0,0,0,0,0,0
0,1023,80,-109.788818359375,-6.8480038642883301,0,0.99916189908981323,0.0019807179924100637,0.0012027258053421974,0,0,0,0,0,0
0,1279,100,-109.74931335449219,-6.8236918449401855,0,0.99897801876068115,0.0030320577789098024,0.0017574590165168047,0,0,0,0,0,0
0,1535,120,-109.68881988525391,-6.7881431579589844,0,0.99877041578292847,0.0028616935014724731,0.0019093753071501851,0,0,0,0,0,0
0,1791,140,-109.63174438476562,-6.749565601348877,0,0.99863332509994507,0.0036858366802334785,0.0020730469841510057,0,0,0,0,0,0
0,2047,160,-109.55817413330078,-6.7076058387756348,0,0.99845486879348755,0.0038012848235666752,0.0031883157789707184,0,0,0,0,0,0
0,2303,180,-109.48241424560547,-6.6432852745056152,0,0.99832099676132202,0.0038752618711441755,0.0030100862495601177,0,0,0,0,0,0
