particle_id,particle_type,process,vx,vy,vz,vt,px,py,pz,m,q
0,0,0,0,-153.6964111328125,-28.065189361572266,0,1,0,-4.3711388286737929e-08,0,-1
