particle_id,geometry_id,tx,ty,tz,tt,tpx,tpy,tpz,te,deltapx,deltapy,deltapz,deltae,index
0,255,20,-255.78387451171875,-26.662700653076172,0,0.99984699487686157,0.00044751350651495159,-0.00031899902387522161,0,0,0,0,0,0
0,511,40,-255.77488708496094,-26.669027328491211,0,0.99970358610153198,0.00025652121985331178,0.00059832882834598422,0,0,0,0,0,0
0,767,60,-255.76982116699219,-26.657026290893555,0,0.99957209825515747,-0.00026562443235889077,0.0024155378341674805,0,0,0,0,0,0
0,1023,80,-255.77542114257812,-26.608728408813477,0,0.99933582544326782,-0.0021377976518124342,0.0010032727150246501,0,0,0,0,0,0
0,1279,100,-255.81832885742188,-26.588907241821289,0,0.9991910457611084,-0.0028522112406790257,0.0012591041158884764,0,0,0,0,0,0
0,1535,120,-255.87556457519531,-26.564048767089844,0,0.9990311861038208,-0.0012283566175028682,0.0022148680873215199,0,0,0,0,0,0
0,1791,140,-255.90042114257812,-26.519857406616211,0,0.99887001514434814,-0.00057191209634765983,0.0028835940174758434,0,0,0,0,0,0
0,2047,160,-255.91221618652344,-26.462190628051758,0,0.99869585037231445,0.00066017103381454945,0.0011264443164691329,0,0,0,0,0,0
0,2303,180,-255.89912414550781,-26.439554214477539,0,0.99848026037216187,0.0015053619863465428,0.0012190444394946098,0,0,0,0,0,0
