particle_id,geometry_id,tx,ty,tz,tt,tpx,tpy,tpz,te,deltapx,deltapy,deltapz,deltae,index
0,255,20,159.85714721679688,-60.554801940917969,0,0.99977761507034302,0.0020311563275754452,-0.00091513124061748385,0,0,0,0,0,0
0,511,40,159.89788818359375,-60.572864532470703,0,0.9996146559715271,0.0022298689000308514,-0.0045447382144629955,0,0,0,0,0,0
0,767,60,159.94305419921875,-60.663524627685547,0,0.99944847822189331,0.0014211018569767475,-0.005088594276458025,0,0,0,0,0,0
0,1023,80,159.97210693359375,-60.765178680419922,0,0.99929958581924438,0.00049370730994269252,-0.0056557212956249714,0,0,0,0,0,0
0,1279,100,159.982666015625,-60.878311157226562,0,0.99906790256500244,0.0010797131108120084,-0.0056266617029905319,0,0,0,0,0,0
0,1535,120,160.00495910644531,-60.990818023681641,0,0.99888777732849121,0.0013499626656994224,-0.0056330319494009018,0,0,0,0,0,0
0,1791,140,160.03266906738281,-61.103439331054688,0,0.99873858690261841,0.0013097892515361309,-0.0055889706127345562,0,0,0,0,0,0
0,2047,160,160.0595703125,-61.215198516845703,0,0.99861103296279907,0.0021659170743077993,-0.0050685042515397072,0,0,0,0,0,0
0,2303,180,160.10356140136719,-61.316448211669922,0,0.99847126007080078,0.0027094720862805843,-0.0052231368608772755,0,0,0,0,0,0
