particle_id,particle_type,process,vx,vy,vz,vt,px,py,pz,m,q
0,0,0,0,10.449429512023926,111.78270721435547,0,1,0,-4.3711388286737929e-08,0,-1
