particle_id,particle_type,process,vx,vy,vz,vt,px,py,pz,m,q
0,0,0,0,90.792030334472656,-220.8662109375,0,1,0,-4.3711388286737929e-08,0,-1
