particle_id,geometry_id,tx,ty,tz,tt,tpx,tpy,tpz,te,deltapx,deltapy,deltapz,deltae,index
0,255,20,-115.23244476318359,-34.688404083251953,0,0.9998096227645874,0.001667978591285646,-0.00047941287630237639,0,0,0,0,0,0
0,511,40,-115.19902038574219,-34.697792053222656,0,0.99958997964859009,0.0016985377296805382,-0.0004395079449750483,0,0,0,0,0,0
0,767,60,-115.16498565673828,-34.706382751464844,0,0.99941438436508179,0.0021052320953458548,5.9526184486458078e-05,0,0,0,0,0,0
0,1023,80,-115.12286376953125,-34.704936981201172,0,0.99922448396682739,0.0016157337231561542,0.0010589067824184895,0,0,0,0,0,0
0,1279,100,-115.09065246582031,-34.683547973632812,0,0.99900364875793457,0.002086153719574213,-5.1133611123077571e-05,0,0,0,0,0,0
0,1535,120,-115.04888153076172,-34.684322357177734,0,0.99888855218887329,0.0010753375245258212,-0.0016028197715058923,0,0,0,0,0,0
0,1791,140,-115.02716064453125,-34.716285705566406,0,0.99872827529907227,0.0011531580239534378,-0.0014680270105600357,0,0,0,0,0,0
0,2047,160,-115.00389099121094,-34.74554443359375,0,0.99858307838439941,0.001336520304903388,-0.0015776884974911809,0,0,0,0,0,0
0,2303,180,-114.97693634033203,-34.776981353759766,0,0.99843299388885498,0.0014965084847062826,-0.0024441780988126993,0,0,0,0,0,0
