measurement_id,geometry_id,local_key,local0,local1,phi,theta,time,var_local0,var_local1,var_phi,var_theta,var_time
0,255,unknown,-317.1912841796875,-287.17169189453125,-0.00049011391820386052,1.5708343982696533,0,0.0025000001769512892,0.0025000001769512892,0,0,0
1,511,unknown,-317.17349243164062,-287.17919921875,-0.00048447432345710695,1.5709073543548584,0,0.0025000001769512892,0.0025000001769512892,0,0,0
2,767,unknown,-317.1962890625,-287.26132202148438,-0.00063166313339024782,1.5709800720214844,0,0.0025000001769512892,0.0025000001769512892,0,0,0
3,1023,unknown,-317.13101196289062,-287.15261840820312,-0.00055914343101903796,1.571600079536438,0,0.0025000001769512892,0.0025000001769512892,0,0,0
4,1279,unknown,-317.09652709960938,-287.19924926757812,-8.486400474794209e-06,1.5725893974304199,0,0.0025000001769512892,0.0025000001769512892,0,0,0
5,1535,unknown,-317.1856689453125,-287.21270751953125,0.00075556873343884945,1.5710971355438232,0,0.0025000001769512892,0.0025000001769512892,0,0,0
6,1791,unknown,-317.12457275390625,-287.21621704101562,0.00023770022380631417,1.5714213848114014,0,0.0025000001769512892,0.0025000001769512892,0,0,0
7,2047,unknown,-317.14410400390625,-287.27935791015625,-0.0019734073430299759,1.5731469392776489,0,0.0025000001769512892,0.0025000001769512892,0,0,0
8,2303,unknown,-317.25128173828125,-287.28012084960938,-0.0019762639421969652,1.573232889175415,0,0.0025000001769512892,0.0025000001769512892,0,0,0
