measurement_id,geometry_id,local_key,local0,local1,phi,theta,time,var_local0,var_local1,var_phi,var_theta,var_time
0,255,unknown,182.86788940429688,113.81324005126953,-0.00034484331263229251,1.5706515312194824,0,0.0025000001769512892,0.0025000001769512892,0,0,0
1,511,unknown,182.84375,113.85701751708984,-0.00015530016389675438,1.570303201675415,0,0.0025000001769512892,0.0025000001769512892,0,0,0
2,767,unknown,182.91999816894531,113.87546539306641,-0.00057308311806991696,1.5703420639038086,0,0.0025000001769512892,0.0025000001769512892,0,0,0
3,1023,unknown,182.84574890136719,113.85353088378906,-0.0011237569851800799,1.5701940059661865,0,0.0025000001769512892,0.0025000001769512892,0,0,0
4,1279,unknown,182.80577087402344,113.84114837646484,-0.0017886910354718566,1.5701230764389038,0,0.0025000001769512892,0.0025000001769512892,0,0,0
5,1535,unknown,182.79985046386719,113.90914154052734,-0.0023717086296528578,1.570934534072876,0,0.0025000001769512892,0.0025000001769512892,0,0,0
6,1791,unknown,182.66221618652344,113.92337799072266,-0.0025151674635708332,1.5710190534591675,0,0.0025000001769512892,0.0025000001769512892,0,0,0
7,2047,unknown,182.72877502441406,113.87326049804688,-0.0032868825364857912,1.5697923898696899,0,0.0025000001769512892,0.0025000001769512892,0,0,0
8,2303,unknown,182.62091064453125,113.89537048339844,-0.0036899840924888849,1.572318434715271,0,0.0025000001769512892,0.0025000001769512892,0,0,0
