particle_id,geometry_id,tx,ty,tz,tt,tpx,tpy,tpz,te,deltapx,deltapy,deltapz,deltae,index
0,255,20,3.7135097980499268,83.574699401855469,0,0.99985349178314209,9.7898315289057791e-05,-0.00019730617350433022,0,0,0,0,0,0
0,511,40,3.715491771697998,83.570762634277344,0,0.99960005283355713,0.0013966957340016961,-0.002302967244759202,0,0,0,0,0,0
0,767,60,3.7437126636505127,83.524856567382812,0,0.99946880340576172,0.0014090837212279439,-0.0022777633275836706,0,0,0,0,0,0
0,1023,80,3.7721819877624512,83.479446411132812,0,0.99932712316513062,0.00065165082924067974,-0.0026865308173000813,0,0,0,0,0,0
0,1279,100,3.7855460643768311,83.425758361816406,0,0.99918204545974731,0.00274300342425704,-0.0028722048737108707,0,0,0,0,0,0
0,1535,120,3.8407948017120361,83.368598937988281,0,0.99900764226913452,0.0039679296314716339,-0.0021416773088276386,0,0,0,0,0,0
0,1791,140,3.920487642288208,83.326202392578125,0,0.99870675802230835,0.0039631160907447338,-0.0002481565170455724,0,0,0,0,0,0
0,2047,160,3.9998805522918701,83.321708679199219,0,0.9985421895980835,0.0032240599393844604,-0.00071021326584741473,0,0,0,0,0,0
0,2303,180,4.064539909362793,83.307868957519531,0,0.99839293956756592,0.0033012377098202705,-0.0025055045261979103,0,0,0,0,0,0
