particle_id,geometry_id,tx,ty,tz,tt,tpx,tpy,tpz,te,deltapx,deltapy,deltapz,deltae,index
0,255,20,-18.039226531982422,61.418777465820312,0,0.9998096227645874,-0.0002564242749940604,-0.00017107647727243602,0,0,0,0,0,0
0,511,40,-18.044334411621094,61.415325164794922,0,0.99960732460021973,0.00016503792721778154,0.001157858525402844,0,0,0,0,0,0
0,767,60,-18.041172027587891,61.438510894775391,0,0.99944299459457397,-0.0012651012511923909,0.0014104909496381879,0,0,0,0,0,0
0,1023,80,-18.066656112670898,61.466583251953125,0,0.99906438589096069,-0.0015252252342179418,0.0026772832497954369,0,0,0,0,0,0
0,1279,100,-18.097509384155273,61.519992828369141,0,0.99883687496185303,-0.0025498284958302975,0.0029017254710197449,0,0,0,0,0,0
0,1535,120,-18.14891242980957,61.577785491943359,0,0.99840813875198364,-0.0023979113902896643,0.0019304609159007668,0,0,0,0,0,0
0,1791,140,-18.197177886962891,61.616165161132812,0,0.99827396869659424,-0.0037396152038127184,0.0016844648635014892,0,0,0,0,0,0
0,2047,160,-18.272300720214844,61.649463653564453,0,0.99796652793884277,-0.0049182772636413574,0.0022115812171250582,0,0,0,0,0,0
0,2303,180,-18.371129989624023,61.693191528320312,0,0.99771040678024292,-0.0049138530157506466,0.0021184792276471853,0,0,0,0,0,0
