measurement_id,geometry_id,local_key,local0,local1,phi,theta,time,var_local0,var_local1,var_phi,var_theta,var_time
0,255,unknown,230.08355712890625,-327.78378295898438,-0.0024298687931150198,1.5694152116775513,0,0.0025000001769512892,0.0025000001769512892,0,0,0
1,511,unknown,230.01229858398438,-327.7216796875,-0.0015813367208465934,1.5692588090896606,0,0.0025000001769512892,0.0025000001769512892,0,0,0
2,767,unknown,229.95718383789062,-327.64443969726562,-0.00089539593318477273,1.5693385601043701,0,0.0025000001769512892,0.0025000001769512892,0,0,0
3,1023,unknown,229.96916198730469,-327.66873168945312,-0.00059443374630063772,1.5683391094207764,0,0.0025000001769512892,0.0025000001769512892,0,0,0
4,1279,unknown,229.93380737304688,-327.635986328125,-0.00093649973860010505,1.5693626403808594,0,0.0025000001769512892,0.0025000001769512892,0,0,0
5,1535,unknown,229.98104858398438,-327.64566040039062,-0.00089421129086986184,1.5693682432174683,0,0.0025000001769512892,0.0025000001769512892,0,0,0
6,1791,unknown,229.95925903320312,-327.50320434570312,0.00050404545618221164,1.5690466165542603,0,0.0025000001769512892,0.0025000001769512892,0,0,0
7,2047,unknown,229.87519836425781,-327.5604248046875,0.0012898885179311037,1.5690271854400635,0,0.0025000001769512892,0.0025000001769512892,0,0,0
8,2303,unknown,229.91612243652344,-327.453125,0.0013352122623473406,1.5694408416748047,0,0.0025000001769512892,0.0025000001769512892,0,0,0
