particle_id,geometry_id,tx,ty,tz,tt,tpx,tpy,tpz,te,deltapx,deltapy,deltapz,deltae,index
0,255,20,35.423759460449219,231.01737976074219,0,0.99987536668777466,-0.0012787727173417807,0.00037816056283190846,0,0,0,0,0,0
0,511,40,35.398136138916016,231.02479553222656,0,0.99969971179962158,-0.00074405153281986713,-0.00058411317877471447,0,0,0,0,0,0
0,767,60,35.383319854736328,231.01301574707031,0,0.99956285953521729,-0.0006502048927359283,-0.00075990939512848854,0,0,0,0,0,0
0,1023,80,35.370403289794922,230.99772644042969,0,0.99928063154220581,-0.00062477716710418463,-0.0013350622029975057,0,0,0,0,0,0
0,1279,100,35.358058929443359,230.97093200683594,0,0.99916642904281616,-0.000164836659678258,-0.00077675963984802365,0,0,0,0,0,0
0,1535,120,35.354854583740234,230.95536804199219,0,0.99898278713226318,-0.00022009797976352274,-0.0010419451864436269,0,0,0,0,0,0
0,1791,140,35.350574493408203,230.93447875976562,0,0.9988211989402771,0.00055114435963332653,-0.0013552854070439935,0,0,0,0,0,0
0,2047,160,35.361774444580078,230.90740966796875,0,0.99857050180435181,0.00038109286106191576,-0.0020229932852089405,0,0,0,0,0,0
0,2303,180,35.369651794433594,230.866943359375,0,0.99838578701019287,0.00041230069473385811,-0.0019763212185353041,0,0,0,0,0,0
