measurement_id,geometry_id,local_key,local0,local1,phi,theta,time,var_local0,var_local1,var_phi,var_theta,var_time
0,255,unknown,-180.212646484375,37.119392395019531,0.00042414598283357918,1.5690416097640991,0,0.0025000001769512892,0.0025000001769512892,0,0,0
1,511,unknown,-180.19219970703125,37.163921356201172,0.00063728657551109791,1.5687650442123413,0,0.0025000001769512892,0.0025000001769512892,0,0,0
2,767,unknown,-180.19129943847656,37.163280487060547,0.00036810614983551204,1.5683143138885498,0,0.0025000001769512892,0.0025000001769512892,0,0,0
3,1023,unknown,-180.24909973144531,37.214591979980469,-0.0012942890170961618,1.5682331323623657,0,0.0025000001769512892,0.0025000001769512892,0,0,0
4,1279,unknown,-180.208740234375,37.287761688232422,-0.00062527356203645468,1.5680661201477051,0,0.0025000001769512892,0.0025000001769512892,0,0,0
5,1535,unknown,-180.3570556640625,37.344856262207031,-0.00046428170753642917,1.5679066181182861,0,0.0025000001769512892,0.0025000001769512892,0,0,0
6,1791,unknown,-180.30268859863281,37.390567779541016,0.00082121137529611588,1.5657064914703369,0,0.0025000001769512892,0.0025000001769512892,0,0,0
7,2047,unknown,-180.18740844726562,37.486976623535156,0.00091271457495167851,1.5659942626953125,0,0.0025000001769512892,0.0025000001769512892,0,0,0
8,2303,unknown,-180.15953063964844,37.538272857666016,0.0018797407392412424,1.5662544965744019,0,0.0025000001769512892,0.0025000001769512892,0,0,0
