particle_id,particle_type,process,vx,vy,vz,vt,px,py,pz,m,q
0,0,0,0,-132.47872924804688,-50.927074432373047,0,1,0,-4.3711388286737929e-08,0,-1
