particle_id,geometry_id,tx,ty,tz,tt,tpx,tpy,tpz,te,deltapx,deltapy,deltapz,deltae,index
0,255,20,-329.86572265625,-135.21182250976562,0,0.99982011318206787,0.001672720187343657,3.2733001717133448e-05,0,0,0,0,0,0
0,511,40,-329.832275390625,-135.21096801757812,0,0.99968165159225464,0.0016602349933236837,-0.0015385489678010345,0,0,0,0,0,0
0,767,60,-329.79888916015625,-135.24154663085938,0,0.99954229593276978,0.0019133931491523981,-0.0014276400906965137,0,0,0,0,0,0
0,1023,80,-329.76043701171875,-135.26988220214844,0,0.99942952394485474,0.0023401512298732996,-0.001546383835375309,0,0,0,0,0,0
0,1279,100,-329.71340942382812,-135.30055236816406,0,0.99928492307662964,0.0021994451526552439,-0.0018171683186665177,0,0,0,0,0,0
0,1535,120,-329.66915893554688,-135.33665466308594,0,0.99914145469665527,0.0018600361654534936,-0.0020338010508567095,0,0,0,0,0,0
0,1791,140,-329.63168334960938,-135.37713623046875,0,0.99900323152542114,0.0018269208958372474,-0.002297544851899147,0,0,0,0,0,0
0,2047,160,-329.59481811523438,-135.42291259765625,0,0.99883180856704712,0.0017255800776183605,-0.0021448587067425251,0,0,0,0,0,0
0,2303,180,-329.55999755859375,-135.46565246582031,0,0.99869108200073242,0.0026890395674854517,-0.00048983056331053376,0,0,0,0,0,0
