measurement_id,geometry_id,local_key,local0,local1,phi,theta,time,var_local0,var_local1,var_phi,var_theta,var_time
0,255,unknown,-125.97682952880859,303.62155151367188,0.0011249015806242824,1.5715796947479248,0,0.0025000001769512892,0.0025000001769512892,0,0,0
1,511,unknown,-125.87176513671875,303.60806274414062,0.0014495193026959896,1.5715863704681396,0,0.0025000001769512892,0.0025000001769512892,0,0,0
2,767,unknown,-125.87186431884766,303.642333984375,0.0014712851261720061,1.5715510845184326,0,0.0025000001769512892,0.0025000001769512892,0,0,0
3,1023,unknown,-125.92344665527344,303.611572265625,0.0015131810214370489,1.5713599920272827,0,0.0025000001769512892,0.0025000001769512892,0,0,0
4,1279,unknown,-125.87031555175781,303.52001953125,0.0017707629594951868,1.5715669393539429,0,0.0025000001769512892,0.0025000001769512892,0,0,0
5,1535,unknown,-125.79045867919922,303.51547241210938,0.00090201722923666239,1.5711542367935181,0,0.0025000001769512892,0.0025000001769512892,0,0,0
6,1791,unknown,-125.73575592041016,303.55935668945312,3.6400757380761206e-05,1.5715712308883667,0,0.0025000001769512892,0.0025000001769512892,0,0,0
7,2047,unknown,-125.81088256835938,303.478515625,0.00019392627291381359,1.5714249610900879,0,0.0025000001769512892,0.0025000001769512892,0,0,0
8,2303,unknown,-125.71735382080078,303.48361206054688,0.00088986719492822886,1.5712939500808716,0,0.0025000001769512892,0.0025000001769512892,0,0,0
