measurement_id,geometry_id,local_key,local0,local1,phi,theta,time,var_local0,var_local1,var_phi,var_theta,var_time
0,255,unknown,-46.392562866210938,114.44565582275391,3.2611202186672017e-05,1.5709542036056519,0,0.0025000001769512892,0.0025000001769512892,0,0,0
1,511,unknown,-46.395931243896484,114.41945648193359,0.00065062055364251137,1.5693589448928833,0,0.0025000001769512892,0.0025000001769512892,0,0,0
2,767,unknown,-46.382083892822266,114.45779418945312,0.0013610487803816795,1.5679101943969727,0,0.0025000001769512892,0.0025000001769512892,0,0,0
3,1023,unknown,-46.201728820800781,114.48979949951172,-0.00030060706194490194,1.5644022226333618,0,0.0025000001769512892,0.0025000001769512892,0,0,0
4,1279,unknown,-46.329654693603516,114.68941497802734,-0.00034109290572814643,1.5645238161087036,0,0.0025000001769512892,0.0025000001769512892,0,0,0
5,1535,unknown,-46.464241027832031,114.85135650634766,-0.00084274628898128867,1.5651711225509644,0,0.0025000001769512892,0.0025000001769512892,0,0,0
6,1791,unknown,-46.356365203857422,114.88860321044922,-0.0011219653533771634,1.5655713081359863,0,0.0025000001769512892,0.0025000001769512892,0,0,0
7,2047,unknown,-46.325115203857422,114.89014434814453,1.7721247786539607e-05,1.5652399063110352,0,0.0025000001769512892,0.0025000001769512892,0,0,0
8,2303,unknown,-46.334178924560547,115.14968109130859,0.0015948758227750659,1.5658769607543945,0,0.0025000001769512892,0.0025000001769512892,0,0,0
