particle_id,geometry_id,tx,ty,tz,tt,tpx,tpy,tpz,te,deltapx,deltapy,deltapz,deltae,index
0,255,20,-20.197265625,398.73727416992188,0,0.99984371662139893,0.00064898718846961856,6.9563655415549874e-05,0,0,0,0,0,0
0,511,40,-20.184291839599609,398.73873901367188,0,0.99963974952697754,-3.7081677874084562e-05,-0.00010526757978368551,0,0,0,0,0,0
0,767,60,-20.185020446777344,398.73663330078125,0,0.99938386678695679,0.00023205517209134996,-0.00024546353961341083,0,0,0,0,0,0
0,1023,80,-20.180347442626953,398.73175048828125,0,0.99921154975891113,0.0012514593545347452,-0.00035905747790820897,0,0,0,0,0,0
0,1279,100,-20.155256271362305,398.72470092773438,0,0.99907594919204712,0.0026190970093011856,-0.0015067731728777289,0,0,0,0,0,0
0,1535,120,-20.102645874023438,398.69485473632812,0,0.99891167879104614,0.0029412358999252319,-0.0018136352300643921,0,0,0,0,0,0
0,1791,140,-20.043540954589844,398.65890502929688,0,0.99872446060180664,0.0029508618172258139,-0.0015427952166646719,0,0,0,0,0,0
0,2047,160,-19.984264373779297,398.62835693359375,0,0.99860602617263794,0.0034464523196220398,-0.0012245291145518422,0,0,0,0,0,0
0,2303,180,-19.915094375610352,398.604248046875,0,0.99844300746917725,0.0026392769068479538,-0.0036999245639890432,0,0,0,0,0,0
