particle_id,geometry_id,tx,ty,tz,tt,tpx,tpy,tpz,te,deltapx,deltapy,deltapz,deltae,index
0,255,20,368.06585693359375,-35.814773559570312,0,0.99978888034820557,0.0011055701179429889,0.00037574407178908587,0,0,0,0,0,0
0,511,40,368.08792114257812,-35.807125091552734,0,0.99933487176895142,0.00067036482505500317,-0.00042903094436042011,0,0,0,0,0,0
0,767,60,368.10137939453125,-35.815631866455078,0,0.99900567531585693,1.5495987099711783e-05,0.00059862562920898199,0,0,0,0,0,0
0,1023,80,368.10162353515625,-35.803646087646484,0,0.99886155128479004,-2.0202487576170824e-05,4.6395034587476403e-05,0,0,0,0,0,0
0,1279,100,368.10122680664062,-35.802719116210938,0,0.99870610237121582,0.00040768631151877344,0.00031128531554713845,0,0,0,0,0,0
0,1535,120,368.10934448242188,-35.796436309814453,0,0.99857538938522339,0.00089569709962233901,0.00047159093082882464,0,0,0,0,0,0
0,1791,140,368.12722778320312,-35.786884307861328,0,0.99844038486480713,0.00096085289260372519,0.00055103492923080921,0,0,0,0,0,0
0,2047,160,368.14642333984375,-35.775730133056641,0,0.99831360578536987,0.0003688145661726594,0.00069865398108959198,0,0,0,0,0,0
0,2303,180,368.15371704101562,-35.761688232421875,0,0.9978981614112854,-0.00014475031639449298,0.00093449646374210715,0,0,0,0,0,0
