particle_id,geometry_id,tx,ty,tz,tt,tpx,tpy,tpz,te,deltapx,deltapy,deltapz,deltae,index
0,255,20,92.016189575195312,5.7505688667297363,0,0.99976509809494019,-0.0014499655226245522,0.00083088933024555445,0,0,0,0,0,0
0,511,40,91.987083435058594,5.7670164108276367,0,0.99939370155334473,-0.0020902247633785009,0.0015156219014897943,0,0,0,0,0,0
0,767,60,91.945075988769531,5.797095775604248,0,0.99916911125183105,-0.0016916861059144139,0.00046353408833965659,0,0,0,0,0,0
0,1023,80,91.911155700683594,5.8061709403991699,0,0.99901646375656128,-0.0030783608090132475,0.00079811521572992206,0,0,0,0,0,0
0,1279,100,91.849433898925781,5.8217787742614746,0,0.99889457225799561,-0.0028309905901551247,0.00089042179752141237,0,0,0,0,0,0
0,1535,120,91.792648315429688,5.839266300201416,0,0.99875468015670776,-0.0035532435867935419,0.0018544617341831326,0,0,0,0,0,0
0,1791,140,91.721275329589844,5.8759737014770508,0,0.99862807989120483,-0.0035442202351987362,0.00054007035214453936,0,0,0,0,0,0
0,2047,160,91.650230407714844,5.8863635063171387,0,0.99850195646286011,-0.002479832386597991,0.0014784424565732479,0,0,0,0,0,0
0,2303,180,91.600379943847656,5.915677547454834,0,0.99833643436431885,-0.0014861037489026785,0.0011569828493520617,0,0,0,0,0,0
