measurement_id,geometry_id,local_key,local0,local1,phi,theta,time,var_local0,var_local1,var_phi,var_theta,var_time
0,255,unknown,91.53643798828125,-242.53121948242188,0.0016236952506005764,1.5717622041702271,0,0.0025000001769512892,0.0025000001769512892,0,0,0
1,511,unknown,91.719390869140625,-242.65983581542969,0.0017283546039834619,1.5725746154785156,0,0.0025000001769512892,0.0025000001769512892,0,0,0
2,767,unknown,91.701004028320312,-242.52792358398438,0.0021215514279901981,1.5720443725585938,0,0.0025000001769512892,0.0025000001769512892,0,0,0
3,1023,unknown,91.722793579101562,-242.61468505859375,0.0025461185723543167,1.5714781284332275,0,0.0025000001769512892,0.0025000001769512892,0,0,0
4,1279,unknown,91.772109985351562,-242.62063598632812,0.0025428805965930223,1.5712629556655884,0,0.0025000001769512892,0.0025000001769512892,0,0,0
5,1535,unknown,91.812461853027344,-242.59358215332031,0.0018315946217626333,1.5686798095703125,0,0.0025000001769512892,0.0025000001769512892,0,0,0
6,1791,unknown,91.905502319335938,-242.68896484375,0.0024738977663218975,1.5681279897689819,0,0.0025000001769512892,0.0025000001769512892,0,0,0
7,2047,unknown,91.965347290039062,-242.59368896484375,0.0012100661406293511,1.5703110694885254,0,0.0025000001769512892,0.0025000001769512892,0,0,0
8,2303,unknown,91.948989868164062,-242.56329345703125,0.0015154107240960002,1.5711907148361206,0,0.0025000001769512892,0.0025000001769512892,0,0,0
