measurement_id,geometry_id,local_key,local0,local1,phi,theta,time,var_local0,var_local1,var_phi,var_theta,var_time
0,255,unknown,-107.55828094482422,151.59527587890625,-0.00056641828268766403,1.5701667070388794,0,0.0025000001769512892,0.0025000001769512892,0,0,0
1,511,unknown,-107.57276916503906,151.48097229003906,0.00051939673721790314,1.5693563222885132,0,0.0025000001769512892,0.0025000001769512892,0,0,0
2,767,unknown,-107.73833465576172,151.49021911621094,-0.00079416332300752401,1.5695093870162964,0,0.0025000001769512892,0.0025000001769512892,0,0,0
3,1023,unknown,-107.62361907958984,151.54447937011719,-0.0011001595994457603,1.569456934928894,0,0.0025000001769512892,0.0025000001769512892,0,0,0
4,1279,unknown,-107.6951904296875,151.61526489257812,-0.0016469559632241726,1.5692415237426758,0,0.0025000001769512892,0.0025000001769512892,0,0,0
5,1535,unknown,-107.67739868164062,151.66383361816406,-0.0016738614067435265,1.5692873001098633,0,0.0025000001769512892,0.0025000001769512892,0,0,0
6,1791,unknown,-107.83270263671875,151.72955322265625,-0.0016410114476457238,1.5678460597991943,0,0.0025000001769512892,0.0025000001769512892,0,0,0
7,2047,unknown,-107.78955841064453,151.73223876953125,-0.00175823038443923,1.567853569984436,0,0.0025000001769512892,0.0025000001769512892,0,0,0
8,2303,unknown,-107.82791900634766,151.76338195800781,-0.0026475221384316683,1.5685980319976807,0,0.0025000001769512892,0.0025000001769512892,0,0,0
