measurement_id,geometry_id,local_key,local0,local1,phi,theta,time,var_local0,var_local1,var_phi,var_theta,var_time
0,255,unknown,331.45138549804688,9.1886968612670898,-0.00015594623982906342,1.5712820291519165,0,0.0025000001769512892,0.0025000001769512892,0,0,0
1,511,unknown,331.45098876953125,9.0824642181396484,-1.6781472368165851e-05,1.5711487531661987,0,0.0025000001769512892,0.0025000001769512892,0,0,0
2,767,unknown,331.42547607421875,9.1663103103637695,-0.00021737568022217602,1.5704765319824219,0,0.0025000001769512892,0.0025000001769512892,0,0,0
3,1023,unknown,331.53671264648438,9.1679239273071289,6.1076018027961254e-05,1.5718061923980713,0,0.0025000001769512892,0.0025000001769512892,0,0,0
4,1279,unknown,331.517578125,9.1857004165649414,-0.00095417146803811193,1.5714259147644043,0,0.0025000001769512892,0.0025000001769512892,0,0,0
5,1535,unknown,331.41561889648438,9.1224145889282227,-7.4301955464761704e-05,1.5696327686309814,0,0.0025000001769512892,0.0025000001769512892,0,0,0
6,1791,unknown,331.50665283203125,9.2023296356201172,-0.00016510652494616807,1.5698088407516479,0,0.0025000001769512892,0.0025000001769512892,0,0,0
7,2047,unknown,331.51400756835938,9.2392892837524414,0.001452174736186862,1.5691748857498169,0,0.0025000001769512892,0.0025000001769512892,0,0,0
8,2303,unknown,331.49020385742188,9.2544727325439453,0.0023222826421260834,1.5694334506988525,0,0.0025000001769512892,0.0025000001769512892,0,0,0
