particle_id,geometry_id,tx,ty,tz,tt,tpx,tpy,tpz,te,deltapx,deltapy,deltapz,deltae,index
0,255,20,-596.465087890625,-55.848121643066406,0,0.9998207688331604,-0.00033474253723397851,0.0010435661533847451,0,0,0,0,0,0
0,511,40,-596.471923828125,-55.827285766601562,0,0.99956977367401123,-0.0017177285626530647,0.00096883176593109965,0,0,0,0,0,0
0,767,60,-596.50640869140625,-55.808109283447266,0,0.99939936399459839,-0.0017002018867060542,0.0011596446856856346,0,0,0,0,0,0
0,1023,80,-596.54058837890625,-55.785106658935547,0,0.99916756153106689,-0.0011536820093169808,0.0014972910284996033,0,0,0,0,0,0
0,1279,100,-596.5638427734375,-55.755275726318359,0,0.99897652864456177,-0.00094529922353103757,0.00090597308008000255,0,0,0,0,0,0
0,1535,120,-596.5828857421875,-55.737251281738281,0,0.99875664710998535,-0.00087035668548196554,0.00097804365213960409,0,0,0,0,0,0
0,1791,140,-596.60040283203125,-55.717769622802734,0,0.99858349561691284,-0.0023680019658058882,0.0022016188595443964,0,0,0,0,0,0
0,2047,160,-596.6480712890625,-55.673961639404297,0,0.99837291240692139,-0.0012609706027433276,0.0032570627517998219,0,0,0,0,0,0
0,2303,180,-596.6737060546875,-55.608867645263672,0,0.99819886684417725,-0.00056549813598394394,0.0026450934819877148,0,0,0,0,0,0
