measurement_id,geometry_id,local_key,local0,local1,phi,theta,time,var_local0,var_local1,var_phi,var_theta,var_time
0,255,unknown,517.40185546875,35.342609405517578,0.0019528970587998629,1.5701318979263306,0,0.0025000001769512892,0.0025000001769512892,0,0,0
1,511,unknown,517.49713134765625,35.360557556152344,0.0021978130098432302,1.5703244209289551,0,0.0025000001769512892,0.0025000001769512892,0,0,0
2,767,unknown,517.48455810546875,35.308506011962891,0.0015089284861460328,1.5692417621612549,0,0.0025000001769512892,0.0025000001769512892,0,0,0
3,1023,unknown,517.52691650390625,35.346611022949219,0.0013311121147125959,1.5712713003158569,0,0.0025000001769512892,0.0025000001769512892,0,0,0
4,1279,unknown,517.59674072265625,35.386249542236328,0.0013388748047873378,1.5713086128234863,0,0.0025000001769512892,0.0025000001769512892,0,0,0
5,1535,unknown,517.5257568359375,35.324596405029297,0.0020658294670283794,1.5730905532836914,0,0.0025000001769512892,0.0025000001769512892,0,0,0
6,1791,unknown,517.60528564453125,35.285224914550781,0.0022685185540467501,1.5731596946716309,0,0.0025000001769512892,0.0025000001769512892,0,0,0
7,2047,unknown,517.6634521484375,35.193565368652344,0.0026792986318469048,1.5728007555007935,0,0.0025000001769512892,0.0025000001769512892,0,0,0
8,2303,unknown,517.6983642578125,35.130229949951172,0.0032479169312864542,1.5723240375518799,0,0.0025000001769512892,0.0025000001769512892,0,0,0
