measurement_id,geometry_id,local_key,local0,local1,phi,theta,time,var_local0,var_local1,var_phi,var_theta,var_time
0,255,unknown,57.66705322265625,213.07518005371094,0.0016291016945615411,1.571694016456604,0,0.0025000001769512892,0.0025000001769512892,0,0,0
1,511,unknown,57.657711029052734,213.14445495605469,0.00067321263486519456,1.5709468126296997,0,0.0025000001769512892,0.0025000001769512892,0,0,0
2,767,unknown,57.671630859375,213.17984008789062,0.0015493466053158045,1.5716831684112549,0,0.0025000001769512892,0.0025000001769512892,0,0,0
3,1023,unknown,57.686538696289062,213.05271911621094,0.0023032312747091055,1.5710361003875732,0,0.0025000001769512892,0.0025000001769512892,0,0,0
4,1279,unknown,57.726955413818359,213.03604125976562,0.0018125992501154542,1.5712530612945557,0,0.0025000001769512892,0.0025000001769512892,0,0,0
5,1535,unknown,57.688552856445312,213.06300354003906,0.001870038453489542,1.571104884147644,0,0.0025000001769512892,0.0025000001769512892,0,0,0
6,1791,unknown,57.816696166992188,213.04713439941406,0.0018778576049953699,1.5712255239486694,0,0.0025000001769512892,0.0025000001769512892,0,0,0
7,2047,unknown,57.855342864990234,212.98101806640625,0.002196168527007103,1.5689749717712402,0,0.0025000001769512892,0.0025000001769512892,0,0,0
8,2303,unknown,57.861679077148438,213.09658813476562,0.0012390203773975372,1.5680996179580688,0,0.0025000001769512892,0.0025000001769512892,0,0,0
