particle_id,geometry_id,tx,ty,tz,tt,tpx,tpy,tpz,te,deltapx,deltapy,deltapz,deltae,index
0,255,20,225.2906494140625,78.023262023925781,0,0.99982589483261108,-0.00094975135289132595,0.00022629542218055576,0,0,0,0,0,0
0,511,40,225.27162170410156,78.027671813964844,0,0.99957787990570068,-0.00094548013294115663,0.00026437020278535783,0,0,0,0,0,0
0,767,60,225.25267028808594,78.032844543457031,0,0.99942302703857422,-0.0010655864607542753,7.0010974013712257e-05,0,0,0,0,0,0
0,1023,80,225.23133850097656,78.03411865234375,0,0.99928653240203857,-0.0009210229036398232,0.00011133752559544519,0,0,0,0,0,0
0,1279,100,225.212890625,78.036239624023438,0,0.999042809009552,-0.0016669408651068807,0.00079956266563385725,0,0,0,0,0,0
0,1535,120,225.17942810058594,78.052047729492188,0,0.99887508153915405,-0.0020131450146436691,0.00070297776255756617,0,0,0,0,0,0
0,1791,140,225.1390380859375,78.065879821777344,0,0.99867838621139526,-0.0019806418567895889,0.00040306636947207153,0,0,0,0,0,0
0,2047,160,225.09931945800781,78.073715209960938,0,0.99846440553665161,-0.0031510656699538231,0.00044345037895254791,0,0,0,0,0,0
0,2303,180,225.03614807128906,78.082221984863281,0,0.99818688631057739,-0.0024016797542572021,0.0012247570557519794,0,0,0,0,0,0
