particle_id,particle_type,process,vx,vy,vz,vt,px,py,pz,m,q
0,0,0,0,-245.94261169433594,-253.10682678222656,0,1,0,-4.3711388286737929e-08,0,-1
