particle_id,geometry_id,tx,ty,tz,tt,tpx,tpy,tpz,te,deltapx,deltapy,deltapz,deltae,index
0,255,20,-246.8638916015625,164.37936401367188,0,0.99983692169189453,-0.00095100898761302233,0.00066444010008126497,0,0,0,0,0,0
0,511,40,-246.88299560546875,164.39254760742188,0,0.99967259168624878,-0.00079153198748826981,0.00082115898840129375,0,0,0,0,0,0
0,767,60,-246.89892578125,164.40887451171875,0,0.99950975179672241,-0.0011677138973027468,0.00068543170345947146,0,0,0,0,0,0
0,1023,80,-246.92237854003906,164.42245483398438,0,0.99937033653259277,-0.0011439328081905842,0.00053320155711844563,0,0,0,0,0,0
0,1279,100,-246.94532775878906,164.4329833984375,0,0.99889713525772095,-0.0024147105868905783,0.0011776399333029985,0,0,0,0,0,0
0,1535,120,-246.99382019042969,164.45626831054688,0,0.99873912334442139,-0.00071132049197331071,0.00034260819666087627,0,0,0,0,0,0
0,1791,140,-247.00810241699219,164.46304321289062,0,0.99852126836776733,-0.00052701286040246487,-0.00080875417916104198,0,0,0,0,0,0
0,2047,160,-247.0185546875,164.44677734375,0,0.99824583530426025,0.00045965664321556687,-0.0011733861174434423,0,0,0,0,0,0
0,2303,180,-247.00920104980469,164.42332458496094,0,0.99776148796081543,0.0007511085132136941,-0.0011433191830292344,0,0,0,0,0,0
