particle_id,geometry_id,tx,ty,tz,tt,tpx,tpy,tpz,te,deltapx,deltapy,deltapz,deltae,index
0,255,20,-137.10943603515625,351.73971557617188,0,0.99955594539642334,0.00054587767226621509,0.00053413439309224486,0,0,0,0,0,0
0,511,40,-137.09857177734375,351.75045776367188,0,0.99939143657684326,0.00028014348936267197,-0.0012421641731634736,0,0,0,0,0,0
0,767,60,-137.09281921386719,351.72564697265625,0,0.99922841787338257,0.00085744081297889352,-0.0012209971901029348,0,0,0,0,0,0
0,1023,80,-137.07551574707031,351.70132446289062,0,0.99910038709640503,0.00045490366755984724,0.00076959404395893216,0,0,0,0,0,0
0,1279,100,-137.06649780273438,351.716796875,0,0.99898773431777954,0.00027292297454550862,0.0010522238444536924,0,0,0,0,0,0
0,1535,120,-137.0611572265625,351.73788452148438,0,0.99882328510284424,0.00013881838822271675,0.0010207353625446558,0,0,0,0,0,0
0,1791,140,-137.05850219726562,351.75833129882812,0,0.99860602617263794,0.00033136981073766947,-0.00035193513031117618,0,0,0,0,0,0
0,2047,160,-137.05181884765625,351.75131225585938,0,0.99844449758529663,8.8501092250226066e-06,-0.001095063635148108,0,0,0,0,0,0
0,2303,180,-137.051513671875,351.7293701171875,0,0.99832248687744141,3.6682204154203646e-06,0.00035972154000774026,0,0,0,0,0,0
