particle_id,geometry_id,tx,ty,tz,tt,tpx,tpy,tpz,te,deltapx,deltapy,deltapz,deltae,index
0,255,20,-50.667018890380859,-92.655387878417969,0,0.99986171722412109,0.00021957546414341778,0.00087971857283264399,0,0,0,0,0,0
0,511,40,-50.662731170654297,-92.637763977050781,0,0.99962705373764038,0.0011121378047391772,0.0010248939506709576,0,0,0,0,0,0
0,767,60,-50.640602111816406,-92.61712646484375,0,0.99948632717132568,0.0010185447754338384,0.0009191842982545495,0,0,0,0,0,0
0,1023,80,-50.620330810546875,-92.598609924316406,0,0.9992825984954834,0.0013815911952406168,0.00079975422704592347,0,0,0,0,0,0
0,1279,100,-50.592777252197266,-92.582435607910156,0,0.99913090467453003,0.001234958996064961,0.0004176603106316179,0,0,0,0,0,0
0,1535,120,-50.568107604980469,-92.573928833007812,0,0.99898451566696167,0.0010936214821413159,0.00044475120375864208,0,0,0,0,0,0
0,1791,140,-50.546268463134766,-92.564895629882812,0,0.99880164861679077,0.00087681948207318783,0.00088604929624125361,0,0,0,0,0,0
0,2047,160,-50.528816223144531,-92.547050476074219,0,0.99864828586578369,0.0012977963779121637,0.0010136525379493833,0,0,0,0,0,0
0,2303,180,-50.502948760986328,-92.526596069335938,0,0.99846810102462769,0.00016068274271674454,0.0015470662619918585,0,0,0,0,0,0
