particle_id,particle_type,process,vx,vy,vz,vt,px,py,pz,m,q
0,0,0,0,154.67106628417969,-47.934650421142578,0,1,0,-4.3711388286737929e-08,0,-1
