measurement_id,geometry_id,local_key,local0,local1,phi,theta,time,var_local0,var_local1,var_phi,var_theta,var_time
0,255,unknown,146.52815246582031,449.974853515625,0.0014090182958170772,1.5703880786895752,0,0.0025000001769512892,0.0025000001769512892,0,0,0
1,511,unknown,146.637939453125,449.90191650390625,0.0025588104035705328,1.5705980062484741,0,0.0025000001769512892,0.0025000001769512892,0,0,0
2,767,unknown,146.6142578125,449.89825439453125,0.0025724321603775024,1.5705479383468628,0,0.0025000001769512892,0.0025000001769512892,0,0,0
3,1023,unknown,146.63046264648438,450.01983642578125,0.0023751351982355118,1.5707132816314697,0,0.0025000001769512892,0.0025000001769512892,0,0,0
4,1279,unknown,146.715087890625,449.97021484375,0.0025023065973073244,1.5701521635055542,0,0.0025000001769512892,0.0025000001769512892,0,0,0
5,1535,unknown,146.84318542480469,449.96737670898438,0.0046906610950827599,1.5709697008132935,0,0.0025000001769512892,0.0025000001769512892,0,0,0
6,1791,unknown,146.86817932128906,449.98001098632812,0.0039587635546922684,1.5731788873672485,0,0.0025000001769512892,0.0025000001769512892,0,0,0
7,2047,unknown,146.97383117675781,449.92709350585938,0.0028265011496841908,1.5737181901931763,0,0.0025000001769512892,0.0025000001769512892,0,0,0
8,2303,unknown,147.02680969238281,449.96298217773438,0.0034067509695887566,1.573151707649231,0,0.0025000001769512892,0.0025000001769512892,0,0,0
