particle_id,particle_type,process,vx,vy,vz,vt,px,py,pz,m,q
0,0,0,0,160.94586181640625,35.527011871337891,0,1,0,-4.3711388286737929e-08,0,-1
