measurement_id,geometry_id,local_key,local0,local1,phi,theta,time,var_local0,var_local1,var_phi,var_theta,var_time
0,255,unknown,-104.68056488037109,-169.46418762207031,0.0010400577448308468,1.5706119537353516,0,0.0025000001769512892,0.0025000001769512892,0,0,0
1,511,unknown,-104.59486389160156,-169.46266174316406,7.2132344939745963e-05,1.5699646472930908,0,0.0025000001769512892,0.0025000001769512892,0,0,0
2,767,unknown,-104.70501708984375,-169.49803161621094,0.00036586957867257297,1.5696392059326172,0,0.0025000001769512892,0.0025000001769512892,0,0,0
3,1023,unknown,-104.62344360351562,-169.39120483398438,0.00058280600933358073,1.5699777603149414,0,0.0025000001769512892,0.0025000001769512892,0,0,0
4,1279,unknown,-104.65164947509766,-169.422119140625,0.00097985262982547283,1.5689425468444824,0,0.0025000001769512892,0.0025000001769512892,0,0,0
5,1535,unknown,-104.62612152099609,-169.30058288574219,0.00047183758579194546,1.5693830251693726,0,0.0025000001769512892,0.0025000001769512892,0,0,0
6,1791,unknown,-104.62300109863281,-169.37565612792969,0.00022299266129266471,1.5699945688247681,0,0.0025000001769512892,0.0025000001769512892,0,0,0
7,2047,unknown,-104.55117797851562,-169.32888793945312,0.00014155471581034362,1.5699654817581177,0,0.0025000001769512892,0.0025000001769512892,0,0,0
8,2303,unknown,-104.61159515380859,-169.18586730957031,0.00039173231925815344,1.5694301128387451,0,0.0025000001769512892,0.0025000001769512892,0,0,0
