measurement_id,geometry_id,local_key,local0,local1,phi,theta,time,var_local0,var_local1,var_phi,var_theta,var_time
0,255,unknown,205.50299072265625,208.36434936523438,0.00013606782886199653,1.5709187984466553,0,0.0025000001769512892,0.0025000001769512892,0,0,0
1,511,unknown,205.46954345703125,208.46266174316406,0.0010558260837569833,1.5701438188552856,0,0.0025000001769512892,0.0025000001769512892,0,0,0
2,767,unknown,205.52481079101562,208.44429016113281,0.0015935256378725171,1.5699536800384521,0,0.0025000001769512892,0.0025000001769512892,0,0,0
3,1023,unknown,205.52122497558594,208.46084594726562,0.0014992125798016787,1.5699973106384277,0,0.0025000001769512892,0.0025000001769512892,0,0,0
4,1279,unknown,205.52163696289062,208.43894958496094,0.0013496550964191556,1.5706862211227417,0,0.0025000001769512892,0.0025000001769512892,0,0,0
5,1535,unknown,205.50335693359375,208.50640869140625,-0.00024156307335942984,1.5703080892562866,0,0.0025000001769512892,0.0025000001769512892,0,0,0
6,1791,unknown,205.57077026367188,208.48942565917969,-0.00016761214646976441,1.5699694156646729,0,0.0025000001769512892,0.0025000001769512892,0,0,0
7,2047,unknown,205.55592346191406,208.45748901367188,0.00051277742022648454,1.5701155662536621,0,0.0025000001769512892,0.0025000001769512892,0,0,0
8,2303,unknown,205.54951477050781,208.54566955566406,-0.00040136405732482672,1.5691612958908081,0,0.0025000001769512892,0.0025000001769512892,0,0,0
