measurement_id,geometry_id,local_key,local0,local1,phi,theta,time,var_local0,var_local1,var_phi,var_theta,var_time
0,255,unknown,8.1353340148925781,11.03338623046875,0.0016936915926635265,1.5694772005081177,0,0.0025000001769512892,0.0025000001769512892,0,0,0
1,511,unknown,8.2360391616821289,11.09068775177002,0.0007852324633859098,1.5713347196578979,0,0.0025000001769512892,0.0025000001769512892,0,0,0
2,767,unknown,8.2222614288330078,11.120999336242676,0.00071597704663872719,1.5711475610733032,0,0.0025000001769512892,0.0025000001769512892,0,0,0
3,1023,unknown,8.281672477722168,11.049445152282715,0.0014728758251294494,1.5716221332550049,0,0.0025000001769512892,0.0025000001769512892,0,0,0
4,1279,unknown,8.2286567687988281,11.028802871704102,0.0015140892937779427,1.5716416835784912,0,0.0025000001769512892,0.0025000001769512892,0,0,0
5,1535,unknown,8.2993917465209961,11.082841873168945,0.0012886482290923595,1.5701755285263062,0,0.0025000001769512892,0.0025000001769512892,0,0,0
6,1791,unknown,8.2923851013183594,11.044172286987305,0.0008181254961527884,1.5698162317276001,0,0.0025000001769512892,0.0025000001769512892,0,0,0
7,2047,unknown,8.3784074783325195,11.034601211547852,0.00054415548220276833,1.5697468519210815,0,0.0025000001769512892,0.0025000001769512892,0,0,0
8,2303,unknown,8.3428449630737305,11.104756355285645,0.00019100101781077683,1.5697441101074219,0,0.0025000001769512892,0.0025000001769512892,0,0,0
