particle_id,geometry_id,tx,ty,tz,tt,tpx,tpy,tpz,te,deltapx,deltapy,deltapz,deltae,index
0,255,20,35.461444854736328,-164.84426879882812,0,0.99986112117767334,-6.3507293816655874e-05,-0.00013675777881871909,0,0,0,0,0,0
0,511,40,35.460189819335938,-164.84701538085938,0,0.99957650899887085,0.00018191212438978255,0.00018739310326054692,0,0,0,0,0,0
0,767,60,35.46380615234375,-164.84324645996094,0,0.99934113025665283,0.00039146401104517281,-0.00048085543676279485,0,0,0,0,0,0
0,1023,80,35.471698760986328,-164.85282897949219,0,0.99918681383132935,0.00037138845073059201,-0.00030366110149770975,0,0,0,0,0,0
0,1279,100,35.479167938232422,-164.85885620117188,0,0.9989970326423645,3.9834172639530152e-05,2.0797033357666805e-05,0,0,0,0,0,0
0,1535,120,35.479961395263672,-164.85842895507812,0,0.99874597787857056,0.00026330575929023325,2.8768816264346242e-05,0,0,0,0,0,0
0,1791,140,35.4852294921875,-164.85781860351562,0,0.99847793579101562,0.00036272677243687212,-0.0001443054061383009,0,0,0,0,0,0
0,2047,160,35.492511749267578,-164.86067199707031,0,0.99835145473480225,0.0022242879495024681,0.00053741940064355731,0,0,0,0,0,0
0,2303,180,35.537006378173828,-164.84963989257812,0,0.99820703268051147,0.0022518369369208813,0.00095870631048455834,0,0,0,0,0,0
