measurement_id,geometry_id,local_key,local0,local1,phi,theta,time,var_local0,var_local1,var_phi,var_theta,var_time
0,255,unknown,481.16452026367188,-1.5449028015136719,8.1492879644429195e-07,1.5686339139938354,0,0.0025000001769512892,0.0025000001769512892,0,0,0
1,511,unknown,481.18753051757812,-1.4485800266265869,-0.0003635975590441376,1.568196177482605,0,0.0025000001769512892,0.0025000001769512892,0,0,0
2,767,unknown,480.98095703125,-1.4452422857284546,-0.00039572757668793201,1.5682063102722168,0,0.0025000001769512892,0.0025000001769512892,0,0,0
3,1023,unknown,481.16314697265625,-1.3737256526947021,-0.00099924823734909296,1.56952965259552,0,0.0025000001769512892,0.0025000001769512892,0,0,0
4,1279,unknown,481.186279296875,-1.3784048557281494,-0.0013292403891682625,1.5683397054672241,0,0.0025000001769512892,0.0025000001769512892,0,0,0
5,1535,unknown,481.13299560546875,-1.3387093544006348,-0.001670576399192214,1.5687887668609619,0,0.0025000001769512892,0.0025000001769512892,0,0,0
6,1791,unknown,481.0482177734375,-1.3281049728393555,-0.0017380064819008112,1.5677459239959717,0,0.0025000001769512892,0.0025000001769512892,0,0,0
7,2047,unknown,481.08773803710938,-1.2068511247634888,-0.0035150181502103806,1.5659298896789551,0,0.0025000001769512892,0.0025000001769512892,0,0,0
8,2303,unknown,480.9019775390625,-1.156428337097168,-0.0037030919920653105,1.5658060312271118,0,0.0025000001769512892,0.0025000001769512892,0,0,0
