particle_id,geometry_id,tx,ty,tz,tt,tpx,tpy,tpz,te,deltapx,deltapy,deltapz,deltae,index
0,255,20,169.085693359375,85.690322875976562,0,0.99872004985809326,0.00025881503825075924,-0.00090892286971211433,0,0,0,0,0,0
0,511,40,169.09098815917969,85.672149658203125,0,0.99855262041091919,0.0011121099814772606,-0.0023860221263021231,0,0,0,0,0,0
0,767,60,169.11355590820312,85.624496459960938,0,0.99833852052688599,0.00091842061374336481,-0.0039927740581333637,0,0,0,0,0,0
0,1023,80,169.13243103027344,85.54461669921875,0,0.99771201610565186,0.0011059900280088186,-0.0043127122335135937,0,0,0,0,0,0
0,1279,100,169.15512084960938,85.458297729492188,0,0.99740761518478394,0.0010121300583705306,-0.0028166808187961578,0,0,0,0,0,0
0,1535,120,169.17575073242188,85.401939392089844,0,0.99717426300048828,0.00089415139518678188,-0.0027399423997849226,0,0,0,0,0,0
0,1791,140,169.19401550292969,85.347091674804688,0,0.99702942371368408,0.00051539787091314793,-0.00096431595738977194,0,0,0,0,0,0
0,2047,160,169.2044677734375,85.327812194824219,0,0.99683916568756104,0.0014237769646570086,-0.00089116959134116769,0,0,0,0,0,0
0,2303,180,169.23313903808594,85.310104370117188,0,0.99667751789093018,0.0013145206030458212,-0.00088615360436961055,0,0,0,0,0,0
