particle_id,particle_type,process,vx,vy,vz,vt,px,py,pz,m,q
0,0,0,0,-107.3131103515625,266.83135986328125,0,1,0,-4.3711388286737929e-08,0,-1
