measurement_id,geometry_id,local_key,local0,local1,phi,theta,time,var_local0,var_local1,var_phi,var_theta,var_time
0,255,unknown,-106.070556640625,346.87045288085938,0.0002520667330827564,1.5704452991485596,0,0.0025000001769512892,0.0025000001769512892,0,0,0
1,511,unknown,-106.07163238525391,346.8275146484375,0.00022972603619564325,1.5703866481781006,0,0.0025000001769512892,0.0025000001769512892,0,0,0
2,767,unknown,-106.09314727783203,346.78521728515625,0.00020177751139272004,1.5707745552062988,0,0.0025000001769512892,0.0025000001769512892,0,0,0
3,1023,unknown,-105.99837493896484,346.8218994140625,0.00028225188725627959,1.5707255601882935,0,0.0025000001769512892,0.0025000001769512892,0,0,0
4,1279,unknown,-106.11012268066406,346.84213256835938,-0.0006269873701967299,1.5717411041259766,0,0.0025000001769512892,0.0025000001769512892,0,0,0
5,1535,unknown,-106.07707214355469,346.78338623046875,-0.0012688532005995512,1.5719623565673828,0,0.0025000001769512892,0.0025000001769512892,0,0,0
6,1791,unknown,-106.05621337890625,346.85690307617188,-0.0012599292676895857,1.5719717741012573,0,0.0025000001769512892,0.0025000001769512892,0,0,0
7,2047,unknown,-106.19158935546875,346.78314208984375,-0.0017208768986165524,1.5719714164733887,0,0.0025000001769512892,0.0025000001769512892,0,0,0
8,2303,unknown,-106.23420715332031,346.76010131835938,0.00021283375099301338,1.5719343423843384,0,0.0025000001769512892,0.0025000001769512892,0,0,0
