measurement_id,geometry_id,local_key,local0,local1,phi,theta,time,var_local0,var_local1,var_phi,var_theta,var_time
0,255,unknown,-215.43284606933594,-417.42465209960938,-5.1810533477691934e-05,1.5707907676696777,0,0.0025000001769512892,0.0025000001769512892,0,0,0
1,511,unknown,-215.36064147949219,-417.5396728515625,-0.00023970527399796993,1.5715762376785278,0,0.0025000001769512892,0.0025000001769512892,0,0,0
2,767,unknown,-215.42489624023438,-417.58169555664062,-0.00058869196800515056,1.570765495300293,0,0.0025000001769512892,0.0025000001769512892,0,0,0
3,1023,unknown,-215.46189880371094,-417.45358276367188,-0.00076281273504719138,1.5703804492950439,0,0.0025000001769512892,0.0025000001769512892,0,0,0
4,1279,unknown,-215.44876098632812,-417.5858154296875,-0.00079820031533017755,1.5705699920654297,0,0.0025000001769512892,0.0025000001769512892,0,0,0
5,1535,unknown,-215.44004821777344,-417.51663208007812,-0.0013314040843397379,1.5704398155212402,0,0.0025000001769512892,0.0025000001769512892,0,0,0
6,1791,unknown,-215.50654602050781,-417.45510864257812,-0.00089393305825069547,1.5693682432174683,0,0.0025000001769512892,0.0025000001769512892,0,0,0
7,2047,unknown,-215.49644470214844,-417.432861328125,-0.00096829619724303484,1.569861888885498,0,0.0025000001769512892,0.0025000001769512892,0,0,0
8,2303,unknown,-215.53666687011719,-417.41531372070312,-0.0013966773403808475,1.5702542066574097,0,0.0025000001769512892,0.0025000001769512892,0,0,0
