particle_id,particle_type,process,vx,vy,vz,vt,px,py,pz,m,q
0,0,0,0,239.71672058105469,-108.52156829833984,0,1,0,-4.3711388286737929e-08,0,-1
