particle_id,geometry_id,tx,ty,tz,tt,tpx,tpy,tpz,te,deltapx,deltapy,deltapz,deltae,index
0,255,20,-99.309112548828125,246.99649047851562,0,0.9996713399887085,3.6450578022595437e-07,0.00010434931755298749,0,0,0,0,0,0
0,511,40,-99.309120178222656,246.99858093261719,0,0.99949634075164795,-0.0012455522082746029,0.00062132015591487288,0,0,0,0,0,0
0,767,60,-99.334114074707031,247.0108642578125,0,0.99937045574188232,-0.0028140738140791655,0.00065543560776859522,0,0,0,0,0,0
0,1023,80,-99.390510559082031,247.02363586425781,0,0.99921882152557373,-0.0015586331719532609,-0.00087602518033236265,0,0,0,0,0,0
0,1279,100,-99.421600341796875,247.00592041015625,0,0.99909555912017822,-0.0012991181574761868,-0.00067201483761891723,0,0,0,0,0,0
0,1535,120,-99.447525024414062,246.9923095703125,0,0.99896204471588135,-0.0012844674056395888,-0.00066739978501573205,0,0,0,0,0,0
0,1791,140,-99.473159790039062,246.97879028320312,0,0.99866575002670288,-0.0012979216407984495,-0.00064470130018889904,0,0,0,0,0,0
0,2047,160,-99.499076843261719,246.96572875976562,0,0.99852049350738525,-0.001280764932744205,-0.00058187707327306271,0,0,0,0,0,0
0,2303,180,-99.524658203125,246.95391845703125,0,0.9983372688293457,-0.0010905406670644879,-0.00067876430694013834,0,0,0,0,0,0
