particle_id,particle_type,process,vx,vy,vz,vt,px,py,pz,m,q
0,0,0,0,126.94284820556641,432.07730102539062,0,1,0,-4.3711388286737929e-08,0,-1
