particle_id,particle_type,process,vx,vy,vz,vt,px,py,pz,m,q
0,0,0,0,-160.71769714355469,166.89747619628906,0,1,0,-4.3711388286737929e-08,0,-1
