particle_id,geometry_id,tx,ty,tz,tt,tpx,tpy,tpz,te,deltapx,deltapy,deltapz,deltae,index
0,255,20,133.06741333007812,-88.567352294921875,0,0.99984592199325562,-0.00042137311538681388,6.8014313001185656e-05,0,0,0,0,0,0
0,511,40,133.05897521972656,-88.5660400390625,0,0.99963057041168213,-0.00029579029069282115,-0.00075841153739020228,0,0,0,0,0,0
0,767,60,133.05314636230469,-88.581245422363281,0,0.99949634075164795,0.00088397512445226312,-0.0013205761788412929,0,0,0,0,0,0
0,1023,80,133.07099914550781,-88.607566833496094,0,0.99934911727905273,0.00088479981059208512,-0.00047204369911924005,0,0,0,0,0,0
0,1279,100,133.08876037597656,-88.616905212402344,0,0.99913150072097778,0.00094032060587778687,-0.00075422180816531181,0,0,0,0,0,0
0,1535,120,133.107666015625,-88.631889343261719,0,0.99896681308746338,0.00082789803855121136,0.00015703098324593157,0,0,0,0,0,0
0,1791,140,133.12422180175781,-88.628646850585938,0,0.99792182445526123,0.00092845770996063948,9.6672156360000372e-05,0,0,0,0,0,0
0,2047,160,133.142822265625,-88.626594543457031,0,0.99778068065643311,0.0012920090230181813,-0.00025625078706070781,0,0,0,0,0,0
0,2303,180,133.16874694824219,-88.631576538085938,0,0.99762386083602905,0.0013889223337173462,-0.00015440974675584584,0,0,0,0,0,0
