particle_id,geometry_id,tx,ty,tz,tt,tpx,tpy,tpz,te,deltapx,deltapy,deltapz,deltae,index
0,255,20,-281.09463500976562,113.31100463867188,0,0.99984776973724365,-0.00045163053437136114,0.0015492041129618883,0,0,0,0,0,0
0,511,40,-281.10385131835938,113.34194183349609,0,0.99971067905426025,-0.00050747912609949708,0.0015140734612941742,0,0,0,0,0,0
0,767,60,-281.11419677734375,113.37216949462891,0,0.99959474802017212,-0.0012297307839617133,0.00073708686977624893,0,0,0,0,0,0
0,1023,80,-281.13888549804688,113.38677215576172,0,0.99945229291915894,-0.0016514294547960162,0.0005707761156372726,0,0,0,0,0,0
0,1279,100,-281.1719970703125,113.39799499511719,0,0.99931478500366211,-0.00085042603313922882,5.5946315114852041e-05,0,0,0,0,0,0
0,1535,120,-281.18902587890625,113.39900970458984,0,0.999156653881073,-0.0010293876985087991,0.00049151846906170249,0,0,0,0,0,0
0,1791,140,-281.20968627929688,113.40872192382812,0,0.99898213148117065,-0.00047429732512682676,0.00086917955195531249,0,0,0,0,0,0
0,2047,160,-281.21929931640625,113.42606353759766,0,0.99876827001571655,-0.00053761369781568646,0.00068408937659114599,0,0,0,0,0,0
0,2303,180,-281.23013305664062,113.439697265625,0,0.99859946966171265,0.00065345905022695661,0.0006793311913497746,0,0,0,0,0,0
