particle_id,geometry_id,tx,ty,tz,tt,tpx,tpy,tpz,te,deltapx,deltapy,deltapz,deltae,index
0,255,20,40.152454376220703,83.200111389160156,0,0.9998326301574707,-0.00033218011958524585,-0.0023267432115972042,0,0,0,0,0,0
0,511,40,40.146087646484375,83.153526306152344,0,0.99966609477996826,-0.00084920070366933942,-0.0019657474476844072,0,0,0,0,0,0
0,767,60,40.12933349609375,83.114097595214844,0,0.99940413236618042,-0.00052071909885853529,-0.0018709931755438447,0,0,0,0,0,0
0,1023,80,40.119136810302734,83.076591491699219,0,0.999225914478302,-0.00050242786528542638,-0.0021005563903599977,0,0,0,0,0,0
0,1279,100,40.109333038330078,83.03448486328125,0,0.99907779693603516,-0.00031532425782643259,-0.0024642145726829767,0,0,0,0,0,0
0,1535,120,40.103317260742188,82.985115051269531,0,0.9989277720451355,0.00094265007646754384,-0.00151047483086586,0,0,0,0,0,0
0,1791,140,40.122371673583984,82.954986572265625,0,0.99878615140914917,0.00097528891637921333,-0.001456919708289206,0,0,0,0,0,0
0,2047,160,40.142074584960938,82.925933837890625,0,0.99859946966171265,0.00099790748208761215,-0.00011634807015070692,0,0,0,0,0,0
0,2303,180,40.162075042724609,82.923721313476562,0,0.99842625856399536,0.00041770422831177711,0.00081727851647883654,0,0,0,0,0,0
