measurement_id,geometry_id,local_key,local0,local1,phi,theta,time,var_local0,var_local1,var_phi,var_theta,var_time
0,255,unknown,297.12188720703125,247.400146484375,-0.00064949784427881241,1.5699317455291748,0,0.0025000001769512892,0.0025000001769512892,0,0,0
1,511,unknown,297.25265502929688,247.42561340332031,-0.0010142050450667739,1.5698680877685547,0,0.0025000001769512892,0.0025000001769512892,0,0,0
2,767,unknown,297.21945190429688,247.55406188964844,-0.002461208263412118,1.5681179761886597,0,0.0025000001769512892,0.0025000001769512892,0,0,0
3,1023,unknown,297.15316772460938,247.5975341796875,-0.001438723411411047,1.5681042671203613,0,0.0025000001769512892,0.0025000001769512892,0,0,0
4,1279,unknown,297.12820434570312,247.62074279785156,-0.00058865651953965425,1.5678327083587646,0,0.0025000001769512892,0.0025000001769512892,0,0,0
5,1535,unknown,297.125,247.63021850585938,-8.2111866504419595e-05,1.5685805082321167,0,0.0025000001769512892,0.0025000001769512892,0,0,0
6,1791,unknown,297.10092163085938,247.71875,-0.00010876846499741077,1.5685479640960693,0,0.0025000001769512892,0.0025000001769512892,0,0,0
7,2047,unknown,297.03598022460938,247.69976806640625,-0.00038924784166738391,1.5689927339553833,0,0.0025000001769512892,0.0025000001769512892,0,0,0
8,2303,unknown,297.02337646484375,247.79582214355469,-0.0007286447798833251,1.5686633586883545,0,0.0025000001769512892,0.0025000001769512892,0,0,0
