particle_id,geometry_id,tx,ty,tz,tt,tpx,tpy,tpz,te,deltapx,deltapy,deltapz,deltae,index
0,255,20,4.6128826141357422,1.5762008428573608,0,0.99955868721008301,-0.00024085807672236115,0.00094141351291909814,0,0,0,0,0,0
0,511,40,4.6079506874084473,1.5950080156326294,0,0.99938219785690308,-0.0012695788173004985,0.0014121922431513667,0,0,0,0,0,0
0,767,60,4.5823745727539062,1.6231162548065186,0,0.99923312664031982,0.0010013779392465949,0.0013685030862689018,0,0,0,0,0,0
0,1023,80,4.6022524833679199,1.6506268978118896,0,0.99894171953201294,0.0020521758124232292,0.003296553622931242,0,0,0,0,0,0
0,1279,100,4.6429424285888672,1.7168728113174438,0,0.99872100353240967,0.0021172058768570423,0.003296778304502368,0,0,0,0,0,0
0,1535,120,4.6849431991577148,1.7831457853317261,0,0.99715512990951538,0.0021151639521121979,0.0033092023804783821,0,0,0,0,0,0
0,1791,140,4.7269668579101562,1.8497720956802368,0,0.99682337045669556,0.0018386790761724114,0.0025486452504992485,0,0,0,0,0,0
0,2047,160,4.7635493278503418,1.9011280536651611,0,0.99651110172271729,0.0014210862573236227,0.00067434727679938078,0,0,0,0,0,0
0,2303,180,4.7919883728027344,1.9148335456848145,0,0.99634099006652832,0.001044945209287107,0.00096926453988999128,0,0,0,0,0,0
