particle_id,geometry_id,tx,ty,tz,tt,tpx,tpy,tpz,te,deltapx,deltapy,deltapz,deltae,index
0,255,20,-192.73487854003906,-362.90206909179688,0,0.99977642297744751,7.7180222433526069e-05,-6.8335357354953885e-05,0,0,0,0,0,0
0,511,40,-192.73332214355469,-362.90341186523438,0,0.99958556890487671,0.00011946979793719947,-3.5434179153526202e-05,0,0,0,0,0,0
0,767,60,-192.73092651367188,-362.90411376953125,0,0.99946779012680054,-0.00050916249165311456,0.0010747716296464205,0,0,0,0,0,0
0,1023,80,-192.74124145507812,-362.88265991210938,0,0.99924814701080322,-0.00072983477730304003,0.0010608367156237364,0,0,0,0,0,0
0,1279,100,-192.7559814453125,-362.86151123046875,0,0.99903023242950439,-0.00077318609692156315,0.00132380286231637,0,0,0,0,0,0
0,1535,120,-192.77162170410156,-362.83511352539062,0,0.99887692928314209,-0.0020271309185773134,-0.00014805470709688962,0,0,0,0,0,0
0,1791,140,-192.81219482421875,-362.83831787109375,0,0.99874460697174072,-0.0021230205893516541,-0.0013991175219416618,0,0,0,0,0,0
0,2047,160,-192.85453796386719,-362.8665771484375,0,0.99858760833740234,-0.0042212354019284248,-0.0010073772864416242,0,0,0,0,0,0
0,2303,180,-192.93896484375,-362.88726806640625,0,0.99839878082275391,-0.0042038247920572758,-0.00095172360306605697,0,0,0,0,0,0
