measurement_id,geometry_id,local_key,local0,local1,phi,theta,time,var_local0,var_local1,var_phi,var_theta,var_time
0,255,unknown,-146.22906494140625,191.03482055664062,-0.00036895833909511566,1.569469690322876,0,0.0025000001769512892,0.0025000001769512892,0,0,0
1,511,unknown,-146.17875671386719,191.08615112304688,-0.00031508837128058076,1.5699976682662964,0,0.0025000001769512892,0.0025000001769512892,0,0,0
2,767,unknown,-146.20414733886719,191.01364135742188,0.0010844940552487969,1.5681861639022827,0,0.0025000001769512892,0.0025000001769512892,0,0,0
3,1023,unknown,-146.2813720703125,191.17318725585938,-0.00014255991845857352,1.5670970678329468,0,0.0025000001769512892,0.0025000001769512892,0,0,0
4,1279,unknown,-146.25839233398438,191.2017822265625,-0.00031170621514320374,1.5671483278274536,0,0.0025000001769512892,0.0025000001769512892,0,0,0
5,1535,unknown,-146.24911499023438,191.35101318359375,0.0011680060997605324,1.5676075220108032,0,0.0025000001769512892,0.0025000001769512892,0,0,0
6,1791,unknown,-146.17059326171875,191.32710266113281,0.0011563282459974289,1.567594051361084,0,0.0025000001769512892,0.0025000001769512892,0,0,0
7,2047,unknown,-146.26437377929688,191.393798828125,0.0010447185486555099,1.5676229000091553,0,0.0025000001769512892,0.0025000001769512892,0,0,0
8,2303,unknown,-146.19354248046875,191.48716735839844,0.0013506221584975719,1.568240761756897,0,0.0025000001769512892,0.0025000001769512892,0,0,0
