particle_id,particle_type,process,vx,vy,vz,vt,px,py,pz,m,q
0,0,0,0,7.3815779685974121,2.1741456985473633,0,1,0,-4.3711388286737929e-08,0,-1
