particle_id,geometry_id,tx,ty,tz,tt,tpx,tpy,tpz,te,deltapx,deltapy,deltapz,deltae,index
0,255,20,113.65822601318359,152.20535278320312,0,0.99976068735122681,-0.0013619817327708006,-0.00017547795141581446,0,0,0,0,0,0
0,511,40,113.63100433349609,152.20167541503906,0,0.99960434436798096,-0.0016750631621107459,-0.00055760412942618132,0,0,0,0,0,0
0,767,60,113.59755706787109,152.19032287597656,0,0.99935120344161987,-0.0024874517694115639,-0.00016802025493234396,0,0,0,0,0,0
0,1023,80,113.54779815673828,152.18666076660156,0,0.99921590089797974,-0.0032448447309434414,-0.0015105605125427246,0,0,0,0,0,0
0,1279,100,113.4830322265625,152.15603637695312,0,0.99909800291061401,-0.002387255197390914,-0.0003866491315420717,0,0,0,0,0,0
0,1535,120,113.43529510498047,152.14801025390625,0,0.99879777431488037,-0.0032589882612228394,0.00041823735227808356,0,0,0,0,0,0
0,1791,140,113.36998748779297,152.15599060058594,0,0.99863767623901367,-0.0033990773372352123,3.9956335967872292e-05,0,0,0,0,0,0
0,2047,160,113.30191040039062,152.15638732910156,0,0.99846476316452026,-0.0013269344344735146,-0.00099331908859312534,0,0,0,0,0,0
0,2303,180,113.27545166015625,152.13633728027344,0,0.998035728931427,-0.0020957149099558592,-0.0019670664332807064,0,0,0,0,0,0
