particle_id,particle_type,process,vx,vy,vz,vt,px,py,pz,m,q
0,0,0,0,-287.462890625,-117.561279296875,0,1,0,-4.3711388286737929e-08,0,-1
