particle_id,geometry_id,tx,ty,tz,tt,tpx,tpy,tpz,te,deltapx,deltapy,deltapz,deltae,index
0,255,20,-221.78797912597656,-363.84957885742188,0,0.99986118078231812,-0.0015816166996955872,0.00044120842358097434,0,0,0,0,0,0
0,511,40,-221.81967163085938,-363.8409423828125,0,0.99967217445373535,-0.0017598896520212293,-0.00018618785543367267,0,0,0,0,0,0
0,767,60,-221.8548583984375,-363.84487915039062,0,0.99940210580825806,-0.00033454247750341892,-1.4578523405361921e-05,0,0,0,0,0,0
0,1023,80,-221.86155700683594,-363.84521484375,0,0.99926489591598511,0.0015884981257840991,-0.00035002356162294745,0,0,0,0,0,0
0,1279,100,-221.82972717285156,-363.85202026367188,0,0.99913281202316284,0.0021961117163300514,-0.00041060277726501226,0,0,0,0,0,0
0,1535,120,-221.78572082519531,-363.8599853515625,0,0.99892699718475342,0.0024385210126638412,-0.00031310957274399698,0,0,0,0,0,0
0,1791,140,-221.73686218261719,-363.865966796875,0,0.99871081113815308,0.0022412303369492292,-0.00027303886599838734,0,0,0,0,0,0
0,2047,160,-221.69195556640625,-363.87115478515625,0,0.99858862161636353,0.0032736116554588079,-0.0005438260268419981,0,0,0,0,0,0
0,2303,180,-221.62632751464844,-363.88165283203125,0,0.99846303462982178,0.0031761543359607458,0.00046689805458299816,0,0,0,0,0,0
