measurement_id,geometry_id,local_key,local0,local1,phi,theta,time,var_local0,var_local1,var_phi,var_theta,var_time
0,255,unknown,191.44393920898438,-214.53462219238281,-0.00045292146387510002,1.5714209079742432,0,0.0025000001769512892,0.0025000001769512892,0,0,0
1,511,unknown,191.33757019042969,-214.53482055664062,-0.00027256776229478419,1.5711050033569336,0,0.0025000001769512892,0.0025000001769512892,0,0,0
2,767,unknown,191.35247802734375,-214.52705383300781,-0.00076175958383828402,1.5724904537200928,0,0.0025000001769512892,0.0025000001769512892,0,0,0
3,1023,unknown,191.37315368652344,-214.59925842285156,0.00048875558422878385,1.5721628665924072,0,0.0025000001769512892,0.0025000001769512892,0,0,0
4,1279,unknown,191.39039611816406,-214.65776062011719,0.0002744386438280344,1.5724754333496094,0,0.0025000001769512892,0.0025000001769512892,0,0,0
5,1535,unknown,191.42877197265625,-214.61979675292969,7.4995783506892622e-05,1.5725617408752441,0,0.0025000001769512892,0.0025000001769512892,0,0,0
6,1791,unknown,191.37425231933594,-214.75804138183594,-0.00052646128460764885,1.5735511779785156,0,0.0025000001769512892,0.0025000001769512892,0,0,0
7,2047,unknown,191.36592102050781,-214.71711730957031,-0.00019194777996744961,1.5759248733520508,0,0.0025000001769512892,0.0025000001769512892,0,0,0
8,2303,unknown,191.35960388183594,-214.83554077148438,-0.00072832283331081271,1.5754742622375488,0,0.0025000001769512892,0.0025000001769512892,0,0,0
