particle_id,geometry_id,tx,ty,tz,tt,tpx,tpy,tpz,te,deltapx,deltapy,deltapz,deltae,index
0,255,20,257.31246948242188,19.475202560424805,0,0.9996873140335083,8.2349890817567939e-07,2.3314016289077699e-05,0,0,0,0,0,0
0,511,40,257.31246948242188,19.475669860839844,0,0.99954205751419067,0.0013203076086938381,0.00072179624112322927,0,0,0,0,0,0
0,767,60,257.33880615234375,19.490270614624023,0,0.99938750267028809,0.0017812434816733003,-0.0005707074305973947,0,0,0,0,0,0
0,1023,80,257.37451171875,19.479063034057617,0,0.99924075603485107,0.0017937797820195556,-0.0004170791944488883,0,0,0,0,0,0
0,1279,100,257.41046142578125,19.470930099487305,0,0.99907684326171875,0.0020362320356070995,-0.00061269151046872139,0,0,0,0,0,0
0,1535,120,257.4512939453125,19.45890998840332,0,0.99896442890167236,0.0015972626861184835,-0.00056284409947693348,0,0,0,0,0,0
0,1791,140,257.48333740234375,19.447834014892578,0,0.9986838698387146,0.002011400880292058,-0.0008331742137670517,0,0,0,0,0,0
0,2047,160,257.52371215820312,19.431390762329102,0,0.99809789657592773,0.0015847018221393228,-0.0010670808842405677,0,0,0,0,0,0
0,2303,180,257.55560302734375,19.410200119018555,0,0.9979548454284668,0.00054605858167633414,-0.00088609900558367372,0,0,0,0,0,0
