measurement_id,geometry_id,local_key,local0,local1,phi,theta,time,var_local0,var_local1,var_phi,var_theta,var_time
0,255,unknown,-128.4100341796875,84.830970764160156,0.00037549296393990517,1.5707416534423828,0,0.0025000001769512892,0.0025000001769512892,0,0,0
1,511,unknown,-128.45909118652344,84.698562622070312,-0.0018623191863298416,1.5699968338012695,0,0.0025000001769512892,0.0025000001769512892,0,0,0
2,767,unknown,-128.47615051269531,84.826713562011719,-0.0031430153176188469,1.5691466331481934,0,0.0025000001769512892,0.0025000001769512892,0,0,0
3,1023,unknown,-128.55570983886719,84.756538391113281,-0.0057490784674882889,1.5680838823318481,0,0.0025000001769512892,0.0025000001769512892,0,0,0
4,1279,unknown,-128.71182250976562,84.907920837402344,-0.0051153558306396008,1.5671237707138062,0,0.0025000001769512892,0.0025000001769512892,0,0,0
5,1535,unknown,-128.77169799804688,85.043540954589844,-0.0038466621190309525,1.5682694911956787,0,0.0025000001769512892,0.0025000001769512892,0,0,0
6,1791,unknown,-128.95034790039062,84.948463439941406,-0.0041566099971532822,1.5685145854949951,0,0.0025000001769512892,0.0025000001769512892,0,0,0
7,2047,unknown,-128.88240051269531,85.033920288085938,-0.0035025987308472395,1.5682140588760376,0,0.0025000001769512892,0.0025000001769512892,0,0,0
8,2303,unknown,-129.05648803710938,85.032463073730469,-0.0029778501484543085,1.5669020414352417,0,0.0025000001769512892,0.0025000001769512892,0,0,0
