particle_id,geometry_id,tx,ty,tz,tt,tpx,tpy,tpz,te,deltapx,deltapy,deltapz,deltae,index
0,255,20,-71.595611572265625,-309.68963623046875,0,0.99980819225311279,0.00016179004160221666,-0.00039931826177053154,0,0,0,0,0,0
0,511,40,-71.592330932617188,-309.69760131835938,0,0.99618238210678101,0.00058270222507417202,0.00029102305416017771,0,0,0,0,0,0
0,767,60,-71.580665588378906,-309.69168090820312,0,0.99601417779922485,0.00097306520910933614,0.00057463004486635327,0,0,0,0,0,0
0,1023,80,-71.561195373535156,-309.68002319335938,0,0.99584275484085083,0.00093361741164699197,0.0017078929813578725,0,0,0,0,0,0
0,1279,100,-71.542648315429688,-309.64559936523438,0,0.99571293592453003,-9.6859730547294021e-05,0.0037755279336124659,0,0,0,0,0,0
0,1535,120,-71.545051574707031,-309.56976318359375,0,0.99542760848999023,-7.5865231337957084e-05,0.0038240484427660704,0,0,0,0,0,0
0,1791,140,-71.547035217285156,-309.49295043945312,0,0.99517440795898438,-0.00032179607660509646,0.0045774830505251884,0,0,0,0,0,0
0,2047,160,-71.554054260253906,-309.4010009765625,0,0.99488848447799683,-0.0004705826286226511,0.0044452310539782047,0,0,0,0,0,0
0,2303,180,-71.564056396484375,-309.31170654296875,0,0.9945874810218811,0.00016241433331742883,0.0045551015064120293,0,0,0,0,0,0
