particle_id,particle_type,process,vx,vy,vz,vt,px,py,pz,m,q
0,0,0,0,57.830810546875,-258.51358032226562,0,1,0,-4.3711388286737929e-08,0,-1
