measurement_id,geometry_id,local_key,local0,local1,phi,theta,time,var_local0,var_local1,var_phi,var_theta,var_time
0,255,unknown,-172.41618347167969,-285.91424560546875,-0.00094300525961443782,1.571208119392395,0,0.0025000001769512892,0.0025000001769512892,0,0,0
1,511,unknown,-172.35450744628906,-285.89779663085938,-0.0027450066991150379,1.5723161697387695,0,0.0025000001769512892,0.0025000001769512892,0,0,0
2,767,unknown,-172.32136535644531,-286.0823974609375,-0.0031487501692026854,1.5725563764572144,0,0.0025000001769512892,0.0025000001769512892,0,0,0
3,1023,unknown,-172.54534912109375,-286.04815673828125,-0.0029113602358847857,1.5733367204666138,0,0.0025000001769512892,0.0025000001769512892,0,0,0
4,1279,unknown,-172.45339965820312,-286.06088256835938,-0.0034155657049268484,1.5733803510665894,0,0.0025000001769512892,0.0025000001769512892,0,0,0
5,1535,unknown,-172.6072998046875,-286.19381713867188,-0.0036938865669071674,1.5736957788467407,0,0.0025000001769512892,0.0025000001769512892,0,0,0
6,1791,unknown,-172.65922546386719,-286.18109130859375,-0.0035646434407681227,1.573784351348877,0,0.0025000001769512892,0.0025000001769512892,0,0,0
7,2047,unknown,-172.71235656738281,-286.170166015625,-0.0041382270865142345,1.5735460519790649,0,0.0025000001769512892,0.0025000001769512892,0,0,0
8,2303,unknown,-172.73699951171875,-286.3485107421875,-0.0042000804096460342,1.5731030702590942,0,0.0025000001769512892,0.0025000001769512892,0,0,0
