particle_id,geometry_id,tx,ty,tz,tt,tpx,tpy,tpz,te,deltapx,deltapy,deltapz,deltae,index
0,255,20,49.184219360351562,119.29444122314453,0,0.99936270713806152,-0.00016243496793322265,0.00075585738522931933,0,0,0,0,0,0
0,511,40,49.180877685546875,119.30954742431641,0,0.99918019771575928,0.00022841295867692679,0.00088674214202910662,0,0,0,0,0,0
0,767,60,49.185344696044922,119.32732391357422,0,0.99901300668716431,0.0031191448215395212,-0.00055084517225623131,0,0,0,0,0,0
0,1023,80,49.247852325439453,119.31667327880859,0,0.99756640195846558,0.0011136910179629922,-0.0016984499525278807,0,0,0,0,0,0
0,1279,100,49.2703857421875,119.28275299072266,0,0.99736225605010986,0.0014978233957663178,-0.0018091517267748713,0,0,0,0,0,0
0,1535,120,49.300640106201172,119.24665832519531,0,0.99715667963027954,0.0014625770272687078,-0.0018419435946270823,0,0,0,0,0,0
0,1791,140,49.330196380615234,119.20989227294922,0,0.99695408344268799,0.001910284161567688,-0.0029620614368468523,0,0,0,0,0,0
0,2047,160,49.368873596191406,119.15070343017578,0,0.99667006731033325,0.0024965999182313681,-0.0016887302044779062,0,0,0,0,0,0
0,2303,180,49.419174194335938,119.11711883544922,0,0.99643105268478394,0.0026778772007673979,-0.0018047350458800793,0,0,0,0,0,0
