measurement_id,geometry_id,local_key,local0,local1,phi,theta,time,var_local0,var_local1,var_phi,var_theta,var_time
0,255,unknown,61.384807586669922,-324.62109375,0.00029133187490515411,1.5710910558700562,0,0.0025000001769512892,0.0025000001769512892,0,0,0
1,511,unknown,61.308761596679688,-324.57577514648438,0.0021369284950196743,1.5706484317779541,0,0.0025000001769512892,0.0025000001769512892,0,0,0
2,767,unknown,61.364894866943359,-324.5858154296875,0.00078226468758657575,1.5686317682266235,0,0.0025000001769512892,0.0025000001769512892,0,0,0
3,1023,unknown,61.359642028808594,-324.57138061523438,0.0013522800290957093,1.5690559148788452,0,0.0025000001769512892,0.0025000001769512892,0,0,0
4,1279,unknown,61.480648040771484,-324.53018188476562,0.00099960272200405598,1.5689601898193359,0,0.0025000001769512892,0.0025000001769512892,0,0,0
5,1535,unknown,61.444717407226562,-324.56890869140625,0.0015567931113764644,1.5683896541595459,0,0.0025000001769512892,0.0025000001769512892,0,0,0
6,1791,unknown,61.449630737304688,-324.47146606445312,0.0015344016719609499,1.5683662891387939,0,0.0025000001769512892,0.0025000001769512892,0,0,0
7,2047,unknown,61.537067413330078,-324.34439086914062,0.0020444963593035936,1.5685606002807617,0,0.0025000001769512892,0.0025000001769512892,0,0,0
8,2303,unknown,61.505851745605469,-324.28634643554688,0.0021435257513076067,1.5689648389816284,0,0.0025000001769512892,0.0025000001769512892,0,0,0
