measurement_id,geometry_id,local_key,local0,local1,phi,theta,time,var_local0,var_local1,var_phi,var_theta,var_time
0,255,unknown,177.53706359863281,227.60414123535156,-1.6571508240303956e-05,1.5699136257171631,0,0.0025000001769512892,0.0025000001769512892,0,0,0
1,511,unknown,177.68009948730469,227.64128112792969,-0.00060296891024336219,1.5697267055511475,0,0.0025000001769512892,0.0025000001769512892,0,0,0
2,767,unknown,177.5909423828125,227.68630981445312,-0.00014895237109158188,1.569405198097229,0,0.0025000001769512892,0.0025000001769512892,0,0,0
3,1023,unknown,177.5745849609375,227.70985412597656,-0.00072121992707252502,1.5686924457550049,0,0.0025000001769512892,0.0025000001769512892,0,0,0
4,1279,unknown,177.62490844726562,227.76651000976562,6.0186506743775681e-05,1.5681734085083008,0,0.0025000001769512892,0.0025000001769512892,0,0,0
5,1535,unknown,177.55682373046875,227.7808837890625,0.00025774876121431589,1.5676193237304688,0,0.0025000001769512892,0.0025000001769512892,0,0,0
6,1791,unknown,177.63182067871094,227.94723510742188,0.0018315239576622844,1.5695797204971313,0,0.0025000001769512892,0.0025000001769512892,0,0,0
7,2047,unknown,177.70416259765625,227.78262329101562,0.0027183417696505785,1.5698256492614746,0,0.0025000001769512892,0.0025000001769512892,0,0,0
8,2303,unknown,177.67366027832031,227.92781066894531,0.0033514585811644793,1.5693987607955933,0,0.0025000001769512892,0.0025000001769512892,0,0,0
