particle_id,geometry_id,tx,ty,tz,tt,tpx,tpy,tpz,te,deltapx,deltapy,deltapz,deltae,index
0,255,20,-295.20758056640625,-158.84326171875,0,0.9998515248298645,0.00056054122978821397,-4.7005200030980632e-05,0,0,0,0,0,0
0,511,40,-295.19635009765625,-158.84413146972656,0,0.99965399503707886,0.0002979530836455524,0.0021318758372217417,0,0,0,0,0,0
0,767,60,-295.19064331054688,-158.80143737792969,0,0.99947494268417358,-0.00028323676087893546,0.0032873449381440878,0,0,0,0,0,0
0,1023,80,-295.19671630859375,-158.73568725585938,0,0.99933868646621704,0.00032166362507268786,0.0045847245492041111,0,0,0,0,0,0
0,1279,100,-295.19082641601562,-158.64389038085938,0,0.99917000532150269,0.0016106878174468875,0.0052119218744337559,0,0,0,0,0,0
0,1535,120,-295.15921020507812,-158.53936767578125,0,0.99895334243774414,0.00054087303578853607,0.0063828551210463047,0,0,0,0,0,0
0,1791,140,-295.14913940429688,-158.41151428222656,0,0.99879193305969238,-0.00026961448020301759,0.0077514997683465481,0,0,0,0,0,0
0,2047,160,-295.15545654296875,-158.25633239746094,0,0.9986194372177124,-0.0003376912500243634,0.0078424261882901192,0,0,0,0,0,0
0,2303,180,-295.16317749023438,-158.09930419921875,0,0.99845284223556519,0.0007749657379463315,0.0081816725432872772,0,0,0,0,0,0
