measurement_id,geometry_id,local_key,local0,local1,phi,theta,time,var_local0,var_local1,var_phi,var_theta,var_time
0,255,unknown,72.371971130371094,-38.270576477050781,0.0015645761741325259,1.5708482265472412,0,0.0025000001769512892,0.0025000001769512892,0,0,0
1,511,unknown,72.427207946777344,-38.202285766601562,0.0016150763258337975,1.5709573030471802,0,0.0025000001769512892,0.0025000001769512892,0,0,0
2,767,unknown,72.460968017578125,-38.266880035400391,0.0015495357802137733,1.5710787773132324,0,0.0025000001769512892,0.0025000001769512892,0,0,0
3,1023,unknown,72.439353942871094,-38.285541534423828,0.0018761529354378581,1.5707305669784546,0,0.0025000001769512892,0.0025000001769512892,0,0,0
4,1279,unknown,72.430908203125,-38.251895904541016,0.002682156627997756,1.5704842805862427,0,0.0025000001769512892,0.0025000001769512892,0,0,0
5,1535,unknown,72.580543518066406,-38.311248779296875,0.0031260361429303885,1.5695933103561401,0,0.0025000001769512892,0.0025000001769512892,0,0,0
6,1791,unknown,72.681373596191406,-38.323585510253906,0.004170816857367754,1.5695168972015381,0,0.0025000001769512892,0.0025000001769512892,0,0,0
7,2047,unknown,72.6561279296875,-38.252632141113281,0.004163847304880619,1.5697406530380249,0,0.0025000001769512892,0.0025000001769512892,0,0,0
8,2303,unknown,72.827339172363281,-38.266815185546875,0.0044449102133512497,1.5694994926452637,0,0.0025000001769512892,0.0025000001769512892,0,0,0
