particle_id,geometry_id,tx,ty,tz,tt,tpx,tpy,tpz,te,deltapx,deltapy,deltapz,deltae,index
0,255,20,387.99307250976562,-61.174156188964844,0,0.9997527003288269,1.4844011275272351e-05,0.00022973497107159346,0,0,0,0,0,0
0,511,40,387.99334716796875,-61.169559478759766,0,0.99959355592727661,0.00065866654040291905,-0.00067175360163673759,0,0,0,0,0,0
0,767,60,388.006591796875,-61.18292236328125,0,0.99939537048339844,0.0025213987100869417,-0.0015925571788102388,0,0,0,0,0,0
0,1023,80,388.0572509765625,-61.214488983154297,0,0.99924319982528687,0.0013061875943094492,-0.0023270410019904375,0,0,0,0,0,0
0,1279,100,388.08367919921875,-61.260906219482422,0,0.99899899959564209,0.0016367870848625898,-0.0031661842949688435,0,0,0,0,0,0
0,1535,120,388.1168212890625,-61.3240966796875,0,0.99871987104415894,0.0012473521055653691,-0.0045416145585477352,0,0,0,0,0,0
0,1791,140,388.142333984375,-61.414894104003906,0,0.99856138229370117,0.00047587280278094113,-0.0049027744680643082,0,0,0,0,0,0
0,2047,160,388.1524658203125,-61.513031005859375,0,0.998435378074646,3.8546717405552045e-05,-0.0040045864880084991,0,0,0,0,0,0
0,2303,180,388.15371704101562,-61.593242645263672,0,0.99825137853622437,0.00077841093298047781,-0.0044265482574701309,0,0,0,0,0,0
