measurement_id,geometry_id,local_key,local0,local1,phi,theta,time,var_local0,var_local1,var_phi,var_theta,var_time
0,255,unknown,45.696407318115234,7.9548540115356445,0.00136965187266469,1.5711232423782349,0,0.0025000001769512892,0.0025000001769512892,0,0,0
1,511,unknown,45.703483581542969,7.9679512977600098,0.0041708135977387428,1.5706233978271484,0,0.0025000001769512892,0.0025000001769512892,0,0,0
2,767,unknown,45.764694213867188,7.9118571281433105,0.0047306735068559647,1.5717126131057739,0,0.0025000001769512892,0.0025000001769512892,0,0,0
3,1023,unknown,45.8980712890625,7.8950386047363281,0.0042381170205771923,1.5717861652374268,0,0.0025000001769512892,0.0025000001769512892,0,0,0
4,1279,unknown,46.035934448242188,7.8709521293640137,0.0031657046638429165,1.5705854892730713,0,0.0025000001769512892,0.0025000001769512892,0,0,0
5,1535,unknown,46.058929443359375,7.8594260215759277,0.004984317347407341,1.5699919462203979,0,0.0025000001769512892,0.0025000001769512892,0,0,0
6,1791,unknown,46.204277038574219,7.8975434303283691,0.0051060379482805729,1.570106029510498,0,0.0025000001769512892,0.0025000001769512892,0,0,0
7,2047,unknown,46.287418365478516,7.8710412979125977,0.00564966956153512,1.5693451166152954,0,0.0025000001769512892,0.0025000001769512892,0,0,0
8,2303,unknown,46.307334899902344,7.9661002159118652,0.0055859582498669624,1.569275975227356,0,0.0025000001769512892,0.0025000001769512892,0,0,0
