measurement_id,geometry_id,local_key,local0,local1,phi,theta,time,var_local0,var_local1,var_phi,var_theta,var_time
0,255,unknown,80.76605224609375,-186.34864807128906,0.00054756173631176353,1.5704251527786255,0,0.0025000001769512892,0.0025000001769512892,0,0,0
1,511,unknown,80.878585815429688,-186.43035888671875,0.00026771682314574718,1.5706021785736084,0,0.0025000001769512892,0.0025000001769512892,0,0,0
2,767,unknown,80.881233215332031,-186.396484375,0.0004264445451553911,1.5710334777832031,0,0.0025000001769512892,0.0025000001769512892,0,0,0
3,1023,unknown,80.8482666015625,-186.38494873046875,0.00084755138959735632,1.5711607933044434,0,0.0025000001769512892,0.0025000001769512892,0,0,0
4,1279,unknown,80.981285095214844,-186.43084716796875,0.00027972325915470719,1.571431040763855,0,0.0025000001769512892,0.0025000001769512892,0,0,0
5,1535,unknown,80.86187744140625,-186.43344116210938,-0.00018045718024950475,1.5698646306991577,0,0.0025000001769512892,0.0025000001769512892,0,0,0
6,1791,unknown,80.823989868164062,-186.39070129394531,-0.00020827342814300209,1.5698368549346924,0,0.0025000001769512892,0.0025000001769512892,0,0,0
7,2047,unknown,81.01397705078125,-186.37466430664062,-0.00099720025900751352,1.5704249143600464,0,0.0025000001769512892,0.0025000001769512892,0,0,0
8,2303,unknown,80.790756225585938,-186.38240051269531,-0.0030609010718762875,1.568920373916626,0,0.0025000001769512892,0.0025000001769512892,0,0,0
