particle_id,particle_type,process,vx,vy,vz,vt,px,py,pz,m,q
0,0,0,0,180.40583801269531,132.628173828125,0,1,0,-4.3711388286737929e-08,0,-1
