particle_id,geometry_id,tx,ty,tz,tt,tpx,tpy,tpz,te,deltapx,deltapy,deltapz,deltae,index
0,255,20,-79.126052856445312,-242.27328491210938,0,0.99985098838806152,4.4549757149070501e-05,0.00013941037468612194,0,0,0,0,0,0
0,511,40,-79.125175476074219,-242.27049255371094,0,0.99970728158950806,0.00030123174656182528,0.00073311739834025502,0,0,0,0,0,0
0,767,60,-79.119239807128906,-242.25578308105469,0,0.99953228235244751,-0.001664060982875526,-6.9748602982144803e-05,0,0,0,0,0,0
0,1023,80,-79.15252685546875,-242.25738525390625,0,0.99926602840423584,-0.0018494909163564444,-0.00017324707005172968,0,0,0,0,0,0
0,1279,100,-79.189521789550781,-242.26107788085938,0,0.99913585186004639,-0.00083874166011810303,-0.0010403186315670609,0,0,0,0,0,0
0,1535,120,-79.206184387207031,-242.28199768066406,0,0.99882876873016357,0.00050299550639465451,-0.00089580513304099441,0,0,0,0,0,0
0,1791,140,-79.196006774902344,-242.29988098144531,0,0.99863207340240479,6.4538413425907493e-05,-0.0010441984049975872,0,0,0,0,0,0
0,2047,160,-79.194587707519531,-242.32078552246094,0,0.99847632646560669,-0.00012347289884928614,0.00049523048801347613,0,0,0,0,0,0
0,2303,180,-79.197120666503906,-242.31088256835938,0,0.99832636117935181,-0.00032991828629747033,-0.00025615270715206861,0,0,0,0,0,0
