measurement_id,geometry_id,local_key,local0,local1,phi,theta,time,var_local0,var_local1,var_phi,var_theta,var_time
0,255,unknown,-473.94277954101562,-107.81649780273438,-0.00012107386282877997,1.5719726085662842,0,0.0025000001769512892,0.0025000001769512892,0,0,0
1,511,unknown,-474.03128051757812,-107.82022857666016,-0.00064250780269503593,1.5711377859115601,0,0.0025000001769512892,0.0025000001769512892,0,0,0
2,767,unknown,-473.91622924804688,-107.84912109375,3.8624866647296585e-06,1.5701457262039185,0,0.0025000001769512892,0.0025000001769512892,0,0,0
3,1023,unknown,-473.855712890625,-107.82144165039062,-0.00042776748887263238,1.5701618194580078,0,0.0025000001769512892,0.0025000001769512892,0,0,0
4,1279,unknown,-473.98574829101562,-107.86511993408203,0.00054929399630054832,1.5709133148193359,0,0.0025000001769512892,0.0025000001769512892,0,0,0
5,1535,unknown,-474.09011840820312,-107.86154937744141,0.0014357098843902349,1.570372462272644,0,0.0025000001769512892,0.0025000001769512892,0,0,0
6,1791,unknown,-473.93789672851562,-107.83393096923828,-0.00028771796496585011,1.5714951753616333,0,0.0025000001769512892,0.0025000001769512892,0,0,0
7,2047,unknown,-473.94830322265625,-107.81524658203125,-0.00056262221187353134,1.5713249444961548,0,0.0025000001769512892,0.0025000001769512892,0,0,0
8,2303,unknown,-473.91546630859375,-107.80183410644531,-0.00059377646539360285,1.5711361169815063,0,0.0025000001769512892,0.0025000001769512892,0,0,0
