measurement_id,geometry_id,local_key,local0,local1,phi,theta,time,var_local0,var_local1,var_phi,var_theta,var_time
0,255,unknown,-459.125,-409.3262939453125,-0.00031663675326853991,1.5717302560806274,0,0.0025000001769512892,0.0025000001769512892,0,0,0
1,511,unknown,-459.0767822265625,-409.3173828125,0.001189245143905282,1.570121169090271,0,0.0025000001769512892,0.0025000001769512892,0,0,0
2,767,unknown,-458.98062133789062,-409.25369262695312,0.0011962580028921366,1.5702003240585327,0,0.0025000001769512892,0.0025000001769512892,0,0,0
3,1023,unknown,-459.02572631835938,-409.10592651367188,0.0029861456714570522,1.5688838958740234,0,0.0025000001769512892,0.0025000001769512892,0,0,0
4,1279,unknown,-458.90066528320312,-409.33444213867188,0.0034355239477008581,1.5678828954696655,0,0.0025000001769512892,0.0025000001769512892,0,0,0
5,1535,unknown,-458.93923950195312,-409.09539794921875,0.0032819609623402357,1.5677828788757324,0,0.0025000001769512892,0.0025000001769512892,0,0,0
6,1791,unknown,-458.82571411132812,-409.1068115234375,0.0031055307481437922,1.5672584772109985,0,0.0025000001769512892,0.0025000001769512892,0,0,0
7,2047,unknown,-458.78802490234375,-409.030517578125,0.0030758993234485388,1.5672788619995117,0,0.0025000001769512892,0.0025000001769512892,0,0,0
8,2303,unknown,-458.72195434570312,-409.03448486328125,0.0024807907175272703,1.5668580532073975,0,0.0025000001769512892,0.0025000001769512892,0,0,0
