particle_id,geometry_id,tx,ty,tz,tt,tpx,tpy,tpz,te,deltapx,deltapy,deltapz,deltae,index
0,255,20,-46.914623260498047,221.69071960449219,0,0.99986922740936279,-8.4660114225698635e-06,-1.7124174291893723e-06,0,0,0,0,0,0
0,511,40,-46.914791107177734,221.69068908691406,0,0.99968558549880981,-0.00075791217386722565,9.2433649115264416e-05,0,0,0,0,0,0
0,767,60,-46.929965972900391,221.69244384765625,0,0.99954360723495483,-0.0011162080336362123,-0.00045461987610906363,0,0,0,0,0,0
0,1023,80,-46.952243804931641,221.68321228027344,0,0.99316304922103882,-0.00037853929097764194,-0.00065760529832914472,0,0,0,0,0,0
0,1279,100,-46.959785461425781,221.669921875,0,0.99296218156814575,-0.0005080138798803091,-0.00085692643187940121,0,0,0,0,0,0
0,1535,120,-46.969913482666016,221.65260314941406,0,0.99264603853225708,-0.00010910854325629771,-0.0012188701657578349,0,0,0,0,0,0
0,1791,140,-46.971961975097656,221.62803649902344,0,0.9923747181892395,0.00077084865188226104,-0.0014160991413518786,0,0,0,0,0,0
0,2047,160,-46.956253051757812,221.59959411621094,0,0.99217092990875244,0.0029532297048717737,-0.0016867863014340401,0,0,0,0,0,0
0,2303,180,-46.896518707275391,221.56594848632812,0,0.99202299118041992,0.0031475324649363756,-0.0023983395658433437,0,0,0,0,0,0
