measurement_id,geometry_id,local_key,local0,local1,phi,theta,time,var_local0,var_local1,var_phi,var_theta,var_time
0,255,unknown,150.22958374023438,-144.21734619140625,-0.00013816046703141183,1.5700967311859131,0,0.0025000001769512892,0.0025000001769512892,0,0,0
1,511,unknown,150.2841796875,-144.27670288085938,-0.00020284566562622786,1.5702061653137207,0,0.0025000001769512892,0.0025000001769512892,0,0,0
2,767,unknown,150.24552917480469,-144.22872924804688,-0.00017913591000251472,1.5714571475982666,0,0.0025000001769512892,0.0025000001769512892,0,0,0
3,1023,unknown,150.20252990722656,-144.23776245117188,0.0015287321293726563,1.5715473890304565,0,0.0025000001769512892,0.0025000001769512892,0,0,0
4,1279,unknown,150.30760192871094,-144.23927307128906,0.00099386554211378098,1.5717484951019287,0,0.0025000001769512892,0.0025000001769512892,0,0,0
5,1535,unknown,150.22331237792969,-144.27061462402344,0.00078192329965531826,1.5721281766891479,0,0.0025000001769512892,0.0025000001769512892,0,0,0
6,1791,unknown,150.20124816894531,-144.3419189453125,0.001171827781945467,1.5720415115356445,0,0.0025000001769512892,0.0025000001769512892,0,0,0
7,2047,unknown,150.32794189453125,-144.28977966308594,0.0025898020248860121,1.5720560550689697,0,0.0025000001769512892,0.0025000001769512892,0,0,0
8,2303,unknown,150.42787170410156,-144.31324768066406,0.0025653094053268433,1.5734444856643677,0,0.0025000001769512892,0.0025000001769512892,0,0,0
