particle_id,geometry_id,tx,ty,tz,tt,tpx,tpy,tpz,te,deltapx,deltapy,deltapz,deltae,index
0,255,20,91.816238403320312,-275.3121337890625,0,0.9998815655708313,0.0017931216862052679,-9.1943336883559823e-05,0,0,0,0,0,0
0,511,40,91.85211181640625,-275.31375122070312,0,0.99971204996109009,0.0018330685561522841,0.00024033260706346482,0,0,0,0,0,0
0,767,60,91.888755798339844,-275.3087158203125,0,0.99957692623138428,0.0018931393278762698,0.00073981512105092406,0,0,0,0,0,0
0,1023,80,91.926544189453125,-275.293701171875,0,0.99943780899047852,0.0021500808652490377,0.00052942585898563266,0,0,0,0,0,0
0,1279,100,91.969505310058594,-275.2828369140625,0,0.99926602840423584,0.0038227238692343235,0.0013839243911206722,0,0,0,0,0,0
0,1535,120,92.045845031738281,-275.25466918945312,0,0.99911868572235107,0.0042560584843158722,0.001868601655587554,0,0,0,0,0,0
0,1791,140,92.130813598632812,-275.21676635742188,0,0.99896746873855591,0.0043198657222092152,0.0021312651224434376,0,0,0,0,0,0
0,2047,160,92.217041015625,-275.173583984375,0,0.99879443645477295,0.0034030857495963573,0.0025973927695304155,0,0,0,0,0,0
0,2303,180,92.284873962402344,-275.12115478515625,0,0.9986119270324707,0.0030054925009608269,0.0025285831652581692,0,0,0,0,0,0
