measurement_id,geometry_id,local_key,local0,local1,phi,theta,time,var_local0,var_local1,var_phi,var_theta,var_time
0,255,unknown,430.25857543945312,-231.85057067871094,-0.00066056323703378439,1.5704761743545532,0,0.0025000001769512892,0.0025000001769512892,0,0,0
1,511,unknown,430.14401245117188,-231.84027099609375,0.00067765428684651852,1.5714759826660156,0,0.0025000001769512892,0.0025000001769512892,0,0,0
2,767,unknown,430.16824340820312,-231.94171142578125,0.0006046334165148437,1.5716041326522827,0,0.0025000001769512892,0.0025000001769512892,0,0,0
3,1023,unknown,430.236083984375,-231.96455383300781,0.0011302611092105508,1.5719215869903564,0,0.0025000001769512892,0.0025000001769512892,0,0,0
4,1279,unknown,430.26068115234375,-231.84465026855469,0.0025155183393508196,1.5728436708450317,0,0.0025000001769512892,0.0025000001769512892,0,0,0
5,1535,unknown,430.28564453125,-231.95561218261719,0.0023963064886629581,1.5708903074264526,0,0.0025000001769512892,0.0025000001769512892,0,0,0
6,1791,unknown,430.33221435546875,-231.85392761230469,0.0022001976612955332,1.570636510848999,0,0.0025000001769512892,0.0025000001769512892,0,0,0
7,2047,unknown,430.36416625976562,-232.03472900390625,0.0022907285019755363,1.5705522298812866,0,0.0025000001769512892,0.0025000001769512892,0,0,0
8,2303,unknown,430.40805053710938,-231.91099548339844,0.0023707773070782423,1.570398211479187,0,0.0025000001769512892,0.0025000001769512892,0,0,0
