particle_id,geometry_id,tx,ty,tz,tt,tpx,tpy,tpz,te,deltapx,deltapy,deltapz,deltae,index
0,255,20,-93.213272094726562,-107.47960662841797,0,0.9991571307182312,0.00064865732565522194,0.0011262500192970037,0,0,0,0,0,0
0,511,40,-93.200424194335938,-107.45698547363281,0,0.99900192022323608,0.0014424168039113283,0.0012574328575283289,0,0,0,0,0,0
0,767,60,-93.171699523925781,-107.431640625,0,0.99887603521347046,0.0010574165498837829,0.001235363888554275,0,0,0,0,0,0
0,1023,80,-93.150672912597656,-107.40677642822266,0,0.99850314855575562,0.00083737139357253909,0.0020495520438998938,0,0,0,0,0,0
0,1279,100,-93.134147644042969,-107.36562347412109,0,0.99830168485641479,-0.00079289491986855865,0.00082027091411873698,0,0,0,0,0,0
0,1535,120,-93.150131225585938,-107.34928894042969,0,0.99812930822372437,-0.00029837121837772429,0.00056775903794914484,0,0,0,0,0,0
0,1791,140,-93.156181335449219,-107.33795166015625,0,0.99797582626342773,-0.00036137545248493552,0.00049652886809781194,0,0,0,0,0,0
0,2047,160,-93.163482666015625,-107.32804107666016,0,0.99778646230697632,-0.00078395934542641044,0.0027983933687210083,0,0,0,0,0,0
0,2303,180,-93.179534912109375,-107.27204132080078,0,0.99750661849975586,-0.00085828284500166774,0.0022762948647141457,0,0,0,0,0,0
