particle_id,geometry_id,tx,ty,tz,tt,tpx,tpy,tpz,te,deltapx,deltapy,deltapz,deltae,index
0,255,20,343.10015869140625,-273.99319458007812,0,0.99985092878341675,0.0016716907266527414,-0.00147957110311836,0,0,0,0,0,0
0,511,40,343.1337890625,-274.0225830078125,0,0.99949842691421509,0.0013790042139589787,-0.0027843390125781298,0,0,0,0,0,0
0,767,60,343.16171264648438,-274.078125,0,0.99934273958206177,0.00076243083458393812,-0.003355380380526185,0,0,0,0,0,0
0,1023,80,343.1773681640625,-274.14517211914062,0,0.99915337562561035,0.0010924759553745389,-0.0027207252569496632,0,0,0,0,0,0
0,1279,100,343.19955444335938,-274.19949340820312,0,0.99898499250411987,0.0016944210510700941,-0.0029748822562396526,0,0,0,0,0,0
0,1535,120,343.23382568359375,-274.25885009765625,0,0.99864596128463745,0.0023955516517162323,-0.0019386273343116045,0,0,0,0,0,0
0,1791,140,343.28204345703125,-274.29739379882812,0,0.99845796823501587,0.0030252214055508375,-0.0012892150552943349,0,0,0,0,0,0
0,2047,160,343.34280395507812,-274.32284545898438,0,0.9983370304107666,0.0034272933844476938,-0.0016463346546515822,0,0,0,0,0,0
0,2303,180,343.41165161132812,-274.35540771484375,0,0.99818927049636841,0.0038229895289987326,-0.0017769874539226294,0,0,0,0,0,0
