particle_id,geometry_id,tx,ty,tz,tt,tpx,tpy,tpz,te,deltapx,deltapy,deltapz,deltae,index
0,255,20,279.98391723632812,-128.02684020996094,0,0.99961775541305542,-0.00016965068061836064,-0.0018473218660801649,0,0,0,0,0,0
0,511,40,279.98074340820312,-128.06382751464844,0,0.9994848370552063,0.00056388042867183685,-0.0015296655474230647,0,0,0,0,0,0
0,767,60,279.99221801757812,-128.09437561035156,0,0.99922913312911987,0.00049147848039865494,-0.00055310584139078856,0,0,0,0,0,0
0,1023,80,280.00213623046875,-128.10539245605469,0,0.99899226427078247,-0.0015419119736179709,-0.00098491250537335873,0,0,0,0,0,0
0,1279,100,279.97137451171875,-128.12528991699219,0,0.99881607294082642,-0.0022668750025331974,-0.0017976220697164536,0,0,0,0,0,0
0,1535,120,279.92620849609375,-128.16156005859375,0,0.99865055084228516,-0.0023865059483796358,-0.0018095868872478604,0,0,0,0,0,0
0,1791,140,279.87863159179688,-128.19808959960938,0,0.99818652868270874,-0.0024189271498471498,-0.0018493230454623699,0,0,0,0,0,0
0,2047,160,279.83038330078125,-128.23542785644531,0,0.99787920713424683,-0.0023595895618200302,-0.0018709984142333269,0,0,0,0,0,0
0,2303,180,279.7833251953125,-128.27320861816406,0,0.99770486354827881,-0.0030065113678574562,-0.0016144852852448821,0,0,0,0,0,0
