particle_id,particle_type,process,vx,vy,vz,vt,px,py,pz,m,q
0,0,0,0,-90.683029174804688,238.73143005371094,0,1,0,-4.3711388286737929e-08,0,-1
