measurement_id,geometry_id,local_key,local0,local1,phi,theta,time,var_local0,var_local1,var_phi,var_theta,var_time
0,255,unknown,90.976593017578125,27.997322082519531,-0.00013372117246035486,1.5707523822784424,0,0.0025000001769512892,0.0025000001769512892,0,0,0
1,511,unknown,91.01055908203125,28.006940841674805,-0.00067848374601453543,1.5698611736297607,0,0.0025000001769512892,0.0025000001769512892,0,0,0
2,767,unknown,91.024276733398438,28.040006637573242,-0.0014951986959204078,1.5687820911407471,0,0.0025000001769512892,0.0025000001769512892,0,0,0
3,1023,unknown,90.992538452148438,28.195863723754883,-0.00069717084988951683,1.5689607858657837,0,0.0025000001769512892,0.0025000001769512892,0,0,0
4,1279,unknown,90.925636291503906,28.110158920288086,-0.0012330696918070316,1.5677989721298218,0,0.0025000001769512892,0.0025000001769512892,0,0,0
5,1535,unknown,90.970611572265625,28.194080352783203,-0.00077618524665012956,1.5665299892425537,0,0.0025000001769512892,0.0025000001769512892,0,0,0
6,1791,unknown,90.891189575195312,28.294151306152344,-0.0016459120670333505,1.5642530918121338,0,0.0025000001769512892,0.0025000001769512892,0,0,0
7,2047,unknown,91.014427185058594,28.378286361694336,-0.00028286973247304559,1.5644845962524414,0,0.0025000001769512892,0.0025000001769512892,0,0,0
8,2303,unknown,90.834739685058594,28.41935920715332,-0.00043168914271518588,1.564669132232666,0,0.0025000001769512892,0.0025000001769512892,0,0,0
