particle_id,geometry_id,tx,ty,tz,tt,tpx,tpy,tpz,te,deltapx,deltapy,deltapz,deltae,index
0,255,20,-433.79296875,-252.01101684570312,0,0.99984622001647949,-0.0010419894242659211,0.00057862873654812574,0,0,0,0,0,0
0,511,40,-433.81387329101562,-251.99957275390625,0,0.99959158897399902,-0.0010781611781567335,0.00027545579359866679,0,0,0,0,0,0
0,767,60,-433.83547973632812,-251.99418640136719,0,0.99942845106124878,-0.0014377288753166795,0.00029542669653892517,0,0,0,0,0,0
0,1023,80,-433.86428833007812,-251.98844909667969,0,0.9992910623550415,-0.0018298155628144741,-0.00012167028762632981,0,0,0,0,0,0
0,1279,100,-433.90090942382812,-251.99110412597656,0,0.99913054704666138,-0.00088047987082973123,-0.000293520133709535,0,0,0,0,0,0
0,1535,120,-433.91848754882812,-251.99708557128906,0,0.99887597560882568,0.00035103107802569866,-0.0019477609312161803,0,0,0,0,0,0
0,1791,140,-433.91122436523438,-252.03604125976562,0,0.9986807107925415,-0.0010557989589869976,-0.0020584571175277233,0,0,0,0,0,0
0,2047,160,-433.93212890625,-252.077392578125,0,0.9985319972038269,-0.00057964748702943325,-0.001812224043533206,0,0,0,0,0,0
0,2303,180,-433.94351196289062,-252.11375427246094,0,0.99837321043014526,-0.0019716313108801842,-0.0033808136358857155,0,0,0,0,0,0
