measurement_id,geometry_id,local_key,local0,local1,phi,theta,time,var_local0,var_local1,var_phi,var_theta,var_time
0,255,unknown,-292.10885620117188,-185.54403686523438,0.00093121384270489216,1.5727177858352661,0,0.0025000001769512892,0.0025000001769512892,0,0,0
1,511,unknown,-292.13375854492188,-185.54554748535156,0.00093991286121308804,1.57222580909729,0,0.0025000001769512892,0.0025000001769512892,0,0,0
2,767,unknown,-292.1097412109375,-185.57644653320312,0.00076714111492037773,1.5709742307662964,0,0.0025000001769512892,0.0025000001769512892,0,0,0
3,1023,unknown,-292.02761840820312,-185.57020568847656,0.0019046360393986106,1.5699144601821899,0,0.0025000001769512892,0.0025000001769512892,0,0,0
4,1279,unknown,-291.98782348632812,-185.53388977050781,0.0013873653952032328,1.5688399076461792,0,0.0025000001769512892,0.0025000001769512892,0,0,0
5,1535,unknown,-292.00131225585938,-185.53741455078125,0.0024071610532701015,1.5705976486206055,0,0.0025000001769512892,0.0025000001769512892,0,0,0
6,1791,unknown,-291.92474365234375,-185.49208068847656,0.002343266736716032,1.5728746652603149,0,0.0025000001769512892,0.0025000001769512892,0,0,0
7,2047,unknown,-291.85247802734375,-185.59747314453125,0.0020861588418483734,1.5728563070297241,0,0.0025000001769512892,0.0025000001769512892,0,0,0
8,2303,unknown,-291.8878173828125,-185.68812561035156,0.0023635062389075756,1.5727194547653198,0,0.0025000001769512892,0.0025000001769512892,0,0,0
