particle_id,geometry_id,tx,ty,tz,tt,tpx,tpy,tpz,te,deltapx,deltapy,deltapz,deltae,index
0,255,20,206.45481872558594,-79.944244384765625,0,0.99981397390365601,0.00089530786499381065,0.00037503833300434053,0,0,0,0,0,0
0,511,40,206.47268676757812,-79.936637878417969,0,0.99945127964019775,0.00071530032437294722,0.00056350708473473787,0,0,0,0,0,0
0,767,60,206.4869384765625,-79.925277709960938,0,0.99933123588562012,0.00042980953003279865,0.00066291255643591285,0,0,0,0,0,0
0,1023,80,206.49546813964844,-79.911956787109375,0,0.99916571378707886,0.00088917365064844489,-0.00043145968811586499,0,0,0,0,0,0
0,1279,100,206.51332092285156,-79.920486450195312,0,0.99899077415466309,0.0009939153678715229,0.00029327263473533094,0,0,0,0,0,0
0,1535,120,206.53318786621094,-79.914497375488281,0,0.99883723258972168,-0.00035334817948751152,0.00024131262034643441,0,0,0,0,0,0
0,1791,140,206.52607727050781,-79.909706115722656,0,0.99867647886276245,0.0016906092641875148,-0.00069518655072897673,0,0,0,0,0,0
0,2047,160,206.56001281738281,-79.923423767089844,0,0.99851888418197632,0.0016990876756608486,-0.0006513917469419539,0,0,0,0,0,0
0,2303,180,206.5941162109375,-79.936264038085938,0,0.99838191270828247,0.00082882883725687861,-0.00054906652076169848,0,0,0,0,0,0
