particle_id,geometry_id,tx,ty,tz,tt,tpx,tpy,tpz,te,deltapx,deltapy,deltapz,deltae,index
0,255,20,-258.6583251953125,-155.00601196289062,0,0.99988150596618652,7.2908667789306492e-05,-0.00011947726306971163,0,0,0,0,0,0
0,511,40,-258.6568603515625,-155.00839233398438,0,0.99973499774932861,0.00077412172686308622,-0.00048235603026114404,0,0,0,0,0,0
0,767,60,-258.64132690429688,-155.0179443359375,0,0.99956905841827393,0.00088208960369229317,-0.00045987431076355278,0,0,0,0,0,0
0,1023,80,-258.62362670898438,-155.02703857421875,0,0.99945276975631714,0.0012031849473714828,-0.00024071485677268356,0,0,0,0,0,0
0,1279,100,-258.59951782226562,-155.03170776367188,0,0.99923354387283325,0.0022358254063874483,-0.00028175828629173338,0,0,0,0,0,0
0,1535,120,-258.55474853515625,-155.03707885742188,0,0.99907231330871582,0.0043762782588601112,-0.0011586474720388651,0,0,0,0,0,0
0,1791,140,-258.46701049804688,-155.05975341796875,0,0.99892431497573853,0.0043878890573978424,-0.001186698442324996,0,0,0,0,0,0
0,2047,160,-258.3790283203125,-155.08299255371094,0,0.99871468544006348,0.0044202324934303761,-0.00091952295042574406,0,0,0,0,0,0
0,2303,180,-258.2904052734375,-155.10087585449219,0,0.99854493141174316,0.0045188381336629391,-0.00038655698881484568,0,0,0,0,0,0
