particle_id,geometry_id,tx,ty,tz,tt,tpx,tpy,tpz,te,deltapx,deltapy,deltapz,deltae,index
0,255,20,44.035152435302734,-2.6709156036376953,0,0.99986445903778076,-0.0017578527331352234,0.0014765241649001837,0,0,0,0,0,0
0,511,40,43.999813079833984,-2.6415927410125732,0,0.99968695640563965,-0.0015817073872312903,0.0015848276671022177,0,0,0,0,0,0
0,767,60,43.967979431152344,-2.610076904296875,0,0.99924296140670776,-0.00039150909287855029,0.0008218779694288969,0,0,0,0,0,0
0,1023,80,43.960044860839844,-2.5936744213104248,0,0.99906957149505615,-0.00042113757808692753,0.00085960864089429379,0,0,0,0,0,0
0,1279,100,43.951511383056641,-2.5765173435211182,0,0.99893969297409058,-0.00018423915025778115,-5.9108777350047603e-05,0,0,0,0,0,0
0,1535,120,43.947830200195312,-2.5777227878570557,0,0.99876612424850464,-0.00029318072483874857,0.00067706318804994226,0,0,0,0,0,0
0,1791,140,43.941879272460938,-2.5642004013061523,0,0.99858760833740234,0.0012372039491310716,-0.00019181871903128922,0,0,0,0,0,0
0,2047,160,43.966682434082031,-2.5678932666778564,0,0.99845534563064575,0.0013663260033354163,0.0020957563538104296,0,0,0,0,0,0
0,2303,180,43.993797302246094,-2.5257499217987061,0,0.99822485446929932,0.0025449772365391254,0.0018297916976734996,0,0,0,0,0,0
