measurement_id,geometry_id,local_key,local0,local1,phi,theta,time,var_local0,var_local1,var_phi,var_theta,var_time
0,255,unknown,208.00234985351562,-42.335048675537109,0.00031154288444668055,1.5696244239807129,0,0.0025000001769512892,0.0025000001769512892,0,0,0
1,511,unknown,207.87959289550781,-42.2354736328125,0.00027025240706279874,1.5688505172729492,0,0.0025000001769512892,0.0025000001769512892,0,0,0
2,767,unknown,207.89237976074219,-42.232086181640625,-0.00085713143926113844,1.5690460205078125,0,0.0025000001769512892,0.0025000001769512892,0,0,0
3,1023,unknown,207.86552429199219,-42.174888610839844,-0.00095045939087867737,1.5689468383789062,0,0.0025000001769512892,0.0025000001769512892,0,0,0
4,1279,unknown,207.908447265625,-42.152538299560547,-0.00071805575862526894,1.5703967809677124,0,0.0025000001769512892,0.0025000001769512892,0,0,0
5,1535,unknown,207.84748840332031,-42.184585571289062,0.0002634427510201931,1.5686877965927124,0,0.0025000001769512892,0.0025000001769512892,0,0,0
6,1791,unknown,207.92793273925781,-42.113071441650391,0.00030778121436014771,1.5689083337783813,0,0.0025000001769512892,0.0025000001769512892,0,0,0
7,2047,unknown,207.95196533203125,-42.047203063964844,0.0017710041720420122,1.5695595741271973,0,0.0025000001769512892,0.0025000001769512892,0,0,0
8,2303,unknown,207.96743774414062,-42.121776580810547,0.0016163551481440663,1.5685350894927979,0,0.0025000001769512892,0.0025000001769512892,0,0,0
