measurement_id,geometry_id,local_key,local0,local1,phi,theta,time,var_local0,var_local1,var_phi,var_theta,var_time
0,255,unknown,-476.86361694335938,-166.14886474609375,-0.0012965637724846601,1.5707824230194092,0,0.0025000001769512892,0.0025000001769512892,0,0,0
1,511,unknown,-476.88299560546875,-165.96652221679688,-0.0013378743315115571,1.5706863403320312,0,0.0025000001769512892,0.0025000001769512892,0,0,0
2,767,unknown,-476.88592529296875,-166.10331726074219,-0.0013331869849935174,1.570734977722168,0,0.0025000001769512892,0.0025000001769512892,0,0,0
3,1023,unknown,-476.87646484375,-166.17424011230469,-0.0022000148892402649,1.5699557065963745,0,0.0025000001769512892,0.0025000001769512892,0,0,0
4,1279,unknown,-476.92730712890625,-166.0318603515625,-0.0025824625045061111,1.5696461200714111,0,0.0025000001769512892,0.0025000001769512892,0,0,0
5,1535,unknown,-477.079345703125,-166.01324462890625,-0.0026131873019039631,1.5696971416473389,0,0.0025000001769512892,0.0025000001769512892,0,0,0
6,1791,unknown,-477.06146240234375,-166.06782531738281,-0.0032518780790269375,1.5705465078353882,0,0.0025000001769512892,0.0025000001769512892,0,0,0
7,2047,unknown,-477.17279052734375,-166.05101013183594,-0.0027684299275279045,1.5705643892288208,0,0.0025000001769512892,0.0025000001769512892,0,0,0
8,2303,unknown,-477.19451904296875,-166.02790832519531,-0.0034522511996328831,1.5691360235214233,0,0.0025000001769512892,0.0025000001769512892,0,0,0
