measurement_id,geometry_id,local_key,local0,local1,phi,theta,time,var_local0,var_local1,var_phi,var_theta,var_time
0,255,unknown,68.128372192382812,-14.709736824035645,7.4684190622065216e-05,1.5711355209350586,0,0.0025000001769512892,0.0025000001769512892,0,0,0
1,511,unknown,68.229774475097656,-14.756082534790039,6.135994044598192e-05,1.5712296962738037,0,0.0025000001769512892,0.0025000001769512892,0,0,0
2,767,unknown,68.178268432617188,-14.782337188720703,-4.7240569983841851e-05,1.5710126161575317,0,0.0025000001769512892,0.0025000001769512892,0,0,0
3,1023,unknown,68.139045715332031,-14.81108570098877,0.00040121129131875932,1.5711939334869385,0,0.0025000001769512892,0.0025000001769512892,0,0,0
4,1279,unknown,68.136329650878906,-14.782437324523926,0.0011487769661471248,1.572582483291626,0,0.0025000001769512892,0.0025000001769512892,0,0,0
5,1535,unknown,68.232902526855469,-14.796491622924805,4.6843262680340558e-05,1.5725604295730591,0,0.0025000001769512892,0.0025000001769512892,0,0,0
6,1791,unknown,68.194076538085938,-14.905248641967773,0.00015251255535986274,1.5722159147262573,0,0.0025000001769512892,0.0025000001769512892,0,0,0
7,2047,unknown,68.109405517578125,-14.895693778991699,-0.00017865958216134459,1.571257472038269,0,0.0025000001769512892,0.0025000001769512892,0,0,0
8,2303,unknown,68.215751647949219,-14.930219650268555,-0.0019045836525037885,1.5698951482772827,0,0.0025000001769512892,0.0025000001769512892,0,0,0
