particle_id,geometry_id,tx,ty,tz,tt,tpx,tpy,tpz,te,deltapx,deltapy,deltapz,deltae,index
0,255,20,-190.126220703125,-126.94532775878906,0,0.99981480836868286,0.00018734886543825269,0.00048588259960524738,0,0,0,0,0,0
0,511,40,-190.12252807617188,-126.93558502197266,0,0.99967461824417114,0.00061751867178827524,-0.00012600694026332349,0,0,0,0,0,0
0,767,60,-190.11015319824219,-126.93803405761719,0,0.99949628114700317,0.0011075834045186639,0.0005798560450784862,0,0,0,0,0,0
0,1023,80,-190.08805847167969,-126.92630004882812,0,0.99934768676757812,0.0012480114819481969,0.00069913989864289761,0,0,0,0,0,0
0,1279,100,-190.06317138671875,-126.91215515136719,0,0.99916601181030273,0.00066706852521747351,0.00068972184089943767,0,0,0,0,0,0
0,1535,120,-190.04989624023438,-126.89826965332031,0,0.99873930215835571,0.00058809824986383319,0.00030510465148836374,0,0,0,0,0,0
0,1791,140,-190.03816223144531,-126.89208984375,0,0.99858909845352173,0.00017912215844262391,-0.00010134762851521373,0,0,0,0,0,0
0,2047,160,-190.03456115722656,-126.89409637451172,0,0.99843937158584595,0.00011662901670206338,-0.00021130991808604449,0,0,0,0,0,0
0,2303,180,-190.03219604492188,-126.8983154296875,0,0.99830782413482666,0.00018015486421063542,3.7324738514143974e-05,0,0,0,0,0,0
