particle_id,particle_type,process,vx,vy,vz,vt,px,py,pz,m,q
0,0,0,0,28.378471374511719,87.319107055664062,0,1,0,-4.3711388286737929e-08,0,-1
