particle_id,particle_type,process,vx,vy,vz,vt,px,py,pz,m,q
0,0,0,0,-138.62519836425781,-104.59492492675781,0,1,0,-4.3711388286737929e-08,0,-1
