measurement_id,geometry_id,local_key,local0,local1,phi,theta,time,var_local0,var_local1,var_phi,var_theta,var_time
0,255,unknown,22.47442626953125,-235.98171997070312,0.00060034130001440644,1.5705412626266479,0,0.0025000001769512892,0.0025000001769512892,0,0,0
1,511,unknown,22.32733154296875,-235.90830993652344,0.00056253356160596013,1.5716700553894043,0,0.0025000001769512892,0.0025000001769512892,0,0,0
2,767,unknown,22.426597595214844,-236.02235412597656,0.00044960383092984557,1.5721592903137207,0,0.0025000001769512892,0.0025000001769512892,0,0,0
3,1023,unknown,22.455686569213867,-235.99018859863281,0.00017536572704557329,1.5714200735092163,0,0.0025000001769512892,0.0025000001769512892,0,0,0
4,1279,unknown,22.438274383544922,-235.91793823242188,0.00091392034664750099,1.5707403421401978,0,0.0025000001769512892,0.0025000001769512892,0,0,0
5,1535,unknown,22.338823318481445,-235.94937133789062,0.001102613634429872,1.5701615810394287,0,0.0025000001769512892,0.0025000001769512892,0,0,0
6,1791,unknown,22.593177795410156,-235.92831420898438,0.0011205401970073581,1.5701161623001099,0,0.0025000001769512892,0.0025000001769512892,0,0,0
7,2047,unknown,22.504592895507812,-235.8756103515625,0.0033347900025546551,1.5718758106231689,0,0.0025000001769512892,0.0025000001769512892,0,0,0
8,2303,unknown,22.506124496459961,-235.98307800292969,0.0037320563569664955,1.5716003179550171,0,0.0025000001769512892,0.0025000001769512892,0,0,0
