particle_id,geometry_id,tx,ty,tz,tt,tpx,tpy,tpz,te,deltapx,deltapy,deltapz,deltae,index
0,255,20,80.274665832519531,-260.906494140625,0,0.99984198808670044,0.0012213600566610694,0.0012910289224237204,0,0,0,0,0,0
0,511,40,80.298942565917969,-260.88052368164062,0,0.99970608949661255,0.0017977202078327537,0.0006017872947268188,0,0,0,0,0,0
0,767,60,80.334831237792969,-260.86825561523438,0,0.99945509433746338,0.0015789844328537583,-0.00016744168533477932,0,0,0,0,0,0
0,1023,80,80.366447448730469,-260.87142944335938,0,0.99931192398071289,0.0021353277843445539,0.00015339258243329823,0,0,0,0,0,0
0,1279,100,80.409164428710938,-260.86810302734375,0,0.99913978576660156,0.0033533403184264898,0.00022911898849997669,0,0,0,0,0,0
0,1535,120,80.47625732421875,-260.86312866210938,0,0.99900251626968384,0.0032323538325726986,0.0015989926178008318,0,0,0,0,0,0
0,1791,140,80.540771484375,-260.83071899414062,0,0.99877148866653442,0.0025567582342773676,0.0015682585071772337,0,0,0,0,0,0
0,2047,160,80.591781616210938,-260.79901123046875,0,0.99864238500595093,0.0030951611697673798,0.0016402015462517738,0,0,0,0,0,0
0,2303,180,80.653572082519531,-260.76577758789062,0,0.9982261061668396,0.003521857550367713,0.0013211981859058142,0,0,0,0,0,0
