measurement_id,geometry_id,local_key,local0,local1,phi,theta,time,var_local0,var_local1,var_phi,var_theta,var_time
0,255,unknown,342.62796020507812,-288.01705932617188,0.00040653112228028476,1.5710381269454956,0,0.0025000001769512892,0.0025000001769512892,0,0,0
1,511,unknown,342.60379028320312,-288.08322143554688,0.0008637220598757267,1.5710504055023193,0,0.0025000001769512892,0.0025000001769512892,0,0,0
2,767,unknown,342.70675659179688,-288.02243041992188,0.0006877243285998702,1.5731433629989624,0,0.0025000001769512892,0.0025000001769512892,0,0,0
3,1023,unknown,342.56488037109375,-288.126220703125,0.0010815713321790099,1.574334979057312,0,0.0025000001769512892,0.0025000001769512892,0,0,0
4,1279,unknown,342.60931396484375,-288.11965942382812,0.00090845703380182385,1.5743988752365112,0,0.0025000001769512892,0.0025000001769512892,0,0,0
5,1535,unknown,342.64617919921875,-288.24337768554688,-0.00034999946365132928,1.5741972923278809,0,0.0025000001769512892,0.0025000001769512892,0,0,0
6,1791,unknown,342.67282104492188,-288.26242065429688,0.00026452599558979273,1.5747681856155396,0,0.0025000001769512892,0.0025000001769512892,0,0,0
7,2047,unknown,342.60491943359375,-288.3768310546875,0.0010158764198422432,1.5739091634750366,0,0.0025000001769512892,0.0025000001769512892,0,0,0
8,2303,unknown,342.65505981445312,-288.51422119140625,-0.00019663591228891164,1.5736219882965088,0,0.0025000001769512892,0.0025000001769512892,0,0,0
