particle_id,geometry_id,tx,ty,tz,tt,tpx,tpy,tpz,te,deltapx,deltapy,deltapz,deltae,index
0,255,20,217.67060852050781,22.454074859619141,0,0.9998319149017334,-6.1734892369713634e-05,9.1255264123901725e-05,0,0,0,0,0,0
0,511,40,217.66935729980469,22.455892562866211,0,0.99971121549606323,4.4959208025829867e-05,-0.0011022924445569515,0,0,0,0,0,0
0,767,60,217.67039489746094,22.433845520019531,0,0.99954515695571899,0.0002990818175021559,-0.0012607050593942404,0,0,0,0,0,0
0,1023,80,217.67652893066406,22.408657073974609,0,0.99916315078735352,0.0024830582551658154,0.0008543318253941834,0,0,0,0,0,0
0,1279,100,217.72613525390625,22.426055908203125,0,0.99883359670639038,0.0023131950292736292,0.0021626383531838655,0,0,0,0,0,0
0,1535,120,217.77218627929688,22.469636917114258,0,0.99862635135650635,0.002687268890440464,0.0019515985623002052,0,0,0,0,0,0
0,1791,140,217.82577514648438,22.509044647216797,0,0.99839490652084351,0.0028680008836090565,0.0022523840889334679,0,0,0,0,0,0
0,2047,160,217.88294982910156,22.554508209228516,0,0.99820494651794434,0.002593866316601634,0.0025465891230851412,0,0,0,0,0,0
0,2303,180,217.93461608886719,22.605842590332031,0,0.99804335832595825,0.0039009654428809881,0.0020300629548728466,0,0,0,0,0,0
