particle_id,geometry_id,tx,ty,tz,tt,tpx,tpy,tpz,te,deltapx,deltapy,deltapz,deltae,index
0,255,20,-137.44908142089844,157.90567016601562,0,0.99983859062194824,-0.00037518885801546276,0.00073583587072789669,0,0,0,0,0,0
0,511,40,-137.45668029785156,157.92034912109375,0,0.99970579147338867,-0.00021645016386173666,0.00073847908060997725,0,0,0,0,0,0
0,767,60,-137.46110534667969,157.93508911132812,0,0.99957561492919922,0.00059280695859342813,0.0010676189558580518,0,0,0,0,0,0
0,1023,80,-137.44937133789062,157.95652770996094,0,0.99937629699707031,0.00059617578517645597,0.0010654998477548361,0,0,0,0,0,0
0,1279,100,-137.43756103515625,157.97792053222656,0,0.99921631813049316,0.0012053737882524729,0.0022841279860585928,0,0,0,0,0,0
0,1535,120,-137.41371154785156,158.02378845214844,0,0.99905967712402344,0.0012993403943255544,0.0026957299560308456,0,0,0,0,0,0
0,1791,140,-137.38803100585938,158.07791137695312,0,0.9987301230430603,-0.00031755244708620012,0.0013413826236501336,0,0,0,0,0,0
0,2047,160,-137.39454650878906,158.104736328125,0,0.99851161241531372,-0.0001014658046187833,-0.00012288452126085758,0,0,0,0,0,0
0,2303,180,-137.39656066894531,158.10226440429688,0,0.99835884571075439,0.0016755703836679459,-0.0011262719053775072,0,0,0,0,0,0
