particle_id,geometry_id,tx,ty,tz,tt,tpx,tpy,tpz,te,deltapx,deltapy,deltapz,deltae,index
0,255,20,389.400634765625,-3.3801579475402832,0,0.99984002113342285,-5.4565538448514417e-05,0.0021705329418182373,0,0,0,0,0,0
0,511,40,389.3992919921875,-3.3367478847503662,0,0.99970215559005737,-4.9800553824752569e-05,0.0021185118239372969,0,0,0,0,0,0
0,767,60,389.39804077148438,-3.2943720817565918,0,0.99948716163635254,-0.00043010589433833957,0.0019648312591016293,0,0,0,0,0,0
0,1023,80,389.38919067382812,-3.2551078796386719,0,0.99933362007141113,-2.8063746867701411e-05,0.0021596646402031183,0,0,0,0,0,0
0,1279,100,389.38836669921875,-3.2118902206420898,0,0.99911850690841675,-0.00030904178856872022,0.0029089660383760929,0,0,0,0,0,0
0,1535,120,389.3818359375,-3.153698205947876,0,0.99893909692764282,-0.00049237726489081979,0.0026811126153916121,0,0,0,0,0,0
0,1791,140,389.37164306640625,-3.1000795364379883,0,0.99880737066268921,-0.00023486142163164914,0.003285625483840704,0,0,0,0,0,0
0,2047,160,389.36654663085938,-3.0343184471130371,0,0.99859368801116943,0.00019021368643734604,0.0035608643665909767,0,0,0,0,0,0
0,2303,180,389.36993408203125,-2.962979793548584,0,0.99844413995742798,0.00063654052792117,0.003744583111256361,0,0,0,0,0,0
