particle_id,particle_type,process,vx,vy,vz,vt,px,py,pz,m,q
0,0,0,0,208.33029174804688,99.856407165527344,0,1,0,-4.3711388286737929e-08,0,-1
