particle_id,particle_type,process,vx,vy,vz,vt,px,py,pz,m,q
0,0,0,0,-3.6305601596832275,-166.86781311035156,0,1,0,-4.3711388286737929e-08,0,-1
