particle_id,particle_type,process,vx,vy,vz,vt,px,py,pz,m,q
0,0,0,0,3.7942428588867188,196.08909606933594,0,1,0,-4.3711388286737929e-08,0,-1
