measurement_id,geometry_id,local_key,local0,local1,phi,theta,time,var_local0,var_local1,var_phi,var_theta,var_time
0,255,unknown,100.00645446777344,184.55258178710938,8.3427003119140863e-05,1.5709148645401001,0,0.0025000001769512892,0.0025000001769512892,0,0,0
1,511,unknown,100.06426239013672,184.47233581542969,-0.001392710255458951,1.5706354379653931,0,0.0025000001769512892,0.0025000001769512892,0,0,0
2,767,unknown,100.04792785644531,184.57200622558594,-0.001217182376421988,1.570389986038208,0,0.0025000001769512892,0.0025000001769512892,0,0,0
3,1023,unknown,99.998649597167969,184.58908081054688,-0.0012175905285403132,1.5703699588775635,0,0.0025000001769512892,0.0025000001769512892,0,0,0
4,1279,unknown,99.962898254394531,184.55052185058594,-0.0013005340006202459,1.570487380027771,0,0.0025000001769512892,0.0025000001769512892,0,0,0
5,1535,unknown,99.956649780273438,184.52729797363281,0.00019091417198069394,1.570229172706604,0,0.0025000001769512892,0.0025000001769512892,0,0,0
6,1791,unknown,99.970535278320312,184.65933227539062,0.00038258422864601016,1.5703787803649902,0,0.0025000001769512892,0.0025000001769512892,0,0,0
7,2047,unknown,99.97906494140625,184.52940368652344,-0.00062225310830399394,1.5698283910751343,0,0.0025000001769512892,0.0025000001769512892,0,0,0
8,2303,unknown,99.883003234863281,184.62002563476562,-0.001315394532866776,1.5699887275695801,0,0.0025000001769512892,0.0025000001769512892,0,0,0
