particle_id,particle_type,process,vx,vy,vz,vt,px,py,pz,m,q
0,0,0,0,-18.175827026367188,-125.79216766357422,0,1,0,-4.3711388286737929e-08,0,-1
