particle_id,geometry_id,tx,ty,tz,tt,tpx,tpy,tpz,te,deltapx,deltapy,deltapz,deltae,index
0,255,20,-495.22918701171875,-101.47940063476562,0,0.99983388185501099,0.00015999066818039864,-0.00056500191567465663,0,0,0,0,0,0
0,511,40,-495.22592163085938,-101.49068450927734,0,0.99962049722671509,-0.0010508398991078138,-0.0015537065919488668,0,0,0,0,0,0
0,767,60,-495.24676513671875,-101.52189636230469,0,0.99947994947433472,4.8672609409550205e-05,-0.00094857561634853482,0,0,0,0,0,0
0,1023,80,-495.24566650390625,-101.54087066650391,0,0.99932736158370972,3.1976629543351009e-05,-0.00092079280875623226,0,0,0,0,0,0
0,1279,100,-495.24490356445312,-101.55929565429688,0,0.9991837739944458,2.9725821150350384e-05,-0.00076069298665970564,0,0,0,0,0,0
0,1535,120,-495.24423217773438,-101.57451629638672,0,0.999045729637146,0.00010960417421301827,-0.00063053547637537122,0,0,0,0,0,0
0,1791,140,-495.24197387695312,-101.58712768554688,0,0.99873906373977661,-0.00031248154118657112,-0.00028530898271128535,0,0,0,0,0,0
0,2047,160,-495.24819946289062,-101.59288024902344,0,0.99855726957321167,-0.001998258987441659,-0.00044333949335850775,0,0,0,0,0,0
0,2303,180,-495.28817749023438,-101.60199737548828,0,0.99839645624160767,-0.0037638032808899879,0.00041640378185547888,0,0,0,0,0,0
