particle_id,geometry_id,tx,ty,tz,tt,tpx,tpy,tpz,te,deltapx,deltapy,deltapz,deltae,index
0,255,20,-250.58148193359375,-237.03701782226562,0,0.9998631477355957,0.0011143725132569671,-0.0022314605303108692,0,0,0,0,0,0
0,511,40,-250.55892944335938,-237.08151245117188,0,0.99966603517532349,0.001601439667865634,-0.0019189154263585806,0,0,0,0,0,0
0,767,60,-250.52665710449219,-237.11970520019531,0,0.99949139356613159,0.0016594433691352606,-0.0018333886982873082,0,0,0,0,0,0
0,1023,80,-250.49322509765625,-237.15618896484375,0,0.99929767847061157,0.001042927848175168,-0.0021714691538363695,0,0,0,0,0,0
0,1279,100,-250.47209167480469,-237.19952392578125,0,0.99912238121032715,0.0009776758961379528,-0.0021477434784173965,0,0,0,0,0,0
0,1535,120,-250.4522705078125,-237.24240112304688,0,0.99896907806396484,0.0012471720110625029,-0.0016578481299802661,0,0,0,0,0,0
0,1791,140,-250.42710876464844,-237.27543640136719,0,0.99881231784820557,0.00034472087281756103,-0.0031573728192597628,0,0,0,0,0,0
0,2047,160,-250.41983032226562,-237.338623046875,0,0.99869358539581299,-0.00032962852856144309,-0.0028684090357273817,0,0,0,0,0,0
0,2303,180,-250.42608642578125,-237.39610290527344,0,0.99854594469070435,0.00093384640058502555,-0.0029489309526979923,0,0,0,0,0,0
