particle_id,particle_type,process,vx,vy,vz,vt,px,py,pz,m,q
0,0,0,0,118.14320373535156,221.97589111328125,0,1,0,-4.3711388286737929e-08,0,-1
