measurement_id,geometry_id,local_key,local0,local1,phi,theta,time,var_local0,var_local1,var_phi,var_theta,var_time
0,255,unknown,-7.9909400939941406,-155.27981567382812,0.001627990510314703,1.5716595649719238,0,0.0025000001769512892,0.0025000001769512892,0,0,0
1,511,unknown,-8.0232810974121094,-155.37069702148438,0.002385150408372283,1.5712584257125854,0,0.0025000001769512892,0.0025000001769512892,0,0,0
2,767,unknown,-7.8675704002380371,-155.28807067871094,0.0026674026157706976,1.5708379745483398,0,0.0025000001769512892,0.0025000001769512892,0,0,0
3,1023,unknown,-7.8880925178527832,-155.42037963867188,0.0032443527597934008,1.5716620683670044,0,0.0025000001769512892,0.0025000001769512892,0,0,0
4,1279,unknown,-7.8347892761230469,-155.43923950195312,0.0030004349537193775,1.5716438293457031,0,0.0025000001769512892,0.0025000001769512892,0,0,0
5,1535,unknown,-7.6906981468200684,-155.38320922851562,0.0029085343703627586,1.5715810060501099,0,0.0025000001769512892,0.0025000001769512892,0,0,0
6,1791,unknown,-7.6571359634399414,-155.42080688476562,0.0029673581011593342,1.5717455148696899,0,0.0025000001769512892,0.0025000001769512892,0,0,0
7,2047,unknown,-7.5712795257568359,-155.39297485351562,0.0032586988527327776,1.5723263025283813,0,0.0025000001769512892,0.0025000001769512892,0,0,0
8,2303,unknown,-7.5588207244873047,-155.39820861816406,0.001828656648285687,1.5725061893463135,0,0.0025000001769512892,0.0025000001769512892,0,0,0
