measurement_id,geometry_id,local_key,local0,local1,phi,theta,time,var_local0,var_local1,var_phi,var_theta,var_time
0,255,unknown,421.25991821289062,-193.18865966796875,-0.00014697622100356966,1.5708353519439697,0,0.0025000001769512892,0.0025000001769512892,0,0,0
1,511,unknown,421.16671752929688,-193.17874145507812,0.00051960803102701902,1.5708324909210205,0,0.0025000001769512892,0.0025000001769512892,0,0,0
2,767,unknown,421.27142333984375,-193.2398681640625,0.001271131681278348,1.5702065229415894,0,0.0025000001769512892,0.0025000001769512892,0,0,0
3,1023,unknown,421.29510498046875,-193.26560974121094,0.00094745203386992216,1.5699541568756104,0,0.0025000001769512892,0.0025000001769512892,0,0,0
4,1279,unknown,421.27261352539062,-193.21156311035156,-9.3162780103739351e-05,1.5679816007614136,0,0.0025000001769512892,0.0025000001769512892,0,0,0
5,1535,unknown,421.24966430664062,-193.13877868652344,-1.2399441402521916e-05,1.5680029392242432,0,0.0025000001769512892,0.0025000001769512892,0,0,0
6,1791,unknown,421.2454833984375,-193.04545593261719,0.0005234459531493485,1.5682309865951538,0,0.0025000001769512892,0.0025000001769512892,0,0,0
7,2047,unknown,421.25326538085938,-193.09556579589844,-0.00035629939520731568,1.5672671794891357,0,0.0025000001769512892,0.0025000001769512892,0,0,0
8,2303,unknown,421.23312377929688,-192.86309814453125,0.00080823310418054461,1.5680991411209106,0,0.0025000001769512892,0.0025000001769512892,0,0,0
