particle_id,particle_type,process,vx,vy,vz,vt,px,py,pz,m,q
0,0,0,0,-336.75668334960938,-243.88949584960938,0,1,0,-4.3711388286737929e-08,0,-1
