measurement_id,geometry_id,local_key,local0,local1,phi,theta,time,var_local0,var_local1,var_phi,var_theta,var_time
0,255,unknown,-110.69406127929688,216.99761962890625,-0.00035248385393060744,1.5696380138397217,0,0.0025000001769512892,0.0025000001769512892,0,0,0
1,511,unknown,-110.69611358642578,217.02189636230469,-0.0017639885190874338,1.5706180334091187,0,0.0025000001769512892,0.0025000001769512892,0,0,0
2,767,unknown,-110.67428588867188,217.01383972167969,-0.0032506692223250866,1.5693633556365967,0,0.0025000001769512892,0.0025000001769512892,0,0,0
3,1023,unknown,-110.72877502441406,217.13877868652344,-0.0037383860908448696,1.5678132772445679,0,0.0025000001769512892,0.0025000001769512892,0,0,0
4,1279,unknown,-110.83535766601562,217.16281127929688,-0.0033198702149093151,1.5673971176147461,0,0.0025000001769512892,0.0025000001769512892,0,0,0
5,1535,unknown,-110.93046569824219,217.23974609375,-0.0033663581125438213,1.567442774772644,0,0.0025000001769512892,0.0025000001769512892,0,0,0
6,1791,unknown,-110.929931640625,217.32485961914062,-0.0038392385467886925,1.5678267478942871,0,0.0025000001769512892,0.0025000001769512892,0,0,0
7,2047,unknown,-111.00925445556641,217.35662841796875,-0.0037084619980305433,1.5675554275512695,0,0.0025000001769512892,0.0025000001769512892,0,0,0
8,2303,unknown,-111.06387329101562,217.42347717285156,-0.0033567200880497694,1.5676555633544922,0,0.0025000001769512892,0.0025000001769512892,0,0,0
