particle_id,geometry_id,tx,ty,tz,tt,tpx,tpy,tpz,te,deltapx,deltapy,deltapz,deltae,index
0,255,20,282.06002807617188,87.381095886230469,0,0.99983847141265869,0.0014397276099771261,0.00039840899989940226,0,0,0,0,0,0
0,511,40,282.08877563476562,87.389236450195312,0,0.9991457462310791,0.00072070059832185507,-0.0010045964736491442,0,0,0,0,0,0
0,767,60,282.10333251953125,87.369216918945312,0,0.99897164106369019,0.0012356404913589358,-0.0010818286100402474,0,0,0,0,0,0
0,1023,80,282.12820434570312,87.347709655761719,0,0.99883502721786499,0.0012250178260728717,-0.0008937871316447854,0,0,0,0,0,0
0,1279,100,282.15283203125,87.329963684082031,0,0.99854141473770142,0.0015042253071442246,-0.00067176134325563908,0,0,0,0,0,0
0,1535,120,282.18304443359375,87.316688537597656,0,0.99836921691894531,0.0011523525463417172,-0.0032799888867884874,0,0,0,0,0,0
0,1791,140,282.20651245117188,87.251121520996094,0,0.99822288751602173,0.00069228507345542312,-0.0039579207077622414,0,0,0,0,0,0
0,2047,160,282.22085571289062,87.171905517578125,0,0.99801337718963623,0.00014014849148225039,-0.0042151445522904396,0,0,0,0,0,0
0,2303,180,282.22418212890625,87.087455749511719,0,0.9978674054145813,0.0007469070260412991,-0.0055746943689882755,0,0,0,0,0,0
