particle_id,geometry_id,tx,ty,tz,tt,tpx,tpy,tpz,te,deltapx,deltapy,deltapz,deltae,index
0,255,20,63.729274749755859,138.42147827148438,0,0.99982047080993652,0.0016363861504942179,-0.0011311386479064822,0,0,0,0,0,0
0,511,40,63.762142181396484,138.3990478515625,0,0.99963676929473877,0.0026067227590829134,-0.0009437226690351963,0,0,0,0,0,0
0,767,60,63.814407348632812,138.38047790527344,0,0.99943834543228149,0.0029952293261885643,-0.0021638006437569857,0,0,0,0,0,0
0,1023,80,63.874603271484375,138.33753967285156,0,0.99929356575012207,0.0030034868977963924,-0.0012789769098162651,0,0,0,0,0,0
0,1279,100,63.934867858886719,138.31230163574219,0,0.99743771553039551,0.0025831700768321753,-0.0016315301181748509,0,0,0,0,0,0
0,1535,120,63.986858367919922,138.27989196777344,0,0.99712538719177246,0.0027175047434866428,-0.0015756277134642005,0,0,0,0,0,0
0,1791,140,64.041557312011719,138.24861145019531,0,0.99692261219024658,0.0037143381778150797,-0.0013333469396457076,0,0,0,0,0,0
0,2047,160,64.116233825683594,138.22230529785156,0,0.99669909477233887,0.0039690914563834667,-0.0014033889165148139,0,0,0,0,0,0
0,2303,180,64.196044921875,138.19462585449219,0,0.99652749300003052,0.003626861609518528,0.0004457983304746449,0,0,0,0,0,0
