measurement_id,geometry_id,local_key,local0,local1,phi,theta,time,var_local0,var_local1,var_phi,var_theta,var_time
0,255,unknown,-43.242538452148438,46.526630401611328,0.0021782636176794767,1.5699754953384399,0,0.0025000001769512892,0.0025000001769512892,0,0,0
1,511,unknown,-43.227542877197266,46.640453338623047,0.0042219753377139568,1.5690333843231201,0,0.0025000001769512892,0.0025000001769512892,0,0,0
2,767,unknown,-43.068504333496094,46.680831909179688,0.0047768899239599705,1.569962739944458,0,0.0025000001769512892,0.0025000001769512892,0,0,0
3,1023,unknown,-43.017295837402344,46.737560272216797,0.0058105322532355785,1.5688897371292114,0,0.0025000001769512892,0.0025000001769512892,0,0,0
4,1279,unknown,-42.926628112792969,46.661090850830078,0.0054229940287768841,1.5686409473419189,0,0.0025000001769512892,0.0025000001769512892,0,0,0
5,1535,unknown,-42.811203002929688,46.768455505371094,0.0049351486377418041,1.5680601596832275,0,0.0025000001769512892,0.0025000001769512892,0,0,0
6,1791,unknown,-42.722194671630859,46.884452819824219,0.0038268277421593666,1.5690257549285889,0,0.0025000001769512892,0.0025000001769512892,0,0,0
7,2047,unknown,-42.6915283203125,46.830303192138672,0.0033718794584274292,1.5697050094604492,0,0.0025000001769512892,0.0025000001769512892,0,0,0
8,2303,unknown,-42.599777221679688,47.00701904296875,0.0020007840357720852,1.5681641101837158,0,0.0025000001769512892,0.0025000001769512892,0,0,0
