measurement_id,geometry_id,local_key,local0,local1,phi,theta,time,var_local0,var_local1,var_phi,var_theta,var_time
0,255,unknown,-140.02720642089844,15.549474716186523,-0.00022518457262776792,1.570331335067749,0,0.0025000001769512892,0.0025000001769512892,0,0,0
1,511,unknown,-140.05574035644531,15.580199241638184,-0.0002080026752082631,1.5703160762786865,0,0.0025000001769512892,0.0025000001769512892,0,0,0
2,767,unknown,-140.14250183105469,15.50951099395752,0.00010725530592026189,1.569922924041748,0,0.0025000001769512892,0.0025000001769512892,0,0,0
3,1023,unknown,-140.08200073242188,15.583436012268066,-0.0019835475832223892,1.5688824653625488,0,0.0025000001769512892,0.0025000001769512892,0,0,0
4,1279,unknown,-140.23463439941406,15.605001449584961,-0.0019410763634368777,1.5689095258712769,0,0.0025000001769512892,0.0025000001769512892,0,0,0
5,1535,unknown,-140.19522094726562,15.56889820098877,-0.0018360395915806293,1.5684714317321777,0,0.0025000001769512892,0.0025000001769512892,0,0,0
6,1791,unknown,-140.22607421875,15.741047859191895,-0.0017294142162427306,1.5692492723464966,0,0.0025000001769512892,0.0025000001769512892,0,0,0
7,2047,unknown,-140.28903198242188,15.768908500671387,-0.00083881401224061847,1.5690773725509644,0,0.0025000001769512892,0.0025000001769512892,0,0,0
8,2303,unknown,-140.25917053222656,15.85191822052002,-0.001378149725496769,1.5699363946914673,0,0.0025000001769512892,0.0025000001769512892,0,0,0
