particle_id,particle_type,process,vx,vy,vz,vt,px,py,pz,m,q
0,0,0,0,-97.997879028320312,-150.94903564453125,0,1,0,-4.3711388286737929e-08,0,-1
