particle_id,geometry_id,tx,ty,tz,tt,tpx,tpy,tpz,te,deltapx,deltapy,deltapz,deltae,index
0,255,20,-43.938678741455078,-45.565052032470703,0,0.99987220764160156,0.0010841215262189507,0.0001201039704028517,0,0,0,0,0,0
0,511,40,-43.917007446289062,-45.562519073486328,0,0.99974352121353149,0.0025229519233107567,0.00074256135849282146,0,0,0,0,0,0
0,767,60,-43.866626739501953,-45.54736328125,0,0.999614417552948,0.0019485197262838483,0.001858909847214818,0,0,0,0,0,0
0,1023,80,-43.827865600585938,-45.509937286376953,0,0.9994966983795166,0.00057105161249637604,0.0010067683178931475,0,0,0,0,0,0
0,1279,100,-43.816558837890625,-45.489723205566406,0,0.99932986497879028,0.00092853995738551021,0.0010787930805236101,0,0,0,0,0,0
0,1535,120,-43.798107147216797,-45.468021392822266,0,0.99915957450866699,0.0021293326281011105,0.0021883563604205847,0,0,0,0,0,0
0,1791,140,-43.755748748779297,-45.423961639404297,0,0.99901115894317627,0.0019112385343760252,0.0015158748719841242,0,0,0,0,0,0
0,2047,160,-43.717670440673828,-45.393386840820312,0,0.99888145923614502,0.0023676855489611626,0.0016822677571326494,0,0,0,0,0,0
0,2303,180,-43.670467376708984,-45.359420776367188,0,0.99866199493408203,0.0018344423733651638,0.0018089229706674814,0,0,0,0,0,0
