particle_id,geometry_id,tx,ty,tz,tt,tpx,tpy,tpz,te,deltapx,deltapy,deltapz,deltae,index
0,255,20,35.111965179443359,-321.70132446289062,0,0.99975806474685669,-0.0016365470364689827,0.0012176251038908958,0,0,0,0,0,0
0,511,40,35.079082489013672,-321.67715454101562,0,0.99956411123275757,-0.0019589150324463844,0.0012737513752654195,0,0,0,0,0,0
0,767,60,35.03973388671875,-321.65191650390625,0,0.99937605857849121,-0.001768927788361907,0.0013047246029600501,0,0,0,0,0,0
0,1023,80,35.004177093505859,-321.62600708007812,0,0.99922603368759155,-0.0023058634251356125,0.0010680820560082793,0,0,0,0,0,0
0,1279,100,34.957897186279297,-321.60491943359375,0,0.9989931583404541,-0.0016890132101252675,0.0010585427517071366,0,0,0,0,0,0
0,1535,120,34.923957824707031,-321.58392333984375,0,0.99850362539291382,-0.0022902360651642084,0.00043918160372413695,0,0,0,0,0,0
0,1791,140,34.878032684326172,-321.57540893554688,0,0.99836701154708862,-0.0027144667692482471,0.00064692232990637422,0,0,0,0,0,0
0,2047,160,34.823577880859375,-321.56277465820312,0,0.99820524454116821,-0.0025887310039252043,0.00080555770546197891,0,0,0,0,0,0
0,2303,180,34.771614074707031,-321.54693603515625,0,0.99804216623306274,-0.0023397270124405622,0.0019659220706671476,0,0,0,0,0,0
