particle_id,geometry_id,tx,ty,tz,tt,tpx,tpy,tpz,te,deltapx,deltapy,deltapz,deltae,index
0,255,20,-42.125617980957031,39.735015869140625,0,0.99974554777145386,0.0002612546959426254,-0.00078126200241968036,0,0,0,0,0,0
0,511,40,-42.120296478271484,39.719417572021484,0,0.99950790405273438,0.00024360461975447834,1.0799017218232621e-05,0,0,0,0,0,0
0,767,60,-42.115425109863281,39.719661712646484,0,0.99930411577224731,0.0010905415983870625,-0.000774127256590873,0,0,0,0,0,0
0,1023,80,-42.093505859375,39.704299926757812,0,0.99912005662918091,0.00073077093111351132,-0.0016883504576981068,0,0,0,0,0,0
0,1279,100,-42.07867431640625,39.67059326171875,0,0.99881327152252197,0.001453378819860518,-0.0019633574411273003,0,0,0,0,0,0
0,1535,120,-42.049335479736328,39.631454467773438,0,0.99868392944335938,0.0012450736248865724,-0.00051625532796606421,0,0,0,0,0,0
0,1791,140,-42.024341583251953,39.621265411376953,0,0.99853742122650146,0.00081329437671229243,1.8049668142339215e-05,0,0,0,0,0,0
0,2047,160,-42.008052825927734,39.621723175048828,0,0.99840462207794189,0.00078541698167100549,3.911365638487041e-05,0,0,0,0,0,0
0,2303,180,-41.992324829101562,39.622600555419922,0,0.9980851411819458,0.00080190598964691162,-0.00031570039573125541,0,0,0,0,0,0
