measurement_id,geometry_id,local_key,local0,local1,phi,theta,time,var_local0,var_local1,var_phi,var_theta,var_time
0,255,unknown,-14.695026397705078,-370.94680786132812,0.0012275137705728412,1.5695544481277466,0,0.0025000001769512892,0.0025000001769512892,0,0,0
1,511,unknown,-14.618378639221191,-370.93728637695312,0.0010702691506594419,1.5698486566543579,0,0.0025000001769512892,0.0025000001769512892,0,0,0
2,767,unknown,-14.560502052307129,-371.02603149414062,0.00064643885707482696,1.5705851316452026,0,0.0025000001769512892,0.0025000001769512892,0,0,0
3,1023,unknown,-14.612374305725098,-370.91632080078125,0.0010560344671830535,1.5711284875869751,0,0.0025000001769512892,0.0025000001769512892,0,0,0
4,1279,unknown,-14.597221374511719,-370.82733154296875,0.0015614113071933389,1.5713554620742798,0,0.0025000001769512892,0.0025000001769512892,0,0,0
5,1535,unknown,-14.533048629760742,-370.95504760742188,0.0018281190423294902,1.5703426599502563,0,0.0025000001769512892,0.0025000001769512892,0,0,0
6,1791,unknown,-14.597877502441406,-370.95755004882812,0.0013477896573022008,1.56959068775177,0,0.0025000001769512892,0.0025000001769512892,0,0,0
7,2047,unknown,-14.526779174804688,-370.997314453125,0.0025282667484134436,1.5694469213485718,0,0.0025000001769512892,0.0025000001769512892,0,0,0
8,2303,unknown,-14.462509155273438,-370.89865112304688,0.002901681000366807,1.5704523324966431,0,0.0025000001769512892,0.0025000001769512892,0,0,0
