particle_id,geometry_id,tx,ty,tz,tt,tpx,tpy,tpz,te,deltapx,deltapy,deltapz,deltae,index
0,255,20,-211.71795654296875,-101.39430999755859,0,0.99985611438751221,0.00010584381379885599,7.4451374530326575e-05,0,0,0,0,0,0
0,511,40,-211.71585083007812,-101.39280700683594,0,0.99965536594390869,-3.7513698316615773e-06,0.0006975670694373548,0,0,0,0,0,0
0,767,60,-211.71600341796875,-101.37885284423828,0,0.99944931268692017,0.0003184883389621973,0.00030567892827093601,0,0,0,0,0,0
0,1023,80,-211.70967102050781,-101.37269592285156,0,0.99928379058837891,-0.00025004608323797584,0.00068634841591119766,0,0,0,0,0,0
0,1279,100,-211.71475219726562,-101.35898590087891,0,0.99916529655456543,0.0003050668747164309,0.00059038359904661775,0,0,0,0,0,0
0,1535,120,-211.70870971679688,-101.34712982177734,0,0.99902856349945068,0.0010077663464471698,0.00075405684765428305,0,0,0,0,0,0
0,1791,140,-211.68862915039062,-101.33191680908203,0,0.99833494424819946,0.0010933285811915994,0.00095061550382524729,0,0,0,0,0,0
0,2047,160,-211.66683959960938,-101.312744140625,0,0.99817723035812378,0.0028820631559938192,0.00091572286328300834,0,0,0,0,0,0
0,2303,180,-211.60920715332031,-101.29405212402344,0,0.99799507856369019,0.0034634815528988838,0.0014169019414111972,0,0,0,0,0,0
