particle_id,geometry_id,tx,ty,tz,tt,tpx,tpy,tpz,te,deltapx,deltapy,deltapz,deltae,index
0,255,20,108.31267547607422,24.209959030151367,0,0.99985915422439575,-0.00021100798039697111,-0.00026667735073715448,0,0,0,0,0,0
0,511,40,108.30848693847656,24.204599380493164,0,0.99971115589141846,-0.00046655369806103408,0.00030146873905323446,0,0,0,0,0,0
0,767,60,108.29911804199219,24.210575103759766,0,0.99955117702484131,-0.0003560429613571614,0.0016842250479385257,0,0,0,0,0,0
0,1023,80,108.29179382324219,24.244230270385742,0,0.9992525577545166,-0.00077609461732208729,0.0015339876990765333,0,0,0,0,0,0
0,1279,100,108.27607727050781,24.274839401245117,0,0.999106764793396,-0.00058038334827870131,-8.222462929552421e-05,0,0,0,0,0,0
0,1535,120,108.26447296142578,24.273124694824219,0,0.99898850917816162,0.00093031820142641664,9.6656403911765665e-05,0,0,0,0,0,0
0,1791,140,108.28308868408203,24.275171279907227,0,0.99877333641052246,0.0017003845423460007,-0.00032080002711154521,0,0,0,0,0,0
0,2047,160,108.31717681884766,24.268951416015625,0,0.99851983785629272,0.0025295049417763948,-0.00095754716312512755,0,0,0,0,0,0
0,2303,180,108.36795806884766,24.250076293945312,0,0.99836713075637817,0.0014723525382578373,-0.00071829784428700805,0,0,0,0,0,0
