particle_id,geometry_id,tx,ty,tz,tt,tpx,tpy,tpz,te,deltapx,deltapy,deltapz,deltae,index
0,255,20,-164.47232055664062,135.79104614257812,0,0.99984091520309448,-0.00010010703408624977,-0.00058681773953139782,0,0,0,0,0,0
0,511,40,-164.47425842285156,135.779296875,0,0.9997093677520752,-0.00041414867155253887,-0.00022933572472538799,0,0,0,0,0,0
0,767,60,-164.48251342773438,135.774658203125,0,0.99950504302978516,-0.00053694302914664149,-0.00065203424310311675,0,0,0,0,0,0
0,1023,80,-164.49317932128906,135.76155090332031,0,0.99899852275848389,0.00049592711729928851,-0.0015742946416139603,0,0,0,0,0,0
0,1279,100,-164.48306274414062,135.73008728027344,0,0.99882549047470093,0.00041454349411651492,-0.0021454375237226486,0,0,0,0,0,0
0,1535,120,-164.47450256347656,135.68717956542969,0,0.99868106842041016,0.0011722029885277152,-0.0019821454770863056,0,0,0,0,0,0
0,1791,140,-164.45079040527344,135.64762878417969,0,0.99801933765411377,0.0012462218292057514,-0.0018051079241558909,0,0,0,0,0,0
0,2047,160,-164.42559814453125,135.61160278320312,0,0.99765193462371826,0.0016710511408746243,-0.0013201623223721981,0,0,0,0,0,0
0,2303,180,-164.39193725585938,135.58534240722656,0,0.99748152494430542,0.002584077650681138,-0.0018494445830583572,0,0,0,0,0,0
