particle_id,geometry_id,tx,ty,tz,tt,tpx,tpy,tpz,te,deltapx,deltapy,deltapz,deltae,index
0,255,20,71.18353271484375,83.572998046875,0,0.99984782934188843,-0.0012517952127382159,-0.0012026838958263397,0,0,0,0,0,0
0,511,40,71.158638000488281,83.548789978027344,0,0.99972200393676758,-0.00081015698378905654,-0.0005831728340126574,0,0,0,0,0,0
0,767,60,71.142501831054688,83.537025451660156,0,0.99954360723495483,-0.0024959899019449949,-0.00021595301222987473,0,0,0,0,0,0
0,1023,80,71.092582702636719,83.532402038574219,0,0.99932283163070679,-0.0024986402131617069,-0.00055041938321664929,0,0,0,0,0,0
0,1279,100,71.042640686035156,83.521087646484375,0,0.99915820360183716,-0.002773890970274806,-0.00042931397911161184,0,0,0,0,0,0
0,1535,120,70.987167358398438,83.512161254882812,0,0.99895894527435303,-0.00077559257624670863,-0.0012307900469750166,0,0,0,0,0,0
0,1791,140,70.971786499023438,83.4874267578125,0,0.99858254194259644,-0.0012130846735090017,-0.00089344213483855128,0,0,0,0,0,0
0,2047,160,70.947601318359375,83.469390869140625,0,0.99845254421234131,-0.00041344302007928491,-0.00036306938272900879,0,0,0,0,0,0
0,2303,180,70.939361572265625,83.462066650390625,0,0.99829298257827759,-0.00074462773045524955,0.00042123702587559819,0,0,0,0,0,0
