particle_id,particle_type,process,vx,vy,vz,vt,px,py,pz,m,q
0,0,0,0,71.468399047851562,-143.59365844726562,0,1,0,-4.3711388286737929e-08,0,-1
