measurement_id,geometry_id,local_key,local0,local1,phi,theta,time,var_local0,var_local1,var_phi,var_theta,var_time
0,255,unknown,-46.613948822021484,251.17697143554688,0.00068338587880134583,1.5712145566940308,0,0.0025000001769512892,0.0025000001769512892,0,0,0
1,511,unknown,-46.617134094238281,251.11616516113281,0.0019479022594168782,1.5708013772964478,0,0.0025000001769512892,0.0025000001769512892,0,0,0
2,767,unknown,-46.604030609130859,251.21437072753906,0.002057740231975913,1.5705407857894897,0,0.0025000001769512892,0.0025000001769512892,0,0,0
3,1023,unknown,-46.722122192382812,251.22203063964844,0.0019115200266242027,1.5688382387161255,0,0.0025000001769512892,0.0025000001769512892,0,0,0
4,1279,unknown,-46.574893951416016,251.25540161132812,-0.00058568420354276896,1.5679295063018799,0,0.0025000001769512892,0.0025000001769512892,0,0,0
5,1535,unknown,-46.560619354248047,251.32234191894531,-0.00060372462030500174,1.568007230758667,0,0.0025000001769512892,0.0025000001769512892,0,0,0
6,1791,unknown,-46.496448516845703,251.50437927246094,-0.0025250364560633898,1.568961501121521,0,0.0025000001769512892,0.0025000001769512892,0,0,0
7,2047,unknown,-46.631004333496094,251.3515625,-0.0028870757669210434,1.568970799446106,0,0.0025000001769512892,0.0025000001769512892,0,0,0
8,2303,unknown,-46.637645721435547,251.39434814453125,-0.0029856571927666664,1.569088339805603,0,0.0025000001769512892,0.0025000001769512892,0,0,0
