particle_id,particle_type,process,vx,vy,vz,vt,px,py,pz,m,q
0,0,0,0,100.99436187744141,384.43307495117188,0,1,0,-4.3711388286737929e-08,0,-1
