measurement_id,geometry_id,local_key,local0,local1,phi,theta,time,var_local0,var_local1,var_phi,var_theta,var_time
0,255,unknown,0.54450982809066772,6.9877562522888184,-0.00086025142809376121,1.570428729057312,0,0.0025000001769512892,0.0025000001769512892,0,0,0
1,511,unknown,0.54608798027038574,6.9695577621459961,-0.00058359152171760798,1.5707211494445801,0,0.0025000001769512892,0.0025000001769512892,0,0,0
2,767,unknown,0.5592988133430481,6.941319465637207,-0.00058672577142715454,1.5704723596572876,0,0.0025000001769512892,0.0025000001769512892,0,0,0
3,1023,unknown,0.65201622247695923,6.9652810096740723,-0.00074634444899857044,1.5703727006912231,0,0.0025000001769512892,0.0025000001769512892,0,0,0
4,1279,unknown,0.51423102617263794,6.9715332984924316,-0.001298015471547842,1.5703272819519043,0,0.0025000001769512892,0.0025000001769512892,0,0,0
5,1535,unknown,0.51028913259506226,6.9858899116516113,-0.0014021714450791478,1.572109580039978,0,0.0025000001769512892,0.0025000001769512892,0,0,0
6,1791,unknown,0.54791176319122314,6.8795485496520996,-0.0027703840751200914,1.5734823942184448,0,0.0025000001769512892,0.0025000001769512892,0,0,0
7,2047,unknown,0.38324964046478271,6.854435920715332,-0.0021998279262334108,1.5734200477600098,0,0.0025000001769512892,0.0025000001769512892,0,0,0
8,2303,unknown,0.44594675302505493,6.9396896362304688,-0.0021842219866812229,1.5738852024078369,0,0.0025000001769512892,0.0025000001769512892,0,0,0
