measurement_id,geometry_id,local_key,local0,local1,phi,theta,time,var_local0,var_local1,var_phi,var_theta,var_time
0,255,unknown,-38.111560821533203,116.45649719238281,0.00064934621332213283,1.5708245038986206,0,0.0025000001769512892,0.0025000001769512892,0,0,0
1,511,unknown,-38.122848510742188,116.39733123779297,0.0004493027226999402,1.5710160732269287,0,0.0025000001769512892,0.0025000001769512892,0,0,0
2,767,unknown,-38.091022491455078,116.46107482910156,0.00034055733704008162,1.57025146484375,0,0.0025000001769512892,0.0025000001769512892,0,0,0
3,1023,unknown,-38.016410827636719,116.44239044189453,0.00047625479055568576,1.570715069770813,0,0.0025000001769512892,0.0025000001769512892,0,0,0
4,1279,unknown,-38.050918579101562,116.45700073242188,0.00039726670365780592,1.5710239410400391,0,0.0025000001769512892,0.0025000001769512892,0,0,0
5,1535,unknown,-38.049919128417969,116.42707061767578,0.00038119376404210925,1.5708440542221069,0,0.0025000001769512892,0.0025000001769512892,0,0,0
6,1791,unknown,-38.013442993164062,116.41785430908203,0.00061986659420654178,1.5711259841918945,0,0.0025000001769512892,0.0025000001769512892,0,0,0
7,2047,unknown,-37.974094390869141,116.43965911865234,0.0012936257990077138,1.5716829299926758,0,0.0025000001769512892,0.0025000001769512892,0,0,0
8,2303,unknown,-37.867050170898438,116.30767822265625,0.00017076704534702003,1.5723682641983032,0,0.0025000001769512892,0.0025000001769512892,0,0,0
