particle_id,particle_type,process,vx,vy,vz,vt,px,py,pz,m,q
0,0,0,0,-123.7396240234375,182.28067016601562,0,1,0,-4.3711388286737929e-08,0,-1
