measurement_id,geometry_id,local_key,local0,local1,phi,theta,time,var_local0,var_local1,var_phi,var_theta,var_time
0,255,unknown,92.639022827148438,67.243370056152344,0.00076779868686571717,1.5719671249389648,0,0.0025000001769512892,0.0025000001769512892,0,0,0
1,511,unknown,92.615371704101562,67.159027099609375,0.0014977599494159222,1.5718140602111816,0,0.0025000001769512892,0.0025000001769512892,0,0,0
2,767,unknown,92.638603210449219,67.213600158691406,0.001634304178878665,1.571555495262146,0,0.0025000001769512892,0.0025000001769512892,0,0,0
3,1023,unknown,92.883331298828125,67.220077514648438,-0.00066039880039170384,1.5717204809188843,0,0.0025000001769512892,0.0025000001769512892,0,0,0
4,1279,unknown,92.726119995117188,67.057197570800781,-0.00014482907135970891,1.5715981721878052,0,0.0025000001769512892,0.0025000001769512892,0,0,0
5,1535,unknown,92.671646118164062,67.091484069824219,0.00024060301075223833,1.5709326267242432,0,0.0025000001769512892,0.0025000001769512892,0,0,0
6,1791,unknown,92.737083435058594,67.236427307128906,0.00035217794356867671,1.5710288286209106,0,0.0025000001769512892,0.0025000001769512892,0,0,0
7,2047,unknown,92.619041442871094,67.190605163574219,0.00019576431077439338,1.5712738037109375,0,0.0025000001769512892,0.0025000001769512892,0,0,0
8,2303,unknown,92.591812133789062,67.07171630859375,8.948909817263484e-05,1.5715888738632202,0,0.0025000001769512892,0.0025000001769512892,0,0,0
