measurement_id,geometry_id,local_key,local0,local1,phi,theta,time,var_local0,var_local1,var_phi,var_theta,var_time
0,255,unknown,-276.14834594726562,130.95513916015625,0.0004618699022103101,1.5711673498153687,0,0.0025000001769512892,0.0025000001769512892,0,0,0
1,511,unknown,-276.0411376953125,130.993408203125,-0.00046395717072300613,1.5705422163009644,0,0.0025000001769512892,0.0025000001769512892,0,0,0
2,767,unknown,-276.20208740234375,130.95729064941406,7.3785020504146814e-05,1.5704290866851807,0,0.0025000001769512892,0.0025000001769512892,0,0,0
3,1023,unknown,-276.14291381835938,130.89907836914062,0.0011702592018991709,1.5705426931381226,0,0.0025000001769512892,0.0025000001769512892,0,0,0
4,1279,unknown,-276.207275390625,130.99674987792969,0.00043878011638298631,1.5703986883163452,0,0.0025000001769512892,0.0025000001769512892,0,0,0
5,1535,unknown,-276.09768676757812,131.05508422851562,-9.6082461823243648e-05,1.5696003437042236,0,0.0025000001769512892,0.0025000001769512892,0,0,0
6,1791,unknown,-276.0655517578125,130.97572326660156,0.00013957677583675832,1.568375825881958,0,0.0025000001769512892,0.0025000001769512892,0,0,0
7,2047,unknown,-276.08401489257812,131.02020263671875,0.00066614628303796053,1.5683481693267822,0,0.0025000001769512892,0.0025000001769512892,0,0,0
8,2303,unknown,-276.119873046875,131.13729858398438,-0.00052629911806434393,1.5693085193634033,0,0.0025000001769512892,0.0025000001769512892,0,0,0
