particle_id,particle_type,process,vx,vy,vz,vt,px,py,pz,m,q
0,0,0,0,474.25946044921875,-10.252306938171387,0,1,0,-4.3711388286737929e-08,0,-1
