measurement_id,geometry_id,local_key,local0,local1,phi,theta,time,var_local0,var_local1,var_phi,var_theta,var_time
0,255,unknown,286.78900146484375,-98.466468811035156,0.00014360944624058902,1.5724327564239502,0,0.0025000001769512892,0.0025000001769512892,0,0,0
1,511,unknown,286.8323974609375,-98.430831909179688,0.00039158423896878958,1.5725326538085938,0,0.0025000001769512892,0.0025000001769512892,0,0,0
2,767,unknown,286.75674438476562,-98.531761169433594,0.00032740904134698212,1.5728194713592529,0,0.0025000001769512892,0.0025000001769512892,0,0,0
3,1023,unknown,286.76400756835938,-98.6151123046875,-3.3891261409735307e-05,1.5720047950744629,0,0.0025000001769512892,0.0025000001769512892,0,0,0
4,1279,unknown,286.7059326171875,-98.631233215332031,-0.00048223146586678922,1.5711414813995361,0,0.0025000001769512892,0.0025000001769512892,0,0,0
5,1535,unknown,286.67132568359375,-98.626991271972656,-0.00026270272792316973,1.5716015100479126,0,0.0025000001769512892,0.0025000001769512892,0,0,0
6,1791,unknown,286.73672485351562,-98.603408813476562,-7.4640207458287477e-05,1.5698865652084351,0,0.0025000001769512892,0.0025000001769512892,0,0,0
7,2047,unknown,286.8048095703125,-98.693885803222656,-0.00096673215739428997,1.5720440149307251,0,0.0025000001769512892,0.0025000001769512892,0,0,0
8,2303,unknown,286.7086181640625,-98.7950439453125,-0.0010103185195475817,1.5722981691360474,0,0.0025000001769512892,0.0025000001769512892,0,0,0
