measurement_id,geometry_id,local_key,local0,local1,phi,theta,time,var_local0,var_local1,var_phi,var_theta,var_time
0,255,unknown,260.770263671875,-2.9177401065826416,-0.00056802347535267472,1.5714257955551147,0,0.0025000001769512892,0.0025000001769512892,0,0,0
1,511,unknown,260.75448608398438,-2.8646981716156006,-0.0012594489380717278,1.5714012384414673,0,0.0025000001769512892,0.0025000001769512892,0,0,0
2,767,unknown,260.76791381835938,-2.9827818870544434,-0.0017818165943026543,1.5717533826828003,0,0.0025000001769512892,0.0025000001769512892,0,0,0
3,1023,unknown,260.77828979492188,-2.9914746284484863,-0.00010135857155546546,1.5696923732757568,0,0.0025000001769512892,0.0025000001769512892,0,0,0
4,1279,unknown,260.692138671875,-2.9179201126098633,-0.00026468365103937685,1.5696098804473877,0,0.0025000001769512892,0.0025000001769512892,0,0,0
5,1535,unknown,260.62677001953125,-2.9555964469909668,-0.00016572876484133303,1.5695129632949829,0,0.0025000001769512892,0.0025000001769512892,0,0,0
6,1791,unknown,260.70684814453125,-2.9017527103424072,-0.00021801175898872316,1.5693449974060059,0,0.0025000001769512892,0.0025000001769512892,0,0,0
7,2047,unknown,260.76312255859375,-2.8587377071380615,0.00059091177536174655,1.5687646865844727,0,0.0025000001769512892,0.0025000001769512892,0,0,0
8,2303,unknown,260.80368041992188,-2.7848362922668457,0.00056414998834952712,1.5687991380691528,0,0.0025000001769512892,0.0025000001769512892,0,0,0
