particle_id,geometry_id,tx,ty,tz,tt,tpx,tpy,tpz,te,deltapx,deltapy,deltapz,deltae,index
0,255,20,-46.916305541992188,-18.458786010742188,0,0.99981927871704102,-0.00045153649989515543,-0.0010152853792533278,0,0,0,0,0,0
0,511,40,-46.925216674804688,-18.479148864746094,0,0.99954020977020264,-0.0011511653428897262,-0.0018625507364049554,0,0,0,0,0,0
0,767,60,-46.948024749755859,-18.51655387878418,0,0.9994056224822998,-0.00011028264270862564,-0.0021183283533900976,0,0,0,0,0,0
0,1023,80,-46.949977874755859,-18.558958053588867,0,0.9992828369140625,0.00041651685023680329,-0.0035698418505489826,0,0,0,0,0,0
0,1279,100,-46.941211700439453,-18.630353927612305,0,0.99911242723464966,0.0010898958425968885,-0.0017000102670863271,0,0,0,0,0,0
0,1535,120,-46.919189453125,-18.664253234863281,0,0.99896007776260376,0.0024246356915682554,-0.0014488409506157041,0,0,0,0,0,0
0,1791,140,-46.870471954345703,-18.692968368530273,0,0.9986535906791687,0.0016729729250073433,-0.00063564610900357366,0,0,0,0,0,0
0,2047,160,-46.836891174316406,-18.705497741699219,0,0.99842983484268188,0.0025188776198774576,0.0005466267466545105,0,0,0,0,0,0
0,2303,180,-46.786502838134766,-18.694244384765625,0,0.99827426671981812,0.0023174772504717112,0.0012891261139884591,0,0,0,0,0,0
