particle_id,particle_type,process,vx,vy,vz,vt,px,py,pz,m,q
0,0,0,0,55.457080841064453,-120.37654113769531,0,1,0,-4.3711388286737929e-08,0,-1
