particle_id,geometry_id,tx,ty,tz,tt,tpx,tpy,tpz,te,deltapx,deltapy,deltapz,deltae,index
0,255,20,168.0682373046875,206.74085998535156,0,0.99979203939437866,-0.00055221840739250183,-0.0012209705309942365,0,0,0,0,0,0
0,511,40,168.05734252929688,206.71636962890625,0,0.99965107440948486,-0.0015204102965071797,-0.0013340091099962592,0,0,0,0,0,0
0,767,60,168.02708435058594,206.68949890136719,0,0.99946874380111694,-0.0014880107482895255,-0.0013543781824409962,0,0,0,0,0,0
0,1023,80,167.99746704101562,206.66221618652344,0,0.99934530258178711,-0.0012107421644032001,-0.0013506363611668348,0,0,0,0,0,0
0,1279,100,167.97340393066406,206.63504028320312,0,0.999195396900177,-0.0021808124147355556,-0.003162760054692626,0,0,0,0,0,0
0,1535,120,167.93013000488281,206.57147216796875,0,0.99903637170791626,-0.0010078176856040955,-0.0037271229084581137,0,0,0,0,0,0
0,1791,140,167.910400390625,206.49673461914062,0,0.99862992763519287,-0.00064091273816302419,-0.003577986266463995,0,0,0,0,0,0
0,2047,160,167.89799499511719,206.42500305175781,0,0.9983554482460022,-0.00055327400332316756,-0.0035404651425778866,0,0,0,0,0,0
0,2303,180,167.88734436035156,206.35401916503906,0,0.99819982051849365,-0.00033543916651979089,-0.0040381508879363537,0,0,0,0,0,0
