particle_id,particle_type,process,vx,vy,vz,vt,px,py,pz,m,q
0,0,0,0,-356.73690795898438,-1.7815923690795898,0,1,0,-4.3711388286737929e-08,0,-1
