particle_id,geometry_id,tx,ty,tz,tt,tpx,tpy,tpz,te,deltapx,deltapy,deltapz,deltae,index
0,255,20,-33.298294067382812,-62.66156005859375,0,0.99986517429351807,0.00087160686962306499,0.00083252141484990716,0,0,0,0,0,0
0,511,40,-33.280960083007812,-62.644802093505859,0,0.99956601858139038,0.00074567541014403105,0.00088351010344922543,0,0,0,0,0,0
0,767,60,-33.266147613525391,-62.627037048339844,0,0.99864816665649414,-1.471826180932112e-06,0.00092746067093685269,0,0,0,0,0,0
0,1023,80,-33.266288757324219,-62.608463287353516,0,0.99849051237106323,0.0012314191553741693,0.0013634394854307175,0,0,0,0,0,0
0,1279,100,-33.241786956787109,-62.581005096435547,0,0.99832499027252197,0.001594274421222508,0.0016031382838264108,0,0,0,0,0,0
0,1535,120,-33.210041046142578,-62.548698425292969,0,0.99815964698791504,0.002476362744346261,0.0025597997009754181,0,0,0,0,0,0
0,1791,140,-33.160732269287109,-62.497112274169922,0,0.99799549579620361,0.0024186635855585337,0.0025767481420189142,0,0,0,0,0,0
0,2047,160,-33.112571716308594,-62.445182800292969,0,0.99775272607803345,0.0024683345109224319,0.0031221876852214336,0,0,0,0,0,0
0,2303,180,-33.063472747802734,-62.382301330566406,0,0.99760401248931885,0.0030635767616331577,0.003909016028046608,0,0,0,0,0,0
