particle_id,particle_type,process,vx,vy,vz,vt,px,py,pz,m,q
0,0,0,0,-19.800931930541992,-79.086479187011719,0,1,0,-4.3711388286737929e-08,0,-1
