particle_id,particle_type,process,vx,vy,vz,vt,px,py,pz,m,q
0,0,0,0,378.44451904296875,-226.14372253417969,0,1,0,-4.3711388286737929e-08,0,-1
