particle_id,geometry_id,tx,ty,tz,tt,tpx,tpy,tpz,te,deltapx,deltapy,deltapz,deltae,index
0,255,20,-53.932071685791016,-15.811568260192871,0,0.99985337257385254,-0.0011285904329270124,-0.00056668196339160204,0,0,0,0,0,0
0,511,40,-53.954578399658203,-15.823039054870605,0,0.99967718124389648,-0.00072917749639600515,-0.00082279933849349618,0,0,0,0,0,0
0,767,60,-53.969066619873047,-15.839587211608887,0,0.99949043989181519,8.9674220362212509e-05,-0.0018040736904367805,0,0,0,0,0,0
0,1023,80,-53.967056274414062,-15.875675201416016,0,0.99935728311538696,-0.0001279119896935299,-0.002243315801024437,0,0,0,0,0,0
0,1279,100,-53.969345092773438,-15.920584678649902,0,0.99919670820236206,-0.00038758688606321812,-0.0028561558574438095,0,0,0,0,0,0
0,1535,120,-53.976760864257812,-15.977798461914062,0,0.99907118082046509,-0.0001802540646167472,-0.0025565000250935555,0,0,0,0,0,0
0,1791,140,-53.980060577392578,-16.028995513916016,0,0.9989171028137207,-0.00041384485666640103,-0.0025669422466307878,0,0,0,0,0,0
0,2047,160,-53.988037109375,-16.080438613891602,0,0.99869745969772339,-0.0003539121535141021,-0.0025718545075505972,0,0,0,0,0,0
0,2303,180,-53.994815826416016,-16.131984710693359,0,0.99857199192047119,0.0012796930968761444,-0.00068570929579436779,0,0,0,0,0,0
