particle_id,particle_type,process,vx,vy,vz,vt,px,py,pz,m,q
0,0,0,0,-511.29080200195312,8.1738758087158203,0,1,0,-4.3711388286737929e-08,0,-1
