measurement_id,geometry_id,local_key,local0,local1,phi,theta,time,var_local0,var_local1,var_phi,var_theta,var_time
0,255,unknown,-39.372188568115234,158.46461486816406,-0.0014284882927313447,1.5726544857025146,0,0.0025000001769512892,0.0025000001769512892,0,0,0
1,511,unknown,-39.379711151123047,158.4180908203125,-0.0022785733453929424,1.5705536603927612,0,0.0025000001769512892,0.0025000001769512892,0,0,0
2,767,unknown,-39.412857055664062,158.3782958984375,-0.0023050433956086636,1.5704224109649658,0,0.0025000001769512892,0.0025000001769512892,0,0,0
3,1023,unknown,-39.492271423339844,158.44061279296875,-0.0041076736524701118,1.5697323083877563,0,0.0025000001769512892,0.0025000001769512892,0,0,0
4,1279,unknown,-39.550159454345703,158.38929748535156,-0.0040659480728209019,1.570374608039856,0,0.0025000001769512892,0.0025000001769512892,0,0,0
5,1535,unknown,-39.678092956542969,158.37953186035156,-0.0035616769455373287,1.5691407918930054,0,0.0025000001769512892,0.0025000001769512892,0,0,0
6,1791,unknown,-39.762527465820312,158.448974609375,-0.0027599215973168612,1.5689477920532227,0,0.0025000001769512892,0.0025000001769512892,0,0,0
7,2047,unknown,-39.788860321044922,158.51815795898438,-0.002692061010748148,1.5685592889785767,0,0.0025000001769512892,0.0025000001769512892,0,0,0
8,2303,unknown,-39.865303039550781,158.55418395996094,-0.0036972081288695335,1.5680291652679443,0,0.0025000001769512892,0.0025000001769512892,0,0,0
