particle_id,geometry_id,tx,ty,tz,tt,tpx,tpy,tpz,te,deltapx,deltapy,deltapz,deltae,index
0,255,20,223.18721008300781,-291.27694702148438,0,0.99985307455062866,0.0016066227108240128,0.00029579066904261708,0,0,0,0,0,0
0,511,40,223.21931457519531,-291.27084350585938,0,0.99963498115539551,0.002400555182248354,2.1287038180162199e-05,0,0,0,0,0,0
0,767,60,223.267333984375,-291.2701416015625,0,0.99946856498718262,0.0015966591890901327,-0.00046733467024751008,0,0,0,0,0,0
0,1023,80,223.29934692382812,-291.279296875,0,0.99920487403869629,0.0015714700566604733,-0.00046280413516797125,0,0,0,0,0,0
0,1279,100,223.33085632324219,-291.28836059570312,0,0.99902069568634033,0.0023503827396780252,-0.0013099468778818846,0,0,0,0,0,0
0,1535,120,223.37806701660156,-291.31430053710938,0,0.99861061573028564,0.0017146926838904619,-0.0013204787392169237,0,0,0,0,0,0
0,1791,140,223.41256713867188,-291.34054565429688,0,0.9984285831451416,0.00059656583471223712,0.00050306232878938317,0,0,0,0,0,0
0,2047,160,223.42445373535156,-291.33038330078125,0,0.99826139211654663,0.00065846758661791682,0.00020820996724069118,0,0,0,0,0,0
0,2303,180,223.4376220703125,-291.32614135742188,0,0.99808716773986816,-8.6548534454777837e-05,-0.00026311122928746045,0,0,0,0,0,0
