particle_id,geometry_id,tx,ty,tz,tt,tpx,tpy,tpz,te,deltapx,deltapy,deltapz,deltae,index
0,255,20,-55.995975494384766,-428.69009399414062,0,0.99985212087631226,0.0013919360935688019,0.00091463426360860467,0,0,0,0,0,0
0,511,40,-55.968242645263672,-428.671630859375,0,0.99967515468597412,0.0013577727368101478,0.00092305260477587581,0,0,0,0,0,0
0,767,60,-55.941188812255859,-428.65301513671875,0,0.99950861930847168,0.0013024617219343781,0.00087214045925065875,0,0,0,0,0,0
0,1023,80,-55.915233612060547,-428.63540649414062,0,0.99922692775726318,0.00071465264772996306,0.00085128686623647809,0,0,0,0,0,0
0,1279,100,-55.901031494140625,-428.6182861328125,0,0.99910843372344971,0.00062160124070942402,-0.00053791300160810351,0,0,0,0,0,0
0,1535,120,-55.888523101806641,-428.62896728515625,0,0.99879854917526245,0.00088685302762314677,-0.00098353007342666388,0,0,0,0,0,0
0,1791,140,-55.870647430419922,-428.6485595703125,0,0.99783146381378174,0.00070589373353868723,-0.00092916865833103657,0,0,0,0,0,0
0,2047,160,-55.856388092041016,-428.66708374023438,0,0.99769109487533569,-0.002353625139221549,-0.0028675594367086887,0,0,0,0,0,0
0,2303,180,-55.903221130371094,-428.724853515625,0,0.99751889705657959,-0.0019888232927769423,-0.0029972738120704889,0,0,0,0,0,0
