particle_id,geometry_id,tx,ty,tz,tt,tpx,tpy,tpz,te,deltapx,deltapy,deltapz,deltae,index
0,255,20,295.45541381835938,-125.58216857910156,0,0.99985808134078979,-0.00045126714394427836,-0.00032853794982656837,0,0,0,0,0,0
0,511,40,295.44644165039062,-125.58879089355469,0,0.99966543912887573,-0.00089757813839241862,-1.1245625501032919e-05,0,0,0,0,0,0
0,767,60,295.42849731445312,-125.58912658691406,0,0.99943512678146362,-0.0018905731849372387,-0.00051688245730474591,0,0,0,0,0,0
0,1023,80,295.39071655273438,-125.59969329833984,0,0.9992673397064209,-0.001809114939533174,-0.00047986768186092377,0,0,0,0,0,0
0,1279,100,295.35455322265625,-125.60951232910156,0,0.99913108348846436,-0.001926118042320013,-0.0013103287201374769,0,0,0,0,0,0
0,1535,120,295.316162109375,-125.63597106933594,0,0.99892091751098633,-0.0026285639032721519,-0.00088600703747943044,0,0,0,0,0,0
0,1791,140,295.26364135742188,-125.65402221679688,0,0.99873459339141846,-0.0021093811374157667,0.00018652132712304592,0,0,0,0,0,0
0,2047,160,295.22137451171875,-125.65054321289062,0,0.99857074022293091,-0.0023054208140820265,0.00019708530453499407,0,0,0,0,0,0
0,2303,180,295.1751708984375,-125.64687347412109,0,0.99838513135910034,-0.0010139972437173128,-6.87163628754206e-05,0,0,0,0,0,0
