particle_id,geometry_id,tx,ty,tz,tt,tpx,tpy,tpz,te,deltapx,deltapy,deltapz,deltae,index
0,255,20,-100.71534729003906,1.2438818216323853,0,0.99981087446212769,-0.0010299133136868477,0.00040125829400494695,0,0,0,0,0,0
0,511,40,-100.73600006103516,1.2517848014831543,0,0.99966126680374146,-0.00072661158628761768,0.00090421043569222093,0,0,0,0,0,0
0,767,60,-100.75064849853516,1.2697875499725342,0,0.99948799610137939,-0.0012649822747334838,0.00062262563733384013,0,0,0,0,0,0
0,1023,80,-100.77603149414062,1.2820942401885986,0,0.9993748664855957,-0.00092061603209003806,6.6314409195911139e-05,0,0,0,0,0,0
0,1279,100,-100.79446411132812,1.2833107709884644,0,0.99924874305725098,0.00055113492999225855,0.00044200976844877005,0,0,0,0,0,0
0,1535,120,-100.78348541259766,1.2922235727310181,0,0.99910545349121094,0.0011160022113472223,0.00040026058559305966,0,0,0,0,0,0
0,1791,140,-100.76119232177734,1.3003698587417603,0,0.99899828433990479,0.0010923976078629494,0.0003712788166012615,0,0,0,0,0,0
0,2047,160,-100.73936462402344,1.3079339265823364,0,0.99880945682525635,0.0017497459193691611,0.00099833810236304998,0,0,0,0,0,0
0,2303,180,-100.70445251464844,1.328134298324585,0,0.9985511302947998,0.002764637116342783,0.00093987298896536231,0,0,0,0,0,0
