measurement_id,geometry_id,local_key,local0,local1,phi,theta,time,var_local0,var_local1,var_phi,var_theta,var_time
0,255,unknown,204.04093933105469,204.41070556640625,-0.00031521005439572036,1.5708541870117188,0,0.0025000001769512892,0.0025000001769512892,0,0,0
1,511,unknown,203.99272155761719,204.52432250976562,-0.00073059729766100645,1.5694031715393066,0,0.0025000001769512892,0.0025000001769512892,0,0,0
2,767,unknown,204.05772399902344,204.62466430664062,-0.00076168571831658483,1.5694091320037842,0,0.0025000001769512892,0.0025000001769512892,0,0,0
3,1023,unknown,203.94049072265625,204.67010498046875,-0.00051305926172062755,1.5678653717041016,0,0.0025000001769512892,0.0025000001769512892,0,0,0
4,1279,unknown,203.96278381347656,204.61215209960938,-0.00023924335255287588,1.5678588151931763,0,0.0025000001769512892,0.0025000001769512892,0,0,0
5,1535,unknown,203.96376037597656,204.63102722167969,0.00053041923092678189,1.5675698518753052,0,0.0025000001769512892,0.0025000001769512892,0,0,0
6,1791,unknown,203.93199157714844,204.75674438476562,-0.00033757314668036997,1.568742036819458,0,0.0025000001769512892,0.0025000001769512892,0,0,0
7,2047,unknown,203.81898498535156,204.72929382324219,0.00036323574022389948,1.5689685344696045,0,0.0025000001769512892,0.0025000001769512892,0,0,0
8,2303,unknown,204.05712890625,204.76747131347656,0.00035708260838873684,1.5689471960067749,0,0.0025000001769512892,0.0025000001769512892,0,0,0
