particle_id,particle_type,process,vx,vy,vz,vt,px,py,pz,m,q
0,0,0,0,-356.13693237304688,-18.94825553894043,0,1,0,-4.3711388286737929e-08,0,-1
