particle_id,geometry_id,tx,ty,tz,tt,tpx,tpy,tpz,te,deltapx,deltapy,deltapz,deltae,index
0,255,20,50.725128173828125,-57.787479400634766,0,0.99981820583343506,-0.00022517266916111112,-0.00039622336043976247,0,0,0,0,0,0
0,511,40,50.720672607421875,-57.795433044433594,0,0.99963867664337158,-0.00020296327420510352,-0.0004397670563776046,0,0,0,0,0,0
0,767,60,50.716663360595703,-57.804256439208984,0,0.99950248003005981,-0.00095729134045541286,-0.0021987229119986296,0,0,0,0,0,0
0,1023,80,50.697772979736328,-57.848365783691406,0,0.99938219785690308,-0.00052937032887712121,-0.0024680630303919315,0,0,0,0,0,0
0,1279,100,50.687477111816406,-57.897819519042969,0,0.99923747777938843,-0.00044244970194995403,-0.0026160089764744043,0,0,0,0,0,0
0,1535,120,50.678936004638672,-57.950229644775391,0,0.99909985065460205,0.00058709410950541496,-0.0033072803635150194,0,0,0,0,0,0
0,1791,140,50.691085815429688,-58.016361236572266,0,0.99892705678939819,0.00072916271165013313,-0.0024921847507357597,0,0,0,0,0,0
0,2047,160,50.705982208251953,-58.066169738769531,0,0.99880719184875488,0.001408617477864027,-0.0019794197287410498,0,0,0,0,0,0
0,2303,180,50.734424591064453,-58.105636596679688,0,0.99865949153900146,0.0020214784890413284,-0.0023341369815170765,0,0,0,0,0,0
