particle_id,particle_type,process,vx,vy,vz,vt,px,py,pz,m,q
0,0,0,0,277.68048095703125,-90.444984436035156,0,1,0,-4.3711388286737929e-08,0,-1
