particle_id,particle_type,process,vx,vy,vz,vt,px,py,pz,m,q
0,0,0,0,115.2431640625,14.885507583618164,0,1,0,-4.3711388286737929e-08,0,-1
