particle_id,geometry_id,tx,ty,tz,tt,tpx,tpy,tpz,te,deltapx,deltapy,deltapz,deltae,index
0,255,20,46.237339019775391,-302.66970825195312,0,0.99981778860092163,-9.4212904514279217e-05,-0.00052113179117441177,0,0,0,0,0,0
0,511,40,46.235515594482422,-302.68014526367188,0,0.99964785575866699,0.00059272896032780409,-0.00027079190476797521,0,0,0,0,0,0
0,767,60,46.247406005859375,-302.68548583984375,0,0.99950730800628662,-0.0007993204053491354,-0.00029911170713603497,0,0,0,0,0,0
0,1023,80,46.231449127197266,-302.69155883789062,0,0.99936020374298096,-0.00099748605862259865,-0.00055484648328274488,0,0,0,0,0,0
0,1279,100,46.211555480957031,-302.70278930664062,0,0.99921542406082153,-0.00094441574765369296,-0.0012919744476675987,0,0,0,0,0,0
0,1535,120,46.192806243896484,-302.728759765625,0,0.99909120798110962,-0.0011287018423900008,-0.0012872882653027773,0,0,0,0,0,0
0,1791,140,46.170368194580078,-302.75466918945312,0,0.99894583225250244,-0.00039466802263632417,-0.0023475433699786663,0,0,0,0,0,0
0,2047,160,46.162750244140625,-302.80172729492188,0,0.99872249364852905,-0.0010225101141259074,-0.0024547672364860773,0,0,0,0,0,0
0,2303,180,46.142570495605469,-302.85101318359375,0,0.99856275320053101,-0.00080668338341638446,-0.0018692993326112628,0,0,0,0,0,0
