particle_id,geometry_id,tx,ty,tz,tt,tpx,tpy,tpz,te,deltapx,deltapy,deltapz,deltae,index
0,255,20,-184.61289978027344,71.874961853027344,0,0.99984574317932129,0.00085531652439385653,-0.00012304875417612493,0,0,0,0,0,0
0,511,40,-184.59577941894531,71.872604370117188,0,0.99969244003295898,0.00152926379814744,-0.0008191182860173285,0,0,0,0,0,0
0,767,60,-184.56509399414062,71.856399536132812,0,0.99945521354675293,0.0022930209524929523,-0.00027753162430599332,0,0,0,0,0,0
0,1023,80,-184.51918029785156,71.851119995117188,0,0.99931329488754272,0.0027379228267818689,-0.0018123381305485964,0,0,0,0,0,0
0,1279,100,-184.46417236328125,71.815177917480469,0,0.99915808439254761,0.0043365317396819592,-0.0014235287671908736,0,0,0,0,0,0
0,1535,120,-184.377197265625,71.787208557128906,0,0.99902480840682983,0.0040626996196806431,-0.0024420714471489191,0,0,0,0,0,0
0,1791,140,-184.29557800292969,71.738807678222656,0,0.99884074926376343,0.0039090551435947418,-0.003024362726137042,0,0,0,0,0,0
0,2047,160,-184.21694946289062,71.678718566894531,0,0.998679518699646,0.0034554700832813978,-0.0033657918684184551,0,0,0,0,0,0
0,2303,180,-184.1473388671875,71.611732482910156,0,0.99853885173797607,0.0041292007081210613,-0.0027139547746628523,0,0,0,0,0,0
