particle_id,geometry_id,tx,ty,tz,tt,tpx,tpy,tpz,te,deltapx,deltapy,deltapz,deltae,index
0,255,20,-98.459091186523438,146.50677490234375,0,0.99978405237197876,-0.00023000332294031978,-5.2484461775748059e-05,0,0,0,0,0,0
0,511,40,-98.46368408203125,146.50569152832031,0,0.99963474273681641,-0.00018695344624575227,7.0621586928609759e-05,0,0,0,0,0,0
0,767,60,-98.467430114746094,146.507080078125,0,0.99945485591888428,0.00020596639660652727,0.00037359286216087639,0,0,0,0,0,0
0,1023,80,-98.463356018066406,146.51458740234375,0,0.99918252229690552,-0.00045081038842909038,-8.5565989138558507e-05,0,0,0,0,0,0
0,1279,100,-98.472366333007812,146.5128173828125,0,0.99906176328659058,-0.00073711713775992393,-0.00026027168496511877,0,0,0,0,0,0
0,1535,120,-98.487091064453125,146.50752258300781,0,0.99893385171890259,-0.00074616033816710114,-0.0002826258132699877,0,0,0,0,0,0
0,1791,140,-98.501998901367188,146.50177001953125,0,0.99877631664276123,-0.0035051244776695967,0.0015348134329542518,0,0,0,0,0,0
0,2047,160,-98.572372436523438,146.53208923339844,0,0.99862879514694214,-0.0033255286980420351,0.0013376825954765081,0,0,0,0,0,0
0,2303,180,-98.639137268066406,146.5584716796875,0,0.99845880270004272,-0.0032489895820617676,0.0013049602275714278,0,0,0,0,0,0
