measurement_id,geometry_id,local_key,local0,local1,phi,theta,time,var_local0,var_local1,var_phi,var_theta,var_time
0,255,unknown,227.71136474609375,7.4097819328308105,3.7992609577486292e-05,1.57082200050354,0,0.0025000001769512892,0.0025000001769512892,0,0,0
1,511,unknown,227.62065124511719,7.5138683319091797,-0.00076560355955734849,1.5712145566940308,0,0.0025000001769512892,0.0025000001769512892,0,0,0
2,767,unknown,227.69001770019531,7.4825015068054199,-0.0011900905519723892,1.5716063976287842,0,0.0025000001769512892,0.0025000001769512892,0,0,0
3,1023,unknown,227.57960510253906,7.5655403137207031,-0.0012595489388331771,1.5715234279632568,0,0.0025000001769512892,0.0025000001769512892,0,0,0
4,1279,unknown,227.61276245117188,7.3832082748413086,-0.00016699903062544763,1.5729163885116577,0,0.0025000001769512892,0.0025000001769512892,0,0,0
5,1535,unknown,227.62559509277344,7.3270320892333984,-0.00015797781816218048,1.5729146003723145,0,0.0025000001769512892,0.0025000001769512892,0,0,0
6,1791,unknown,227.53092956542969,7.3907084465026855,-0.00065033748978748918,1.5725860595703125,0,0.0025000001769512892,0.0025000001769512892,0,0,0
7,2047,unknown,227.51150512695312,7.2522926330566406,-0.0015445315511897206,1.5717993974685669,0,0.0025000001769512892,0.0025000001769512892,0,0,0
8,2303,unknown,227.53135681152344,7.2227749824523926,-0.0013002885971218348,1.5714865922927856,0,0.0025000001769512892,0.0025000001769512892,0,0,0
