particle_id,geometry_id,tx,ty,tz,tt,tpx,tpy,tpz,te,deltapx,deltapy,deltapz,deltae,index
0,255,20,70.446273803710938,-44.997833251953125,0,0.99981975555419922,-0.00010711218055803329,0.0015076831914484501,0,0,0,0,0,0
0,511,40,70.443946838378906,-44.967689514160156,0,0.99968284368515015,-0.00019076802709605545,0.0014428854919970036,0,0,0,0,0,0
0,767,60,70.439956665039062,-44.938846588134766,0,0.99953484535217285,0.00062909984262660146,0.0014344505034387112,0,0,0,0,0,0
0,1023,80,70.452369689941406,-44.910068511962891,0,0.99938344955444336,0.00080112839350476861,0.0022719996050000191,0,0,0,0,0,0
0,1279,100,70.468132019042969,-44.864505767822266,0,0.99922835826873779,0.0015423664590343833,0.002476532245054841,0,0,0,0,0,0
0,1535,120,70.498703002929688,-44.814754486083984,0,0.99909240007400513,0.0011168352793902159,0.0019874002318829298,0,0,0,0,0,0
0,1791,140,70.520820617675781,-44.774837493896484,0,0.99883085489273071,0.00032619514968246222,0.001860902295447886,0,0,0,0,0,0
0,2047,160,70.527130126953125,-44.737537384033203,0,0.99867427349090576,0.0004615755460690707,0.0020487124565988779,0,0,0,0,0,0
0,2303,180,70.536125183105469,-44.696453094482422,0,0.99842959642410278,0.0016831556567922235,0.0016879315953701735,0,0,0,0,0,0
