particle_id,particle_type,process,vx,vy,vz,vt,px,py,pz,m,q
0,0,0,0,-149.62384033203125,27.925718307495117,0,1,0,-4.3711388286737929e-08,0,-1
