measurement_id,geometry_id,local_key,local0,local1,phi,theta,time,var_local0,var_local1,var_phi,var_theta,var_time
0,255,unknown,0.35502791404724121,210.31544494628906,0.00013944064266979694,1.5707406997680664,0,0.0025000001769512892,0.0025000001769512892,0,0,0
1,511,unknown,0.21915566921234131,210.3427734375,0.0027554742991924286,1.5711123943328857,0,0.0025000001769512892,0.0025000001769512892,0,0,0
2,767,unknown,0.31718337535858154,210.33317565917969,0.0017045252025127411,1.5706202983856201,0,0.0025000001769512892,0.0025000001769512892,0,0,0
3,1023,unknown,0.44954156875610352,210.27955627441406,0.0018241534708067775,1.5717061758041382,0,0.0025000001769512892,0.0025000001769512892,0,0,0
4,1279,unknown,0.41803380846977234,210.22941589355469,0.0009935630951076746,1.5718832015991211,0,0.0025000001769512892,0.0025000001769512892,0,0,0
5,1535,unknown,0.43508106470108032,210.2271728515625,0.0012312015751376748,1.5716309547424316,0,0.0025000001769512892,0.0025000001769512892,0,0,0
6,1791,unknown,0.47858396172523499,210.26239013671875,0.0012240158393979073,1.573206901550293,0,0.0025000001769512892,0.0025000001769512892,0,0,0
7,2047,unknown,0.57266050577163696,210.2686767578125,0.0014881903771311045,1.5742805004119873,0,0.0025000001769512892,0.0025000001769512892,0,0,0
8,2303,unknown,0.45939096808433533,210.25950622558594,0.0017630908405408263,1.5734654664993286,0,0.0025000001769512892,0.0025000001769512892,0,0,0
