particle_id,geometry_id,tx,ty,tz,tt,tpx,tpy,tpz,te,deltapx,deltapy,deltapz,deltae,index
0,255,20,211.71629333496094,180.9404296875,0,0.99984556436538696,-0.0013206701260060072,8.3747552707791328e-05,0,0,0,0,0,0
0,511,40,211.68986511230469,180.94194030761719,0,0.99972468614578247,-0.00093916303012520075,0.00040241543320007622,0,0,0,0,0,0
0,767,60,211.67103576660156,180.94987487792969,0,0.99959689378738403,-0.00093869958072900772,0.00039175862912088633,0,0,0,0,0,0
0,1023,80,211.65220642089844,180.95759582519531,0,0.99947458505630493,-0.0015535886632278562,0.00070911814691498876,0,0,0,0,0,0
0,1279,100,211.62103271484375,180.97160339355469,0,0.99926674365997314,-0.0015877088299021125,0.00023152954236138612,0,0,0,0,0,0
0,1535,120,211.5892333984375,180.97604370117188,0,0.99910002946853638,-0.00031051706173457205,0.0016840604366734624,0,0,0,0,0,0
0,1791,140,211.58280944824219,181.00971984863281,0,0.99859225749969482,-0.001840418903157115,0.0024203162174671888,0,0,0,0,0,0
0,2047,160,211.545654296875,181.05796813964844,0,0.99829369783401489,-0.0013784351758658886,0.0038836176972836256,0,0,0,0,0,0
0,2303,180,211.517578125,181.13560485839844,0,0.99817132949829102,-0.00060843827668577433,0.0016472736606374383,0,0,0,0,0,0
