particle_id,geometry_id,tx,ty,tz,tt,tpx,tpy,tpz,te,deltapx,deltapy,deltapz,deltae,index
0,255,20,-16.684328079223633,151.66905212402344,0,0.99984848499298096,0.001271246699616313,-0.00022185876150615513,0,0,0,0,0,0
0,511,40,-16.658872604370117,151.66476440429688,0,0.99971878528594971,0.001455937628634274,0.00040837211417965591,0,0,0,0,0,0
0,767,60,-16.629795074462891,151.67311096191406,0,0.99955075979232788,0.0013217809610068798,-0.00057616224512457848,0,0,0,0,0,0
0,1023,80,-16.603279113769531,151.6617431640625,0,0.99935603141784668,0.0013038369361311197,0.00035580547410063446,0,0,0,0,0,0
0,1279,100,-16.577228546142578,151.66902160644531,0,0.99919331073760986,0.0021570175886154175,0.00014277329319156706,0,0,0,0,0,0
0,1535,120,-16.53407096862793,151.67213439941406,0,0.99792295694351196,0.0044740955345332623,0.00228511868044734,0,0,0,0,0,0
0,1791,140,-16.444679260253906,151.71847534179688,0,0.99762850999832153,0.0046010753139853477,0.0021244864910840988,0,0,0,0,0,0
0,2047,160,-16.352697372436523,151.76161193847656,0,0.99729263782501221,0.0045062503777444363,0.0022788010537624359,0,0,0,0,0,0
0,2303,180,-16.262603759765625,151.807861328125,0,0.99714756011962891,0.0044914623722434044,0.0024075631517916918,0,0,0,0,0,0
