particle_id,particle_type,process,vx,vy,vz,vt,px,py,pz,m,q
0,0,0,0,-215.29202270507812,46.829448699951172,0,1,0,-4.3711388286737929e-08,0,-1
