particle_id,particle_type,process,vx,vy,vz,vt,px,py,pz,m,q
0,0,0,0,12.820233345031738,101.27462005615234,0,1,0,-4.3711388286737929e-08,0,-1
