measurement_id,geometry_id,local_key,local0,local1,phi,theta,time,var_local0,var_local1,var_phi,var_theta,var_time
0,255,unknown,1.1506447792053223,112.70696258544922,0.0010892816353589296,1.5702866315841675,0,0.0025000001769512892,0.0025000001769512892,0,0,0
1,511,unknown,1.0843521356582642,112.85044097900391,0.00043966894736513495,1.5703177452087402,0,0.0025000001769512892,0.0025000001769512892,0,0,0
2,767,unknown,1.1594935655593872,112.84990692138672,0.0007704102317802608,1.5700303316116333,0,0.0025000001769512892,0.0025000001769512892,0,0,0
3,1023,unknown,1.101568341255188,112.89434051513672,0.00076306227128952742,1.5700227022171021,0,0.0025000001769512892,0.0025000001769512892,0,0,0
4,1279,unknown,1.1542068719863892,112.86651611328125,0.00077842874452471733,1.5699959993362427,0,0.0025000001769512892,0.0025000001769512892,0,0,0
5,1535,unknown,1.2849534749984741,112.85018157958984,0.00068778306012973189,1.5699602365493774,0,0.0025000001769512892,0.0025000001769512892,0,0,0
6,1791,unknown,1.1431624889373779,112.92699432373047,0.00048153987154364586,1.5700224637985229,0,0.0025000001769512892,0.0025000001769512892,0,0,0
7,2047,unknown,1.2438813447952271,112.84394836425781,0.0010545677505433559,1.5704975128173828,0,0.0025000001769512892,0.0025000001769512892,0,0,0
8,2303,unknown,1.2413578033447266,112.84909057617188,0.001448857830837369,1.5709908008575439,0,0.0025000001769512892,0.0025000001769512892,0,0,0
