measurement_id,geometry_id,local_key,local0,local1,phi,theta,time,var_local0,var_local1,var_phi,var_theta,var_time
0,255,unknown,101.79036712646484,14.341325759887695,-0.00044574166531674564,1.569887638092041,0,0.0025000001769512892,0.0025000001769512892,0,0,0
1,511,unknown,101.73780822753906,14.39130687713623,-0.0010309541830793023,1.5700054168701172,0,0.0025000001769512892,0.0025000001769512892,0,0,0
2,767,unknown,101.76206970214844,14.419838905334473,-0.0016402620822191238,1.5706454515457153,0,0.0025000001769512892,0.0025000001769512892,0,0,0
3,1023,unknown,101.74044799804688,14.433037757873535,-0.0030250002164393663,1.5691429376602173,0,0.0025000001769512892,0.0025000001769512892,0,0,0
4,1279,unknown,101.61181640625,14.358532905578613,-0.0012818768154829741,1.5703055858612061,0,0.0025000001769512892,0.0025000001769512892,0,0,0
5,1535,unknown,101.65646362304688,14.414377212524414,-0.0015920008299872279,1.5714857578277588,0,0.0025000001769512892,0.0025000001769512892,0,0,0
6,1791,unknown,101.57280731201172,14.383644104003906,-0.0018159521277993917,1.5701041221618652,0,0.0025000001769512892,0.0025000001769512892,0,0,0
7,2047,unknown,101.44866180419922,14.406919479370117,-0.0021123175974935293,1.5709908008575439,0,0.0025000001769512892,0.0025000001769512892,0,0,0
8,2303,unknown,101.52415466308594,14.40656566619873,-0.002109091030433774,1.5707062482833862,0,0.0025000001769512892,0.0025000001769512892,0,0,0
