particle_id,geometry_id,tx,ty,tz,tt,tpx,tpy,tpz,te,deltapx,deltapy,deltapz,deltae,index
0,255,20,82.761390686035156,11.382501602172852,0,0.99984413385391235,0.0010266122408211231,-0.00023937877267599106,0,0,0,0,0,0
0,511,40,82.781951904296875,11.377836227416992,0,0.99967384338378906,0.0012069419026374817,-0.00046492781257256866,0,0,0,0,0,0
0,767,60,82.80615234375,11.368680000305176,0,0.99953538179397583,0.0014201769372448325,-0.00067219161428511143,0,0,0,0,0,0
0,1023,80,82.834648132324219,11.355401039123535,0,0.99911189079284668,9.502683678874746e-05,-0.00054934865329414606,0,0,0,0,0,0
0,1279,100,82.836616516113281,11.344415664672852,0,0.99896353483200073,8.1877573393285275e-05,-0.00079970451770350337,0,0,0,0,0,0
0,1535,120,82.838348388671875,11.328414916992188,0,0.998587965965271,0.00073287636041641235,-0.00098070362582802773,0,0,0,0,0,0
0,1791,140,82.853141784667969,11.30886173248291,0,0.99821680784225464,0.0016460766782984138,-0.0012585553340613842,0,0,0,0,0,0
0,2047,160,82.886276245117188,11.283843994140625,0,0.99807053804397583,0.0016683904686942697,-0.0012687222333624959,0,0,0,0,0,0
0,2303,180,82.91986083984375,11.258622169494629,0,0.99789106845855713,0.0019261605339124799,-0.00097431079484522343,0,0,0,0,0,0
