measurement_id,geometry_id,local_key,local0,local1,phi,theta,time,var_local0,var_local1,var_phi,var_theta,var_time
0,255,unknown,-20.701919555664062,94.429893493652344,6.1936043493915349e-05,1.5717116594314575,0,0.0025000001769512892,0.0025000001769512892,0,0,0
1,511,unknown,-20.678035736083984,94.415786743164062,-6.8105015088804066e-05,1.5719056129455566,0,0.0025000001769512892,0.0025000001769512892,0,0,0
2,767,unknown,-20.665807723999023,94.378303527832031,0.0017266370123252273,1.5726686716079712,0,0.0025000001769512892,0.0025000001769512892,0,0,0
3,1023,unknown,-20.630104064941406,94.358894348144531,0.0025756801478564739,1.5711454153060913,0,0.0025000001769512892,0.0025000001769512892,0,0,0
4,1279,unknown,-20.558074951171875,94.304130554199219,0.0025187847204506397,1.5711848735809326,0,0.0025000001769512892,0.0025000001769512892,0,0,0
5,1535,unknown,-20.563600540161133,94.308303833007812,0.0030442075803875923,1.570188045501709,0,0.0025000001769512892,0.0025000001769512892,0,0,0
6,1791,unknown,-20.545171737670898,94.263320922851562,0.0023486674763262272,1.5705267190933228,0,0.0025000001769512892,0.0025000001769512892,0,0,0
7,2047,unknown,-20.556495666503906,94.338546752929688,0.0014758987817913294,1.571109414100647,0,0.0025000001769512892,0.0025000001769512892,0,0,0
8,2303,unknown,-20.512931823730469,94.374664306640625,0.0015356716467067599,1.5709526538848877,0,0.0025000001769512892,0.0025000001769512892,0,0,0
