measurement_id,geometry_id,local_key,local0,local1,phi,theta,time,var_local0,var_local1,var_phi,var_theta,var_time
0,255,unknown,211.82388305664062,-196.2127685546875,-0.0013582499232143164,1.5713264942169189,0,0.0025000001769512892,0.0025000001769512892,0,0,0
1,511,unknown,211.76766967773438,-196.29640197753906,-0.00062204134883359075,1.5723050832748413,0,0.0025000001769512892,0.0025000001769512892,0,0,0
2,767,unknown,211.71710205078125,-196.29609680175781,-0.001325158285908401,1.5724884271621704,0,0.0025000001769512892,0.0025000001769512892,0,0,0
3,1023,unknown,211.7867431640625,-196.32952880859375,-0.00055875309044495225,1.5715880393981934,0,0.0025000001769512892,0.0025000001769512892,0,0,0
4,1279,unknown,211.726806640625,-196.38177490234375,0.00074586929986253381,1.5710119009017944,0,0.0025000001769512892,0.0025000001769512892,0,0,0
5,1535,unknown,211.78715515136719,-196.43392944335938,0.0029737204313278198,1.5689232349395752,0,0.0025000001769512892,0.0025000001769512892,0,0,0
6,1791,unknown,211.88832092285156,-196.35365295410156,0.0038261888548731804,1.5693223476409912,0,0.0025000001769512892,0.0025000001769512892,0,0,0
7,2047,unknown,211.90728759765625,-196.30328369140625,0.0042098602280020714,1.5701022148132324,0,0.0025000001769512892,0.0025000001769512892,0,0,0
8,2303,unknown,212.02142333984375,-196.32829284667969,0.0033042603172361851,1.5710843801498413,0,0.0025000001769512892,0.0025000001769512892,0,0,0
