particle_id,geometry_id,tx,ty,tz,tt,tpx,tpy,tpz,te,deltapx,deltapy,deltapz,deltae,index
0,255,20,-354.75155639648438,1.0786381959915161,0,0.99987518787384033,-0.00044729150249622762,-0.00047336480929516256,0,0,0,0,0,0
0,511,40,-354.76043701171875,1.0691163539886475,0,0.99931621551513672,-0.0005155053804628551,-7.7119366324041039e-05,0,0,0,0,0,0
0,767,60,-354.770751953125,1.0675110816955566,0,0.99876344203948975,-0.00023232671082951128,-0.00047021906357258558,0,0,0,0,0,0
0,1023,80,-354.77536010742188,1.0580673217773438,0,0.99826145172119141,0.00040982506470754743,-0.00010476543684490025,0,0,0,0,0,0
0,1279,100,-354.76715087890625,1.0560177564620972,0,0.99809151887893677,0.0030351006425917149,-0.0027605600189417601,0,0,0,0,0,0
0,1535,120,-354.70599365234375,1.0010676383972168,0,0.99788945913314819,0.0023423582315444946,-0.0012761069228872657,0,0,0,0,0,0
0,1791,140,-354.65890502929688,0.97577422857284546,0,0.99774140119552612,0.0024864077568054199,-0.0012954242993146181,0,0,0,0,0,0
0,2047,160,-354.60891723632812,0.95010721683502197,0,0.99760282039642334,0.0022963716182857752,-0.001626447425223887,0,0,0,0,0,0
0,2303,180,-354.56268310546875,0.91777759790420532,0,0.99745696783065796,0.0023418620694428682,-0.0011610467918217182,0,0,0,0,0,0
