particle_id,particle_type,process,vx,vy,vz,vt,px,py,pz,m,q
0,0,0,0,-18.245021820068359,-261.154052734375,0,1,0,-4.3711388286737929e-08,0,-1
