particle_id,geometry_id,tx,ty,tz,tt,tpx,tpy,tpz,te,deltapx,deltapy,deltapz,deltae,index
0,255,20,319.37872314453125,-42.423587799072266,0,0.99982297420501709,-0.0018860729178413749,0.00025168221327476203,0,0,0,0,0,0
0,511,40,319.34097290039062,-42.418781280517578,0,0.99967342615127563,-0.001292254775762558,-0.0010588736040517688,0,0,0,0,0,0
0,767,60,319.31524658203125,-42.440120697021484,0,0.9995453953742981,-0.0012516261776909232,-0.0005828317953273654,0,0,0,0,0,0
0,1023,80,319.290283203125,-42.451930999755859,0,0.99937355518341064,-0.0010146009735763073,-0.00050696177640929818,0,0,0,0,0,0
0,1279,100,319.27005004882812,-42.462196350097656,0,0.99925082921981812,-0.00081026734551414847,-0.00014620395086240023,0,0,0,0,0,0
0,1535,120,319.25384521484375,-42.465221405029297,0,0.99903619289398193,-0.0017763496143743396,0.00024433844373561442,0,0,0,0,0,0
0,1791,140,319.21826171875,-42.460544586181641,0,0.99868530035018921,-0.0024150426033884287,0.0014033530605956912,0,0,0,0,0,0
0,2047,160,319.16973876953125,-42.432731628417969,0,0.99854034185409546,0.00068174878833815455,0.0017163282027468085,0,0,0,0,0,0
0,2303,180,319.18319702148438,-42.398273468017578,0,0.99841296672821045,-1.5731664461782202e-05,0.0021387506276369095,0,0,0,0,0,0
