particle_id,particle_type,process,vx,vy,vz,vt,px,py,pz,m,q
0,0,0,0,-140.29228210449219,32.309551239013672,0,1,0,-4.3711388286737929e-08,0,-1
