measurement_id,geometry_id,local_key,local0,local1,phi,theta,time,var_local0,var_local1,var_phi,var_theta,var_time
0,255,unknown,-183.11549377441406,11.610269546508789,-0.0021441124845296144,1.5724425315856934,0,0.0025000001769512892,0.0025000001769512892,0,0,0
1,511,unknown,-183.09941101074219,11.466754913330078,-0.0020169189665466547,1.5723092555999756,0,0.0025000001769512892,0.0025000001769512892,0,0,0
2,767,unknown,-183.11602783203125,11.558382034301758,-0.0020621127914637327,1.5722149610519409,0,0.0025000001769512892,0.0025000001769512892,0,0,0
3,1023,unknown,-183.14686584472656,11.514768600463867,-0.002909037983044982,1.5732035636901855,0,0.0025000001769512892,0.0025000001769512892,0,0,0
4,1279,unknown,-183.16242980957031,11.457520484924316,-0.0019600121304392815,1.5721116065979004,0,0.0025000001769512892,0.0025000001769512892,0,0,0
5,1535,unknown,-183.32466125488281,11.403362274169922,-0.0018231850117444992,1.5728251934051514,0,0.0025000001769512892,0.0025000001769512892,0,0,0
6,1791,unknown,-183.32902526855469,11.36099910736084,-0.0017232364043593407,1.5740004777908325,0,0.0025000001769512892,0.0025000001769512892,0,0,0
7,2047,unknown,-183.37608337402344,11.280302047729492,-0.0016053351573646069,1.5739889144897461,0,0.0025000001769512892,0.0025000001769512892,0,0,0
8,2303,unknown,-183.50741577148438,11.24199390411377,-0.00027332361787557602,1.5751489400863647,0,0.0025000001769512892,0.0025000001769512892,0,0,0
