measurement_id,geometry_id,local_key,local0,local1,phi,theta,time,var_local0,var_local1,var_phi,var_theta,var_time
0,255,unknown,57.841690063476562,-258.54019165039062,-0.00065721175633370876,1.5717977285385132,0,0.0025000001769512892,0.0025000001769512892,0,0,0
1,511,unknown,57.749687194824219,-258.52197265625,-0.0005380361108109355,1.5717902183532715,0,0.0025000001769512892,0.0025000001769512892,0,0,0
2,767,unknown,57.744033813476562,-258.550537109375,-0.00029761184123344719,1.5724533796310425,0,0.0025000001769512892,0.0025000001769512892,0,0,0
3,1023,unknown,57.773998260498047,-258.63955688476562,-0.00031722299172542989,1.5720788240432739,0,0.0025000001769512892,0.0025000001769512892,0,0,0
4,1279,unknown,57.854209899902344,-258.67962646484375,-0.00193540018517524,1.5734368562698364,0,0.0025000001769512892,0.0025000001769512892,0,0,0
5,1535,unknown,57.763999938964844,-258.62899780273438,-0.0018300809897482395,1.5734927654266357,0,0.0025000001769512892,0.0025000001769512892,0,0,0
6,1791,unknown,57.763149261474609,-258.78762817382812,-0.00087813008576631546,1.5752673149108887,0,0.0025000001769512892,0.0025000001769512892,0,0,0
7,2047,unknown,57.685749053955078,-258.78558349609375,-0.00068170396843925118,1.5753345489501953,0,0.0025000001769512892,0.0025000001769512892,0,0,0
8,2303,unknown,57.637073516845703,-258.88870239257812,-0.00081246707122772932,1.5748894214630127,0,0.0025000001769512892,0.0025000001769512892,0,0,0
