measurement_id,geometry_id,local_key,local0,local1,phi,theta,time,var_local0,var_local1,var_phi,var_theta,var_time
0,255,unknown,56.412330627441406,1.7084591388702393,-0.0012385058216750622,1.5692158937454224,0,0.0025000001769512892,0.0025000001769512892,0,0,0
1,511,unknown,56.387733459472656,1.7849197387695312,-0.0023073209449648857,1.5704145431518555,0,0.0025000001769512892,0.0025000001769512892,0,0,0
2,767,unknown,56.299732208251953,1.7331428527832031,-0.0017999452538788319,1.5706045627593994,0,0.0025000001769512892,0.0025000001769512892,0,0,0
3,1023,unknown,56.265621185302734,1.7914818525314331,-0.0010259457631036639,1.5714473724365234,0,0.0025000001769512892,0.0025000001769512892,0,0,0
4,1279,unknown,56.301097869873047,1.7478340864181519,-0.0015708268620073795,1.5715992450714111,0,0.0025000001769512892,0.0025000001769512892,0,0,0
5,1535,unknown,56.207668304443359,1.7241891622543335,-0.0028893584385514259,1.5727554559707642,0,0.0025000001769512892,0.0025000001769512892,0,0,0
6,1791,unknown,56.205234527587891,1.7860690355300903,-0.0022096161264926195,1.5740106105804443,0,0.0025000001769512892,0.0025000001769512892,0,0,0
7,2047,unknown,56.112442016601562,1.5224900245666504,-0.0029383497312664986,1.5741391181945801,0,0.0025000001769512892,0.0025000001769512892,0,0,0
8,2303,unknown,56.132358551025391,1.4854668378829956,-0.0036067366600036621,1.5752177238464355,0,0.0025000001769512892,0.0025000001769512892,0,0,0
