particle_id,particle_type,process,vx,vy,vz,vt,px,py,pz,m,q
0,0,0,0,167.065673828125,-112.71600341796875,0,1,0,-4.3711388286737929e-08,0,-1
