particle_id,geometry_id,tx,ty,tz,tt,tpx,tpy,tpz,te,deltapx,deltapy,deltapz,deltae,index
0,255,20,117.78812408447266,-124.87262725830078,0,0.99986481666564941,-0.00035123052657581866,0.0007934254826977849,0,0,0,0,0,0
0,511,40,117.781005859375,-124.85679626464844,0,0.9996105432510376,-0.00014750756963621825,0.0015936418203637004,0,0,0,0,0,0
0,767,60,117.77786254882812,-124.82492828369141,0,0.99947053194046021,0.0012965621426701546,0.00082861882401630282,0,0,0,0,0,0
0,1023,80,117.8037109375,-124.80818939208984,0,0.99923193454742432,-0.0013745309552177787,0.00071144732646644115,0,0,0,0,0,0
0,1279,100,117.77611541748047,-124.79411315917969,0,0.99907201528549194,-0.0025070717092603445,0.00081233109813183546,0,0,0,0,0,0
0,1535,120,117.725830078125,-124.77815246582031,0,0.99895316362380981,-0.0022871850524097681,0.0009304853156208992,0,0,0,0,0,0
0,1791,140,117.67992401123047,-124.75979614257812,0,0.99880355596542358,-0.0025138563942164183,0.00065815902780741453,0,0,0,0,0,0
0,2047,160,117.62950897216797,-124.74691772460938,0,0.99864757061004639,-0.0027088404167443514,-0.00036040350096300244,0,0,0,0,0,0
0,2303,180,117.57530212402344,-124.75446319580078,0,0.99845856428146362,-0.0026519747916609049,-0.00010871434642467648,0,0,0,0,0,0
