particle_id,geometry_id,tx,ty,tz,tt,tpx,tpy,tpz,te,deltapx,deltapy,deltapz,deltae,index
0,255,20,384.21804809570312,27.795171737670898,0,0.9997565746307373,-0.00038363016210496426,-0.00012375283404253423,0,0,0,0,0,0
0,511,40,384.21038818359375,27.79265022277832,0,0.99962753057479858,-0.00012415509263519198,0.00064118264708667994,0,0,0,0,0,0
0,767,60,384.20782470703125,27.805463790893555,0,0.99948549270629883,-0.00052428868366405368,0.0021150740794837475,0,0,0,0,0,0
0,1023,80,384.19708251953125,27.847723007202148,0,0.99933880567550659,-0.0016981683438643813,-8.4983832493890077e-05,0,0,0,0,0,0
0,1279,100,384.16311645507812,27.845817565917969,0,0.99915468692779541,-0.0025254955980926752,-0.00014225971244741231,0,0,0,0,0,0
0,1535,120,384.11257934570312,27.842666625976562,0,0.99902611970901489,-0.002703425008803606,-0.00070031429640948772,0,0,0,0,0,0
0,1791,140,384.05853271484375,27.82832145690918,0,0.998818039894104,-0.0029138980899006128,-0.00052799517288804054,0,0,0,0,0,0
0,2047,160,384.000244140625,27.817399978637695,0,0.99869513511657715,-0.00044596736552193761,-0.0010080721694976091,0,0,0,0,0,0
0,2303,180,383.99142456054688,27.797159194946289,0,0.99850195646286011,-0.00061445450410246849,-0.00084194820374250412,0,0,0,0,0,0
