particle_id,particle_type,process,vx,vy,vz,vt,px,py,pz,m,q
0,0,0,0,2.1958684921264648,-67.332504272460938,0,1,0,-4.3711388286737929e-08,0,-1
