measurement_id,geometry_id,local_key,local0,local1,phi,theta,time,var_local0,var_local1,var_phi,var_theta,var_time
0,255,unknown,72.562858581542969,-310.98345947265625,-0.00028224213747307658,1.5703260898590088,0,0.0025000001769512892,0.0025000001769512892,0,0,0
1,511,unknown,72.493278503417969,-310.91482543945312,0.0003087374207098037,1.5707732439041138,0,0.0025000001769512892,0.0025000001769512892,0,0,0
2,767,unknown,72.505149841308594,-310.9549560546875,0.00034808536292985082,1.5698919296264648,0,0.0025000001769512892,0.0025000001769512892,0,0,0
3,1023,unknown,72.501541137695312,-310.96505737304688,0.00076600804459303617,1.5696635246276855,0,0.0025000001769512892,0.0025000001769512892,0,0,0
4,1279,unknown,72.516853332519531,-310.96917724609375,-3.9947379264049232e-05,1.5692983865737915,0,0.0025000001769512892,0.0025000001769512892,0,0,0
5,1535,unknown,72.5328369140625,-310.87271118164062,-6.9644964241888374e-05,1.5693081617355347,0,0.0025000001769512892,0.0025000001769512892,0,0,0
6,1791,unknown,72.403739929199219,-310.89566040039062,0.0012019310379400849,1.569694995880127,0,0.0025000001769512892,0.0025000001769512892,0,0,0
7,2047,unknown,72.562362670898438,-310.86642456054688,0.00127815967425704,1.5691841840744019,0,0.0025000001769512892,0.0025000001769512892,0,0,0
8,2303,unknown,72.500381469726562,-310.83746337890625,0.0014254578854888678,1.569263219833374,0,0.0025000001769512892,0.0025000001769512892,0,0,0
