particle_id,geometry_id,tx,ty,tz,tt,tpx,tpy,tpz,te,deltapx,deltapy,deltapz,deltae,index
0,255,20,36.158767700195312,-53.178394317626953,0,0.99984967708587646,-0.00068526057293638587,-6.6075743234250695e-05,0,0,0,0,0,0
0,511,40,36.145069122314453,-53.179798126220703,0,0.99969011545181274,0.0010268924525007606,1.5091198292793706e-05,0,0,0,0,0,0
0,767,60,36.165611267089844,-53.179374694824219,0,0.9995618462562561,0.00096400466281920671,0.00017321074847131968,0,0,0,0,0,0
0,1023,80,36.184879302978516,-53.175792694091797,0,0.99940484762191772,0.0009060731390491128,0.00023072738258633763,0,0,0,0,0,0
0,1279,100,36.202983856201172,-53.171066284179688,0,0.99923521280288696,0.0010451851412653923,0.0001906645338749513,0,0,0,0,0,0
0,1535,120,36.223880767822266,-53.167125701904297,0,0.99909770488739014,0.0032128214370459318,0.00063548650359734893,0,0,0,0,0,0
0,1791,140,36.288116455078125,-53.154018402099609,0,0.99893671274185181,0.0029578071553260088,0.00066051015164703131,0,0,0,0,0,0
0,2047,160,36.347255706787109,-53.140438079833984,0,0.99870872497558594,0.0012534033739939332,0.00036581375752575696,0,0,0,0,0,0
0,2303,180,36.372310638427734,-53.132961273193359,0,0.99858719110488892,0.001076041255146265,0.00048052464262582362,0,0,0,0,0,0
