particle_id,particle_type,process,vx,vy,vz,vt,px,py,pz,m,q
0,0,0,0,41.347095489501953,-119.3460693359375,0,1,0,-4.3711388286737929e-08,0,-1
