measurement_id,geometry_id,local_key,local0,local1,phi,theta,time,var_local0,var_local1,var_phi,var_theta,var_time
0,255,unknown,-414.01055908203125,170.41963195800781,-0.00032624718733131886,1.5722523927688599,0,0.0025000001769512892,0.0025000001769512892,0,0,0
1,511,unknown,-413.985595703125,170.29750061035156,-0.00047580097452737391,1.572461724281311,0,0.0025000001769512892,0.0025000001769512892,0,0,0
2,767,unknown,-413.95602416992188,170.29402160644531,-0.0015455184038728476,1.5730479955673218,0,0.0025000001769512892,0.0025000001769512892,0,0,0
3,1023,unknown,-414.02105712890625,170.20286560058594,-0.0023887823335826397,1.5729094743728638,0,0.0025000001769512892,0.0025000001769512892,0,0,0
4,1279,unknown,-414.00540161132812,170.25160217285156,-0.0035716593265533447,1.5744122266769409,0,0.0025000001769512892,0.0025000001769512892,0,0,0
5,1535,unknown,-414.13970947265625,170.20317077636719,-0.0044492492452263832,1.573786735534668,0,0.0025000001769512892,0.0025000001769512892,0,0,0
6,1791,unknown,-414.24948120117188,170.125244140625,-0.0034906018991023302,1.5725042819976807,0,0.0025000001769512892,0.0025000001769512892,0,0,0
7,2047,unknown,-414.28582763671875,170.00601196289062,-0.0025052656419575214,1.5717509984970093,0,0.0025000001769512892,0.0025000001769512892,0,0,0
8,2303,unknown,-414.37747192382812,169.98304748535156,-0.0032182945869863033,1.5708218812942505,0,0.0025000001769512892,0.0025000001769512892,0,0,0
