particle_id,geometry_id,tx,ty,tz,tt,tpx,tpy,tpz,te,deltapx,deltapy,deltapz,deltae,index
0,255,20,136.62684631347656,118.06894683837891,0,0.99981677532196045,0.0010891442652791739,0.00032521906541660428,0,0,0,0,0,0
0,511,40,136.64859008789062,118.07558441162109,0,0.99953025579452515,0.00090039655333384871,0.00052113307174295187,0,0,0,0,0,0
0,767,60,136.66654968261719,118.08612060546875,0,0.99936830997467041,0.0014713703421875834,0.00073227385291829705,0,0,0,0,0,0
0,1023,80,136.69590759277344,118.1009521484375,0,0.99921929836273193,0.0011051016626879573,0.0011798037448897958,0,0,0,0,0,0
0,1279,100,136.71788024902344,118.12470245361328,0,0.9990803599357605,0.00096533005125820637,0.00064428587211295962,0,0,0,0,0,0
0,1535,120,136.73712158203125,118.13771820068359,0,0.99893039464950562,0.0010035949526354671,-0.00046136672608554363,0,0,0,0,0,0
0,1791,140,136.75726318359375,118.12860107421875,0,0.99873971939086914,0.001039874623529613,-0.00045175396371632814,0,0,0,0,0,0
0,2047,160,136.77813720703125,118.11968231201172,0,0.99859565496444702,0.001086413161829114,0.0012709680013358593,0,0,0,0,0,0
0,2303,180,136.79974365234375,118.145263671875,0,0.99840390682220459,0.0019429737003520131,-0.0002621240564621985,0,0,0,0,0,0
