particle_id,geometry_id,tx,ty,tz,tt,tpx,tpy,tpz,te,deltapx,deltapy,deltapz,deltae,index
0,255,20,307.96340942382812,-171.09210205078125,0,0.99985396862030029,6.1518912843894213e-05,5.979062188998796e-05,0,0,0,0,0,0
0,511,40,307.96463012695312,-171.09089660644531,0,0.99973511695861816,-0.0011034517083317041,-0.0011470111785456538,0,0,0,0,0,0
0,767,60,307.94268798828125,-171.11396789550781,0,0.99923950433731079,-0.0015466400654986501,-0.0021070195361971855,0,0,0,0,0,0
0,1023,80,307.9119873046875,-171.15632629394531,0,0.99909359216690063,-0.0013798357686027884,-0.001807051245123148,0,0,0,0,0,0
0,1279,100,307.88458251953125,-171.19265747070312,0,0.99876600503921509,-0.000514524697791785,-0.0018778949743136764,0,0,0,0,0,0
0,1535,120,307.87451171875,-171.23031616210938,0,0.99861186742782593,-6.8484259827528149e-05,-0.0018636765889823437,0,0,0,0,0,0
0,1791,140,307.87335205078125,-171.26765441894531,0,0.99843698740005493,0.00061207643011584878,-0.0016370873199775815,0,0,0,0,0,0
0,2047,160,307.88580322265625,-171.30036926269531,0,0.99831020832061768,0.0006813046638853848,-0.0016312859952449799,0,0,0,0,0,0
0,2303,180,307.899658203125,-171.33296203613281,0,0.99796766042709351,0.0012896569678559899,-0.0018077510176226497,0,0,0,0,0,0
