particle_id,particle_type,process,vx,vy,vz,vt,px,py,pz,m,q
0,0,0,0,74.366340637207031,-53.938770294189453,0,1,0,-4.3711388286737929e-08,0,-1
