measurement_id,geometry_id,local_key,local0,local1,phi,theta,time,var_local0,var_local1,var_phi,var_theta,var_time
0,255,unknown,-129.98103332519531,-212.0877685546875,5.9566787967924029e-05,1.5709384679794312,0,0.0025000001769512892,0.0025000001769512892,0,0,0
1,511,unknown,-130.10392761230469,-212.18450927734375,-0.00084989063907414675,1.5714530944824219,0,0.0025000001769512892,0.0025000001769512892,0,0,0
2,767,unknown,-130.09576416015625,-212.23037719726562,-0.00034458687878213823,1.5718427896499634,0,0.0025000001769512892,0.0025000001769512892,0,0,0
3,1023,unknown,-129.99169921875,-212.25669860839844,0.00095328298630192876,1.5717288255691528,0,0.0025000001769512892,0.0025000001769512892,0,0,0
4,1279,unknown,-130.12080383300781,-212.12210083007812,0.00070024066371843219,1.5724556446075439,0,0.0025000001769512892,0.0025000001769512892,0,0,0
5,1535,unknown,-130.11114501953125,-212.26382446289062,0.00033106497721746564,1.5725549459457397,0,0.0025000001769512892,0.0025000001769512892,0,0,0
6,1791,unknown,-130.00813293457031,-212.30323791503906,0.0011308242101222277,1.5721958875656128,0,0.0025000001769512892,0.0025000001769512892,0,0,0
7,2047,unknown,-129.98463439941406,-212.3831787109375,0.0013985078549012542,1.5740491151809692,0,0.0025000001769512892,0.0025000001769512892,0,0,0
8,2303,unknown,-129.94377136230469,-212.40628051757812,0.0014907300937920809,1.5737471580505371,0,0.0025000001769512892,0.0025000001769512892,0,0,0
