particle_id,geometry_id,tx,ty,tz,tt,tpx,tpy,tpz,te,deltapx,deltapy,deltapz,deltae,index
0,255,20,117.00617980957031,172.65953063964844,0,0.99988287687301636,0.00043872138485312462,0.00041976230568252504,0,0,0,0,0,0
0,511,40,117.01490783691406,172.66798400878906,0,0.99972820281982422,0.00033881227136589587,0.00086029450176283717,0,0,0,0,0,0
0,767,60,117.02158355712891,172.68524169921875,0,0.99957853555679321,0.00036483313306234777,0.00090961676323786378,0,0,0,0,0,0
0,1023,80,117.02877044677734,172.7034912109375,0,0.9994317889213562,-0.0001007519822451286,0.00069717277074232697,0,0,0,0,0,0
0,1279,100,117.02667236328125,172.71743774414062,0,0.99926984310150146,-0.00022244620777200907,0.00060068984748795629,0,0,0,0,0,0
0,1535,120,117.02214813232422,172.72943115234375,0,0.99908447265625,-5.6617609516251832e-05,0.0015381359262391925,0,0,0,0,0,0
0,1791,140,117.02082824707031,172.76020812988281,0,0.99895137548446655,0.00058242480736225843,0.001697504660114646,0,0,0,0,0,0
0,2047,160,117.03228759765625,172.79426574707031,0,0.99870622158050537,0.00061928731156513095,0.0016591094899922609,0,0,0,0,0,0
0,2303,180,117.04448699951172,172.82756042480469,0,0.998576819896698,0.00032931382884271443,0.001629967475309968,0,0,0,0,0,0
