measurement_id,geometry_id,local_key,local0,local1,phi,theta,time,var_local0,var_local1,var_phi,var_theta,var_time
0,255,unknown,-83.583854675292969,-262.3031005859375,-0.00060135516105219722,1.5718709230422974,0,0.0025000001769512892,0.0025000001769512892,0,0,0
1,511,unknown,-83.607154846191406,-262.3074951171875,-0.00043211752199567854,1.5723710060119629,0,0.0025000001769512892,0.0025000001769512892,0,0,0
2,767,unknown,-83.734626770019531,-262.4422607421875,-0.00040882715256884694,1.5729072093963623,0,0.0025000001769512892,0.0025000001769512892,0,0,0
3,1023,unknown,-83.617668151855469,-262.36325073242188,-0.00087346450891345739,1.5732190608978271,0,0.0025000001769512892,0.0025000001769512892,0,0,0
4,1279,unknown,-83.6734619140625,-262.26385498046875,-0.00078330171527341008,1.5734105110168457,0,0.0025000001769512892,0.0025000001769512892,0,0,0
5,1535,unknown,-83.714225769042969,-262.46783447265625,-0.00098433694802224636,1.5736572742462158,0,0.0025000001769512892,0.0025000001769512892,0,0,0
6,1791,unknown,-83.729240417480469,-262.60772705078125,-0.00091007363516837358,1.5718610286712646,0,0.0025000001769512892,0.0025000001769512892,0,0,0
7,2047,unknown,-83.71820068359375,-262.5257568359375,-0.00089911493705585599,1.5718621015548706,0,0.0025000001769512892,0.0025000001769512892,0,0,0
8,2303,unknown,-83.762672424316406,-262.50320434570312,-0.00061293540056794882,1.5715093612670898,0,0.0025000001769512892,0.0025000001769512892,0,0,0
