particle_id,particle_type,process,vx,vy,vz,vt,px,py,pz,m,q
0,0,0,0,-58.394901275634766,216.80815124511719,0,1,0,-4.3711388286737929e-08,0,-1
