particle_id,geometry_id,tx,ty,tz,tt,tpx,tpy,tpz,te,deltapx,deltapy,deltapz,deltae,index
0,255,20,350.21359252929688,61.733402252197266,0,0.99968701601028442,-0.00046954731806181371,-0.00025161579833365977,0,0,0,0,0,0
0,511,40,350.2042236328125,61.728313446044922,0,0.99952322244644165,-0.0022916633170098066,-0.0021434861700981855,0,0,0,0,0,0
0,767,60,350.15863037109375,61.685150146484375,0,0.99934911727905273,-0.0023031921591609716,-0.0019496416207402945,0,0,0,0,0,0
0,1023,80,350.11276245117188,61.645854949951172,0,0.99919998645782471,-0.0013684487203136086,-0.0019720981363207102,0,0,0,0,0,0
0,1279,100,350.08560180664062,61.606216430664062,0,0.9990653395652771,-0.00064538471633568406,-0.0025331422220915556,0,0,0,0,0,0
0,1535,120,350.072998046875,61.555431365966797,0,0.99891811609268188,-0.00060070713516324759,-0.0025372938252985477,0,0,0,0,0,0
0,1791,140,350.061279296875,61.504558563232422,0,0.99869769811630249,0.00044273323146626353,-0.0024198221508413553,0,0,0,0,0,0
0,2047,160,350.0704345703125,61.456153869628906,0,0.99851721525192261,0.00029906252166256309,-0.0025130638387054205,0,0,0,0,0,0
0,2303,180,350.07672119140625,61.405853271484375,0,0.99830126762390137,0.00062097812769934535,-0.0029126245062798262,0,0,0,0,0,0
