measurement_id,geometry_id,local_key,local0,local1,phi,theta,time,var_local0,var_local1,var_phi,var_theta,var_time
0,255,unknown,79.864501953125,-106.84332275390625,-0.00027984360349364579,1.5710642337799072,0,0.0025000001769512892,0.0025000001769512892,0,0,0
1,511,unknown,79.846763610839844,-106.80445098876953,-0.00077256828080862761,1.5720405578613281,0,0.0025000001769512892,0.0025000001769512892,0,0,0
2,767,unknown,79.820549011230469,-106.85031127929688,0.0010966716799885035,1.5707255601882935,0,0.0025000001769512892,0.0025000001769512892,0,0,0
3,1023,unknown,79.746406555175781,-106.82408905029297,0.0034783007577061653,1.570564866065979,0,0.0025000001769512892,0.0025000001769512892,0,0,0
4,1279,unknown,79.816818237304688,-106.81763458251953,0.0033196944277733564,1.5722872018814087,0,0.0025000001769512892,0.0025000001769512892,0,0,0
5,1535,unknown,79.942726135253906,-106.77861785888672,0.0036799735389649868,1.5725535154342651,0,0.0025000001769512892,0.0025000001769512892,0,0,0
6,1791,unknown,79.97161865234375,-106.87413787841797,0.0020196454133838415,1.5718784332275391,0,0.0025000001769512892,0.0025000001769512892,0,0,0
7,2047,unknown,80.103401184082031,-106.90423583984375,0.0019353075185790658,1.5723154544830322,0,0.0025000001769512892,0.0025000001769512892,0,0,0
8,2303,unknown,80.129508972167969,-106.91429138183594,0.0011361081851646304,1.5715841054916382,0,0.0025000001769512892,0.0025000001769512892,0,0,0
