particle_id,particle_type,process,vx,vy,vz,vt,px,py,pz,m,q
0,0,0,0,-26.846820831298828,20.566457748413086,0,1,0,-4.3711388286737929e-08,0,-1
