measurement_id,geometry_id,local_key,local0,local1,phi,theta,time,var_local0,var_local1,var_phi,var_theta,var_time
0,255,unknown,-60.694904327392578,17.65521240234375,-0.00046773400390520692,1.5723434686660767,0,0.0025000001769512892,0.0025000001769512892,0,0,0
1,511,unknown,-60.585979461669922,17.613393783569336,-0.001430787960998714,1.573262095451355,0,0.0025000001769512892,0.0025000001769512892,0,0,0
2,767,unknown,-60.689907073974609,17.567682266235352,-0.0011141813592985272,1.5723170042037964,0,0.0025000001769512892,0.0025000001769512892,0,0,0
3,1023,unknown,-60.685131072998047,17.549860000610352,-0.0010714239906519651,1.5722067356109619,0,0.0025000001769512892,0.0025000001769512892,0,0,0
4,1279,unknown,-60.678943634033203,17.430540084838867,-0.002064078114926815,1.5720773935317993,0,0.0025000001769512892,0.0025000001769512892,0,0,0
5,1535,unknown,-60.75262451171875,17.367902755737305,-0.0022228334564715624,1.5706672668457031,0,0.0025000001769512892,0.0025000001769512892,0,0,0
6,1791,unknown,-60.752731323242188,17.483371734619141,-0.001870951964519918,1.5697592496871948,0,0.0025000001769512892,0.0025000001769512892,0,0,0
7,2047,unknown,-60.840801239013672,17.465448379516602,-0.0030965243931859732,1.5695208311080933,0,0.0025000001769512892,0.0025000001769512892,0,0,0
8,2303,unknown,-60.922801971435547,17.468219757080078,-0.0039866045117378235,1.5682220458984375,0,0.0025000001769512892,0.0025000001769512892,0,0,0
