particle_id,geometry_id,tx,ty,tz,tt,tpx,tpy,tpz,te,deltapx,deltapy,deltapz,deltae,index
0,255,20,269.3709716796875,51.613964080810547,0,0.9998278021812439,-0.00048309747944585979,-0.00025212799664586782,0,0,0,0,0,0
0,511,40,269.361328125,51.608863830566406,0,0.99967950582504272,-0.00010485837265150622,0.00037463020998984575,0,0,0,0,0,0
0,767,60,269.35919189453125,51.616344451904297,0,0.99950426816940308,-0.00011144918971695006,0.00033512583468109369,0,0,0,0,0,0
0,1023,80,269.35693359375,51.623035430908203,0,0.99927657842636108,3.8290934753604233e-05,0.00014909837045706809,0,0,0,0,0,0
0,1279,100,269.35769653320312,51.626022338867188,0,0.99907577037811279,0.00098634278401732445,0.00052303995471447706,0,0,0,0,0,0
0,1535,120,269.37738037109375,51.636611938476562,0,0.99894577264785767,-0.00085659697651863098,0.00068492564605548978,0,0,0,0,0,0
0,1791,140,269.36013793945312,51.650222778320312,0,0.9987952709197998,0.0012851664796471596,-0.00094554532552137971,0,0,0,0,0,0
0,2047,160,269.385986328125,51.631443023681641,0,0.99863636493682861,0.00088113086530938745,-0.0021751506719738245,0,0,0,0,0,0
0,2303,180,269.40390014648438,51.587985992431641,0,0.99845027923583984,0.00040163143421523273,-0.0011416085762903094,0,0,0,0,0,0
