measurement_id,geometry_id,local_key,local0,local1,phi,theta,time,var_local0,var_local1,var_phi,var_theta,var_time
0,255,unknown,-61.219993591308594,331.76473999023438,0.00032011588336899877,1.5707124471664429,0,0.0025000001769512892,0.0025000001769512892,0,0,0
1,511,unknown,-61.224437713623047,331.82839965820312,0.00043581431964412332,1.5707404613494873,0,0.0025000001769512892,0.0025000001769512892,0,0,0
2,767,unknown,-61.23699951171875,331.74652099609375,0.0018062720773741603,1.5725255012512207,0,0.0025000001769512892,0.0025000001769512892,0,0,0
3,1023,unknown,-61.212642669677734,331.82989501953125,0.0035941405221819878,1.5713244676589966,0,0.0025000001769512892,0.0025000001769512892,0,0,0
4,1279,unknown,-61.163997650146484,331.65191650390625,0.0038039656355977058,1.569844126701355,0,0.0025000001769512892,0.0025000001769512892,0,0,0
5,1535,unknown,-60.934253692626953,331.72857666015625,0.0036123062018305063,1.568901538848877,0,0.0025000001769512892,0.0025000001769512892,0,0,0
6,1791,unknown,-60.870475769042969,331.71676635742188,0.0032352788839489222,1.5687406063079834,0,0.0025000001769512892,0.0025000001769512892,0,0,0
7,2047,unknown,-60.871788024902344,331.75900268554688,0.0036625792272388935,1.568742036819458,0,0.0025000001769512892,0.0025000001769512892,0,0,0
8,2303,unknown,-60.803127288818359,331.86276245117188,0.0034573243465274572,1.5674307346343994,0,0.0025000001769512892,0.0025000001769512892,0,0,0
