measurement_id,geometry_id,local_key,local0,local1,phi,theta,time,var_local0,var_local1,var_phi,var_theta,var_time
0,255,unknown,-121.01551055908203,152.81303405761719,0.000727048609405756,1.5700501203536987,0,0.0025000001769512892,0.0025000001769512892,0,0,0
1,511,unknown,-120.92636108398438,152.86283874511719,0.00051530421478673816,1.5699025392532349,0,0.0025000001769512892,0.0025000001769512892,0,0,0
2,767,unknown,-120.96266937255859,152.73422241210938,-0.00071114802267402411,1.5722540616989136,0,0.0025000001769512892,0.0025000001769512892,0,0,0
3,1023,unknown,-121.04125213623047,152.8226318359375,-0.00095930293900892138,1.5723792314529419,0,0.0025000001769512892,0.0025000001769512892,0,0,0
4,1279,unknown,-120.98196411132812,152.7410888671875,-0.0013455530861392617,1.5717766284942627,0,0.0025000001769512892,0.0025000001769512892,0,0,0
5,1535,unknown,-120.92540740966797,152.68841552734375,-0.0019894447177648544,1.5714412927627563,0,0.0025000001769512892,0.0025000001769512892,0,0,0
6,1791,unknown,-121.02031707763672,152.77902221679688,-0.0017040286911651492,1.5708974599838257,0,0.0025000001769512892,0.0025000001769512892,0,0,0
7,2047,unknown,-121.00126647949219,152.71923828125,-0.0021430794149637222,1.5707515478134155,0,0.0025000001769512892,0.0025000001769512892,0,0,0
8,2303,unknown,-121.07355499267578,152.66697692871094,-0.0012952166143804789,1.5708192586898804,0,0.0025000001769512892,0.0025000001769512892,0,0,0
