measurement_id,geometry_id,local_key,local0,local1,phi,theta,time,var_local0,var_local1,var_phi,var_theta,var_time
0,255,unknown,-230.1107177734375,-135.14305114746094,0.00083083781646564603,1.5714291334152222,0,0.0025000001769512892,0.0025000001769512892,0,0,0
1,511,unknown,-230.09622192382812,-135.15936279296875,0.0013452790444716811,1.5709488391876221,0,0.0025000001769512892,0.0025000001769512892,0,0,0
2,767,unknown,-230.15596008300781,-135.15536499023438,6.0397316701710224e-05,1.57076096534729,0,0.0025000001769512892,0.0025000001769512892,0,0,0
3,1023,unknown,-230.06472778320312,-135.2242431640625,0.00059098651399835944,1.5724838972091675,0,0.0025000001769512892,0.0025000001769512892,0,0,0
4,1279,unknown,-230.14518737792969,-135.20655822753906,0.0014119968982413411,1.5728566646575928,0,0.0025000001769512892,0.0025000001769512892,0,0,0
5,1535,unknown,-230.10675048828125,-135.31428527832031,0.0017148198094218969,1.5735690593719482,0,0.0025000001769512892,0.0025000001769512892,0,0,0
6,1791,unknown,-229.99229431152344,-135.35177612304688,0.0026794055011123419,1.5735424757003784,0,0.0025000001769512892,0.0025000001769512892,0,0,0
7,2047,unknown,-230.04435729980469,-135.41426086425781,0.0032933091279119253,1.5727484226226807,0,0.0025000001769512892,0.0025000001769512892,0,0,0
8,2303,unknown,-229.80735778808594,-135.42559814453125,0.0032010718714445829,1.5739227533340454,0,0.0025000001769512892,0.0025000001769512892,0,0,0
