particle_id,geometry_id,tx,ty,tz,tt,tpx,tpy,tpz,te,deltapx,deltapy,deltapz,deltae,index
0,255,20,-39.778030395507812,-62.809360504150391,0,0.99982428550720215,0.00029791638371534646,-0.00052745221182703972,0,0,0,0,0,0
0,511,40,-39.772006988525391,-62.819873809814453,0,0.99959027767181396,0.0010053938021883368,-0.000318678910844028,0,0,0,0,0,0
0,767,60,-39.751853942871094,-62.826129913330078,0,0.9994274377822876,-0.00071396975545212626,-0.0015967736253514886,0,0,0,0,0,0
0,1023,80,-39.765949249267578,-62.858169555664062,0,0.99914377927780151,-0.00053478730842471123,-0.0024636627640575171,0,0,0,0,0,0
0,1279,100,-39.776359558105469,-62.907546997070312,0,0.99892419576644897,-0.00038636152748949826,-0.0023559476248919964,0,0,0,0,0,0
0,1535,120,-39.7838134765625,-62.954761505126953,0,0.99877500534057617,-0.00045567163033410907,-0.0030286654364317656,0,0,0,0,0,0
0,1791,140,-39.792572021484375,-63.015460968017578,0,0.99859380722045898,0.0001921035727718845,-0.0029443094972521067,0,0,0,0,0,0
0,2047,160,-39.788372039794922,-63.074405670166016,0,0.99845606088638306,-0.0011174510000273585,-0.003839581273496151,0,0,0,0,0,0
0,2303,180,-39.810295104980469,-63.151447296142578,0,0.9982372522354126,-0.0010928737465292215,-0.0021279910579323769,0,0,0,0,0,0
