particle_id,geometry_id,tx,ty,tz,tt,tpx,tpy,tpz,te,deltapx,deltapy,deltapz,deltae,index
0,255,20,102.60359191894531,289.515625,0,0.9998241662979126,6.1437291151378304e-05,-0.00079765217378735542,0,0,0,0,0,0
0,511,40,102.60491943359375,289.49966430664062,0,0.99966371059417725,0.00056304404279217124,-0.0015189757104963064,0,0,0,0,0,0
0,767,60,102.61636352539062,289.46932983398438,0,0.99950498342514038,0.0013236324302852154,-0.00048450918984599411,0,0,0,0,0,0
0,1023,80,102.64290618896484,289.45980834960938,0,0.99930357933044434,0.0013931032735854387,-0.00052944140043109655,0,0,0,0,0,0
0,1279,100,102.67085266113281,289.44937133789062,0,0.99915421009063721,0.0029161309357732534,-0.00039953517261892557,0,0,0,0,0,0
0,1535,120,102.72927093505859,289.44171142578125,0,0.99896407127380371,0.0035250172950327396,-0.00087532988982275128,0,0,0,0,0,0
0,1791,140,102.79994964599609,289.42462158203125,0,0.99884676933288574,0.0039707077667117119,-0.00028617552015930414,0,0,0,0,0,0
0,2047,160,102.87948608398438,289.41937255859375,0,0.99870073795318604,0.0044963536784052849,-0.00065651640761643648,0,0,0,0,0,0
0,2303,180,102.9696044921875,289.40676879882812,0,0.99854117631912231,0.0044877016916871071,-0.0009131735423579812,0,0,0,0,0,0
