particle_id,geometry_id,tx,ty,tz,tt,tpx,tpy,tpz,te,deltapx,deltapy,deltapz,deltae,index
0,255,20,425.88888549804688,88.7608642578125,0,0.99979358911514282,-0.00020690073142759502,-0.00071920419577509165,0,0,0,0,0,0
0,511,40,425.88482666015625,88.746452331542969,0,0.99960529804229736,-0.00056091113947331905,-0.0016894086729735136,0,0,0,0,0,0
0,767,60,425.87380981445312,88.71258544921875,0,0.99916499853134155,-0.0024687612894922495,0.00098666478879749775,0,0,0,0,0,0
0,1023,80,425.82427978515625,88.732040405273438,0,0.9990265965461731,-0.0024438747204840183,0.00063067610608413815,0,0,0,0,0,0
0,1279,100,425.7752685546875,88.744369506835938,0,0.99887359142303467,-0.0042130225338041782,-0.00022378760331775993,0,0,0,0,0,0
0,1535,120,425.69094848632812,88.7393798828125,0,0.99872565269470215,-0.0034475012216717005,-0.00076249183621257544,0,0,0,0,0,0
0,1791,140,425.62200927734375,88.72369384765625,0,0.99855136871337891,-0.0035607859026640654,-0.0012107732472941279,0,0,0,0,0,0
0,2047,160,425.55084228515625,88.699012756347656,0,0.99835890531539917,-0.0028870142996311188,-0.001458682119846344,0,0,0,0,0,0
0,2303,180,425.49319458007812,88.669441223144531,0,0.99816519021987915,-0.0028227108996361494,-0.0014669662341475487,0,0,0,0,0,0
