particle_id,geometry_id,tx,ty,tz,tt,tpx,tpy,tpz,te,deltapx,deltapy,deltapz,deltae,index
0,255,20,-20.715480804443359,94.428375244140625,0,0.99966162443161011,6.1915081460028887e-05,-0.00091502320719882846,0,0,0,0,0,0
0,511,40,-20.714132308959961,94.410079956054688,0,0.99954813718795776,-6.807423778809607e-05,-0.001108785392716527,0,0,0,0,0,0
0,767,60,-20.715360641479492,94.387886047363281,0,0.99941706657409668,0.001725632231682539,-0.0018712582532316446,0,0,0,0,0,0
0,1023,80,-20.680604934692383,94.35064697265625,0,0.99927294254302979,0.0025738133117556572,-0.00034883589250966907,0,0,0,0,0,0
0,1279,100,-20.629051208496094,94.343971252441406,0,0.99868565797805786,0.0025154794566333294,-0.00038803735515102744,0,0,0,0,0,0
0,1535,120,-20.578630447387695,94.336502075195312,0,0.99823087453842163,0.0030388315208256245,0.00060720805777236819,0,0,0,0,0,0
0,1791,140,-20.517820358276367,94.349029541015625,0,0.99807196855545044,0.0023441433440893888,0.00026908863219432533,0,0,0,0,0,0
0,2047,160,-20.470880508422852,94.354705810546875,0,0.99774765968322754,0.0014725754735991359,-0.0003123824717476964,0,0,0,0,0,0
0,2303,180,-20.441326141357422,94.348625183105469,0,0.99753856658935547,0.0015318929217755795,-0.0001559424854349345,0,0,0,0,0,0
