particle_id,geometry_id,tx,ty,tz,tt,tpx,tpy,tpz,te,deltapx,deltapy,deltapz,deltae,index
0,255,20,304.926025390625,-69.897705078125,0,0.99989062547683716,-0.00016765465261414647,-0.0015984667697921395,0,0,0,0,0,0
0,511,40,304.9228515625,-69.929695129394531,0,0.99973875284194946,-0.00015839436673559248,-0.0016079967608675361,0,0,0,0,0,0
0,767,60,304.91986083984375,-69.961883544921875,0,0.99955403804779053,0.00012254176544956863,-0.000766575220040977,0,0,0,0,0,0
0,1023,80,304.92239379882812,-69.977203369140625,0,0.9993094801902771,7.8449185821227729e-05,-0.00030393659835681319,0,0,0,0,0,0
0,1279,100,304.92401123046875,-69.9832763671875,0,0.99913561344146729,0.00030663699726574123,0.00083512958372011781,0,0,0,0,0,0
0,1535,120,304.9300537109375,-69.966522216796875,0,0.99898058176040649,-0.00056536606280133128,0.0017289936076849699,0,0,0,0,0,0
0,1791,140,304.91851806640625,-69.931976318359375,0,0.9988517165184021,-0.00048361701192334294,0.0007969082216732204,0,0,0,0,0,0
0,2047,160,304.90875244140625,-69.91607666015625,0,0.9986611008644104,-0.0013141935924068093,0.00044163109851069748,0,0,0,0,0,0
0,2303,180,304.88238525390625,-69.907386779785156,0,0.99850791692733765,-0.0011644610203802586,0.00027777589275501668,0,0,0,0,0,0
