measurement_id,geometry_id,local_key,local0,local1,phi,theta,time,var_local0,var_local1,var_phi,var_theta,var_time
0,255,unknown,-159.27104187011719,-43.952621459960938,0.00032969025778584182,1.5703421831130981,0,0.0025000001769512892,0.0025000001769512892,0,0,0
1,511,unknown,-159.10128784179688,-43.926540374755859,9.6882737125270069e-05,1.5698139667510986,0,0.0025000001769512892,0.0025000001769512892,0,0,0
2,767,unknown,-159.22001647949219,-43.858840942382812,0.0011236683931201696,1.5695695877075195,0,0.0025000001769512892,0.0025000001769512892,0,0,0
3,1023,unknown,-159.1917724609375,-43.904407501220703,0.00053285359172150493,1.5704267024993896,0,0.0025000001769512892,0.0025000001769512892,0,0,0
4,1279,unknown,-159.12937927246094,-43.849704742431641,0.00019926743698306382,1.5710457563400269,0,0.0025000001769512892,0.0025000001769512892,0,0,0
5,1535,unknown,-159.19908142089844,-43.877227783203125,0.0003388230106793344,1.5726872682571411,0,0.0025000001769512892,0.0025000001769512892,0,0,0
6,1791,unknown,-159.13751220703125,-43.945098876953125,0.00022429075033869594,1.5721570253372192,0,0.0025000001769512892,0.0025000001769512892,0,0,0
7,2047,unknown,-159.117431640625,-43.853668212890625,-3.997058593085967e-05,1.5720309019088745,0,0.0025000001769512892,0.0025000001769512892,0,0,0
8,2303,unknown,-159.20474243164062,-44.040618896484375,-0.00087032746523618698,1.5715014934539795,0,0.0025000001769512892,0.0025000001769512892,0,0,0
