particle_id,geometry_id,tx,ty,tz,tt,tpx,tpy,tpz,te,deltapx,deltapy,deltapz,deltae,index
0,255,20,-14.609514236450195,70.490898132324219,0,0.99984908103942871,-0.00074955658055841923,0.0012475326657295227,0,0,0,0,0,0
0,511,40,-14.624656677246094,70.515762329101562,0,0.9996180534362793,-0.0010470725828781724,0.0012639276683330536,0,0,0,0,0,0
0,767,60,-14.645757675170898,70.540924072265625,0,0.99947899580001831,-0.00071652937913313508,0.0011017110664397478,0,0,0,0,0,0
0,1023,80,-14.66022777557373,70.562881469726562,0,0.99929916858673096,-0.00041540907113812864,0.0011346295941621065,0,0,0,0,0,0
0,1279,100,-14.668678283691406,70.585540771484375,0,0.99896174669265747,0.00028930994449183345,0.00070256105391308665,0,0,0,0,0,0
0,1535,120,-14.662970542907715,70.599639892578125,0,0.99875253438949585,0.00051623076433315873,0.00055382633581757545,0,0,0,0,0,0
0,1791,140,-14.65269947052002,70.610794067382812,0,0.99857580661773682,0.00074817118002101779,0.00079430744517594576,0,0,0,0,0,0
0,2047,160,-14.637810707092285,70.626792907714844,0,0.99843019247055054,-0.00013845873763784766,0.00084049097495153546,0,0,0,0,0,0
0,2303,180,-14.640685081481934,70.64361572265625,0,0.99830138683319092,-0.00016964176029432565,0.00083133805310353637,0,0,0,0,0,0
