particle_id,geometry_id,tx,ty,tz,tt,tpx,tpy,tpz,te,deltapx,deltapy,deltapz,deltae,index
0,255,20,-110.05914306640625,-128.68502807617188,0,0.99985402822494507,2.3912625692901202e-05,-0.00030684363446198404,0,0,0,0,0,0
0,511,40,-110.05862426757812,-128.691162109375,0,0.99966901540756226,-0.00039902699063532054,-0.00068467453820630908,0,0,0,0,0,0
0,767,60,-110.0665283203125,-128.70491027832031,0,0.9985889196395874,-0.00039108915370889008,-0.00068941066274419427,0,0,0,0,0,0
0,1023,80,-110.07427978515625,-128.71876525878906,0,0.99843662977218628,-0.00023078161757439375,-0.00054445449495688081,0,0,0,0,0,0
0,1279,100,-110.07883453369141,-128.72970581054688,0,0.99828743934631348,-0.001087953569367528,-0.00055627402616664767,0,0,0,0,0,0
0,1535,120,-110.10056304931641,-128.74098205566406,0,0.99812090396881104,4.7474673920078203e-05,-0.001924751908518374,0,0,0,0,0,0
0,1791,140,-110.09938049316406,-128.779541015625,0,0.99789315462112427,0.00063205853803083301,-0.0024348839651793242,0,0,0,0,0,0
0,2047,160,-110.08641815185547,-128.82826232910156,0,0.99774807691574097,0.0014373082667589188,-0.0027703046798706055,0,0,0,0,0,0
0,2303,180,-110.05727386474609,-128.88362121582031,0,0.99757480621337891,-0.00028256417135708034,-0.0025756228715181351,0,0,0,0,0,0
