particle_id,geometry_id,tx,ty,tz,tt,tpx,tpy,tpz,te,deltapx,deltapy,deltapz,deltae,index
0,255,20,376.3319091796875,-217.45166015625,0,0.99984258413314819,0.0014701160835102201,-0.00033794922637753189,0,0,0,0,0,0
0,511,40,376.36135864257812,-217.45823669433594,0,0.99969589710235596,0.0015046384651213884,-0.00026961343246512115,0,0,0,0,0,0
0,767,60,376.3914794921875,-217.46345520019531,0,0.99951076507568359,0.0012662821682170033,-0.00032449205173179507,0,0,0,0,0,0
0,1023,80,376.4168701171875,-217.46980285644531,0,0.99937063455581665,0.0020833974704146385,-4.7459219786105677e-05,0,0,0,0,0,0
0,1279,100,376.45855712890625,-217.47050476074219,0,0.99898010492324829,0.0035524014383554459,-3.719926462508738e-05,0,0,0,0,0,0
0,1535,120,376.52969360351562,-217.4708251953125,0,0.9987938404083252,0.0033363967668265104,0.00050455884775146842,0,0,0,0,0,0
0,1791,140,376.596435546875,-217.4603271484375,0,0.99857097864151001,0.0030515186954289675,0.0012545142089948058,0,0,0,0,0,0
0,2047,160,376.65740966796875,-217.43482971191406,0,0.99831461906433105,0.0026940158568322659,0.0019963320810347795,0,0,0,0,0,0
0,2303,180,376.71115112304688,-217.39451599121094,0,0.99818325042724609,0.0029974586796015501,0.0019322902662679553,0,0,0,0,0,0
