particle_id,geometry_id,tx,ty,tz,tt,tpx,tpy,tpz,te,deltapx,deltapy,deltapz,deltae,index
0,255,20,11.72905158996582,-165.96319580078125,0,0.99986767768859863,-3.4322663850616664e-05,0.00014215415285434574,0,0,0,0,0,0
0,511,40,11.728347778320312,-165.96035766601562,0,0.99925410747528076,0.0011241119354963303,-0.00065544451354071498,0,0,0,0,0,0
0,767,60,11.750925064086914,-165.97334289550781,0,0.99900245666503906,0.0018960939487442374,-0.00076615356374531984,0,0,0,0,0,0
0,1023,80,11.788975715637207,-165.98844909667969,0,0.99884998798370361,0.0022084817755967379,-0.0010445478837937117,0,0,0,0,0,0
0,1279,100,11.833320617675781,-166.00909423828125,0,0.99861675500869751,0.0032435737084597349,-0.0014032282633706927,0,0,0,0,0,0
0,1535,120,11.898448944091797,-166.03680419921875,0,0.99848842620849609,0.0038893579039722681,-0.0025672882329672575,0,0,0,0,0,0
0,1791,140,11.97666072845459,-166.08775329589844,0,0.99831902980804443,0.0026881822850555182,-0.001602505799382925,0,0,0,0,0,0
0,2047,160,12.030706405639648,-166.11953735351562,0,0.99815231561660767,0.0011223341571167111,-0.0034618077334016562,0,0,0,0,0,0
0,2303,180,12.053610801696777,-166.18876647949219,0,0.99776721000671387,0.00054281367920339108,-0.0041231121867895126,0,0,0,0,0,0
