particle_id,geometry_id,tx,ty,tz,tt,tpx,tpy,tpz,te,deltapx,deltapy,deltapz,deltae,index
0,255,20,-8.1949577331542969,-329.12319946289062,0,0.99982404708862305,0.0015682243974879384,0.0010051920544356108,0,0,0,0,0,0
0,511,40,-8.1637086868286133,-329.1029052734375,0,0.9996110200881958,0.0016799860168248415,0.002479268703609705,0,0,0,0,0,0
0,767,60,-8.1303939819335938,-329.0531005859375,0,0.99944627285003662,0.0023879199288785458,0.00283057801425457,0,0,0,0,0,0
0,1023,80,-8.0829496383666992,-328.99618530273438,0,0.99925768375396729,0.0010889575351029634,0.0023608172778040171,0,0,0,0,0,0
0,1279,100,-8.0614385604858398,-328.94879150390625,0,0.99907398223876953,0.0010589394951239228,0.0023725312203168869,0,0,0,0,0,0
0,1535,120,-8.0405254364013672,-328.90118408203125,0,0.99893879890441895,0.00094355788314715028,0.0023472022730857134,0,0,0,0,0,0
0,1791,140,-8.021916389465332,-328.85406494140625,0,0.99879157543182373,0.0018806002335622907,0.0022246979642659426,0,0,0,0,0,0
0,2047,160,-7.9845271110534668,-328.80929565429688,0,0.9978669285774231,0.0020656355191022158,0.0006433854578062892,0,0,0,0,0,0
0,2303,180,-7.943204402923584,-328.796142578125,0,0.99774175882339478,0.0030388005543500185,-0.00043584214290603995,0,0,0,0,0,0
