particle_id,geometry_id,tx,ty,tz,tt,tpx,tpy,tpz,te,deltapx,deltapy,deltapz,deltae,index
0,255,20,-86.220550537109375,316.73513793945312,0,0.99986046552658081,9.1769274149555713e-05,0.00029781876946799457,0,0,0,0,0,0
0,511,40,-86.21875,316.74111938476562,0,0.99968522787094116,0.0013239674735814333,-0.00050199567340314388,0,0,0,0,0,0
0,767,60,-86.19219970703125,316.73123168945312,0,0.99955230951309204,0.0014612417435273528,-0.00042972041410394013,0,0,0,0,0,0
0,1023,80,-86.162910461425781,316.72280883789062,0,0.99933493137359619,0.0021529628429561853,9.0102194008068182e-06,0,0,0,0,0,0
0,1279,100,-86.119827270507812,316.72323608398438,0,0.99918222427368164,0.0028456647414714098,0.0013327044434845448,0,0,0,0,0,0
0,1535,120,-86.063026428222656,316.750244140625,0,0.99902617931365967,0.0029170042835175991,0.0012012551305815578,0,0,0,0,0,0
0,1791,140,-86.004776000976562,316.77462768554688,0,0.99889135360717773,0.0033078356646001339,0.0011726348893716931,0,0,0,0,0,0
0,2047,160,-85.938690185546875,316.79849243164062,0,0.99871474504470825,0.002458988456055522,0.001005269237793982,0,0,0,0,0,0
0,2303,180,-85.889572143554688,316.81890869140625,0,0.99854737520217896,0.0025926260277628899,0.00057490280596539378,0,0,0,0,0,0
