particle_id,particle_type,process,vx,vy,vz,vt,px,py,pz,m,q
0,0,0,0,-510.16058349609375,170.17073059082031,0,1,0,-4.3711388286737929e-08,0,-1
