particle_id,particle_type,process,vx,vy,vz,vt,px,py,pz,m,q
0,0,0,0,-287.39425659179688,-52.821495056152344,0,1,0,-4.3711388286737929e-08,0,-1
