measurement_id,geometry_id,local_key,local0,local1,phi,theta,time,var_local0,var_local1,var_phi,var_theta,var_time
0,255,unknown,-156.2645263671875,-160.00245666503906,-0.0016106972470879555,1.5692574977874756,0,0.0025000001769512892,0.0025000001769512892,0,0,0
1,511,unknown,-156.26393127441406,-160.00909423828125,-0.0014250832609832287,1.5695958137512207,0,0.0025000001769512892,0.0025000001769512892,0,0,0
2,767,unknown,-156.19589233398438,-159.94168090820312,-0.00070938694989308715,1.5694390535354614,0,0.0025000001769512892,0.0025000001769512892,0,0,0
3,1023,unknown,-156.34735107421875,-159.98405456542969,0.00055866118054836988,1.569146990776062,0,0.0025000001769512892,0.0025000001769512892,0,0,0
4,1279,unknown,-156.29310607910156,-159.97509765625,0.0005640785675495863,1.5692089796066284,0,0.0025000001769512892,0.0025000001769512892,0,0,0
5,1535,unknown,-156.31053161621094,-159.92352294921875,-0.00030254124430939555,1.567463755607605,0,0.0025000001769512892,0.0025000001769512892,0,0,0
6,1791,unknown,-156.38365173339844,-159.85310363769531,-0.0011401568772271276,1.5673936605453491,0,0.0025000001769512892,0.0025000001769512892,0,0,0
7,2047,unknown,-156.27587890625,-159.73031616210938,-0.0023021239321678877,1.5673147439956665,0,0.0025000001769512892,0.0025000001769512892,0,0,0
8,2303,unknown,-156.44831848144531,-159.72976684570312,-0.0021005857270210981,1.5671738386154175,0,0.0025000001769512892,0.0025000001769512892,0,0,0
