particle_id,geometry_id,tx,ty,tz,tt,tpx,tpy,tpz,te,deltapx,deltapy,deltapz,deltae,index
0,255,20,-84.154220581054688,-17.030818939208984,0,0.99964296817779541,-0.00026226023328490555,0.00080909859389066696,0,0,0,0,0,0
0,511,40,-84.159561157226562,-17.014663696289062,0,0.99951612949371338,-0.0011280217440798879,0.0012368706520646811,0,0,0,0,0,0
0,767,60,-84.182281494140625,-16.990049362182617,0,0.99897938966751099,-0.0010428469395264983,0.0012373971985653043,0,0,0,0,0,0
0,1023,80,-84.20330810546875,-16.965402603149414,0,0.99884885549545288,-0.0016952224541455507,0.0011412641033530235,0,0,0,0,0,0
0,1279,100,-84.237388610839844,-16.942754745483398,0,0.99860614538192749,-0.0029889971483498812,0.0018104934133589268,0,0,0,0,0,0
0,1535,120,-84.297470092773438,-16.906854629516602,0,0.99846482276916504,-0.0028822144959121943,0.0027886419557034969,0,0,0,0,0,0
0,1791,140,-84.355537414550781,-16.851343154907227,0,0.99830549955368042,-0.0026642372831702232,0.0026516926009207964,0,0,0,0,0,0
0,2047,160,-84.409233093261719,-16.798542022705078,0,0.99818366765975952,-0.0039278138428926468,0.002574628684669733,0,0,0,0,0,0
0,2303,180,-84.488243103027344,-16.747428894042969,0,0.99804580211639404,-0.0037826690822839737,0.0020103165879845619,0,0,0,0,0,0
