particle_id,geometry_id,tx,ty,tz,tt,tpx,tpy,tpz,te,deltapx,deltapy,deltapz,deltae,index
0,255,20,-112.6522216796875,-344.62118530273438,0,0.99976450204849243,-0.0009914409602060914,-0.00049738719826564193,0,0,0,0,0,0
0,511,40,-112.6719970703125,-344.63125610351562,0,0.99958115816116333,0.0010032891295850277,-0.00095796654932200909,0,0,0,0,0,0
0,767,60,-112.65180969238281,-344.65029907226562,0,0.99943482875823975,0.00071504781953990459,-0.001016920548863709,0,0,0,0,0,0
0,1023,80,-112.63738250732422,-344.67056274414062,0,0.99913483858108521,-0.0015214624581858516,-0.0010386508656665683,0,0,0,0,0,0
0,1279,100,-112.66770935058594,-344.6915283203125,0,0.99897205829620361,-0.0017740029143169522,-0.0028823129832744598,0,0,0,0,0,0
0,1535,120,-112.702880859375,-344.74945068359375,0,0.99885350465774536,-0.0016301707364618778,-0.0028180275112390518,0,0,0,0,0,0
0,1791,140,-112.73518371582031,-344.80606079101562,0,0.99871116876602173,-0.0019125998951494694,-0.0032627815380692482,0,0,0,0,0,0
0,2047,160,-112.77309417724609,-344.87164306640625,0,0.99856173992156982,-0.0018864101730287075,-0.003867133054882288,0,0,0,0,0,0
0,2303,180,-112.81040954589844,-344.94931030273438,0,0.99839502573013306,0.00021193134307395667,-0.0036190387327224016,0,0,0,0,0,0
