particle_id,geometry_id,tx,ty,tz,tt,tpx,tpy,tpz,te,deltapx,deltapy,deltapz,deltae,index
0,255,20,-106.54926300048828,-140.10714721679688,0,0.99985718727111816,0.0015673430170863867,0.0020497110672295094,0,0,0,0,0,0
0,511,40,-106.51815795898438,-140.06596374511719,0,0.99970895051956177,0.0028683682903647423,0.001405627466738224,0,0,0,0,0,0
0,767,60,-106.46094512939453,-140.03750610351562,0,0.99955964088439941,0.0017616426339372993,0.001598210190422833,0,0,0,0,0,0
0,1023,80,-106.42588806152344,-140.00531005859375,0,0.99942851066589355,0.0017018851358443499,0.0011250083334743977,0,0,0,0,0,0
0,1279,100,-106.3919677734375,-139.98258972167969,0,0.9992944598197937,0.0025578860659152269,0.0016730766510590911,0,0,0,0,0,0
0,1535,120,-106.34097290039062,-139.94879150390625,0,0.99912029504776001,0.0022724464070051908,0.0017793828155845404,0,0,0,0,0,0
0,1791,140,-106.29570007324219,-139.91290283203125,0,0.99899667501449585,0.00039085355820134282,0.00042081932770088315,0,0,0,0,0,0
0,2047,160,-106.28792572021484,-139.90443420410156,0,0.99878472089767456,0.00041095470078289509,0.0025203174445778131,0,0,0,0,0,0
0,2303,180,-106.27999877929688,-139.85391235351562,0,0.99862509965896606,-0.00029253517277538776,0.0018276623450219631,0,0,0,0,0,0
