particle_id,geometry_id,tx,ty,tz,tt,tpx,tpy,tpz,te,deltapx,deltapy,deltapz,deltae,index
0,255,20,-351.4735107421875,-137.6605224609375,0,0.99986189603805542,-0.00057461985852569342,-0.001706410082988441,0,0,0,0,0,0
0,511,40,-351.48480224609375,-137.69471740722656,0,0.99974566698074341,9.5981362392194569e-05,-0.0019011889817193151,0,0,0,0,0,0
0,767,60,-351.482666015625,-137.73274230957031,0,0.99934989213943481,-7.0466689066961408e-05,-0.0018288379069417715,0,0,0,0,0,0
0,1023,80,-351.48385620117188,-137.76934814453125,0,0.99921178817749023,7.9770194133743644e-05,-0.0015241254586726427,0,0,0,0,0,0
0,1279,100,-351.48208618164062,-137.79985046386719,0,0.99902546405792236,0.0001643407013034448,-0.0021315754856914282,0,0,0,0,0,0
0,1535,120,-351.47854614257812,-137.84249877929688,0,0.99882543087005615,-0.00045868338202126324,-0.0011320357443764806,0,0,0,0,0,0
0,1791,140,-351.48757934570312,-137.86521911621094,0,0.99849581718444824,-0.0007173986523412168,-0.00069291744148358703,0,0,0,0,0,0
0,2047,160,-351.50186157226562,-137.87918090820312,0,0.99833190441131592,-0.0010485704988241196,-0.00072648387867957354,0,0,0,0,0,0
0,2303,180,-351.52276611328125,-137.89385986328125,0,0.9981880784034729,-0.0010060122003778815,-0.00078040221706032753,0,0,0,0,0,0
