particle_id,geometry_id,tx,ty,tz,tt,tpx,tpy,tpz,te,deltapx,deltapy,deltapz,deltae,index
0,255,20,322.28826904296875,38.614784240722656,0,0.99966537952423096,-0.00072639854624867439,0.00084510608576238155,0,0,0,0,0,0
0,511,40,322.27362060546875,38.631603240966797,0,0.99952977895736694,-0.00020894822955597192,0.00061323808040469885,0,0,0,0,0,0
0,767,60,322.26937866210938,38.643848419189453,0,0.99935859441757202,0.00068270968040451407,0.0014701759209856391,0,0,0,0,0,0
0,1023,80,322.28286743164062,38.673351287841797,0,0.99913954734802246,0.00076288159471005201,0.0011519573163241148,0,0,0,0,0,0
0,1279,100,322.29800415039062,38.696502685546875,0,0.99901270866394043,0.001073816092684865,0.00072046101558953524,0,0,0,0,0,0
0,1535,120,322.31942749023438,38.711055755615234,0,0.9988521933555603,0.00097998825367540121,0.00079667073441669345,0,0,0,0,0,0
0,1791,140,322.33895874023438,38.727123260498047,0,0.99862873554229736,0.00089242507237941027,0.0005891144392080605,0,0,0,0,0,0
0,2047,160,322.35675048828125,38.739028930664062,0,0.99844861030578613,0.0012780247488990426,0.0010953388409689069,0,0,0,0,0,0
0,2303,180,322.38223266601562,38.761123657226562,0,0.99818235635757446,0.002182448748499155,0.0036830410826951265,0,0,0,0,0,0
