particle_id,geometry_id,tx,ty,tz,tt,tpx,tpy,tpz,te,deltapx,deltapy,deltapz,deltae,index
0,255,20,-20.942195892333984,22.383792877197266,0,0.99977397918701172,-0.00094639835879206657,0.00036703812656924129,0,0,0,0,0,0
0,511,40,-20.961172103881836,22.391021728515625,0,0.99956232309341431,0.00062122492818161845,0.00079723686212673783,0,0,0,0,0,0
0,767,60,-20.948837280273438,22.407047271728516,0,0.99942845106124878,0.00062141224043443799,0.0002664751373231411,0,0,0,0,0,0
0,1023,80,-20.936433792114258,22.412454605102539,0,0.99919241666793823,0.002585157984867692,-0.0005396275082603097,0,0,0,0,0,0
0,1279,100,-20.884624481201172,22.40196418762207,0,0.99901419878005981,0.0030842942651361227,-0.0010284064337611198,0,0,0,0,0,0
0,1535,120,-20.822755813598633,22.381746292114258,0,0.9988289475440979,0.0034808316268026829,-0.0001185187284136191,0,0,0,0,0,0
0,1791,140,-20.753044128417969,22.379791259765625,0,0.99807369709014893,0.002370551461353898,0.00033012585481628776,0,0,0,0,0,0
0,2047,160,-20.705581665039062,22.386692047119141,0,0.99794167280197144,0.0028119061607867479,0.00061785749858245254,0,0,0,0,0,0
0,2303,180,-20.649303436279297,22.399412155151367,0,0.99775689840316772,0.0042242328636348248,0.0017251067329198122,0,0,0,0,0,0
