measurement_id,geometry_id,local_key,local0,local1,phi,theta,time,var_local0,var_local1,var_phi,var_theta,var_time
0,255,unknown,137.84600830078125,-132.36439514160156,0.00015454553067684174,1.5712755918502808,0,0.0025000001769512892,0.0025000001769512892,0,0,0
1,511,unknown,137.76388549804688,-132.31065368652344,-8.3774379163514823e-05,1.5710887908935547,0,0.0025000001769512892,0.0025000001769512892,0,0,0
2,767,unknown,137.81953430175781,-132.4180908203125,0.00010921653301920742,1.5719107389450073,0,0.0025000001769512892,0.0025000001769512892,0,0,0
3,1023,unknown,137.81863403320312,-132.28569030761719,0.00066740805050358176,1.5713473558425903,0,0.0025000001769512892,0.0025000001769512892,0,0,0
4,1279,unknown,137.83180236816406,-132.40586853027344,0.0020488349255174398,1.5748029947280884,0,0.0025000001769512892,0.0025000001769512892,0,0,0
5,1535,unknown,137.84385681152344,-132.55120849609375,0.0011904226848855615,1.5765782594680786,0,0.0025000001769512892,0.0025000001769512892,0,0,0
6,1791,unknown,137.85775756835938,-132.58609008789062,0.0012865185271948576,1.5766656398773193,0,0.0025000001769512892,0.0025000001769512892,0,0,0
7,2047,unknown,137.94767761230469,-132.68902587890625,0.0011442397953942418,1.5771355628967285,0,0.0025000001769512892,0.0025000001769512892,0,0,0
8,2303,unknown,137.96189880371094,-132.86883544921875,0.0005379730137065053,1.5764137506484985,0,0.0025000001769512892,0.0025000001769512892,0,0,0
