particle_id,particle_type,process,vx,vy,vz,vt,px,py,pz,m,q
0,0,0,0,244.54739379882812,10.987571716308594,0,1,0,-4.3711388286737929e-08,0,-1
