measurement_id,geometry_id,local_key,local0,local1,phi,theta,time,var_local0,var_local1,var_phi,var_theta,var_time
0,255,unknown,359.62347412109375,-645.9088134765625,-0.00045356867485679686,1.5707706212997437,0,0.0025000001769512892,0.0025000001769512892,0,0,0
1,511,unknown,359.45944213867188,-645.8123779296875,-0.00050624390132725239,1.5708513259887695,0,0.0025000001769512892,0.0025000001769512892,0,0,0
2,767,unknown,359.55404663085938,-645.82208251953125,-0.0016491453861817718,1.5707176923751831,0,0.0025000001769512892,0.0025000001769512892,0,0,0
3,1023,unknown,359.58721923828125,-645.81817626953125,-0.002299303887411952,1.5709671974182129,0,0.0025000001769512892,0.0025000001769512892,0,0,0
4,1279,unknown,359.49496459960938,-645.9564208984375,-0.0023850728757679462,1.5712440013885498,0,0.0025000001769512892,0.0025000001769512892,0,0,0
5,1535,unknown,359.4140625,-645.85736083984375,-0.0033743493258953094,1.5728269815444946,0,0.0025000001769512892,0.0025000001769512892,0,0,0
6,1791,unknown,359.33792114257812,-645.968994140625,-0.0034380110446363688,1.5727560520172119,0,0.0025000001769512892,0.0025000001769512892,0,0,0
7,2047,unknown,359.4090576171875,-645.887451171875,-0.0033568048384040594,1.5729696750640869,0,0.0025000001769512892,0.0025000001769512892,0,0,0
8,2303,unknown,359.21701049804688,-645.97137451171875,-0.0032808850519359112,1.5731531381607056,0,0.0025000001769512892,0.0025000001769512892,0,0,0
