measurement_id,geometry_id,local_key,local0,local1,phi,theta,time,var_local0,var_local1,var_phi,var_theta,var_time
0,255,unknown,112.38368225097656,44.342414855957031,0.00055300025269389153,1.5697959661483765,0,0.0025000001769512892,0.0025000001769512892,0,0,0
1,511,unknown,112.32099151611328,44.308952331542969,-0.00096697796834632754,1.5691900253295898,0,0.0025000001769512892,0.0025000001769512892,0,0,0
2,767,unknown,112.27960968017578,44.406593322753906,-0.00099913333542644978,1.5698404312133789,0,0.0025000001769512892,0.0025000001769512892,0,0,0
3,1023,unknown,112.3101806640625,44.401321411132812,0.0003478759026620537,1.5695580244064331,0,0.0025000001769512892,0.0025000001769512892,0,0,0
4,1279,unknown,112.25978851318359,44.448410034179688,0.00033208020613528788,1.56937575340271,0,0.0025000001769512892,0.0025000001769512892,0,0,0
5,1535,unknown,112.29743957519531,44.383609771728516,0.0003146822564303875,1.5693719387054443,0,0.0025000001769512892,0.0025000001769512892,0,0,0
6,1791,unknown,112.18819427490234,44.558929443359375,0.0019949653651565313,1.5674667358398438,0,0.0025000001769512892,0.0025000001769512892,0,0,0
7,2047,unknown,112.31298065185547,44.563880920410156,0.0019327071495354176,1.566834568977356,0,0.0025000001769512892,0.0025000001769512892,0,0,0
8,2303,unknown,112.3961181640625,44.709133148193359,0.0017814771272242069,1.5669077634811401,0,0.0025000001769512892,0.0025000001769512892,0,0,0
