particle_id,geometry_id,tx,ty,tz,tt,tpx,tpy,tpz,te,deltapx,deltapy,deltapz,deltae,index
0,255,20,-71.822845458984375,46.563945770263672,0,0.99979007244110107,-0.00031508991378359497,0.00019518013868946582,0,0,0,0,0,0
0,511,40,-71.829170227050781,46.567813873291016,0,0.99960958957672119,-0.00032920125522650778,6.2040096963755786e-05,0,0,0,0,0,0
0,767,60,-71.835762023925781,46.569015502929688,0,0.99947762489318848,1.6296906323987059e-05,0.00059116387274116278,0,0,0,0,0,0
0,1023,80,-71.83551025390625,46.580844879150391,0,0.99935024976730347,0.00095235311891883612,0.0018254163442179561,0,0,0,0,0,0
0,1279,100,-71.816673278808594,46.617488861083984,0,0.99921852350234985,0.0011678301962092519,0.0025798999704420567,0,0,0,0,0,0
0,1535,120,-71.793609619140625,46.669265747070312,0,0.99903124570846558,-0.00078378157922998071,0.0015462719602510333,0,0,0,0,0,0
0,1791,140,-71.809486389160156,46.700126647949219,0,0.99880564212799072,-0.00092478696024045348,0.0012378961546346545,0,0,0,0,0,0
0,2047,160,-71.828155517578125,46.724803924560547,0,0.99856781959533691,-0.0017611217917874455,6.7213237343821675e-05,0,0,0,0,0,0
0,2303,180,-71.863433837890625,46.725936889648438,0,0.99841511249542236,-0.0014611197402700782,0.00051983789307996631,0,0,0,0,0,0
