particle_id,geometry_id,tx,ty,tz,tt,tpx,tpy,tpz,te,deltapx,deltapy,deltapz,deltae,index
0,255,20,-49.937282562255859,62.426315307617188,0,0.99982833862304688,-0.00066224270267412066,0.00010412734991405159,0,0,0,0,0,0
0,511,40,-49.950542449951172,62.428318023681641,0,0.99970483779907227,-0.0013851647963747382,0.0014206330524757504,0,0,0,0,0,0
0,767,60,-49.978424072265625,62.456573486328125,0,0.99953544139862061,-0.00066984927980229259,0.0023376417811959982,0,0,0,0,0,0
0,1023,80,-49.992107391357422,62.503265380859375,0,0.99939900636672974,-0.0016138447681441903,0.0026986722368746996,0,0,0,0,0,0
0,1279,100,-50.024726867675781,62.557075500488281,0,0.99918943643569946,-0.0031295011285692453,0.0033379984088242054,0,0,0,0,0,0
0,1535,120,-50.0877685546875,62.623512268066406,0,0.99899208545684814,-0.003291586646810174,0.0026685267221182585,0,0,0,0,0,0
0,1791,140,-50.153984069824219,62.676540374755859,0,0.99861395359039307,-0.0022625792771577835,0.0032865451648831367,0,0,0,0,0,0
0,2047,160,-50.199691772460938,62.742088317871094,0,0.99836987257003784,-0.0027012934442609549,0.0029574977234005928,0,0,0,0,0,0
0,2303,180,-50.254161834716797,62.801010131835938,0,0.99823051691055298,-0.00093692645896226168,0.0027999959420412779,0,0,0,0,0,0
