particle_id,particle_type,process,vx,vy,vz,vt,px,py,pz,m,q
0,0,0,0,56.719242095947266,-77.635307312011719,0,1,0,-4.3711388286737929e-08,0,-1
