measurement_id,geometry_id,local_key,local0,local1,phi,theta,time,var_local0,var_local1,var_phi,var_theta,var_time
0,255,unknown,30.58857536315918,88.191596984863281,-0.00093257013941183686,1.5708822011947632,0,0.0025000001769512892,0.0025000001769512892,0,0,0
1,511,unknown,30.630586624145508,88.16510009765625,-0.0012367375893518329,1.5713872909545898,0,0.0025000001769512892,0.0025000001769512892,0,0,0
2,767,unknown,30.521451950073242,88.161239624023438,-0.0029962570406496525,1.5710074901580811,0,0.0025000001769512892,0.0025000001769512892,0,0,0
3,1023,unknown,30.464206695556641,88.093513488769531,-0.0048727579414844513,1.5702764987945557,0,0.0025000001769512892,0.0025000001769512892,0,0,0
4,1279,unknown,30.451459884643555,88.01068115234375,-0.0057330154813826084,1.5684137344360352,0,0.0025000001769512892,0.0025000001769512892,0,0,0
5,1535,unknown,30.298303604125977,88.170173645019531,-0.0056772166863083839,1.5703811645507812,0,0.0025000001769512892,0.0025000001769512892,0,0,0
6,1791,unknown,30.206310272216797,88.132942199707031,-0.005449085496366024,1.5693507194519043,0,0.0025000001769512892,0.0025000001769512892,0,0,0
7,2047,unknown,29.969207763671875,88.22882080078125,-0.0054967994801700115,1.5694516897201538,0,0.0025000001769512892,0.0025000001769512892,0,0,0
8,2303,unknown,29.923711776733398,88.210990905761719,-0.0042143934406340122,1.5700557231903076,0,0.0025000001769512892,0.0025000001769512892,0,0,0
