measurement_id,geometry_id,local_key,local0,local1,phi,theta,time,var_local0,var_local1,var_phi,var_theta,var_time
0,255,unknown,-322.42092895507812,96.926803588867188,0.00023606554896105081,1.5713920593261719,0,0.0025000001769512892,0.0025000001769512892,0,0,0
1,511,unknown,-322.45562744140625,96.96429443359375,-0.00085061235586181283,1.5698918104171753,0,0.0025000001769512892,0.0025000001769512892,0,0,0
2,767,unknown,-322.49038696289062,96.909744262695312,-0.00061578914755955338,1.5702686309814453,0,0.0025000001769512892,0.0025000001769512892,0,0,0
3,1023,unknown,-322.49008178710938,96.957984924316406,-0.00072866870323196054,1.5712298154830933,0,0.0025000001769512892,0.0025000001769512892,0,0,0
4,1279,unknown,-322.5516357421875,96.943214416503906,-0.00070599763421341777,1.5718237161636353,0,0.0025000001769512892,0.0025000001769512892,0,0,0
5,1535,unknown,-322.53353881835938,96.915870666503906,-0.00022464610810857266,1.5702234506607056,0,0.0025000001769512892,0.0025000001769512892,0,0,0
6,1791,unknown,-322.47409057617188,96.953170776367188,-9.4440649263560772e-05,1.5703977346420288,0,0.0025000001769512892,0.0025000001769512892,0,0,0
7,2047,unknown,-322.59939575195312,96.915191650390625,0.0009893481619656086,1.5709034204483032,0,0.0025000001769512892,0.0025000001769512892,0,0,0
8,2303,unknown,-322.433349609375,96.987663269042969,0.002141306409612298,1.5697855949401855,0,0.0025000001769512892,0.0025000001769512892,0,0,0
