particle_id,geometry_id,tx,ty,tz,tt,tpx,tpy,tpz,te,deltapx,deltapy,deltapz,deltae,index
0,255,20,154.15084838867188,209.42984008789062,0,0.99699628353118896,0.00066394149325788021,-0.00066703686024993658,0,0,0,0,0,0
0,511,40,154.16424560546875,209.41653442382812,0,0.99601930379867554,-0.0011460458626970649,-0.0007643398130312562,0,0,0,0,0,0
0,767,60,154.14132690429688,209.40104675292969,0,0.99584180116653442,-0.001518344390206039,-1.1321334568492603e-05,0,0,0,0,0,0
0,1023,80,154.11083984375,209.400634765625,0,0.9957161545753479,-0.00268964609131217,-0.00037572602741420269,0,0,0,0,0,0
0,1279,100,154.05686950683594,209.39276123046875,0,0.99555122852325439,-0.0035982893314212561,0.0002992668014485389,0,0,0,0,0,0
0,1535,120,153.98454284667969,209.39833068847656,0,0.99524962902069092,-0.0032228091731667519,0.00023546408920083195,0,0,0,0,0,0
0,1791,140,153.91975402832031,209.40267944335938,0,0.99511295557022095,-0.0031140660867094994,0.00091350555885583162,0,0,0,0,0,0
0,2047,160,153.8570556640625,209.420654296875,0,0.99491411447525024,-0.0023720264434814453,0.0017654878320172429,0,0,0,0,0,0
0,2303,180,153.80915832519531,209.45585632324219,0,0.9947742223739624,-0.0029136727098375559,0.0020666909404098988,0,0,0,0,0,0
