measurement_id,geometry_id,local_key,local0,local1,phi,theta,time,var_local0,var_local1,var_phi,var_theta,var_time
0,255,unknown,103.20561981201172,149.25628662109375,-0.0014286814257502556,1.5703352689743042,0,0.0025000001769512892,0.0025000001769512892,0,0,0
1,511,unknown,103.10445404052734,149.20399475097656,0.00012743823754135519,1.5705291032791138,0,0.0025000001769512892,0.0025000001769512892,0,0,0
2,767,unknown,103.18000030517578,149.16302490234375,0.00010222856508335099,1.5706571340560913,0,0.0025000001769512892,0.0025000001769512892,0,0,0
3,1023,unknown,103.09317779541016,149.24388122558594,-0.00012589353718794882,1.5702433586120605,0,0.0025000001769512892,0.0025000001769512892,0,0,0
4,1279,unknown,103.05924224853516,149.25949096679688,-0.00093005463713780046,1.569665789604187,0,0.0025000001769512892,0.0025000001769512892,0,0,0
5,1535,unknown,103.1365966796875,149.18968200683594,-0.00073339667869731784,1.5696694850921631,0,0.0025000001769512892,0.0025000001769512892,0,0,0
6,1791,unknown,103.12068939208984,149.25973510742188,-0.0010822177864611149,1.5684753656387329,0,0.0025000001769512892,0.0025000001769512892,0,0,0
7,2047,unknown,103.02716064453125,149.39141845703125,-0.0027970457449555397,1.5667177438735962,0,0.0025000001769512892,0.0025000001769512892,0,0,0
8,2303,unknown,103.03005218505859,149.47113037109375,-0.002224222756922245,1.5667340755462646,0,0.0025000001769512892,0.0025000001769512892,0,0,0
