measurement_id,geometry_id,local_key,local0,local1,phi,theta,time,var_local0,var_local1,var_phi,var_theta,var_time
0,255,unknown,-242.17620849609375,-319.85516357421875,-0.00034277309896424413,1.5709646940231323,0,0.0025000001769512892,0.0025000001769512892,0,0,0
1,511,unknown,-242.17964172363281,-319.81622314453125,-0.00043891326640732586,1.5709531307220459,0,0.0025000001769512892,0.0025000001769512892,0,0,0
2,767,unknown,-242.28443908691406,-319.8564453125,-7.2979331889655441e-05,1.5699881315231323,0,0.0025000001769512892,0.0025000001769512892,0,0,0
3,1023,unknown,-242.304443359375,-319.74737548828125,0.00035072327591478825,1.5701634883880615,0,0.0025000001769512892,0.0025000001769512892,0,0,0
4,1279,unknown,-242.32418823242188,-319.72933959960938,-4.4016356696374714e-05,1.5699886083602905,0,0.0025000001769512892,0.0025000001769512892,0,0,0
5,1535,unknown,-242.17938232421875,-319.7552490234375,-0.00022658208035863936,1.5699257850646973,0,0.0025000001769512892,0.0025000001769512892,0,0,0
6,1791,unknown,-242.26402282714844,-319.64993286132812,-0.00027319014770910144,1.5698606967926025,0,0.0025000001769512892,0.0025000001769512892,0,0,0
7,2047,unknown,-242.3624267578125,-319.8680419921875,-0.00059426442021504045,1.5708719491958618,0,0.0025000001769512892,0.0025000001769512892,0,0,0
8,2303,unknown,-242.25370788574219,-319.7518310546875,-0.00070360035169869661,1.5710527896881104,0,0.0025000001769512892,0.0025000001769512892,0,0,0
