measurement_id,geometry_id,local_key,local0,local1,phi,theta,time,var_local0,var_local1,var_phi,var_theta,var_time
0,255,unknown,-257.02456665039062,-35.687976837158203,0.00038854058948345482,1.5712491273880005,0,0.0025000001769512892,0.0025000001769512892,0,0,0
1,511,unknown,-256.99169921875,-35.616504669189453,0.00019071002316195518,1.5710043907165527,0,0.0025000001769512892,0.0025000001769512892,0,0,0
2,767,unknown,-256.9915771484375,-35.588943481445312,-0.00085851096082478762,1.5711421966552734,0,0.0025000001769512892,0.0025000001769512892,0,0,0
3,1023,unknown,-256.97433471679688,-35.657028198242188,-0.001641854178160429,1.5701552629470825,0,0.0025000001769512892,0.0025000001769512892,0,0,0
4,1279,unknown,-257.01089477539062,-35.689456939697266,-0.0019417940638959408,1.5682668685913086,0,0.0025000001769512892,0.0025000001769512892,0,0,0
5,1535,unknown,-257.05609130859375,-35.526458740234375,-0.0016715399688109756,1.5688502788543701,0,0.0025000001769512892,0.0025000001769512892,0,0,0
6,1791,unknown,-257.05804443359375,-35.541934967041016,-0.0015588904498144984,1.5688831806182861,0,0.0025000001769512892,0.0025000001769512892,0,0,0
7,2047,unknown,-257.09255981445312,-35.624122619628906,-0.0021531293168663979,1.5688643455505371,0,0.0025000001769512892,0.0025000001769512892,0,0,0
8,2303,unknown,-257.14303588867188,-35.502777099609375,-0.0023883646354079247,1.5692129135131836,0,0.0025000001769512892,0.0025000001769512892,0,0,0
