measurement_id,geometry_id,local_key,local0,local1,phi,theta,time,var_local0,var_local1,var_phi,var_theta,var_time
0,255,unknown,-202.85995483398438,-210.74673461914062,-0.0006458045681938529,1.5712964534759521,0,0.0025000001769512892,0.0025000001769512892,0,0,0
1,511,unknown,-202.85311889648438,-210.68930053710938,-0.00032768200617283583,1.5703258514404297,0,0.0025000001769512892,0.0025000001769512892,0,0,0
2,767,unknown,-202.85441589355469,-210.79541015625,-0.00085762736853212118,1.5693305730819702,0,0.0025000001769512892,0.0025000001769512892,0,0,0
3,1023,unknown,-202.91839599609375,-210.58277893066406,-0.0013979950454086065,1.5696184635162354,0,0.0025000001769512892,0.0025000001769512892,0,0,0
4,1279,unknown,-202.95268249511719,-210.68368530273438,-0.00055298133520409465,1.5700347423553467,0,0.0025000001769512892,0.0025000001769512892,0,0,0
5,1535,unknown,-202.90858459472656,-210.67996215820312,-0.0009330189204774797,1.5700459480285645,0,0.0025000001769512892,0.0025000001769512892,0,0,0
6,1791,unknown,-202.97467041015625,-210.63279724121094,-0.0011007062857970595,1.569627046585083,0,0.0025000001769512892,0.0025000001769512892,0,0,0
7,2047,unknown,-202.88198852539062,-210.59027099609375,-0.0023072939366102219,1.5696316957473755,0,0.0025000001769512892,0.0025000001769512892,0,0,0
8,2303,unknown,-202.99563598632812,-210.54319763183594,-0.0029797989409416914,1.5696840286254883,0,0.0025000001769512892,0.0025000001769512892,0,0,0
