particle_id,geometry_id,tx,ty,tz,tt,tpx,tpy,tpz,te,deltapx,deltapy,deltapz,deltae,index
0,255,20,-75.435348510742188,-193.8223876953125,0,0.99976783990859985,-0.00041720096487551928,-0.00039310471038334072,0,0,0,0,0,0
0,511,40,-75.443649291992188,-193.83030700683594,0,0.99960577487945557,-0.00090712547535076737,-0.00021394010400399566,0,0,0,0,0,0
0,767,60,-75.461769104003906,-193.83470153808594,0,0.99947261810302734,-0.00068724795710295439,0.0012434885138645768,0,0,0,0,0,0
0,1023,80,-75.475669860839844,-193.80990600585938,0,0.9992525577545166,-0.0017737655434757471,0.0020315570291131735,0,0,0,0,0,0
0,1279,100,-75.51141357421875,-193.76945495605469,0,0.99909693002700806,-0.0017864432884380221,0.0020037281792610884,0,0,0,0,0,0
0,1535,120,-75.547416687011719,-193.72955322265625,0,0.998768150806427,-0.0016063199145719409,0.0022216681391000748,0,0,0,0,0,0
0,1791,140,-75.579849243164062,-193.68525695800781,0,0.99864280223846436,-0.0018742410466074944,0.0017403166275471449,0,0,0,0,0,0
0,2047,160,-75.617591857910156,-193.650634765625,0,0.99850213527679443,-0.0018155135912820697,0.0019992026500403881,0,0,0,0,0,0
0,2303,180,-75.654197692871094,-193.61080932617188,0,0.99838441610336304,-0.0013880508486181498,0.0023687523789703846,0,0,0,0,0,0
