particle_id,particle_type,process,vx,vy,vz,vt,px,py,pz,m,q
0,0,0,0,-124.16532135009766,-82.009208679199219,0,1,0,-4.3711388286737929e-08,0,-1
