particle_id,particle_type,process,vx,vy,vz,vt,px,py,pz,m,q
0,0,0,0,84.875595092773438,205.47294616699219,0,1,0,-4.3711388286737929e-08,0,-1
