particle_id,geometry_id,tx,ty,tz,tt,tpx,tpy,tpz,te,deltapx,deltapy,deltapz,deltae,index
0,255,20,-173.22906494140625,-555.5836181640625,0,0.99977624416351318,-0.00069046561839058995,-0.0013426369987428188,0,0,0,0,0,0
0,511,40,-173.24272155761719,-555.61053466796875,0,0.99965119361877441,-0.00057692971313372254,-0.00074853637488558888,0,0,0,0,0,0
0,767,60,-173.25418090820312,-555.62554931640625,0,0.99935674667358398,-0.0011809716233983636,-0.0006004725000821054,0,0,0,0,0,0
0,1023,80,-173.27774047851562,-555.6376953125,0,0.99912470579147339,-0.0014988230541348457,0.00074722175486385822,0,0,0,0,0,0
0,1279,100,-173.30783081054688,-555.6229248046875,0,0.99896275997161865,-0.0022776029072701931,0.00046534428838640451,0,0,0,0,0,0
0,1535,120,-173.35348510742188,-555.6138916015625,0,0.99869102239608765,-0.0022052619606256485,-0.0007785349152982235,0,0,0,0,0,0
0,1791,140,-173.39755249023438,-555.6297607421875,0,0.99853229522705078,-0.0022746236063539982,0.0011857799254357815,0,0,0,0,0,0
0,2047,160,-173.44325256347656,-555.60626220703125,0,0.99836903810501099,-0.0019889422692358494,0.0013336403062567115,0,0,0,0,0,0
0,2303,180,-173.48326110839844,-555.57977294921875,0,0.99816828966140747,-0.003145106602460146,0.0014811638975515962,0,0,0,0,0,0
