measurement_id,geometry_id,local_key,local0,local1,phi,theta,time,var_local0,var_local1,var_phi,var_theta,var_time
0,255,unknown,123.92643737792969,-0.7335401177406311,-0.00016771946684457362,1.5704312324523926,0,0.0025000001769512892,0.0025000001769512892,0,0,0
1,511,unknown,123.88378143310547,-0.68363767862319946,0.00021553065744228661,1.571441650390625,0,0.0025000001769512892,0.0025000001769512892,0,0,0
2,767,unknown,123.94637298583984,-0.72249895334243774,0.00038701097946614027,1.5714083909988403,0,0.0025000001769512892,0.0025000001769512892,0,0,0
3,1023,unknown,123.90567016601562,-0.69779199361801147,0.00023246509954333305,1.5705407857894897,0,0.0025000001769512892,0.0025000001769512892,0,0,0
4,1279,unknown,123.95139312744141,-0.69745564460754395,0.00043564705993048847,1.5725383758544922,0,0.0025000001769512892,0.0025000001769512892,0,0,0
5,1535,unknown,123.81324005126953,-0.88563746213912964,8.4686340414918959e-05,1.5725733041763306,0,0.0025000001769512892,0.0025000001769512892,0,0,0
6,1791,unknown,123.92111206054688,-0.79585546255111694,1.3215838407631963e-05,1.5727303028106689,0,0.0025000001769512892,0.0025000001769512892,0,0,0
7,2047,unknown,123.85646820068359,-0.89259898662567139,-0.00029213997186161578,1.5731989145278931,0,0.0025000001769512892,0.0025000001769512892,0,0,0
8,2303,unknown,123.85926055908203,-0.9498826265335083,-0.0011840598890557885,1.5732156038284302,0,0.0025000001769512892,0.0025000001769512892,0,0,0
