measurement_id,geometry_id,local_key,local0,local1,phi,theta,time,var_local0,var_local1,var_phi,var_theta,var_time
0,255,unknown,120.36202239990234,11.188684463500977,-0.00012518803123384714,1.5707017183303833,0,0.0025000001769512892,0.0025000001769512892,0,0,0
1,511,unknown,120.29580688476562,11.166895866394043,0.00027953548124060035,1.5703625679016113,0,0.0025000001769512892,0.0025000001769512892,0,0,0
2,767,unknown,120.46853637695312,11.155016899108887,0.00061761552933603525,1.5701960325241089,0,0.0025000001769512892,0.0025000001769512892,0,0,0
3,1023,unknown,120.35831451416016,11.165267944335938,0.000430024549132213,1.5692509412765503,0,0.0025000001769512892,0.0025000001769512892,0,0,0
4,1279,unknown,120.43453216552734,11.067243576049805,-0.00023939748643897474,1.5692919492721558,0,0.0025000001769512892,0.0025000001769512892,0,0,0
5,1535,unknown,120.46682739257812,11.272428512573242,0.00040012510726228356,1.5691097974777222,0,0.0025000001769512892,0.0025000001769512892,0,0,0
6,1791,unknown,120.41038513183594,11.295529365539551,0.00034622655948624015,1.569149374961853,0,0.0025000001769512892,0.0025000001769512892,0,0,0
7,2047,unknown,120.37429809570312,11.306958198547363,0.00052903353935107589,1.5682303905487061,0,0.0025000001769512892,0.0025000001769512892,0,0,0
8,2303,unknown,120.50872802734375,11.28180980682373,-0.00016318603593390435,1.5698899030685425,0,0.0025000001769512892,0.0025000001769512892,0,0,0
