measurement_id,geometry_id,local_key,local0,local1,phi,theta,time,var_local0,var_local1,var_phi,var_theta,var_time
0,255,unknown,-60.682113647460938,258.324462890625,-7.7567296102643013e-05,1.5708659887313843,0,0.0025000001769512892,0.0025000001769512892,0,0,0
1,511,unknown,-60.656829833984375,258.34735107421875,0.00022228501620702446,1.5705693960189819,0,0.0025000001769512892,0.0025000001769512892,0,0,0
2,767,unknown,-60.670738220214844,258.21112060546875,-4.2128954191866796e-06,1.5705314874649048,0,0.0025000001769512892,0.0025000001769512892,0,0,0
3,1023,unknown,-60.658344268798828,258.220947265625,0.00035336590372025967,1.5703545808792114,0,0.0025000001769512892,0.0025000001769512892,0,0,0
4,1279,unknown,-60.563129425048828,258.36822509765625,0.00039666332304477692,1.5703461170196533,0,0.0025000001769512892,0.0025000001769512892,0,0,0
5,1535,unknown,-60.619041442871094,258.27471923828125,0.00074670289177447557,1.5702643394470215,0,0.0025000001769512892,0.0025000001769512892,0,0,0
6,1791,unknown,-60.580562591552734,258.31265258789062,-0.0012276481138542295,1.5708222389221191,0,0.0025000001769512892,0.0025000001769512892,0,0,0
7,2047,unknown,-60.553382873535156,258.41168212890625,-0.0011921037221327424,1.5713564157485962,0,0.0025000001769512892,0.0025000001769512892,0,0,0
8,2303,unknown,-60.598560333251953,258.32077026367188,-0.0010460447520017624,1.5712624788284302,0,0.0025000001769512892,0.0025000001769512892,0,0,0
