particle_id,geometry_id,tx,ty,tz,tt,tpx,tpy,tpz,te,deltapx,deltapy,deltapz,deltae,index
0,255,20,-248.94044494628906,160.00454711914062,0,0.99986892938613892,0.00085474253864958882,0.0015035860706120729,0,0,0,0,0,0
0,511,40,-248.92352294921875,160.03472900390625,0,0.99960863590240479,0.00092644733376801014,0.0015322704566642642,0,0,0,0,0,0
0,767,60,-248.90516662597656,160.06549072265625,0,0.99942469596862793,0.00067352910991758108,0.00095069973031058908,0,0,0,0,0,0
0,1023,80,-248.89179992675781,160.0845947265625,0,0.99915885925292969,-0.00033359121880494058,0.0002558025298640132,0,0,0,0,0,0
0,1279,100,-248.89851379394531,160.08967590332031,0,0.9989619255065918,-0.00041686769691295922,0.00074459845200181007,0,0,0,0,0,0
0,1535,120,-248.90695190429688,160.10453796386719,0,0.99875897169113159,-0.00058548199012875557,0.00068539276253432035,0,0,0,0,0,0
0,1791,140,-248.91876220703125,160.11819458007812,0,0.99857193231582642,0.00037279725074768066,0.00048230262473225594,0,0,0,0,0,0
0,2047,160,-248.91134643554688,160.12789916992188,0,0.99842828512191772,-8.2003141869790852e-05,-0.00038543666596524417,0,0,0,0,0,0
0,2303,180,-248.91294860839844,160.12016296386719,0,0.99823629856109619,-0.00069771695416420698,-0.00053875247249379754,0,0,0,0,0,0
