particle_id,geometry_id,tx,ty,tz,tt,tpx,tpy,tpz,te,deltapx,deltapy,deltapz,deltae,index
0,255,20,195.03294372558594,136.44210815429688,0,0.99988138675689697,-0.0012664551613852382,0.0008892722544260323,0,0,0,0,0,0
0,511,40,195.00750732421875,136.45974731445312,0,0.99954569339752197,-0.0016536074690520763,0.0008684794302098453,0,0,0,0,0,0
0,767,60,194.97431945800781,136.4769287109375,0,0.99939632415771484,-0.0019988964777439833,0.00070429773768410087,0,0,0,0,0,0
0,1023,80,194.93423461914062,136.49078369140625,0,0.99916690587997437,-0.0033114191610366106,-0.00068099924828857183,0,0,0,0,0,0
0,1279,100,194.8680419921875,136.47676086425781,0,0.99900341033935547,-0.0021973056718707085,-0.00086440471932291985,0,0,0,0,0,0
0,1535,120,194.82415771484375,136.45919799804688,0,0.99887746572494507,-0.0022286605089902878,-0.0020155229140073061,0,0,0,0,0,0
0,1791,140,194.77978515625,136.4185791015625,0,0.99871987104415894,-0.0025130219291895628,-0.0014189666835591197,0,0,0,0,0,0
0,2047,160,194.72962951660156,136.38986206054688,0,0.99851900339126587,-0.0019401938188821077,-0.00127595872618258,0,0,0,0,0,0
0,2303,180,194.69091796875,136.36407470703125,0,0.99836373329162598,-0.0019274810329079628,-0.0013023004867136478,0,0,0,0,0,0
