measurement_id,geometry_id,local_key,local0,local1,phi,theta,time,var_local0,var_local1,var_phi,var_theta,var_time
0,255,unknown,294.38198852539062,-288.816162109375,0.00095775979571044445,1.5728603601455688,0,0.0025000001769512892,0.0025000001769512892,0,0,0
1,511,unknown,294.39816284179688,-288.7962646484375,-0.00047945979167707264,1.5728151798248291,0,0.0025000001769512892,0.0025000001769512892,0,0,0
2,767,unknown,294.37637329101562,-288.7916259765625,-0.0019597157370299101,1.5724148750305176,0,0.0025000001769512892,0.0025000001769512892,0,0,0
3,1023,unknown,294.3603515625,-288.85281372070312,-0.0016724418383091688,1.5725370645523071,0,0.0025000001769512892,0.0025000001769512892,0,0,0
4,1279,unknown,294.28512573242188,-288.97061157226562,-0.0033026169985532761,1.5738093852996826,0,0.0025000001769512892,0.0025000001769512892,0,0,0
5,1535,unknown,294.16195678710938,-289.05276489257812,-0.0042264871299266815,1.5740737915039062,0,0.0025000001769512892,0.0025000001769512892,0,0,0
6,1791,unknown,294.14739990234375,-289.06423950195312,-0.0040760431438684464,1.5743004083633423,0,0.0025000001769512892,0.0025000001769512892,0,0,0
7,2047,unknown,294.00408935546875,-289.14767456054688,-0.0045032855123281479,1.5752403736114502,0,0.0025000001769512892,0.0025000001769512892,0,0,0
8,2303,unknown,293.93911743164062,-289.28378295898438,-0.003979208879172802,1.5753554105758667,0,0.0025000001769512892,0.0025000001769512892,0,0,0
