particle_id,particle_type,process,vx,vy,vz,vt,px,py,pz,m,q
0,0,0,0,76.438079833984375,-133.80206298828125,0,1,0,-4.3711388286737929e-08,0,-1
