particle_id,particle_type,process,vx,vy,vz,vt,px,py,pz,m,q
0,0,0,0,-124.16200256347656,-242.81962585449219,0,1,0,-4.3711388286737929e-08,0,-1
