particle_id,geometry_id,tx,ty,tz,tt,tpx,tpy,tpz,te,deltapx,deltapy,deltapz,deltae,index
0,255,20,-78.996810913085938,105.71295166015625,0,0.99977868795394897,1.0897173524426762e-05,-2.308177045051707e-06,0,0,0,0,0,0
0,511,40,-78.996589660644531,105.71290588378906,0,0.99959510564804077,0.00082953344099223614,-0.00047001495840959251,0,0,0,0,0,0
0,767,60,-78.979934692382812,105.70359802246094,0,0.99936419725418091,-7.2865033871494234e-05,9.7526644822210073e-05,0,0,0,0,0,0
0,1023,80,-78.981407165527344,105.70554351806641,0,0.99914157390594482,-0.00041127635631710291,0.00028950537671335042,0,0,0,0,0,0
0,1279,100,-78.989677429199219,105.71128845214844,0,0.99901211261749268,-0.0011561056599020958,0.00054813508177176118,0,0,0,0,0,0
0,1535,120,-79.012886047363281,105.72212219238281,0,0.99874502420425415,-0.0011888615554198623,0.00057120522251352668,0,0,0,0,0,0
0,1791,140,-79.036758422851562,105.73341369628906,0,0.99857014417648315,-0.0016640102257952094,-0.00046691464376635849,0,0,0,0,0,0
0,2047,160,-79.070030212402344,105.72386169433594,0,0.99841177463531494,-0.0024935698602348566,-0.0010897942120209336,0,0,0,0,0,0
0,2303,180,-79.119850158691406,105.70172882080078,0,0.99822813272476196,-0.0046250005252659321,-0.0015726212877780199,0,0,0,0,0,0
