particle_id,geometry_id,tx,ty,tz,tt,tpx,tpy,tpz,te,deltapx,deltapy,deltapz,deltae,index
0,255,20,-38.249320983886719,-16.419612884521484,0,0.99979132413864136,-1.8378925233264454e-05,-0.0001030190396704711,0,0,0,0,0,0
0,511,40,-38.249675750732422,-16.421676635742188,0,0.99951916933059692,0.0014226718340069056,-0.00043590206769295037,0,0,0,0,0,0
0,767,60,-38.221157073974609,-16.430227279663086,0,0.99936705827713013,0.002421652665361762,-0.0014913665363565087,0,0,0,0,0,0
0,1023,80,-38.172515869140625,-16.459781646728516,0,0.999225914478302,0.0027578731533139944,-0.001783353160135448,0,0,0,0,0,0
0,1279,100,-38.117103576660156,-16.495143890380859,0,0.99909698963165283,0.0022922551725059748,-0.0011104317381978035,0,0,0,0,0,0
0,1535,120,-38.071083068847656,-16.517097473144531,0,0.99892443418502808,0.0017868173308670521,-0.00077264307765290141,0,0,0,0,0,0
0,1791,140,-38.03521728515625,-16.532352447509766,0,0.99858999252319336,0.0016956912586465478,-0.0007540519000031054,0,0,0,0,0,0
0,2047,160,-38.001167297363281,-16.547250747680664,0,0.99834632873535156,0.0014312651474028826,-0.00090001476928591728,0,0,0,0,0,0
0,2303,180,-37.972385406494141,-16.565107345581055,0,0.99817615747451782,0.0013833296252414584,-0.00094055657973513007,0,0,0,0,0,0
