measurement_id,geometry_id,local_key,local0,local1,phi,theta,time,var_local0,var_local1,var_phi,var_theta,var_time
0,255,unknown,274.62957763671875,-77.251296997070312,2.7933809178648517e-05,1.5698617696762085,0,0.0025000001769512892,0.0025000001769512892,0,0,0
1,511,unknown,274.5712890625,-77.244354248046875,1.906446777866222e-05,1.5701979398727417,0,0.0025000001769512892,0.0025000001769512892,0,0,0
2,767,unknown,274.616943359375,-77.206077575683594,-0.00040953402640298009,1.571102499961853,0,0.0025000001769512892,0.0025000001769512892,0,0,0
3,1023,unknown,274.58645629882812,-77.204803466796875,-0.00033939129207283258,1.5697773694992065,0,0.0025000001769512892,0.0025000001769512892,0,0,0
4,1279,unknown,274.56439208984375,-77.210731506347656,0.00023520831018686295,1.5699889659881592,0,0.0025000001769512892,0.0025000001769512892,0,0,0
5,1535,unknown,274.62759399414062,-77.144828796386719,0.00027655434678308666,1.5697009563446045,0,0.0025000001769512892,0.0025000001769512892,0,0,0
6,1791,unknown,274.60543823242188,-77.254119873046875,0.0017850296571850777,1.5693092346191406,0,0.0025000001769512892,0.0025000001769512892,0,0,0
7,2047,unknown,274.61199951171875,-77.150001525878906,0.0024520549923181534,1.5683938264846802,0,0.0025000001769512892,0.0025000001769512892,0,0,0
8,2303,unknown,274.68429565429688,-77.065139770507812,0.0023140045814216137,1.5690711736679077,0,0.0025000001769512892,0.0025000001769512892,0,0,0
