particle_id,geometry_id,tx,ty,tz,tt,tpx,tpy,tpz,te,deltapx,deltapy,deltapz,deltae,index
0,255,20,-114.44041442871094,-38.891185760498047,0,0.99983710050582886,0.00027936135302297771,-0.00049456255510449409,0,0,0,0,0,0
0,511,40,-114.43476867675781,-38.901046752929688,0,0.99966859817504883,-0.00014595272659789771,0.00097476539667695761,0,0,0,0,0,0
0,767,60,-114.43780517578125,-38.881561279296875,0,0.99951112270355225,-0.00027899289852939546,0.00077145930845290422,0,0,0,0,0,0
0,1023,80,-114.4434814453125,-38.866157531738281,0,0.99931883811950684,7.9975761764217168e-05,0.0015332550974562764,0,0,0,0,0,0
0,1279,100,-114.44206237792969,-38.835464477539062,0,0.99919348955154419,-0.00042474947986193001,0.0016967249102890491,0,0,0,0,0,0
0,1535,120,-114.45076751708984,-38.801555633544922,0,0.99903613328933716,6.9821544457226992e-05,0.0031972944270819426,0,0,0,0,0,0
0,1791,140,-114.44975280761719,-38.737541198730469,0,0.9988105297088623,0.0022317790426313877,0.002398462500423193,0,0,0,0,0,0
0,2047,160,-114.40534973144531,-38.689247131347656,0,0.99865537881851196,0.002273274352774024,0.0025821414310485125,0,0,0,0,0,0
0,2303,180,-114.36013793945312,-38.637264251708984,0,0.9984932541847229,0.0022549424320459366,0.0028094281442463398,0,0,0,0,0,0
