particle_id,particle_type,process,vx,vy,vz,vt,px,py,pz,m,q
0,0,0,0,244.77699279785156,-13.867452621459961,0,1,0,-4.3711388286737929e-08,0,-1
