particle_id,particle_type,process,vx,vy,vz,vt,px,py,pz,m,q
0,0,0,0,-170.51446533203125,165.41685485839844,0,1,0,-4.3711388286737929e-08,0,-1
