measurement_id,geometry_id,local_key,local0,local1,phi,theta,time,var_local0,var_local1,var_phi,var_theta,var_time
0,255,unknown,-198.53375244140625,-232.37631225585938,-0.0010129109723493457,1.5710986852645874,0,0.0025000001769512892,0.0025000001769512892,0,0,0
1,511,unknown,-198.52688598632812,-232.39971923828125,-0.00034893915290012956,1.5715413093566895,0,0.0025000001769512892,0.0025000001769512892,0,0,0
2,767,unknown,-198.59346008300781,-232.44050598144531,0.00028109148843213916,1.5711804628372192,0,0.0025000001769512892,0.0025000001769512892,0,0,0
3,1023,unknown,-198.60031127929688,-232.37164306640625,0.0012839160626754165,1.5711597204208374,0,0.0025000001769512892,0.0025000001769512892,0,0,0
4,1279,unknown,-198.63743591308594,-232.37217712402344,0.0015301924431696534,1.5712769031524658,0,0.0025000001769512892,0.0025000001769512892,0,0,0
5,1535,unknown,-198.47689819335938,-232.45036315917969,0.0012587907258421183,1.5710121393203735,0,0.0025000001769512892,0.0025000001769512892,0,0,0
6,1791,unknown,-198.47442626953125,-232.43748474121094,-0.00020473715267144144,1.5707273483276367,0,0.0025000001769512892,0.0025000001769512892,0,0,0
7,2047,unknown,-198.52821350097656,-232.39170837402344,0.00033412844641134143,1.5715291500091553,0,0.0025000001769512892,0.0025000001769512892,0,0,0
8,2303,unknown,-198.51634216308594,-232.47685241699219,-0.0015382136916741729,1.5703129768371582,0,0.0025000001769512892,0.0025000001769512892,0,0,0
