particle_id,geometry_id,tx,ty,tz,tt,tpx,tpy,tpz,te,deltapx,deltapy,deltapz,deltae,index
0,255,20,-38.087635040283203,-16.754470825195312,0,0.99987393617630005,-4.1702442103996873e-05,-0.0013472972204908729,0,0,0,0,0,0
0,511,40,-38.088306427001953,-16.781425476074219,0,0.99968802928924561,0.0002255994186270982,-0.0011114431545138359,0,0,0,0,0,0
0,767,60,-38.083660125732422,-16.803632736206055,0,0.99950957298278809,0.00046080464380793273,-0.00042469729669392109,0,0,0,0,0,0
0,1023,80,-38.074390411376953,-16.812074661254883,0,0.99930107593536377,0.00086681172251701355,-0.00012095658894395456,0,0,0,0,0,0
0,1279,100,-38.057029724121094,-16.81439208984375,0,0.99918639659881592,-0.00016503945516888052,0.0011259253369644284,0,0,0,0,0,0
0,1535,120,-38.060466766357422,-16.791875839233398,0,0.99900734424591064,-0.0014734013238921762,0.0014504867140203714,0,0,0,0,0,0
0,1791,140,-38.090137481689453,-16.763015747070312,0,0.9988369345664978,0.00085378362564370036,0.0027183468919247389,0,0,0,0,0,0
0,2047,160,-38.073368072509766,-16.708484649658203,0,0.99869614839553833,0.0012661550426855683,0.0024467580951750278,0,0,0,0,0,0
0,2303,180,-38.048305511474609,-16.659334182739258,0,0.9985194206237793,0.00059335201513022184,0.0022212313488125801,0,0,0,0,0,0
