particle_id,geometry_id,tx,ty,tz,tt,tpx,tpy,tpz,te,deltapx,deltapy,deltapz,deltae,index
0,255,20,115.2431640625,14.885506629943848,0,0.99961429834365845,0.00069631723454222083,-0.0015869432827457786,0,0,0,0,0,0
0,511,40,115.25728607177734,14.853839874267578,0,0.99942648410797119,-0.00027124694315716624,-0.0014141282299533486,0,0,0,0,0,0
0,767,60,115.25202941894531,14.825509071350098,0,0.99913758039474487,-0.0008243432966992259,-0.00091085152234882116,0,0,0,0,0,0
0,1023,80,115.23564147949219,14.807177543640137,0,0.99889951944351196,-0.0011779768392443657,-0.00058686104603111744,0,0,0,0,0,0
0,1279,100,115.21212768554688,14.795286178588867,0,0.99876213073730469,-0.00094868958694860339,-0.0018134757410734892,0,0,0,0,0,0
0,1535,120,115.19335174560547,14.758858680725098,0,0.99861288070678711,-0.0011702569900080562,-0.0018255857285112143,0,0,0,0,0,0
0,1791,140,115.17013549804688,14.722156524658203,0,0.9983176589012146,-0.0014462791150435805,-0.0019544097594916821,0,0,0,0,0,0
0,2047,160,115.14139556884766,14.682829856872559,0,0.99812871217727661,-0.0043680393137037754,-0.0012992672855034471,0,0,0,0,0,0
0,2303,180,115.05403137207031,14.656270980834961,0,0.99792724847793579,-0.0044897813349962234,-0.0016260368283838034,0,0,0,0,0,0
