measurement_id,geometry_id,local_key,local0,local1,phi,theta,time,var_local0,var_local1,var_phi,var_theta,var_time
0,255,unknown,-158.77926635742188,-217.16558837890625,-0.0012003020383417606,1.5700581073760986,0,0.0025000001769512892,0.0025000001769512892,0,0,0
1,511,unknown,-158.76072692871094,-217.1605224609375,-0.0018779088277369738,1.5710492134094238,0,0.0025000001769512892,0.0025000001769512892,0,0,0
2,767,unknown,-158.88261413574219,-217.15191650390625,-0.0011413135798648,1.5718858242034912,0,0.0025000001769512892,0.0025000001769512892,0,0,0
3,1023,unknown,-158.88015747070312,-217.17945861816406,-0.00051983812591060996,1.5721572637557983,0,0.0025000001769512892,0.0025000001769512892,0,0,0
4,1279,unknown,-158.83621215820312,-217.18806457519531,-0.00047456368338316679,1.5718179941177368,0,0.0025000001769512892,0.0025000001769512892,0,0,0
5,1535,unknown,-158.77983093261719,-217.11849975585938,-0.00067543971817940474,1.5718638896942139,0,0.0025000001769512892,0.0025000001769512892,0,0,0
6,1791,unknown,-158.77207946777344,-217.22149658203125,-0.00070037978002801538,1.5717043876647949,0,0.0025000001769512892,0.0025000001769512892,0,0,0
7,2047,unknown,-158.90345764160156,-217.27017211914062,-0.0010089119896292686,1.5720219612121582,0,0.0025000001769512892,0.0025000001769512892,0,0,0
8,2303,unknown,-158.83465576171875,-217.35427856445312,-0.00011998268018942326,1.5733616352081299,0,0.0025000001769512892,0.0025000001769512892,0,0,0
