measurement_id,geometry_id,local_key,local0,local1,phi,theta,time,var_local0,var_local1,var_phi,var_theta,var_time
0,255,unknown,-173.17282104492188,-34.968864440917969,0.001357289613224566,1.5703666210174561,0,0.0025000001769512892,0.0025000001769512892,0,0,0
1,511,unknown,-173.26554870605469,-35.015598297119141,0.0015096446732059121,1.5704876184463501,0,0.0025000001769512892,0.0025000001769512892,0,0,0
2,767,unknown,-173.26078796386719,-34.911334991455078,0.0013807798968628049,1.5702359676361084,0,0.0025000001769512892,0.0025000001769512892,0,0,0
3,1023,unknown,-173.12814331054688,-34.89691162109375,0.001158164581283927,1.5700547695159912,0,0.0025000001769512892,0.0025000001769512892,0,0,0
4,1279,unknown,-173.20693969726562,-34.970878601074219,0.001888674683868885,1.57277512550354,0,0.0025000001769512892,0.0025000001769512892,0,0,0
5,1535,unknown,-173.06533813476562,-34.957241058349609,0.0015927704516798258,1.5726902484893799,0,0.0025000001769512892,0.0025000001769512892,0,0,0
6,1791,unknown,-173.14013671875,-35.047119140625,0.0019644859712570906,1.5716464519500732,0,0.0025000001769512892,0.0025000001769512892,0,0,0
7,2047,unknown,-173.04141235351562,-35.033737182617188,0.0019270930206403136,1.5717736482620239,0,0.0025000001769512892,0.0025000001769512892,0,0,0
8,2303,unknown,-172.97726440429688,-35.098106384277344,0.001546644838526845,1.5715290307998657,0,0.0025000001769512892,0.0025000001769512892,0,0,0
