particle_id,particle_type,process,vx,vy,vz,vt,px,py,pz,m,q
0,0,0,0,-233.56895446777344,-60.481895446777344,0,1,0,-4.3711388286737929e-08,0,-1
