particle_id,geometry_id,tx,ty,tz,tt,tpx,tpy,tpz,te,deltapx,deltapy,deltapz,deltae,index
0,255,20,240.26560974121094,-33.961799621582031,0,0.9992327094078064,-0.0010628065792843699,-0.00068794959224760532,0,0,0,0,0,0
0,511,40,240.24441528320312,-33.975696563720703,0,0.99908334016799927,-0.00066350167617201805,0.00037714617792516947,0,0,0,0,0,0
0,767,60,240.23109436035156,-33.968227386474609,0,0.9989091157913208,-0.001020280527882278,0.0028173802420496941,0,0,0,0,0,0
0,1023,80,240.2103271484375,-33.911941528320312,0,0.99873852729797363,-0.00030488183256238699,0.0019986012484878302,0,0,0,0,0,0
0,1279,100,240.2039794921875,-33.871955871582031,0,0.9984738826751709,-0.00036242319038137794,0.0019348677014932036,0,0,0,0,0,0
0,1535,120,240.19648742675781,-33.833244323730469,0,0.99830335378646851,0.00033639147295616567,0.0016222617123275995,0,0,0,0,0,0
0,1791,140,240.20303344726562,-33.800704956054688,0,0.99812710285186768,0.00040499548777006567,0.0025861235335469246,0,0,0,0,0,0
0,2047,160,240.21083068847656,-33.748836517333984,0,0.99798297882080078,-0.00027000583941116929,0.0023548302706331015,0,0,0,0,0,0
0,2303,180,240.20513916015625,-33.701679229736328,0,0.99774378538131714,-0.00056522252270951867,0.0029343422502279282,0,0,0,0,0,0
