measurement_id,geometry_id,local_key,local0,local1,phi,theta,time,var_local0,var_local1,var_phi,var_theta,var_time
0,255,unknown,-457.846923828125,275.84060668945312,0.00012492174573708326,1.5703356266021729,0,0.0025000001769512892,0.0025000001769512892,0,0,0
1,511,unknown,-457.957763671875,275.73397827148438,-0.00058488291688263416,1.5713422298431396,0,0.0025000001769512892,0.0025000001769512892,0,0,0
2,767,unknown,-457.94717407226562,275.89596557617188,-0.0005338445189408958,1.5712810754776001,0,0.0025000001769512892,0.0025000001769512892,0,0,0
3,1023,unknown,-457.86801147460938,275.78530883789062,0.0014303314965218306,1.5688556432723999,0,0.0025000001769512892,0.0025000001769512892,0,0,0
4,1279,unknown,-457.89501953125,275.88613891601562,0.001139436149969697,1.5687726736068726,0,0.0025000001769512892,0.0025000001769512892,0,0,0
5,1535,unknown,-457.94454956054688,275.83865356445312,0.00097594031831249595,1.5685776472091675,0,0.0025000001769512892,0.0025000001769512892,0,0,0
6,1791,unknown,-457.86422729492188,276.0057373046875,0.0012510593514889479,1.5685597658157349,0,0.0025000001769512892,0.0025000001769512892,0,0,0
7,2047,unknown,-457.8399658203125,275.98709106445312,0.0029985054861754179,1.5670981407165527,0,0.0025000001769512892,0.0025000001769512892,0,0,0
8,2303,unknown,-457.80914306640625,276.07815551757812,0.0033125362824648619,1.5666269063949585,0,0.0025000001769512892,0.0025000001769512892,0,0,0
