particle_id,particle_type,process,vx,vy,vz,vt,px,py,pz,m,q
0,0,0,0,-94.816871643066406,333.24636840820312,0,1,0,-4.3711388286737929e-08,0,-1
