measurement_id,geometry_id,local_key,local0,local1,phi,theta,time,var_local0,var_local1,var_phi,var_theta,var_time
0,255,unknown,-423.64785766601562,248.10685729980469,-0.00034562151995487511,1.5681407451629639,0,0.0025000001769512892,0.0025000001769512892,0,0,0
1,511,unknown,-423.610107421875,248.13810729980469,-0.00046042649773880839,1.567379355430603,0,0.0025000001769512892,0.0025000001769512892,0,0,0
2,767,unknown,-423.5718994140625,248.12124633789062,0.00069455656921491027,1.566737174987793,0,0.0025000001769512892,0.0025000001769512892,0,0,0
3,1023,unknown,-423.65548706054688,248.29592895507812,-0.00019677556701935828,1.5662777423858643,0,0.0025000001769512892,0.0025000001769512892,0,0,0
4,1279,unknown,-423.67388916015625,248.32064819335938,0.00085913465591147542,1.5653797388076782,0,0.0025000001769512892,0.0025000001769512892,0,0,0
5,1535,unknown,-423.56442260742188,248.51141357421875,0.00089979305630549788,1.5653594732284546,0,0.0025000001769512892,0.0025000001769512892,0,0,0
6,1791,unknown,-423.57278442382812,248.566162109375,0.00048615981359034777,1.5650739669799805,0,0.0025000001769512892,0.0025000001769512892,0,0,0
7,2047,unknown,-423.69537353515625,248.72151184082031,0.00063319545006379485,1.5651166439056396,0,0.0025000001769512892,0.0025000001769512892,0,0,0
8,2303,unknown,-423.67706298828125,248.88090515136719,0.00010808235674630851,1.5645014047622681,0,0.0025000001769512892,0.0025000001769512892,0,0,0
