particle_id,particle_type,process,vx,vy,vz,vt,px,py,pz,m,q
0,0,0,0,20.895101547241211,-109.16960144042969,0,1,0,-4.3711388286737929e-08,0,-1
