particle_id,geometry_id,tx,ty,tz,tt,tpx,tpy,tpz,te,deltapx,deltapy,deltapz,deltae,index
0,255,20,310.89633178710938,154.10783386230469,0,0.9998244047164917,0.00018680311040952802,0.00029804639052599669,0,0,0,0,0,0
0,511,40,310.9000244140625,154.11381530761719,0,0.9996686577796936,0.00031325939926318824,-0.0001149233867181465,0,0,0,0,0,0
0,767,60,310.90631103515625,154.11155700683594,0,0.99951779842376709,0.00016910898557398468,-2.6495392376091331e-05,0,0,0,0,0,0
0,1023,80,310.90969848632812,154.11105346679688,0,0.9993746280670166,0.0018596805166453123,-0.0010028028627857566,0,0,0,0,0,0
0,1279,100,310.947021484375,154.09120178222656,0,0.99924874305725098,0.0020799252670258284,-0.0017867262940853834,0,0,0,0,0,0
0,1535,120,310.98886108398438,154.05569458007812,0,0.99911856651306152,0.0024543849285691977,-0.00098206126131117344,0,0,0,0,0,0
0,1791,140,311.03811645507812,154.03633117675781,0,0.99895888566970825,0.0047439108602702618,-0.0004622184787876904,0,0,0,0,0,0
0,2047,160,311.13314819335938,154.02764892578125,0,0.99881649017333984,0.0058815991505980492,-0.0031201713718473911,0,0,0,0,0,0
0,2303,180,311.25128173828125,153.96588134765625,0,0.99865734577178955,0.0061432481743395329,-0.0030345560517162085,0,0,0,0,0,0
