particle_id,particle_type,process,vx,vy,vz,vt,px,py,pz,m,q
0,0,0,0,-86.220550537109375,316.73513793945312,0,1,0,-4.3711388286737929e-08,0,-1
