particle_id,particle_type,process,vx,vy,vz,vt,px,py,pz,m,q
0,0,0,0,86.850898742675781,-242.12399291992188,0,1,0,-4.3711388286737929e-08,0,-1
