particle_id,geometry_id,tx,ty,tz,tt,tpx,tpy,tpz,te,deltapx,deltapy,deltapz,deltae,index
0,255,20,-61.405338287353516,181.93769836425781,0,0.99981522560119629,-0.00027567672077566385,-9.4201648607850075e-05,0,0,0,0,0,0
0,511,40,-61.410842895507812,181.93577575683594,0,0.99966096878051758,-0.00018645051750354469,0.00082269840640947223,0,0,0,0,0,0
0,767,60,-61.4146728515625,181.95220947265625,0,0.99946200847625732,0.00077293120557442307,-0.00019699068798217922,0,0,0,0,0,0
0,1023,80,-61.399181365966797,181.9483642578125,0,0.99927383661270142,0.00098371179774403572,-0.00014168066263664514,0,0,0,0,0,0
0,1279,100,-61.379474639892578,181.94564819335938,0,0.99902772903442383,0.0024250305723398924,0.000585421163123101,0,0,0,0,0,0
0,1535,120,-61.330997467041016,181.95765686035156,0,0.99887651205062866,0.0033299599308520555,-0.0024671847932040691,0,0,0,0,0,0
0,1791,140,-61.264026641845703,181.90866088867188,0,0.99869853258132935,0.0034172143787145615,-0.0025637762155383825,0,0,0,0,0,0
0,2047,160,-61.195285797119141,181.85772705078125,0,0.99845081567764282,0.0051429565064609051,-0.0033625464420765638,0,0,0,0,0,0
0,2303,180,-61.091865539550781,181.79098510742188,0,0.99822515249252319,0.0062089655548334122,-0.0039887074381113052,0,0,0,0,0,0
