measurement_id,geometry_id,local_key,local0,local1,phi,theta,time,var_local0,var_local1,var_phi,var_theta,var_time
0,255,unknown,7.5662593841552734,-275.87228393554688,-0.00015297334175556898,1.5706700086593628,0,0.0025000001769512892,0.0025000001769512892,0,0,0
1,511,unknown,7.4408364295959473,-275.73135375976562,0.00081117567606270313,1.5696011781692505,0,0.0025000001769512892,0.0025000001769512892,0,0,0
2,767,unknown,7.5150418281555176,-275.80023193359375,0.00093763001495972276,1.5683680772781372,0,0.0025000001769512892,0.0025000001769512892,0,0,0
3,1023,unknown,7.4728684425354004,-275.78155517578125,0.0022491198033094406,1.5684232711791992,0,0.0025000001769512892,0.0025000001769512892,0,0,0
4,1279,unknown,7.6067533493041992,-275.71185302734375,0.0017709905514493585,1.5682018995285034,0,0.0025000001769512892,0.0025000001769512892,0,0,0
5,1535,unknown,7.6247386932373047,-275.62518310546875,0.0024243465159088373,1.5685470104217529,0,0.0025000001769512892,0.0025000001769512892,0,0,0
6,1791,unknown,7.6566610336303711,-275.62850952148438,0.0013116402551531792,1.5680357217788696,0,0.0025000001769512892,0.0025000001769512892,0,0,0
7,2047,unknown,7.6955089569091797,-275.53378295898438,0.00024706876138225198,1.5690795183181763,0,0.0025000001769512892,0.0025000001769512892,0,0,0
8,2303,unknown,7.7134909629821777,-275.48989868164062,0.00098042970057576895,1.5676528215408325,0,0.0025000001769512892,0.0025000001769512892,0,0,0
