particle_id,geometry_id,tx,ty,tz,tt,tpx,tpy,tpz,te,deltapx,deltapy,deltapz,deltae,index
0,255,20,121.86567687988281,-253.87895202636719,0,0.99985408782958984,9.5291397883556783e-05,0.0001437017199350521,0,0,0,0,0,0
0,511,40,121.86756896972656,-253.87606811523438,0,0.99967312812805176,-0.00061148969689384103,-0.0015057622222229838,0,0,0,0,0,0
0,767,60,121.85551452636719,-253.90626525878906,0,0.99948990345001221,-4.1295199480373412e-05,-0.0038383118808269501,0,0,0,0,0,0
0,1023,80,121.85514831542969,-253.98307800292969,0,0.99934935569763184,0.00025146501138806343,-0.003458809107542038,0,0,0,0,0,0
0,1279,100,121.860595703125,-254.05226135253906,0,0.99921578168869019,0.00055224838433787227,-0.004017604049295187,0,0,0,0,0,0
0,1535,120,121.87213134765625,-254.13261413574219,0,0.99903923273086548,0.00096836965531110764,-0.0041978033259510994,0,0,0,0,0,0
0,1791,140,121.89202117919922,-254.21653747558594,0,0.99888181686401367,0.00096575514180585742,-0.0040978305041790009,0,0,0,0,0,0
0,2047,160,121.91184997558594,-254.2984619140625,0,0.99872887134552002,0.0004746521299239248,-0.0039189695380628109,0,0,0,0,0,0
0,2303,180,121.92182922363281,-254.37687683105469,0,0.99857306480407715,-0.00075726734939962626,-0.0035611169878393412,0,0,0,0,0,0
