measurement_id,geometry_id,local_key,local0,local1,phi,theta,time,var_local0,var_local1,var_phi,var_theta,var_time
0,255,unknown,-151.47703552246094,-291.8272705078125,0.00094728515250608325,1.5720429420471191,0,0.0025000001769512892,0.0025000001769512892,0,0,0
1,511,unknown,-151.36074829101562,-291.865234375,0.00015634001465514302,1.5720803737640381,0,0.0025000001769512892,0.0025000001769512892,0,0,0
2,767,unknown,-151.52445983886719,-291.88458251953125,0.00015722212265245616,1.5722616910934448,0,0.0025000001769512892,0.0025000001769512892,0,0,0
3,1023,unknown,-151.35247802734375,-291.8807373046875,-0.00012788479216396809,1.5721322298049927,0,0.0025000001769512892,0.0025000001769512892,0,0,0
4,1279,unknown,-151.43360900878906,-291.98883056640625,-0.00015072368842083961,1.5720151662826538,0,0.0025000001769512892,0.0025000001769512892,0,0,0
5,1535,unknown,-151.44012451171875,-291.93814086914062,-0.0019604673143476248,1.573182225227356,0,0.0025000001769512892,0.0025000001769512892,0,0,0
6,1791,unknown,-151.5255126953125,-292.03311157226562,-0.0015592182753607631,1.5746289491653442,0,0.0025000001769512892,0.0025000001769512892,0,0,0
7,2047,unknown,-151.53684997558594,-292.187744140625,-0.0024246082175523043,1.5747343301773071,0,0.0025000001769512892,0.0025000001769512892,0,0,0
8,2303,unknown,-151.58560180664062,-292.242919921875,-0.0010508517734706402,1.5747324228286743,0,0.0025000001769512892,0.0025000001769512892,0,0,0
