measurement_id,geometry_id,local_key,local0,local1,phi,theta,time,var_local0,var_local1,var_phi,var_theta,var_time
0,255,unknown,-220.0338134765625,-85.927848815917969,0.00041638151742517948,1.570747971534729,0,0.0025000001769512892,0.0025000001769512892,0,0,0
1,511,unknown,-220.01910400390625,-85.783744812011719,0.0018689394928514957,1.5714850425720215,0,0.0025000001769512892,0.0025000001769512892,0,0,0
2,767,unknown,-220.06034851074219,-85.873733520507812,0.001536828582175076,1.5710659027099609,0,0.0025000001769512892,0.0025000001769512892,0,0,0
3,1023,unknown,-219.9871826171875,-85.736564636230469,0.0035562952980399132,1.5727192163467407,0,0.0025000001769512892,0.0025000001769512892,0,0,0
4,1279,unknown,-219.978271484375,-85.833396911621094,0.0037251319736242294,1.5725349187850952,0,0.0025000001769512892,0.0025000001769512892,0,0,0
5,1535,unknown,-219.86488342285156,-85.913497924804688,0.0045474842190742493,1.5735131502151489,0,0.0025000001769512892,0.0025000001769512892,0,0,0
6,1791,unknown,-219.70986938476562,-86.041191101074219,0.004623018205165863,1.5733696222305298,0,0.0025000001769512892,0.0025000001769512892,0,0,0
7,2047,unknown,-219.62919616699219,-86.003807067871094,0.0047530950978398323,1.5731005668640137,0,0.0025000001769512892,0.0025000001769512892,0,0,0
8,2303,unknown,-219.56184387207031,-86.148468017578125,0.0049604545347392559,1.5732271671295166,0,0.0025000001769512892,0.0025000001769512892,0,0,0
