measurement_id,geometry_id,local_key,local0,local1,phi,theta,time,var_local0,var_local1,var_phi,var_theta,var_time
0,255,unknown,-185.72920227050781,-282.84841918945312,-0.0012152380077168345,1.5703744888305664,0,0.0025000001769512892,0.0025000001769512892,0,0,0
1,511,unknown,-185.78579711914062,-282.89581298828125,-0.0014150321949273348,1.5689976215362549,0,0.0025000001769512892,0.0025000001769512892,0,0,0
2,767,unknown,-185.77458190917969,-282.76272583007812,-0.0017307907110080123,1.5693140029907227,0,0.0025000001769512892,0.0025000001769512892,0,0,0
3,1023,unknown,-185.8892822265625,-282.79229736328125,-0.0020694471895694733,1.5694593191146851,0,0.0025000001769512892,0.0025000001769512892,0,0,0
4,1279,unknown,-185.85536193847656,-282.87020874023438,-0.0019231939222663641,1.5696247816085815,0,0.0025000001769512892,0.0025000001769512892,0,0,0
5,1535,unknown,-185.90744018554688,-282.81802368164062,-0.0022561284713447094,1.5697311162948608,0,0.0025000001769512892,0.0025000001769512892,0,0,0
6,1791,unknown,-185.87600708007812,-282.7750244140625,-0.0025603023823350668,1.5684601068496704,0,0.0025000001769512892,0.0025000001769512892,0,0,0
7,2047,unknown,-185.96600341796875,-282.5977783203125,-0.0016261294949799776,1.568759560585022,0,0.0025000001769512892,0.0025000001769512892,0,0,0
8,2303,unknown,-186.04789733886719,-282.52423095703125,-0.0017197978449985385,1.568689227104187,0,0.0025000001769512892,0.0025000001769512892,0,0,0
