particle_id,particle_type,process,vx,vy,vz,vt,px,py,pz,m,q
0,0,0,0,107.21566772460938,108.85262298583984,0,1,0,-4.3711388286737929e-08,0,-1
