particle_id,particle_type,process,vx,vy,vz,vt,px,py,pz,m,q
0,0,0,0,-214.80992126464844,517.8455810546875,0,1,0,-4.3711388286737929e-08,0,-1
