particle_id,geometry_id,tx,ty,tz,tt,tpx,tpy,tpz,te,deltapx,deltapy,deltapz,deltae,index
0,255,20,-50.687347412109375,218.01181030273438,0,0.99981272220611572,0.00040002947207540274,-0.00049228593707084656,0,0,0,0,0,0
0,511,40,-50.679286956787109,218.00201416015625,0,0.99957525730133057,0.0016038992907851934,-0.00032975614885799587,0,0,0,0,0,0
0,767,60,-50.64715576171875,217.99560546875,0,0.99943304061889648,0.0022620200179517269,3.820089841610752e-05,0,0,0,0,0,0
0,1023,80,-50.601894378662109,217.99664306640625,0,0.99920707941055298,0.0022348961792886257,0.00040566225652582943,0,0,0,0,0,0
0,1279,100,-50.557209014892578,218.00503540039062,0,0.99906164407730103,0.0015752081526443362,0.0011616345727816224,0,0,0,0,0,0
0,1535,120,-50.525814056396484,218.02847290039062,0,0.99891924858093262,0.001641696784645319,0.00080851389793679118,0,0,0,0,0,0
0,1791,140,-50.4930419921875,218.04486083984375,0,0.99877649545669556,0.0021527307108044624,-0.00040867034113034606,0,0,0,0,0,0
0,2047,160,-50.449886322021484,218.03694152832031,0,0.99858516454696655,0.0015887945191934705,-0.00065833923872560263,0,0,0,0,0,0
0,2303,180,-50.417987823486328,218.02394104003906,0,0.99808329343795776,0.00076393107883632183,-0.00047965539852157235,0,0,0,0,0,0
