particle_id,particle_type,process,vx,vy,vz,vt,px,py,pz,m,q
0,0,0,0,4.0776314735412598,-117.40870666503906,0,1,0,-4.3711388286737929e-08,0,-1
