particle_id,particle_type,process,vx,vy,vz,vt,px,py,pz,m,q
0,0,0,0,380.7911376953125,160.10368347167969,0,1,0,-4.3711388286737929e-08,0,-1
