measurement_id,geometry_id,local_key,local0,local1,phi,theta,time,var_local0,var_local1,var_phi,var_theta,var_time
0,255,unknown,158.23982238769531,-72.426963806152344,0.00047042904770933092,1.5713520050048828,0,0.0025000001769512892,0.0025000001769512892,0,0,0
1,511,unknown,158.19375610351562,-72.406234741210938,0.00025402591563761234,1.5709234476089478,0,0.0025000001769512892,0.0025000001769512892,0,0,0
2,767,unknown,158.16523742675781,-72.424232482910156,0.0003487917419988662,1.5709798336029053,0,0.0025000001769512892,0.0025000001769512892,0,0,0
3,1023,unknown,158.29280090332031,-72.577957153320312,-2.4187174858525395e-05,1.5707584619522095,0,0.0025000001769512892,0.0025000001769512892,0,0,0
4,1279,unknown,158.2645263671875,-72.494773864746094,0.00080999726196750998,1.5708464384078979,0,0.0025000001769512892,0.0025000001769512892,0,0,0
5,1535,unknown,158.18351745605469,-72.424606323242188,0.0018754713237285614,1.5713425874710083,0,0.0025000001769512892,0.0025000001769512892,0,0,0
6,1791,unknown,158.23655700683594,-72.5079345703125,0.0013848309172317386,1.5711902379989624,0,0.0025000001769512892,0.0025000001769512892,0,0,0
7,2047,unknown,158.24020385742188,-72.470901489257812,0.0012921338202431798,1.5717930793762207,0,0.0025000001769512892,0.0025000001769512892,0,0,0
8,2303,unknown,158.34788513183594,-72.551506042480469,0.00093334546545520425,1.5721350908279419,0,0.0025000001769512892,0.0025000001769512892,0,0,0
