particle_id,particle_type,process,vx,vy,vz,vt,px,py,pz,m,q
0,0,0,0,409.41094970703125,-80.853279113769531,0,1,0,-4.3711388286737929e-08,0,-1
