particle_id,particle_type,process,vx,vy,vz,vt,px,py,pz,m,q
0,0,0,0,-172.24200439453125,203.45793151855469,0,1,0,-4.3711388286737929e-08,0,-1
