particle_id,geometry_id,tx,ty,tz,tt,tpx,tpy,tpz,te,deltapx,deltapy,deltapz,deltae,index
0,255,20,-33.666854858398438,-69.253997802734375,0,0.99978584051132202,-0.00047250482020899653,-0.00044424165389500558,0,0,0,0,0,0
0,511,40,-33.676254272460938,-69.262939453125,0,0.99959337711334229,-0.00068150355946272612,-0.00079985143383964896,0,0,0,0,0,0
0,767,60,-33.689792633056641,-69.279022216796875,0,0.99918073415756226,-6.739148375345394e-05,-0.001894039916805923,0,0,0,0,0,0
0,1023,80,-33.690914154052734,-69.316940307617188,0,0.99904745817184448,0.0005929062026552856,-0.0011496754596009851,0,0,0,0,0,0
0,1279,100,-33.678905487060547,-69.339881896972656,0,0.99886423349380493,0.0001101473972084932,-0.001335100969299674,0,0,0,0,0,0
0,1535,120,-33.676540374755859,-69.366600036621094,0,0.99863070249557495,0.0011719741160050035,-0.0029576346278190613,0,0,0,0,0,0
0,1791,140,-33.652713775634766,-69.425689697265625,0,0.99831986427307129,0.0026205305475741625,-0.0018417163519188762,0,0,0,0,0,0
0,2047,160,-33.599994659423828,-69.462272644042969,0,0.99775475263595581,0.0033659045584499836,-0.0014463831903412938,0,0,0,0,0,0
0,2303,180,-33.532352447509766,-69.490859985351562,0,0.99755370616912842,0.0034276249352842569,-0.0010459311306476593,0,0,0,0,0,0
