particle_id,particle_type,process,vx,vy,vz,vt,px,py,pz,m,q
0,0,0,0,22.295829772949219,-384.2164306640625,0,1,0,-4.3711388286737929e-08,0,-1
