particle_id,geometry_id,tx,ty,tz,tt,tpx,tpy,tpz,te,deltapx,deltapy,deltapz,deltae,index
0,255,20,-132.19143676757812,-157.575927734375,0,0.99984878301620483,-0.00055725773563608527,-0.0004266293253749609,0,0,0,0,0,0
0,511,40,-132.20252990722656,-157.58453369140625,0,0.99966877698898315,-0.0013402905315160751,0.0001430793636245653,0,0,0,0,0,0
0,767,60,-132.22935485839844,-157.58183288574219,0,0.99951255321502686,-0.002222726121544838,0.00040376067045144737,0,0,0,0,0,0
0,1023,80,-132.27388000488281,-157.57402038574219,0,0.99924731254577637,-0.0020137359388172626,0.0009046714985743165,0,0,0,0,0,0
0,1279,100,-132.31428527832031,-157.55615234375,0,0.99864405393600464,-0.0016587398713454604,0.000773172068875283,0,0,0,0,0,0
0,1535,120,-132.34759521484375,-157.54086303710938,0,0.99846005439758301,-0.0012395067606121302,0.00091193232219666243,0,0,0,0,0,0
0,1791,140,-132.37252807617188,-157.52275085449219,0,0.99834555387496948,-0.0015606033848598599,0.0013547921553254128,0,0,0,0,0,0
0,2047,160,-132.40396118164062,-157.49580383300781,0,0.99819588661193848,-0.0008198478608392179,0.0014402639353647828,0,0,0,0,0,0
0,2303,180,-132.42056274414062,-157.467041015625,0,0.99808299541473389,-0.001512230490334332,0.0019877729937434196,0,0,0,0,0,0
