particle_id,geometry_id,tx,ty,tz,tt,tpx,tpy,tpz,te,deltapx,deltapy,deltapz,deltae,index
0,255,20,34.70751953125,-439.26495361328125,0,0.99987077713012695,5.3366049542091787e-05,0.00010949547140626237,0,0,0,0,0,0
0,511,40,34.708572387695312,-439.26275634765625,0,0.99957221746444702,-0.00041728781070560217,0.0002597214188426733,0,0,0,0,0,0
0,767,60,34.700191497802734,-439.25759887695312,0,0.9993404746055603,-0.00086156546603888273,-0.00020756937738042325,0,0,0,0,0,0
0,1023,80,34.682975769042969,-439.26187133789062,0,0.99905216693878174,-0.0018580208998173475,-0.00013700465206056833,0,0,0,0,0,0
0,1279,100,34.645797729492188,-439.26483154296875,0,0.99875396490097046,-0.0020212684758007526,-0.0013203117996454239,0,0,0,0,0,0
0,1535,120,34.605480194091797,-439.29150390625,0,0.99851334095001221,-0.0023003348615020514,-0.0011039504315704107,0,0,0,0,0,0
0,1791,140,34.559539794921875,-439.31390380859375,0,0.9983559250831604,-0.002177851740270853,-0.00070912670344114304,0,0,0,0,0,0
0,2047,160,34.515998840332031,-439.328369140625,0,0.99800628423690796,-0.0023043041583150625,-0.00057099002879112959,0,0,0,0,0,0
0,2303,180,34.469890594482422,-439.340087890625,0,0.99783992767333984,-0.0025093343574553728,-0.00062823004554957151,0,0,0,0,0,0
