measurement_id,geometry_id,local_key,local0,local1,phi,theta,time,var_local0,var_local1,var_phi,var_theta,var_time
0,255,unknown,443.9915771484375,299.04904174804688,-0.00091320736100897193,1.5702992677688599,0,0.0025000001769512892,0.0025000001769512892,0,0,0
1,511,unknown,444.07949829101562,298.99420166015625,-0.00098456023260951042,1.5698741674423218,0,0.0025000001769512892,0.0025000001769512892,0,0,0
2,767,unknown,444.01434326171875,299.12042236328125,-0.0012997678713873029,1.5699193477630615,0,0.0025000001769512892,0.0025000001769512892,0,0,0
3,1023,unknown,444.00650024414062,299.01312255859375,-0.00078750960528850555,1.5683790445327759,0,0.0025000001769512892,0.0025000001769512892,0,0,0
4,1279,unknown,443.92794799804688,299.20477294921875,-0.0013230877229943871,1.5694465637207031,0,0.0025000001769512892,0.0025000001769512892,0,0,0
5,1535,unknown,443.87191772460938,299.25503540039062,-0.0010768939973786473,1.5695796012878418,0,0.0025000001769512892,0.0025000001769512892,0,0,0
6,1791,unknown,443.97122192382812,299.19308471679688,-0.00080096593592315912,1.5697153806686401,0,0.0025000001769512892,0.0025000001769512892,0,0,0
7,2047,unknown,443.84933471679688,299.20462036132812,0.00049612123984843493,1.5705655813217163,0,0.0025000001769512892,0.0025000001769512892,0,0,0
8,2303,unknown,443.93038940429688,299.21157836914062,0.00040416634874418378,1.569911003112793,0,0.0025000001769512892,0.0025000001769512892,0,0,0
