particle_id,particle_type,process,vx,vy,vz,vt,px,py,pz,m,q
0,0,0,0,-129.21900939941406,-195.90135192871094,0,1,0,-4.3711388286737929e-08,0,-1
