particle_id,particle_type,process,vx,vy,vz,vt,px,py,pz,m,q
0,0,0,0,313.72027587890625,-120.11338806152344,0,1,0,-4.3711388286737929e-08,0,-1
