measurement_id,geometry_id,local_key,local0,local1,phi,theta,time,var_local0,var_local1,var_phi,var_theta,var_time
0,255,unknown,-287.37786865234375,-52.758049011230469,-0.00062448158860206604,1.5709290504455566,0,0.0025000001769512892,0.0025000001769512892,0,0,0
1,511,unknown,-287.48159790039062,-52.794162750244141,-0.00081661954754963517,1.5714578628540039,0,0.0025000001769512892,0.0025000001769512892,0,0,0
2,767,unknown,-287.44427490234375,-52.726768493652344,-0.0016260757111012936,1.5705622434616089,0,0.0025000001769512892,0.0025000001769512892,0,0,0
3,1023,unknown,-287.56314086914062,-52.822647094726562,-0.0016907317331060767,1.5710105895996094,0,0.0025000001769512892,0.0025000001769512892,0,0,0
4,1279,unknown,-287.468017578125,-52.835498809814453,-0.0029019233770668507,1.5715359449386597,0,0.0025000001769512892,0.0025000001769512892,0,0,0
5,1535,unknown,-287.48150634765625,-52.919036865234375,-0.0027942461892962456,1.5705792903900146,0,0.0025000001769512892,0.0025000001769512892,0,0,0
6,1791,unknown,-287.6392822265625,-52.879989624023438,-0.0026151330675929785,1.5700256824493408,0,0.0025000001769512892,0.0025000001769512892,0,0,0
7,2047,unknown,-287.63467407226562,-52.743995666503906,-0.0021305379923433065,1.5701621770858765,0,0.0025000001769512892,0.0025000001769512892,0,0,0
8,2303,unknown,-287.69509887695312,-52.819419860839844,-0.0012016980908811092,1.5712777376174927,0,0.0025000001769512892,0.0025000001769512892,0,0,0
