particle_id,particle_type,process,vx,vy,vz,vt,px,py,pz,m,q
0,0,0,0,42.802631378173828,-86.693778991699219,0,1,0,-4.3711388286737929e-08,0,-1
