particle_id,geometry_id,tx,ty,tz,tt,tpx,tpy,tpz,te,deltapx,deltapy,deltapz,deltae,index
0,255,20,67.902473449707031,148.78323364257812,0,0.99984800815582275,0.00011359836935298517,0.00069245707709342241,0,0,0,0,0,0
0,511,40,67.9046630859375,148.79710388183594,0,0.99944847822189331,1.4826391634414904e-05,0.00065762875601649284,0,0,0,0,0,0
0,767,60,67.904884338378906,148.81027221679688,0,0.99929922819137573,-0.00010182116238866001,0.0006134539726190269,0,0,0,0,0,0
0,1023,80,67.90277099609375,148.82254028320312,0,0.99893206357955933,0.0016126108821481466,0.00015297687787096947,0,0,0,0,0,0
0,1279,100,67.935035705566406,148.82579040527344,0,0.99878990650177002,0.0019149357685819268,0.00017581571592018008,0,0,0,0,0,0
0,1535,120,67.973358154296875,148.82954406738281,0,0.99864363670349121,0.0019143946701660752,0.00019221857655793428,0,0,0,0,0,0
0,1791,140,68.011672973632812,148.8336181640625,0,0.99843782186508179,0.0018501044251024723,0.0012642221990972757,0,0,0,0,0,0
0,2047,160,68.048576354980469,148.85916137695312,0,0.99828100204467773,0.0010989786824211478,0.0014432432362809777,0,0,0,0,0,0
0,2303,180,68.070419311523438,148.88821411132812,0,0.99812722206115723,0.0010310144862160087,0.002325424924492836,0,0,0,0,0,0
