measurement_id,geometry_id,local_key,local0,local1,phi,theta,time,var_local0,var_local1,var_phi,var_theta,var_time
0,255,unknown,129.03935241699219,-319.37005615234375,3.2318141165887937e-05,1.5710744857788086,0,0.0025000001769512892,0.0025000001769512892,0,0,0
1,511,unknown,128.9281005859375,-319.312255859375,0.0016103752423077822,1.5719523429870605,0,0.0025000001769512892,0.0025000001769512892,0,0,0
2,767,unknown,128.90168762207031,-319.35922241210938,0.0011980821145698428,1.5715728998184204,0,0.0025000001769512892,0.0025000001769512892,0,0,0
3,1023,unknown,128.96923828125,-319.4248046875,0.0011136940447613597,1.5720335245132446,0,0.0025000001769512892,0.0025000001769512892,0,0,0
4,1279,unknown,128.98635864257812,-319.44110107421875,0.0013479780172929168,1.572394847869873,0,0.0025000001769512892,0.0025000001769512892,0,0,0
5,1535,unknown,128.98634338378906,-319.36822509765625,-0.00039271768764592707,1.5712435245513916,0,0.0025000001769512892,0.0025000001769512892,0,0,0
6,1791,unknown,129.11921691894531,-319.49349975585938,-7.0978433086565929e-07,1.5714404582977295,0,0.0025000001769512892,0.0025000001769512892,0,0,0
7,2047,unknown,128.97584533691406,-319.56842041015625,0.0003914680564776063,1.5717562437057495,0,0.0025000001769512892,0.0025000001769512892,0,0,0
8,2303,unknown,128.96784973144531,-319.56948852539062,0.00021098677825648338,1.5717278718948364,0,0.0025000001769512892,0.0025000001769512892,0,0,0
