measurement_id,geometry_id,local_key,local0,local1,phi,theta,time,var_local0,var_local1,var_phi,var_theta,var_time
0,255,unknown,1.4559807777404785,77.244659423828125,-0.00019308351329527795,1.5693873167037964,0,0.0025000001769512892,0.0025000001769512892,0,0,0
1,511,unknown,1.4713964462280273,77.228279113769531,5.2499890443868935e-05,1.5688436031341553,0,0.0025000001769512892,0.0025000001769512892,0,0,0
2,767,unknown,1.4117376804351807,77.177116394042969,-0.00026668744976632297,1.5682939291000366,0,0.0025000001769512892,0.0025000001769512892,0,0,0
3,1023,unknown,1.3568642139434814,77.325431823730469,0.00011380133946659043,1.5678942203521729,0,0.0025000001769512892,0.0025000001769512892,0,0,0
4,1279,unknown,1.3323118686676025,77.27099609375,-0.00073431700002402067,1.5694812536239624,0,0.0025000001769512892,0.0025000001769512892,0,0,0
5,1535,unknown,1.35877525806427,77.339797973632812,-0.0017441547242924571,1.5709191560745239,0,0.0025000001769512892,0.0025000001769512892,0,0,0
6,1791,unknown,1.4189668893814087,77.382423400878906,-0.0020694027189165354,1.5704364776611328,0,0.0025000001769512892,0.0025000001769512892,0,0,0
7,2047,unknown,1.2627135515213013,77.303581237792969,-0.0031090211123228073,1.5710626840591431,0,0.0025000001769512892,0.0025000001769512892,0,0,0
8,2303,unknown,1.2380411624908447,77.361640930175781,-0.0024219171609729528,1.5707942247390747,0,0.0025000001769512892,0.0025000001769512892,0,0,0
