measurement_id,geometry_id,local_key,local0,local1,phi,theta,time,var_local0,var_local1,var_phi,var_theta,var_time
0,255,unknown,125.40805816650391,-230.86526489257812,-0.00053685595048591495,1.5701889991760254,0,0.0025000001769512892,0.0025000001769512892,0,0,0
1,511,unknown,125.40583038330078,-230.77459716796875,-0.00068694743094965816,1.5702035427093506,0,0.0025000001769512892,0.0025000001769512892,0,0,0
2,767,unknown,125.32637023925781,-230.71910095214844,-0.0034920074976980686,1.5698283910751343,0,0.0025000001769512892,0.0025000001769512892,0,0,0
3,1023,unknown,125.22886657714844,-230.75628662109375,-0.0034887671936303377,1.5698198080062866,0,0.0025000001769512892,0.0025000001769512892,0,0,0
4,1279,unknown,125.1943359375,-230.74736022949219,-0.0044935839250683784,1.5709013938903809,0,0.0025000001769512892,0.0025000001769512892,0,0,0
5,1535,unknown,125.06888580322266,-230.8243408203125,-0.0032588220201432705,1.571006178855896,0,0.0025000001769512892,0.0025000001769512892,0,0,0
6,1791,unknown,125.03517913818359,-230.68716430664062,-0.0047577465884387493,1.5697767734527588,0,0.0025000001769512892,0.0025000001769512892,0,0,0
7,2047,unknown,124.91297912597656,-230.75173950195312,-0.0046922736801207066,1.5705081224441528,0,0.0025000001769512892,0.0025000001769512892,0,0,0
8,2303,unknown,124.77841949462891,-230.72767639160156,-0.0049801357090473175,1.5702215433120728,0,0.0025000001769512892,0.0025000001769512892,0,0,0
