particle_id,geometry_id,tx,ty,tz,tt,tpx,tpy,tpz,te,deltapx,deltapy,deltapz,deltae,index
0,255,20,-8.47003173828125,-423.28005981445312,0,0.99981826543807983,-0.0010866445954889059,0.00015609218098688871,0,0,0,0,0,0
0,511,40,-8.4917869567871094,-423.27706909179688,0,0.99944221973419189,-0.00028002850012853742,0.00052716326899826527,0,0,0,0,0,0
0,767,60,-8.4974536895751953,-423.26654052734375,0,0.99929344654083252,7.412557170027867e-05,-7.5568968895822763e-05,0,0,0,0,0,0
0,1023,80,-8.4959611892700195,-423.26803588867188,0,0.99912780523300171,-0.0004452593857422471,-0.0012021743459627032,0,0,0,0,0,0
0,1279,100,-8.5047292709350586,-423.29214477539062,0,0.99898850917816162,0.00028870272217318416,-0.0024938858114182949,0,0,0,0,0,0
0,1535,120,-8.4986495971679688,-423.342041015625,0,0.99880093336105347,0.00016106230032164603,-0.0022140860091894865,0,0,0,0,0,0
0,1791,140,-8.4951581954956055,-423.3863525390625,0,0.99865370988845825,0.001605527475476265,-0.0017192313680425286,0,0,0,0,0,0
0,2047,160,-8.4627981185913086,-423.42059326171875,0,0.99848669767379761,0.0037218821235001087,-0.0027991540264338255,0,0,0,0,0,0
0,2303,180,-8.3879127502441406,-423.47622680664062,0,0.99828064441680908,0.002819747431203723,-0.0042712711729109287,0,0,0,0,0,0
