measurement_id,geometry_id,local_key,local0,local1,phi,theta,time,var_local0,var_local1,var_phi,var_theta,var_time
0,255,unknown,-427.09323120117188,-96.415733337402344,0.00035913399187847972,1.5702158212661743,0,0.0025000001769512892,0.0025000001769512892,0,0,0
1,511,unknown,-426.96310424804688,-96.363166809082031,0.00074102170765399933,1.5703271627426147,0,0.0025000001769512892,0.0025000001769512892,0,0,0
2,767,unknown,-426.9429931640625,-96.276649475097656,0.00088573468383401632,1.5704487562179565,0,0.0025000001769512892,0.0025000001769512892,0,0,0
3,1023,unknown,-426.93258666992188,-96.332443237304688,0.00088673568097874522,1.5706022977828979,0,0.0025000001769512892,0.0025000001769512892,0,0,0
4,1279,unknown,-426.94955444335938,-96.265487670898438,-0.00062222237465903163,1.5715103149414062,0,0.0025000001769512892,0.0025000001769512892,0,0,0
5,1535,unknown,-426.94451904296875,-96.423469543457031,-0.00079034478403627872,1.5713900327682495,0,0.0025000001769512892,0.0025000001769512892,0,0,0
6,1791,unknown,-427.01419067382812,-96.325286865234375,-0.001065189833752811,1.5717513561248779,0,0.0025000001769512892,0.0025000001769512892,0,0,0
7,2047,unknown,-427.02597045898438,-96.470413208007812,-0.0010797034483402967,1.5711932182312012,0,0.0025000001769512892,0.0025000001769512892,0,0,0
8,2303,unknown,-426.99655151367188,-96.506523132324219,-0.00030796814826317132,1.5711086988449097,0,0.0025000001769512892,0.0025000001769512892,0,0,0
