measurement_id,geometry_id,local_key,local0,local1,phi,theta,time,var_local0,var_local1,var_phi,var_theta,var_time
0,255,unknown,33.072261810302734,-81.835128784179688,0.00026994061772711575,1.5701810121536255,0,0.0025000001769512892,0.0025000001769512892,0,0,0
1,511,unknown,33.149204254150391,-81.726661682128906,0.00056401401525363326,1.5698829889297485,0,0.0025000001769512892,0.0025000001769512892,0,0,0
2,767,unknown,33.106586456298828,-81.77117919921875,0.00076495902612805367,1.5695143938064575,0,0.0025000001769512892,0.0025000001769512892,0,0,0
3,1023,unknown,33.143875122070312,-81.736495971679688,0.0005762903019785881,1.5685321092605591,0,0.0025000001769512892,0.0025000001769512892,0,0,0
4,1279,unknown,33.031833648681641,-81.63995361328125,0.00063198932912200689,1.5683560371398926,0,0.0025000001769512892,0.0025000001769512892,0,0,0
5,1535,unknown,33.176246643066406,-81.523292541503906,0.00059242668794468045,1.5683684349060059,0,0.0025000001769512892,0.0025000001769512892,0,0,0
6,1791,unknown,33.123065948486328,-81.626358032226562,0.0001872004650067538,1.5678915977478027,0,0.0025000001769512892,0.0025000001769512892,0,0,0
7,2047,unknown,33.218345642089844,-81.544670104980469,-0.0011064970167353749,1.5670138597488403,0,0.0025000001769512892,0.0025000001769512892,0,0,0
8,2303,unknown,33.140224456787109,-81.543891906738281,-0.0019836893770843744,1.5669040679931641,0,0.0025000001769512892,0.0025000001769512892,0,0,0
