measurement_id,geometry_id,local_key,local0,local1,phi,theta,time,var_local0,var_local1,var_phi,var_theta,var_time
0,255,unknown,-362.13763427734375,100.60095977783203,0.0013738102279603481,1.5699999332427979,0,0.0025000001769512892,0.0025000001769512892,0,0,0
1,511,unknown,-362.06137084960938,100.58940124511719,0.0012875861721113324,1.568669319152832,0,0.0025000001769512892,0.0025000001769512892,0,0,0
2,767,unknown,-362.0267333984375,100.56238555908203,0.0011598634300753474,1.5678491592407227,0,0.0025000001769512892,0.0025000001769512892,0,0,0
3,1023,unknown,-362.02420043945312,100.75818634033203,0.0013270360650494695,1.5683014392852783,0,0.0025000001769512892,0.0025000001769512892,0,0,0
4,1279,unknown,-362.02069091796875,100.67188262939453,0.0013658989919349551,1.5683283805847168,0,0.0025000001769512892,0.0025000001769512892,0,0,0
5,1535,unknown,-361.99038696289062,100.78534698486328,0.001232641632668674,1.568500280380249,0,0.0025000001769512892,0.0025000001769512892,0,0,0
6,1791,unknown,-361.94546508789062,100.90249633789062,0.0013893806608393788,1.5697965621948242,0,0.0025000001769512892,0.0025000001769512892,0,0,0
7,2047,unknown,-361.947021484375,100.81916046142578,0.0010883633513003588,1.5690518617630005,0,0.0025000001769512892,0.0025000001769512892,0,0,0
8,2303,unknown,-361.97451782226562,100.81466674804688,0.00060734315775334835,1.5683790445327759,0,0.0025000001769512892,0.0025000001769512892,0,0,0
