measurement_id,geometry_id,local_key,local0,local1,phi,theta,time,var_local0,var_local1,var_phi,var_theta,var_time
0,255,unknown,-141.97465515136719,-28.406036376953125,0.00020845337712671608,1.5713779926300049,0,0.0025000001769512892,0.0025000001769512892,0,0,0
1,511,unknown,-141.95401000976562,-28.431596755981445,6.6000211518257856e-06,1.5709166526794434,0,0.0025000001769512892,0.0025000001769512892,0,0,0
2,767,unknown,-141.81718444824219,-28.315536499023438,-0.00022756040561944246,1.5707666873931885,0,0.0025000001769512892,0.0025000001769512892,0,0,0
3,1023,unknown,-142.01533508300781,-28.439598083496094,-0.00046030033263377845,1.5702662467956543,0,0.0025000001769512892,0.0025000001769512892,0,0,0
4,1279,unknown,-141.93299865722656,-28.362997055053711,-0.0023866896517574787,1.5695536136627197,0,0.0025000001769512892,0.0025000001769512892,0,0,0
5,1535,unknown,-141.93948364257812,-28.416936874389648,-0.0030324645340442657,1.5688488483428955,0,0.0025000001769512892,0.0025000001769512892,0,0,0
6,1791,unknown,-142.02838134765625,-28.347236633300781,-0.0039260680787265301,1.5714977979660034,0,0.0025000001769512892,0.0025000001769512892,0,0,0
7,2047,unknown,-142.21142578125,-28.28765869140625,-0.0050422432832419872,1.5715686082839966,0,0.0025000001769512892,0.0025000001769512892,0,0,0
8,2303,unknown,-142.23776245117188,-28.291048049926758,-0.0056039653718471527,1.5721454620361328,0,0.0025000001769512892,0.0025000001769512892,0,0,0
