particle_id,geometry_id,tx,ty,tz,tt,tpx,tpy,tpz,te,deltapx,deltapy,deltapz,deltae,index
0,255,20,48.066570281982422,-41.836208343505859,0,0.99977338314056396,-8.0988043919205666e-05,-0.00034900943865068257,0,0,0,0,0,0
0,511,40,48.064990997314453,-41.84320068359375,0,0.9995836615562439,-0.0016248604515567422,-5.8193680160911754e-05,0,0,0,0,0,0
0,767,60,48.032489776611328,-41.844558715820312,0,0.99944478273391724,-0.0015904282918199897,-0.00059683230938389897,0,0,0,0,0,0
0,1023,80,48.000736236572266,-41.856693267822266,0,0.99918454885482788,-0.0026215722318738699,-0.00071519520133733749,0,0,0,0,0,0
0,1279,100,47.948348999023438,-41.871322631835938,0,0.99892765283584595,-0.0025932150892913342,-0.0017793667502701283,0,0,0,0,0,0
0,1535,120,47.896644592285156,-41.907257080078125,0,0.99872750043869019,-0.0024120309390127659,-0.0018036543624475598,0,0,0,0,0,0
0,1791,140,47.848560333251953,-41.94366455078125,0,0.9985584020614624,-0.0023535247892141342,-0.0021845092996954918,0,0,0,0,0,0
0,2047,160,47.801685333251953,-41.987701416015625,0,0.99836665391921997,-0.0023226423654705286,-0.0019258260726928711,0,0,0,0,0,0
0,2303,180,47.755390167236328,-42.026557922363281,0,0.99822348356246948,-0.0020657051354646683,-0.0018800916150212288,0,0,0,0,0,0
