particle_id,geometry_id,tx,ty,tz,tt,tpx,tpy,tpz,te,deltapx,deltapy,deltapz,deltae,index
0,255,20,22.354227066040039,110.03632354736328,0,0.9997972846031189,-0.0011041819816455245,0.00048253717250190675,0,0,0,0,0,0
0,511,40,22.332080841064453,110.04584503173828,0,0.99963289499282837,-0.00062953878659754992,0.00043300396646372974,0,0,0,0,0,0
0,767,60,22.319433212280273,110.05443572998047,0,0.99945604801177979,-4.6506087528541684e-05,0.00092261115787550807,0,0,0,0,0,0
0,1023,80,22.318391799926758,110.07289123535156,0,0.99926412105560303,8.2873866631416604e-06,0.0010215432848781347,0,0,0,0,0,0
0,1279,100,22.318435668945312,110.09333801269531,0,0.99879944324493408,-3.5036540793953463e-05,0.0011784738162532449,0,0,0,0,0,0
0,1535,120,22.317592620849609,110.11692810058594,0,0.9985429048538208,0.0016174971824511886,6.1735903727822006e-05,0,0,0,0,0,0
0,1791,140,22.349981307983398,110.11836242675781,0,0.9982990026473999,0.0010088334092870355,0.00053846120135858655,0,0,0,0,0,0
0,2047,160,22.370126724243164,110.1292724609375,0,0.99720793962478638,0.00087424804223701358,0.00047130172606557608,0,0,0,0,0,0
0,2303,180,22.387603759765625,110.13883209228516,0,0.99708551168441772,0.00069167348556220531,7.4958261393476278e-05,0,0,0,0,0,0
