particle_id,geometry_id,tx,ty,tz,tt,tpx,tpy,tpz,te,deltapx,deltapy,deltapz,deltae,index
0,255,20,-178.64134216308594,-33.207801818847656,0,0.99972480535507202,0.00046503727207891643,-0.0010857420274987817,0,0,0,0,0,0
0,511,40,-178.63191223144531,-33.229465484619141,0,0.99958270788192749,0.0014672012766823173,-0.00069724704371765256,0,0,0,0,0,0
0,767,60,-178.60247802734375,-33.243240356445312,0,0.99943798780441284,0.0027077961713075638,0.000175691835465841,0,0,0,0,0,0
0,1023,80,-178.54830932617188,-33.239398956298828,0,0.99929922819137573,0.002215089974924922,3.1524719815934077e-05,0,0,0,0,0,0
0,1279,100,-178.50398254394531,-33.238502502441406,0,0.99915313720703125,0.0014308319659903646,0.00034584730747155845,0,0,0,0,0,0
0,1535,120,-178.47538757324219,-33.231407165527344,0,0.99902695417404175,0.0022848155349493027,-0.0010312756057828665,0,0,0,0,0,0
0,1791,140,-178.42951965332031,-33.251777648925781,0,0.99883455038070679,0.0022012351546436548,-0.001143836765550077,0,0,0,0,0,0
0,2047,160,-178.38529968261719,-33.2744140625,0,0.99869465827941895,0.001144136069342494,4.7101635573199019e-05,0,0,0,0,0,0
0,2303,180,-178.36239624023438,-33.273334503173828,0,0.99854117631912231,0.002155419671908021,-0.00013253034558147192,0,0,0,0,0,0
