particle_id,geometry_id,tx,ty,tz,tt,tpx,tpy,tpz,te,deltapx,deltapy,deltapz,deltae,index
0,255,20,-181.39717102050781,-446.020751953125,0,0.99983912706375122,-0.00016987624985631555,-0.00025296513922512531,0,0,0,0,0,0
0,511,40,-181.40054321289062,-446.02581787109375,0,0.99967008829116821,-0.00083158561028540134,-0.00031048158416524529,0,0,0,0,0,0
0,767,60,-181.41714477539062,-446.03213500976562,0,0.99951881170272827,-0.0021230143029242754,0.0015963588375598192,0,0,0,0,0,0
0,1023,80,-181.45982360839844,-446.00045776367188,0,0.99890679121017456,-0.0018132672412320971,0.002499076072126627,0,0,0,0,0,0
0,1279,100,-181.49642944335938,-445.95065307617188,0,0.99876809120178223,-0.0018942278111353517,0.0015828956384211779,0,0,0,0,0,0
0,1535,120,-181.5345458984375,-445.919189453125,0,0.9985954761505127,-0.0019310548668727279,0.001116571482270956,0,0,0,0,0,0
0,1791,140,-181.57334899902344,-445.89706420898438,0,0.99844223260879517,-0.00099999317899346352,0.0013977709459140897,0,0,0,0,0,0
0,2047,160,-181.59355163574219,-445.86917114257812,0,0.99827796220779419,0.00071610056329518557,-0.00024864307488314807,0,0,0,0,0,0
0,2303,180,-181.57917785644531,-445.87405395507812,0,0.99814820289611816,6.151506386231631e-05,4.5528980990638956e-05,0,0,0,0,0,0
