measurement_id,geometry_id,local_key,local0,local1,phi,theta,time,var_local0,var_local1,var_phi,var_theta,var_time
0,255,unknown,26.45573616027832,-82.682418823242188,8.8512490037828684e-05,1.5707894563674927,0,0.0025000001769512892,0.0025000001769512892,0,0,0
1,511,unknown,26.432928085327148,-82.765693664550781,0.00017779975314624608,1.569880485534668,0,0.0025000001769512892,0.0025000001769512892,0,0,0
2,767,unknown,26.377099990844727,-82.793571472167969,-3.1102059438126162e-05,1.5696660280227661,0,0.0025000001769512892,0.0025000001769512892,0,0,0
3,1023,unknown,26.387397766113281,-82.738021850585938,0.00084051018347963691,1.5687600374221802,0,0.0025000001769512892,0.0025000001769512892,0,0,0
4,1279,unknown,26.437202453613281,-82.6025390625,-0.0023384501691907644,1.568851113319397,0,0.0025000001769512892,0.0025000001769512892,0,0,0
5,1535,unknown,26.370641708374023,-82.539863586425781,-0.002236941596493125,1.5706372261047363,0,0.0025000001769512892,0.0025000001769512892,0,0,0
6,1791,unknown,26.334114074707031,-82.622779846191406,-0.002357924822717905,1.5705773830413818,0,0.0025000001769512892,0.0025000001769512892,0,0,0
7,2047,unknown,26.351495742797852,-82.604164123535156,-0.0032559484243392944,1.5699191093444824,0,0.0025000001769512892,0.0025000001769512892,0,0,0
8,2303,unknown,26.193698883056641,-82.65618896484375,-0.0031986748799681664,1.5692687034606934,0,0.0025000001769512892,0.0025000001769512892,0,0,0
