measurement_id,geometry_id,local_key,local0,local1,phi,theta,time,var_local0,var_local1,var_phi,var_theta,var_time
0,255,unknown,-112.45818328857422,-60.166023254394531,-6.4269872382283211e-05,1.5712405443191528,0,0.0025000001769512892,0.0025000001769512892,0,0,0
1,511,unknown,-112.4320068359375,-60.11956787109375,-0.0011696552392095327,1.5710816383361816,0,0.0025000001769512892,0.0025000001769512892,0,0,0
2,767,unknown,-112.48816680908203,-60.045444488525391,-0.0015071193920448422,1.5700554847717285,0,0.0025000001769512892,0.0025000001769512892,0,0,0
3,1023,unknown,-112.43175506591797,-60.020717620849609,-0.0016983316745609045,1.5700933933258057,0,0.0025000001769512892,0.0025000001769512892,0,0,0
4,1279,unknown,-112.38134002685547,-60.057842254638672,-0.0027283790986984968,1.5695489645004272,0,0.0025000001769512892,0.0025000001769512892,0,0,0
5,1535,unknown,-112.60272979736328,-59.978923797607422,-0.0033563540782779455,1.5692648887634277,0,0.0025000001769512892,0.0025000001769512892,0,0,0
6,1791,unknown,-112.63699340820312,-60.0570068359375,-0.0035599700640887022,1.5694197416305542,0,0.0025000001769512892,0.0025000001769512892,0,0,0
7,2047,unknown,-112.83586883544922,-59.917327880859375,-0.0042245835065841675,1.5693371295928955,0,0.0025000001769512892,0.0025000001769512892,0,0,0
8,2303,unknown,-112.76011657714844,-59.935489654541016,-0.0027617700397968292,1.568766713142395,0,0.0025000001769512892,0.0025000001769512892,0,0,0
