particle_id,particle_type,process,vx,vy,vz,vt,px,py,pz,m,q
0,0,0,0,51.240772247314453,119.33892059326172,0,1,0,-4.3711388286737929e-08,0,-1
