particle_id,geometry_id,tx,ty,tz,tt,tpx,tpy,tpz,te,deltapx,deltapy,deltapz,deltae,index
0,255,20,277.25265502929688,242.57858276367188,0,0.99917113780975342,-0.0006373431533575058,-0.00090421177446842194,0,0,0,0,0,0
0,511,40,277.24002075195312,242.56040954589844,0,0.99898231029510498,0.0002194142434746027,0.00029065008857287467,0,0,0,0,0,0
0,767,60,277.244384765625,242.56625366210938,0,0.98545533418655396,-0.00043892484973184764,0.00080854055704548955,0,0,0,0,0,0
0,1023,80,277.23538208007812,242.58261108398438,0,0.98520183563232422,-0.00019707407045643777,0.0011508030584082007,0,0,0,0,0,0
0,1279,100,277.23123168945312,242.60594177246094,0,0.98505306243896484,0.00090344360796734691,0.00064522126922383904,0,0,0,0,0,0
0,1535,120,277.24948120117188,242.61915588378906,0,0.98425287008285522,0.0014888015575706959,0.00069679314037784934,0,0,0,0,0,0
0,1791,140,277.27963256835938,242.63349914550781,0,0.98411142826080322,0.0017657943535596132,0.00022578916104976088,0,0,0,0,0,0
0,2047,160,277.31549072265625,242.6383056640625,0,0.98393344879150391,0.0020622545853257179,-0.00064914958784356713,0,0,0,0,0,0
0,2303,180,277.35748291015625,242.6253662109375,0,0.98377841711044312,0.0018858782714232802,-0.00062524003442376852,0,0,0,0,0,0
