measurement_id,geometry_id,local_key,local0,local1,phi,theta,time,var_local0,var_local1,var_phi,var_theta,var_time
0,255,unknown,220.42239379882812,-147.21266174316406,-0.00018257247575093061,1.5699646472930908,0,0.0025000001769512892,0.0025000001769512892,0,0,0
1,511,unknown,220.50836181640625,-147.25668334960938,0.00015319857629947364,1.5686097145080566,0,0.0025000001769512892,0.0025000001769512892,0,0,0
2,767,unknown,220.42994689941406,-147.16038513183594,-0.00086947967065498233,1.5687763690948486,0,0.0025000001769512892,0.0025000001769512892,0,0,0
3,1023,unknown,220.50971984863281,-147.12541198730469,-0.00083434005500748754,1.5690876245498657,0,0.0025000001769512892,0.0025000001769512892,0,0,0
4,1279,unknown,220.43708801269531,-147.16946411132812,-0.0014274527784436941,1.568878173828125,0,0.0025000001769512892,0.0025000001769512892,0,0,0
5,1535,unknown,220.47520446777344,-147.042236328125,-0.0020198151469230652,1.5688050985336304,0,0.0025000001769512892,0.0025000001769512892,0,0,0
6,1791,unknown,220.440673828125,-147.09504699707031,-0.0015619405312463641,1.5684956312179565,0,0.0025000001769512892,0.0025000001769512892,0,0,0
7,2047,unknown,220.45521545410156,-147.00967407226562,-0.0010061492212116718,1.5685312747955322,0,0.0025000001769512892,0.0025000001769512892,0,0,0
8,2303,unknown,220.39404296875,-146.95590209960938,-0.00094370282022282481,1.5685362815856934,0,0.0025000001769512892,0.0025000001769512892,0,0,0
