particle_id,particle_type,process,vx,vy,vz,vt,px,py,pz,m,q
0,0,0,0,-128.46258544921875,84.768173217773438,0,1,0,-4.3711388286737929e-08,0,-1
