particle_id,geometry_id,tx,ty,tz,tt,tpx,tpy,tpz,te,deltapx,deltapy,deltapz,deltae,index
0,255,20,71.410163879394531,505.74679565429688,0,0.99965572357177734,-8.2640421169344336e-05,0.00010911441495409235,0,0,0,0,0,0
0,511,40,71.408500671386719,505.74896240234375,0,0.99946075677871704,-0.0006248971913009882,0.0014350591227412224,0,0,0,0,0,0
0,767,60,71.395820617675781,505.77761840820312,0,0.99911051988601685,-0.0014998345868662,0.00088620488531887531,0,0,0,0,0,0
0,1023,80,71.365692138671875,505.795166015625,0,0.99892938137054443,-0.0016250467160716653,0.00080494961002841592,0,0,0,0,0,0
0,1279,100,71.333061218261719,505.81109619140625,0,0.9987713098526001,-0.0013524761889129877,0.00064980186289176345,0,0,0,0,0,0
0,1535,120,71.305900573730469,505.82394409179688,0,0.99862724542617798,-0.00096054782625287771,0.00027185675571672618,0,0,0,0,0,0
0,1791,140,71.286628723144531,505.82928466796875,0,0.9985005259513855,-0.0010359935695305467,-6.2332369452633429e-06,0,0,0,0,0,0
0,2047,160,71.265876770019531,505.82904052734375,0,0.99830985069274902,-0.0034592202864587307,0.00092108262469992042,0,0,0,0,0,0
0,2303,180,71.196464538574219,505.84707641601562,0,0.99807929992675781,-0.0027958073187619448,0.00070015847450122237,0,0,0,0,0,0
