measurement_id,geometry_id,local_key,local0,local1,phi,theta,time,var_local0,var_local1,var_phi,var_theta,var_time
0,255,unknown,92.042350769042969,346.47610473632812,-0.00025536413886584342,1.5697922706604004,0,0.0025000001769512892,0.0025000001769512892,0,0,0
1,511,unknown,92.073295593261719,346.57781982421875,0.00027264718664810061,1.5697073936462402,0,0.0025000001769512892,0.0025000001769512892,0,0,0
2,767,unknown,92.085746765136719,346.5479736328125,-0.001620740513317287,1.5688728094100952,0,0.0025000001769512892,0.0025000001769512892,0,0,0
3,1023,unknown,92.121444702148438,346.5762939453125,-0.0008412310853600502,1.5695937871932983,0,0.0025000001769512892,0.0025000001769512892,0,0,0
4,1279,unknown,92.129470825195312,346.53695678710938,-0.00098895118571817875,1.5697696208953857,0,0.0025000001769512892,0.0025000001769512892,0,0,0
5,1535,unknown,92.050537109375,346.58120727539062,-0.001586231985129416,1.5699862241744995,0,0.0025000001769512892,0.0025000001769512892,0,0,0
6,1791,unknown,92.024635314941406,346.5767822265625,-0.0016248238971456885,1.5707062482833862,0,0.0025000001769512892,0.0025000001769512892,0,0,0
7,2047,unknown,92.072975158691406,346.56088256835938,-0.0014308089157566428,1.5696594715118408,0,0.0025000001769512892,0.0025000001769512892,0,0,0
8,2303,unknown,91.893264770507812,346.65682983398438,-0.0017465854762122035,1.5693528652191162,0,0.0025000001769512892,0.0025000001769512892,0,0,0
