measurement_id,geometry_id,local_key,local0,local1,phi,theta,time,var_local0,var_local1,var_phi,var_theta,var_time
0,255,unknown,231.80049133300781,-7.9552121162414551,-0.00040424839244224131,1.5700184106826782,0,0.0025000001769512892,0.0025000001769512892,0,0,0
1,511,unknown,231.79673767089844,-7.8609662055969238,-0.00045422391849569976,1.5699295997619629,0,0.0025000001769512892,0.0025000001769512892,0,0,0
2,767,unknown,231.6231689453125,-7.8696260452270508,0.00074952596332877874,1.5693792104721069,0,0.0025000001769512892,0.0025000001769512892,0,0,0
3,1023,unknown,231.71493530273438,-7.8375949859619141,-0.00059189781313762069,1.5699208974838257,0,0.0025000001769512892,0.0025000001769512892,0,0,0
4,1279,unknown,231.73063659667969,-7.9310531616210938,-0.00053118012147024274,1.5699547529220581,0,0.0025000001769512892,0.0025000001769512892,0,0,0
5,1535,unknown,231.60739135742188,-7.886326789855957,-0.00065010826801881194,1.569976806640625,0,0.0025000001769512892,0.0025000001769512892,0,0,0
6,1791,unknown,231.70974731445312,-7.8265194892883301,-0.0027314219623804092,1.5691303014755249,0,0.0025000001769512892,0.0025000001769512892,0,0,0
7,2047,unknown,231.70530700683594,-7.6229591369628906,-0.0030102708842605352,1.567970871925354,0,0.0025000001769512892,0.0025000001769512892,0,0,0
8,2303,unknown,231.5711669921875,-7.7634239196777344,-0.0046656448394060135,1.5695534944534302,0,0.0025000001769512892,0.0025000001769512892,0,0,0
