measurement_id,geometry_id,local_key,local0,local1,phi,theta,time,var_local0,var_local1,var_phi,var_theta,var_time
0,255,unknown,299.64849853515625,-249.36419677734375,-4.6534343709936365e-05,1.5708184242248535,0,0.0025000001769512892,0.0025000001769512892,0,0,0
1,511,unknown,299.739990234375,-249.38641357421875,0.00021525348711293191,1.569303035736084,0,0.0025000001769512892,0.0025000001769512892,0,0,0
2,767,unknown,299.821533203125,-249.33352661132812,4.7766217903699726e-05,1.5707370042800903,0,0.0025000001769512892,0.0025000001769512892,0,0,0
3,1023,unknown,299.74752807617188,-249.32154846191406,0.00019643816631287336,1.5702792406082153,0,0.0025000001769512892,0.0025000001769512892,0,0,0
4,1279,unknown,299.71615600585938,-249.41514587402344,0.00071865861536934972,1.5705108642578125,0,0.0025000001769512892,0.0025000001769512892,0,0,0
5,1535,unknown,299.80047607421875,-249.40992736816406,0.0015868527116253972,1.5708653926849365,0,0.0025000001769512892,0.0025000001769512892,0,0,0
6,1791,unknown,299.75759887695312,-249.33657836914062,0.0014375484315678477,1.5718115568161011,0,0.0025000001769512892,0.0025000001769512892,0,0,0
7,2047,unknown,299.84234619140625,-249.30116271972656,0.0013015446020290256,1.5724012851715088,0,0.0025000001769512892,0.0025000001769512892,0,0,0
8,2303,unknown,299.84469604492188,-249.40753173828125,0.0011255496647208929,1.5765771865844727,0,0.0025000001769512892,0.0025000001769512892,0,0,0
