measurement_id,geometry_id,local_key,local0,local1,phi,theta,time,var_local0,var_local1,var_phi,var_theta,var_time
0,255,unknown,-59.807609558105469,107.71475219726562,0.00012918550055474043,1.5712827444076538,0,0.0025000001769512892,0.0025000001769512892,0,0,0
1,511,unknown,-59.804897308349609,107.62471008300781,0.00010322742309654132,1.5713152885437012,0,0.0025000001769512892,0.0025000001769512892,0,0,0
2,767,unknown,-59.816791534423828,107.65727233886719,0.0016083563677966595,1.5713403224945068,0,0.0025000001769512892,0.0025000001769512892,0,0,0
3,1023,unknown,-59.774085998535156,107.75946044921875,0.00096540577942505479,1.5707006454467773,0,0.0025000001769512892,0.0025000001769512892,0,0,0
4,1279,unknown,-59.754581451416016,107.61931610107422,0.00095290463650599122,1.5706731081008911,0,0.0025000001769512892,0.0025000001769512892,0,0,0
5,1535,unknown,-59.713218688964844,107.65382385253906,0.0017651830567047,1.5718376636505127,0,0.0025000001769512892,0.0025000001769512892,0,0,0
6,1791,unknown,-59.689170837402344,107.63023376464844,0.0015532338293269277,1.5719621181488037,0,0.0025000001769512892,0.0025000001769512892,0,0,0
7,2047,unknown,-59.619182586669922,107.61254119873047,0.0017213557148352265,1.5723186731338501,0,0.0025000001769512892,0.0025000001769512892,0,0,0
8,2303,unknown,-59.660758972167969,107.62320709228516,0.0018749992595985532,1.5730758905410767,0,0.0025000001769512892,0.0025000001769512892,0,0,0
