particle_id,geometry_id,tx,ty,tz,tt,tpx,tpy,tpz,te,deltapx,deltapy,deltapz,deltae,index
0,255,20,106.17557525634766,40.442096710205078,0,0.99984675645828247,-0.00024528303765691817,-9.8376309324521571e-05,0,0,0,0,0,0
0,511,40,106.17067718505859,40.440097808837891,0,0.99951493740081787,0.00053335807751864195,0.00044939573854207993,0,0,0,0,0,0
0,767,60,106.18129730224609,40.449153900146484,0,0.99927604198455811,0.00032121888943947852,0.00046572729479521513,0,0,0,0,0,0
0,1023,80,106.18766784667969,40.458515167236328,0,0.99913829565048218,0.0016851418185979128,0.0017258146544918418,0,0,0,0,0,0
0,1279,100,106.22119140625,40.493263244628906,0,0.99892419576644897,0.0012495390838012099,0.0011546865571290255,0,0,0,0,0,0
0,1535,120,106.24607086181641,40.516532897949219,0,0.99874377250671387,0.0021957710850983858,0.00040809344500303268,0,0,0,0,0,0
0,1791,140,106.28999328613281,40.524967193603516,0,0.99841690063476562,0.0022125281393527985,0.00029239061404950917,0,0,0,0,0,0
0,2047,160,106.33427429199219,40.531089782714844,0,0.99828290939331055,-7.7003925980534405e-05,0.0011147919576615095,0,0,0,0,0,0
0,2303,180,106.33259582519531,40.553413391113281,0,0.99808329343795776,0.00033016561064869165,0.0009750043973326683,0,0,0,0,0,0
