measurement_id,geometry_id,local_key,local0,local1,phi,theta,time,var_local0,var_local1,var_phi,var_theta,var_time
0,255,unknown,390.93536376953125,-258.24884033203125,0.00025922647910192609,1.570810079574585,0,0.0025000001769512892,0.0025000001769512892,0,0,0
1,511,unknown,390.9141845703125,-258.23367309570312,0.00050429481780156493,1.5745283365249634,0,0.0025000001769512892,0.0025000001769512892,0,0,0
2,767,unknown,390.90045166015625,-258.29412841796875,-0.00044548459118232131,1.5757710933685303,0,0.0025000001769512892,0.0025000001769512892,0,0,0
3,1023,unknown,390.90475463867188,-258.44183349609375,-0.00045200210297480226,1.5756937265396118,0,0.0025000001769512892,0.0025000001769512892,0,0,0
4,1279,unknown,390.94223022460938,-258.49588012695312,-0.00036175412242300808,1.5757741928100586,0,0.0025000001769512892,0.0025000001769512892,0,0,0
5,1535,unknown,390.92034912109375,-258.62042236328125,-0.00056216999655589461,1.5753188133239746,0,0.0025000001769512892,0.0025000001769512892,0,0,0
6,1791,unknown,390.96078491210938,-258.60845947265625,-0.00065232394263148308,1.5749707221984863,0,0.0025000001769512892,0.0025000001769512892,0,0,0
7,2047,unknown,390.84146118164062,-258.80731201171875,-0.0005371479201130569,1.5749282836914062,0,0.0025000001769512892,0.0025000001769512892,0,0,0
8,2303,unknown,390.89306640625,-258.83596801757812,-0.0018207444809377193,1.5740119218826294,0,0.0025000001769512892,0.0025000001769512892,0,0,0
