particle_id,geometry_id,tx,ty,tz,tt,tpx,tpy,tpz,te,deltapx,deltapy,deltapz,deltae,index
0,255,20,-90.033843994140625,-84.690406799316406,0,0.99985706806182861,8.5513012891169637e-05,-1.7803351511247456e-05,0,0,0,0,0,0
0,511,40,-90.032135009765625,-84.690750122070312,0,0.99970263242721558,9.0079731307923794e-05,1.7713202396407723e-05,0,0,0,0,0,0
0,767,60,-90.03033447265625,-84.690383911132812,0,0.9995272159576416,-0.0009571523405611515,0.0024915696121752262,0,0,0,0,0,0
0,1023,80,-90.049781799316406,-84.640647888183594,0,0.99939346313476562,0.00050136621575802565,0.0017747420351952314,0,0,0,0,0,0
0,1279,100,-90.039962768554688,-84.605072021484375,0,0.99922186136245728,0.00046839207061566412,0.0017279817257076502,0,0,0,0,0,0
0,1535,120,-90.030792236328125,-84.570426940917969,0,0.99909371137619019,-0.00043297221418470144,0.0013192418264225125,0,0,0,0,0,0
0,1791,140,-90.039619445800781,-84.5440673828125,0,0.99889177083969116,0.0016117739723995328,0.002746958052739501,0,0,0,0,0,0
0,2047,160,-90.007682800292969,-84.488876342773438,0,0.99870079755783081,0.0017162986332550645,0.0027196460869163275,0,0,0,0,0,0
0,2303,180,-89.973640441894531,-84.4342041015625,0,0.99853146076202393,0.0017709915991872549,0.0026153863873332739,0,0,0,0,0,0
