particle_id,particle_type,process,vx,vy,vz,vt,px,py,pz,m,q
0,0,0,0,-119.2021484375,70.515411376953125,0,1,0,-4.3711388286737929e-08,0,-1
