measurement_id,geometry_id,local_key,local0,local1,phi,theta,time,var_local0,var_local1,var_phi,var_theta,var_time
0,255,unknown,-132.09765625,151.13407897949219,-0.00048061626148410141,1.5716253519058228,0,0.0025000001769512892,0.0025000001769512892,0,0,0
1,511,unknown,-132.11128234863281,151.02499389648438,-0.00081241026055067778,1.5724797248840332,0,0.0025000001769512892,0.0025000001769512892,0,0,0
2,767,unknown,-132.19940185546875,151.05461120605469,-0.0010439517209306359,1.5723414421081543,0,0.0025000001769512892,0.0025000001769512892,0,0,0
3,1023,unknown,-132.18011474609375,151.02763366699219,-0.0010705213062465191,1.5716317892074585,0,0.0025000001769512892,0.0025000001769512892,0,0,0
4,1279,unknown,-132.19566345214844,151.01852416992188,-0.0022129116114228964,1.5715768337249756,0,0.0025000001769512892,0.0025000001769512892,0,0,0
5,1535,unknown,-132.29203796386719,150.95904541015625,-0.0026341348420828581,1.5697733163833618,0,0.0025000001769512892,0.0025000001769512892,0,0,0
6,1791,unknown,-132.20675659179688,151.06086730957031,-0.0029822150245308876,1.5699532032012939,0,0.0025000001769512892,0.0025000001769512892,0,0,0
7,2047,unknown,-132.35520935058594,151.01480102539062,-0.0029887361451983452,1.569988489151001,0,0.0025000001769512892,0.0025000001769512892,0,0,0
8,2303,unknown,-132.41708374023438,151.06109619140625,-0.0034050634130835533,1.5689698457717896,0,0.0025000001769512892,0.0025000001769512892,0,0,0
