particle_id,particle_type,process,vx,vy,vz,vt,px,py,pz,m,q
0,0,0,0,68.195854187011719,-97.809974670410156,0,1,0,-4.3711388286737929e-08,0,-1
