measurement_id,geometry_id,local_key,local0,local1,phi,theta,time,var_local0,var_local1,var_phi,var_theta,var_time
0,255,unknown,160.18266296386719,-84.325607299804688,0.00048953894292935729,1.570386528968811,0,0.0025000001769512892,0.0025000001769512892,0,0,0
1,511,unknown,160.25263977050781,-84.387870788574219,0.0014145250897854567,1.5687108039855957,0,0.0025000001769512892,0.0025000001769512892,0,0,0
2,767,unknown,160.21916198730469,-84.22650146484375,0.00065114832250401378,1.5681507587432861,0,0.0025000001769512892,0.0025000001769512892,0,0,0
3,1023,unknown,160.26629638671875,-84.297538757324219,0.0009466085466556251,1.5684435367584229,0,0.0025000001769512892,0.0025000001769512892,0,0,0
4,1279,unknown,160.27694702148438,-84.173721313476562,0.00052098598098382354,1.5685518980026245,0,0.0025000001769512892,0.0025000001769512892,0,0,0
5,1535,unknown,160.34335327148438,-84.215438842773438,9.8561766208149493e-05,1.5680444240570068,0,0.0025000001769512892,0.0025000001769512892,0,0,0
6,1791,unknown,160.25712585449219,-84.131568908691406,0.00079247658140957355,1.5677082538604736,0,0.0025000001769512892,0.0025000001769512892,0,0,0
7,2047,unknown,160.30744934082031,-84.038284301757812,0.00088466017041355371,1.5679703950881958,0,0.0025000001769512892,0.0025000001769512892,0,0,0
8,2303,unknown,160.41461181640625,-83.914283752441406,0.00044623244320973754,1.5674463510513306,0,0.0025000001769512892,0.0025000001769512892,0,0,0
