measurement_id,geometry_id,local_key,local0,local1,phi,theta,time,var_local0,var_local1,var_phi,var_theta,var_time
0,255,unknown,143.28640747070312,-136.71823120117188,8.6996973550412804e-05,1.5707552433013916,0,0.0025000001769512892,0.0025000001769512892,0,0,0
1,511,unknown,143.20852661132812,-136.83586120605469,0.00013178189692553133,1.5707725286483765,0,0.0025000001769512892,0.0025000001769512892,0,0,0
2,767,unknown,143.26702880859375,-136.74122619628906,0.001520400051958859,1.5709464550018311,0,0.0025000001769512892,0.0025000001769512892,0,0,0
3,1023,unknown,143.27401733398438,-136.80776977539062,0.00055737525690346956,1.5691595077514648,0,0.0025000001769512892,0.0025000001769512892,0,0,0
4,1279,unknown,143.2650146484375,-136.734130859375,0.00050353893311694264,1.5687730312347412,0,0.0025000001769512892,0.0025000001769512892,0,0,0
5,1535,unknown,143.24388122558594,-136.71540832519531,0.00013247680908534676,1.5695463418960571,0,0.0025000001769512892,0.0025000001769512892,0,0,0
6,1791,unknown,143.32904052734375,-136.68746948242188,-0.00085996818961575627,1.569587230682373,0,0.0025000001769512892,0.0025000001769512892,0,0,0
7,2047,unknown,143.29812622070312,-136.73025512695312,-0.00030493101803585887,1.5701930522918701,0,0.0025000001769512892,0.0025000001769512892,0,0,0
8,2303,unknown,143.32783508300781,-136.64680480957031,-0.0010795199777930975,1.570777416229248,0,0.0025000001769512892,0.0025000001769512892,0,0,0
