measurement_id,geometry_id,local_key,local0,local1,phi,theta,time,var_local0,var_local1,var_phi,var_theta,var_time
0,255,unknown,-87.649192810058594,-47.064487457275391,0.00051830383017659187,1.5713387727737427,0,0.0025000001769512892,0.0025000001769512892,0,0,0
1,511,unknown,-87.768928527832031,-47.029251098632812,0.00024757365463301539,1.5714703798294067,0,0.0025000001769512892,0.0025000001769512892,0,0,0
2,767,unknown,-87.617042541503906,-46.979305267333984,0.00026301847537979484,1.5714784860610962,0,0.0025000001769512892,0.0025000001769512892,0,0,0
3,1023,unknown,-87.725135803222656,-47.102561950683594,-0.00025904990616254508,1.5710978507995605,0,0.0025000001769512892,0.0025000001769512892,0,0,0
4,1279,unknown,-87.6107177734375,-47.067771911621094,-0.00033963992609642446,1.5700900554656982,0,0.0025000001769512892,0.0025000001769512892,0,0,0
5,1535,unknown,-87.679786682128906,-47.043617248535156,8.5119761934038252e-05,1.5702364444732666,0,0.0025000001769512892,0.0025000001769512892,0,0,0
6,1791,unknown,-87.696060180664062,-47.106605529785156,-0.0014188329223543406,1.5702524185180664,0,0.0025000001769512892,0.0025000001769512892,0,0,0
7,2047,unknown,-87.67901611328125,-47.057662963867188,-0.001156192971393466,1.5711792707443237,0,0.0025000001769512892,0.0025000001769512892,0,0,0
8,2303,unknown,-87.671501159667969,-47.108001708984375,-0.0015046164626255631,1.5711429119110107,0,0.0025000001769512892,0.0025000001769512892,0,0,0
