measurement_id,geometry_id,local_key,local0,local1,phi,theta,time,var_local0,var_local1,var_phi,var_theta,var_time
0,255,unknown,64.479034423828125,347.05645751953125,0.0002246099611511454,1.5703502893447876,0,0.0025000001769512892,0.0025000001769512892,0,0,0
1,511,unknown,64.477294921875,347.04852294921875,0.0011623831233009696,1.5716656446456909,0,0.0025000001769512892,0.0025000001769512892,0,0,0
2,767,unknown,64.5933837890625,347.06689453125,0.00086442200699821115,1.571242094039917,0,0.0025000001769512892,0.0025000001769512892,0,0,0
3,1023,unknown,64.533050537109375,347.02218627929688,-3.6170246175970533e-07,1.5702724456787109,0,0.0025000001769512892,0.0025000001769512892,0,0,0
4,1279,unknown,64.477371215820312,347.09744262695312,1.2460573088901583e-05,1.5703153610229492,0,0.0025000001769512892,0.0025000001769512892,0,0,0
5,1535,unknown,64.540756225585938,347.06759643554688,-8.5280466009862721e-05,1.5707015991210938,0,0.0025000001769512892,0.0025000001769512892,0,0,0
6,1791,unknown,64.484870910644531,347.064453125,0.0013328581117093563,1.570303201675415,0,0.0025000001769512892,0.0025000001769512892,0,0,0
7,2047,unknown,64.620559692382812,347.05801391601562,0.0013323519378900528,1.5702043771743774,0,0.0025000001769512892,0.0025000001769512892,0,0,0
8,2303,unknown,64.634422302246094,347.04193115234375,0.001487039728090167,1.5708792209625244,0,0.0025000001769512892,0.0025000001769512892,0,0,0
