measurement_id,geometry_id,local_key,local0,local1,phi,theta,time,var_local0,var_local1,var_phi,var_theta,var_time
0,255,unknown,3.9954550266265869,-245.63534545898438,-0.00034340276033617556,1.5726609230041504,0,0.0025000001769512892,0.0025000001769512892,0,0,0
1,511,unknown,3.9843893051147461,-245.6488037109375,-0.00042135518742725253,1.5720463991165161,0,0.0025000001769512892,0.0025000001769512892,0,0,0
2,767,unknown,3.9992794990539551,-245.64614868164062,-0.0010067342082038522,1.5715028047561646,0,0.0025000001769512892,0.0025000001769512892,0,0,0
3,1023,unknown,3.9995408058166504,-245.67021179199219,-0.00069328863173723221,1.5716183185577393,0,0.0025000001769512892,0.0025000001769512892,0,0,0
4,1279,unknown,3.9272167682647705,-245.74797058105469,-0.0011752971913665533,1.5725587606430054,0,0.0025000001769512892,0.0025000001769512892,0,0,0
5,1535,unknown,3.8723299503326416,-245.84864807128906,-0.0026095521170645952,1.5723750591278076,0,0.0025000001769512892,0.0025000001769512892,0,0,0
6,1791,unknown,3.8673043251037598,-245.7718505859375,-0.0026901413220912218,1.5724625587463379,0,0.0025000001769512892,0.0025000001769512892,0,0,0
7,2047,unknown,3.7785651683807373,-245.78955078125,-0.001856893883086741,1.5727269649505615,0,0.0025000001769512892,0.0025000001769512892,0,0,0
8,2303,unknown,3.7359733581542969,-245.81002807617188,-0.0018547684885561466,1.5728310346603394,0,0.0025000001769512892,0.0025000001769512892,0,0,0
