particle_id,particle_type,process,vx,vy,vz,vt,px,py,pz,m,q
0,0,0,0,4.7740931510925293,-46.319812774658203,0,1,0,-4.3711388286737929e-08,0,-1
