measurement_id,geometry_id,local_key,local0,local1,phi,theta,time,var_local0,var_local1,var_phi,var_theta,var_time
0,255,unknown,506.80960083007812,-136.3602294921875,8.9480810856912285e-05,1.5707780122756958,0,0.0025000001769512892,0.0025000001769512892,0,0,0
1,511,unknown,506.85247802734375,-136.48977661132812,-6.5194384660571814e-05,1.5706496238708496,0,0.0025000001769512892,0.0025000001769512892,0,0,0
2,767,unknown,506.77169799804688,-136.47225952148438,-0.00087828096002340317,1.5692610740661621,0,0.0025000001769512892,0.0025000001769512892,0,0,0
3,1023,unknown,506.769287109375,-136.35734558105469,-0.00050303363241255283,1.5688028335571289,0,0.0025000001769512892,0.0025000001769512892,0,0,0
4,1279,unknown,506.78948974609375,-136.34892272949219,0.0010267692850902677,1.5701210498809814,0,0.0025000001769512892,0.0025000001769512892,0,0,0
5,1535,unknown,506.75735473632812,-136.38037109375,0.00027683933149091899,1.5711779594421387,0,0.0025000001769512892,0.0025000001769512892,0,0,0
6,1791,unknown,506.80764770507812,-136.3006591796875,0.0010762597667053342,1.5682885646820068,0,0.0025000001769512892,0.0025000001769512892,0,0,0
7,2047,unknown,506.82989501953125,-136.31716918945312,0.001188902766443789,1.5678799152374268,0,0.0025000001769512892,0.0025000001769512892,0,0,0
8,2303,unknown,506.80743408203125,-136.23200988769531,0.0018068253993988037,1.5699783563613892,0,0.0025000001769512892,0.0025000001769512892,0,0,0
