measurement_id,geometry_id,local_key,local0,local1,phi,theta,time,var_local0,var_local1,var_phi,var_theta,var_time
0,255,unknown,53.434978485107422,75.909080505371094,-0.0023793582804501057,1.5696800947189331,0,0.0025000001769512892,0.0025000001769512892,0,0,0
1,511,unknown,53.242446899414062,75.774726867675781,-0.0052256002090871334,1.5693025588989258,0,0.0025000001769512892,0.0025000001769512892,0,0,0
2,767,unknown,53.254673004150391,75.827056884765625,-0.0050649428740143776,1.5695679187774658,0,0.0025000001769512892,0.0025000001769512892,0,0,0
3,1023,unknown,53.027870178222656,76.014083862304688,-0.0050444547086954117,1.569657564163208,0,0.0025000001769512892,0.0025000001769512892,0,0,0
4,1279,unknown,52.909561157226562,75.956390380859375,-0.0065439669415354729,1.5699700117111206,0,0.0025000001769512892,0.0025000001769512892,0,0,0
5,1535,unknown,52.833133697509766,75.928939819335938,-0.0070042251609265804,1.5711624622344971,0,0.0025000001769512892,0.0025000001769512892,0,0,0
6,1791,unknown,52.651187896728516,75.888763427734375,-0.0072143343277275562,1.5709267854690552,0,0.0025000001769512892,0.0025000001769512892,0,0,0
7,2047,unknown,52.482658386230469,75.9443359375,-0.0075356354936957359,1.570970892906189,0,0.0025000001769512892,0.0025000001769512892,0,0,0
8,2303,unknown,52.442192077636719,76.029388427734375,-0.007716144435107708,1.5711363554000854,0,0.0025000001769512892,0.0025000001769512892,0,0,0
