particle_id,geometry_id,tx,ty,tz,tt,tpx,tpy,tpz,te,deltapx,deltapy,deltapz,deltae,index
0,255,20,7.355046272277832,9.0133743286132812,0,0.99983853101730347,0.00092252704780548811,0.00084167689783498645,0,0,0,0,0,0
0,511,40,7.3733983039855957,9.0303211212158203,0,0.99966257810592651,0.0021521050948649645,0.00097440433455631137,0,0,0,0,0,0
0,767,60,7.4163370132446289,9.0500736236572266,0,0.99925589561462402,0.00072901678504422307,0.0019866526126861572,0,0,0,0,0,0
0,1023,80,7.4306893348693848,9.0899229049682617,0,0.99913680553436279,0.00042141188168898225,0.0018010851927101612,0,0,0,0,0,0
0,1279,100,7.4389081001281738,9.1260251998901367,0,0.99894773960113525,0.00010969291906803846,0.0017889549490064383,0,0,0,0,0,0
0,1535,120,7.4408893585205078,9.1618547439575195,0,0.99872797727584839,0.0015917227137833834,0.00060441286768764257,0,0,0,0,0,0
0,1791,140,7.4726910591125488,9.1741495132446289,0,0.99848788976669312,0.0010696448152884841,0.001660651876591146,0,0,0,0,0,0
0,2047,160,7.4939160346984863,9.2075405120849609,0,0.99836981296539307,0.0011399502400308847,0.0012843672884628177,0,0,0,0,0,0
0,2303,180,7.5165972709655762,9.2334060668945312,0,0.99814504384994507,0.0021610467229038477,-0.0012669143034145236,0,0,0,0,0,0
