measurement_id,geometry_id,local_key,local0,local1,phi,theta,time,var_local0,var_local1,var_phi,var_theta,var_time
0,255,unknown,86.811714172363281,-66.869789123535156,-0.0012060529552400112,1.5711352825164795,0,0.0025000001769512892,0.0025000001769512892,0,0,0
1,511,unknown,86.786880493164062,-66.931793212890625,-0.00056415819562971592,1.5699994564056396,0,0.0025000001769512892,0.0025000001769512892,0,0,0
2,767,unknown,86.813163757324219,-66.857391357421875,-0.002423000754788518,1.5714731216430664,0,0.0025000001769512892,0.0025000001769512892,0,0,0
3,1023,unknown,86.814689636230469,-66.972610473632812,-0.0030010673217475414,1.571382999420166,0,0.0025000001769512892,0.0025000001769512892,0,0,0
4,1279,unknown,86.714935302734375,-66.919654846191406,-0.0035417280159890652,1.5707813501358032,0,0.0025000001769512892,0.0025000001769512892,0,0,0
5,1535,unknown,86.678749084472656,-66.9017333984375,-0.0025821321178227663,1.5703161954879761,0,0.0025000001769512892,0.0025000001769512892,0,0,0
6,1791,unknown,86.659751892089844,-66.909690856933594,-0.00249506626278162,1.5703607797622681,0,0.0025000001769512892,0.0025000001769512892,0,0,0
7,2047,unknown,86.494552612304688,-66.9351806640625,-0.0021303528919816017,1.5708156824111938,0,0.0025000001769512892,0.0025000001769512892,0,0,0
8,2303,unknown,86.446990966796875,-66.887077331542969,-0.00081680988660082221,1.5700340270996094,0,0.0025000001769512892,0.0025000001769512892,0,0,0
