measurement_id,geometry_id,local_key,local0,local1,phi,theta,time,var_local0,var_local1,var_phi,var_theta,var_time
0,255,unknown,257.37814331054688,4.860079288482666,0.00078998098615556955,1.5709117650985718,0,0.0025000001769512892,0.0025000001769512892,0,0,0
1,511,unknown,257.41152954101562,4.8027572631835938,-8.6781925347167999e-05,1.5713144540786743,0,0.0025000001769512892,0.0025000001769512892,0,0,0
2,767,unknown,257.4183349609375,4.8681988716125488,-0.00039833731716498733,1.5723699331283569,0,0.0025000001769512892,0.0025000001769512892,0,0,0
3,1023,unknown,257.31173706054688,4.7615137100219727,-0.00054665771313011646,1.5724804401397705,0,0.0025000001769512892,0.0025000001769512892,0,0,0
4,1279,unknown,257.41287231445312,4.720179557800293,-0.00063495640642940998,1.5721510648727417,0,0.0025000001769512892,0.0025000001769512892,0,0,0
5,1535,unknown,257.36593627929688,4.6703929901123047,-0.0012037643464282155,1.5719943046569824,0,0.0025000001769512892,0.0025000001769512892,0,0,0
6,1791,unknown,257.41897583007812,4.6827597618103027,-5.1829356380039826e-05,1.5726797580718994,0,0.0025000001769512892,0.0025000001769512892,0,0,0
7,2047,unknown,257.35354614257812,4.5913581848144531,-0.0004627256712410599,1.5703088045120239,0,0.0025000001769512892,0.0025000001769512892,0,0,0
8,2303,unknown,257.33395385742188,4.6870818138122559,-0.00013432663399726152,1.5699093341827393,0,0.0025000001769512892,0.0025000001769512892,0,0,0
