measurement_id,geometry_id,local_key,local0,local1,phi,theta,time,var_local0,var_local1,var_phi,var_theta,var_time
0,255,unknown,79.014175415039062,-162.41580200195312,-0.0001039337003021501,1.570664644241333,0,0.0025000001769512892,0.0025000001769512892,0,0,0
1,511,unknown,79.122230529785156,-162.32736206054688,0.00015611850540153682,1.5706185102462769,0,0.0025000001769512892,0.0025000001769512892,0,0,0
2,767,unknown,78.936729431152344,-162.36520385742188,-0.0022956668399274349,1.5719743967056274,0,0.0025000001769512892,0.0025000001769512892,0,0,0
3,1023,unknown,79.043235778808594,-162.30406188964844,-0.0012369153555482626,1.5731385946273804,0,0.0025000001769512892,0.0025000001769512892,0,0,0
4,1279,unknown,78.954887390136719,-162.42318725585938,-0.0018368703313171864,1.5726445913314819,0,0.0025000001769512892,0.0025000001769512892,0,0,0
5,1535,unknown,78.877388000488281,-162.50547790527344,-0.00097511941567063332,1.5720595121383667,0,0.0025000001769512892,0.0025000001769512892,0,0,0
6,1791,unknown,78.855690002441406,-162.48777770996094,-0.00076099258149042726,1.572026252746582,0,0.0025000001769512892,0.0025000001769512892,0,0,0
7,2047,unknown,78.951927185058594,-162.47021484375,-0.00063667254289612174,1.5720384120941162,0,0.0025000001769512892,0.0025000001769512892,0,0,0
8,2303,unknown,78.838249206542969,-162.48503112792969,-0.00052217108896002173,1.5713346004486084,0,0.0025000001769512892,0.0025000001769512892,0,0,0
