measurement_id,geometry_id,local_key,local0,local1,phi,theta,time,var_local0,var_local1,var_phi,var_theta,var_time
0,255,unknown,-160.667236328125,220.95866394042969,0.00015791684563737363,1.5708037614822388,0,0.0025000001769512892,0.0025000001769512892,0,0,0
1,511,unknown,-160.73707580566406,220.93409729003906,-3.7349280319176614e-05,1.5708880424499512,0,0.0025000001769512892,0.0025000001769512892,0,0,0
2,767,unknown,-160.77461242675781,220.87907409667969,-0.0002340430801268667,1.5708718299865723,0,0.0025000001769512892,0.0025000001769512892,0,0,0
3,1023,unknown,-160.68482971191406,220.88784790039062,-0.001322447438724339,1.572440505027771,0,0.0025000001769512892,0.0025000001769512892,0,0,0
4,1279,unknown,-160.76145935058594,220.77146911621094,-0.0026817533653229475,1.5721436738967896,0,0.0025000001769512892,0.0025000001769512892,0,0,0
5,1535,unknown,-160.77082824707031,220.7861328125,-0.0031854999251663685,1.5706782341003418,0,0.0025000001769512892,0.0025000001769512892,0,0,0
6,1791,unknown,-160.90327453613281,220.85295104980469,-0.0047922246158123016,1.5704077482223511,0,0.0025000001769512892,0.0025000001769512892,0,0,0
7,2047,unknown,-160.97746276855469,220.79547119140625,-0.0045594186522066593,1.5694735050201416,0,0.0025000001769512892,0.0025000001769512892,0,0,0
8,2303,unknown,-161.10861206054688,220.94247436523438,-0.0034813105594366789,1.5689264535903931,0,0.0025000001769512892,0.0025000001769512892,0,0,0
