particle_id,geometry_id,tx,ty,tz,tt,tpx,tpy,tpz,te,deltapx,deltapy,deltapz,deltae,index
0,255,20,-141.927490234375,-28.387371063232422,0,0.99969547986984253,0.00020838988712057471,-0.00058148876996710896,0,0,0,0,0,0
0,511,40,-141.92324829101562,-28.398979187011719,0,0.9995044469833374,6.5967506088782102e-06,-0.00012026626063743606,0,0,0,0,0,0
0,767,60,-141.923095703125,-28.401384353637695,0,0.99936944246292114,-0.00022741690918337554,2.9620710847666487e-05,0,0,0,0,0,0
0,1023,80,-141.92764282226562,-28.400819778442383,0,0.99898749589920044,-0.00045983429299667478,0.00052954343846067786,0,0,0,0,0,0
0,1279,100,-141.93690490722656,-28.390274047851562,0,0.99882125854492188,-0.0023838807828724384,0.0012412525247782469,0,0,0,0,0,0
0,1535,120,-141.98478698730469,-28.365707397460938,0,0.99864977598190308,-0.003028379287570715,0.0019448603270575404,0,0,0,0,0,0
0,1791,140,-142.04566955566406,-28.327121734619141,0,0.9984545111656189,-0.0039200205355882645,-0.00070039258571341634,0,0,0,0,0,0
0,2047,160,-142.12409973144531,-28.341623306274414,0,0.99823766946792603,-0.005033399909734726,-0.00077093043364584446,0,0,0,0,0,0
0,2303,180,-142.224853515625,-28.357673645019531,0,0.99807703495025635,-0.0055932472459971905,-0.0013465627562254667,0,0,0,0,0,0
