particle_id,geometry_id,tx,ty,tz,tt,tpx,tpy,tpz,te,deltapx,deltapy,deltapz,deltae,index
0,255,20,66.479629516601562,133.33103942871094,0,0.99988079071044922,5.2663395763374865e-05,-9.9690791103057563e-05,0,0,0,0,0,0
0,511,40,66.480697631835938,133.32905578613281,0,0.99971991777420044,0.0011342262150719762,-0.00029250155785121024,0,0,0,0,0,0
0,767,60,66.503425598144531,133.32333374023438,0,0.99955201148986816,0.00057916902005672455,-0.00072367762913927436,0,0,0,0,0,0
0,1023,80,66.515098571777344,133.30892944335938,0,0.99922484159469604,-0.00019812780374195427,-0.00058681349037215114,0,0,0,0,0,0
0,1279,100,66.511199951171875,133.29716491699219,0,0.99838954210281372,0.0007850855472497642,-0.0022534029558300972,0,0,0,0,0,0
0,1535,120,66.527198791503906,133.25212097167969,0,0.99825054407119751,0.00068165548145771027,-0.0023500749375671148,0,0,0,0,0,0
0,1791,140,66.5411376953125,133.20512390136719,0,0.99812990427017212,0.00049964024219661951,-0.0021672646980732679,0,0,0,0,0,0
0,2047,160,66.551406860351562,133.16175842285156,0,0.99739843606948853,0.0008252470288425684,-0.002200990216806531,0,0,0,0,0,0
0,2303,180,66.568222045898438,133.11772155761719,0,0.99724715948104858,0.00012688068090938032,-0.0024922727607190609,0,0,0,0,0,0
