measurement_id,geometry_id,local_key,local0,local1,phi,theta,time,var_local0,var_local1,var_phi,var_theta,var_time
0,255,unknown,250.69168090820312,-197.25093078613281,-0.00071827403735369444,1.571757435798645,0,0.0025000001769512892,0.0025000001769512892,0,0,0
1,511,unknown,250.68447875976562,-197.2542724609375,0.00058520660968497396,1.5720258951187134,0,0.0025000001769512892,0.0025000001769512892,0,0,0
2,767,unknown,250.69035339355469,-197.28634643554688,0.0012591450940817595,1.5729252099990845,0,0.0025000001769512892,0.0025000001769512892,0,0,0
3,1023,unknown,250.78526306152344,-197.34693908691406,0.0013508854899555445,1.5719591379165649,0,0.0025000001769512892,0.0025000001769512892,0,0,0
4,1279,unknown,250.73431396484375,-197.37405395507812,0.0013390864478424191,1.5726783275604248,0,0.0025000001769512892,0.0025000001769512892,0,0,0
5,1535,unknown,250.80867004394531,-197.36787414550781,0.00087827257812023163,1.5719203948974609,0,0.0025000001769512892,0.0025000001769512892,0,0,0
6,1791,unknown,250.85890197753906,-197.54400634765625,0.000876156787853688,1.5717794895172119,0,0.0025000001769512892,0.0025000001769512892,0,0,0
7,2047,unknown,250.81600952148438,-197.50514221191406,0.0011592283844947815,1.5713083744049072,0,0.0025000001769512892,0.0025000001769512892,0,0,0
8,2303,unknown,250.81185913085938,-197.49705505371094,0.0023286452051252127,1.5720808506011963,0,0.0025000001769512892,0.0025000001769512892,0,0,0
