measurement_id,geometry_id,local_key,local0,local1,phi,theta,time,var_local0,var_local1,var_phi,var_theta,var_time
0,255,unknown,26.453895568847656,19.640569686889648,-1.9172015527146868e-05,1.5704433917999268,0,0.0025000001769512892,0.0025000001769512892,0,0,0
1,511,unknown,26.476264953613281,19.770334243774414,0.00026599757256917655,1.5701651573181152,0,0.0025000001769512892,0.0025000001769512892,0,0,0
2,767,unknown,26.456462860107422,19.677761077880859,0.00052735133795067668,1.5715177059173584,0,0.0025000001769512892,0.0025000001769512892,0,0,0
3,1023,unknown,26.380075454711914,19.678544998168945,0.0024491252843290567,1.5709617137908936,0,0.0025000001769512892,0.0025000001769512892,0,0,0
4,1279,unknown,26.593809127807617,19.720413208007812,0.0023941057734191418,1.5708972215652466,0,0.0025000001769512892,0.0025000001769512892,0,0,0
5,1535,unknown,26.553581237792969,19.72913932800293,0.0014054938219487667,1.5713917016983032,0,0.0025000001769512892,0.0025000001769512892,0,0,0
6,1791,unknown,26.437789916992188,19.619586944580078,0.0014854274922981858,1.5712298154830933,0,0.0025000001769512892,0.0025000001769512892,0,0,0
7,2047,unknown,26.580204010009766,19.746953964233398,0.0012361952103674412,1.5707734823226929,0,0.0025000001769512892,0.0025000001769512892,0,0,0
8,2303,unknown,26.603998184204102,19.67878532409668,0.001446718699298799,1.5702400207519531,0,0.0025000001769512892,0.0025000001769512892,0,0,0
