particle_id,geometry_id,tx,ty,tz,tt,tpx,tpy,tpz,te,deltapx,deltapy,deltapz,deltae,index
0,255,20,-132.47802734375,331.52609252929688,0,0.9998893141746521,0.00018582746270112693,0.00035802138154394925,0,0,0,0,0,0
0,511,40,-132.47434997558594,331.53326416015625,0,0.99947881698608398,0.0010970972944051027,-0.00031411580857820809,0,0,0,0,0,0
0,767,60,-132.45236206054688,331.527099609375,0,0.99930167198181152,0.00072634220123291016,-9.439152927370742e-05,0,0,0,0,0,0
0,1023,80,-132.43782043457031,331.52529907226562,0,0.99899858236312866,0.00072660192381590605,-0.0005184422479942441,0,0,0,0,0,0
0,1279,100,-132.4232177734375,331.5150146484375,0,0.99866271018981934,0.0023398043122142553,-0.0010668529430404305,0,0,0,0,0,0
0,1535,120,-132.37623596191406,331.49392700195312,0,0.99837374687194824,0.0025698626413941383,-0.0010903481161221862,0,0,0,0,0,0
0,1791,140,-132.32463073730469,331.47238159179688,0,0.99823427200317383,0.0049188057892024517,-0.00051828980213031173,0,0,0,0,0,0
0,2047,160,-132.22601318359375,331.46258544921875,0,0.99742406606674194,0.0057006636634469032,-0.001181000261567533,0,0,0,0,0,0
0,2303,180,-132.111572265625,331.43960571289062,0,0.99721205234527588,0.0061553134582936764,-0.00054165726760402322,0,0,0,0,0,0
