measurement_id,geometry_id,local_key,local0,local1,phi,theta,time,var_local0,var_local1,var_phi,var_theta,var_time
0,255,unknown,135.73141479492188,-86.147270202636719,-0.00067885627504438162,1.570935845375061,0,0.0025000001769512892,0.0025000001769512892,0,0,0
1,511,unknown,135.67091369628906,-86.118293762207031,-0.00065158901270478964,1.5718218088150024,0,0.0025000001769512892,0.0025000001769512892,0,0,0
2,767,unknown,135.57118225097656,-86.114181518554688,-0.00062174792401492596,1.5720020532608032,0,0.0025000001769512892,0.0025000001769512892,0,0,0
3,1023,unknown,135.70846557617188,-86.217079162597656,-0.00048451923066750169,1.5719457864761353,0,0.0025000001769512892,0.0025000001769512892,0,0,0
4,1279,unknown,135.62040710449219,-86.211151123046875,-0.00085061928257346153,1.5720292329788208,0,0.0025000001769512892,0.0025000001769512892,0,0,0
5,1535,unknown,135.57450866699219,-86.108726501464844,-7.5715935963671654e-05,1.5737073421478271,0,0.0025000001769512892,0.0025000001769512892,0,0,0
6,1791,unknown,135.71006774902344,-86.223922729492188,0.00028255319921299815,1.5733851194381714,0,0.0025000001769512892,0.0025000001769512892,0,0,0
7,2047,unknown,135.6177978515625,-86.301261901855469,-0.0013071789871901274,1.5727971792221069,0,0.0025000001769512892,0.0025000001769512892,0,0,0
8,2303,unknown,135.59353637695312,-86.404594421386719,-0.0015291867312043905,1.5733956098556519,0,0.0025000001769512892,0.0025000001769512892,0,0,0
