measurement_id,geometry_id,local_key,local0,local1,phi,theta,time,var_local0,var_local1,var_phi,var_theta,var_time
0,255,unknown,-217.57102966308594,-375.3389892578125,-8.0299687397200614e-05,1.5707587003707886,0,0.0025000001769512892,0.0025000001769512892,0,0,0
1,511,unknown,-217.51603698730469,-375.29498291015625,-0.00061248464044183493,1.5713118314743042,0,0.0025000001769512892,0.0025000001769512892,0,0,0
2,767,unknown,-217.58895874023438,-375.29336547851562,-0.0012644493253901601,1.5711804628372192,0,0.0025000001769512892,0.0025000001769512892,0,0,0
3,1023,unknown,-217.60281372070312,-375.36141967773438,-0.0017585967434570193,1.5712437629699707,0,0.0025000001769512892,0.0025000001769512892,0,0,0
4,1279,unknown,-217.67280578613281,-375.34060668945312,-0.0013967275153845549,1.5710669755935669,0,0.0025000001769512892,0.0025000001769512892,0,0,0
5,1535,unknown,-217.61936950683594,-375.30645751953125,-0.0014709919923916459,1.5710357427597046,0,0.0025000001769512892,0.0025000001769512892,0,0,0
6,1791,unknown,-217.72145080566406,-375.27099609375,-0.001462351530790329,1.5708985328674316,0,0.0025000001769512892,0.0025000001769512892,0,0,0
7,2047,unknown,-217.60348510742188,-375.31219482421875,-0.002499809255823493,1.5702673196792603,0,0.0025000001769512892,0.0025000001769512892,0,0,0
8,2303,unknown,-217.68995666503906,-375.37100219726562,-0.0025448007509112358,1.5714254379272461,0,0.0025000001769512892,0.0025000001769512892,0,0,0
