particle_id,particle_type,process,vx,vy,vz,vt,px,py,pz,m,q
0,0,0,0,284.02780151367188,13.072175025939941,0,1,0,-4.3711388286737929e-08,0,-1
