particle_id,particle_type,process,vx,vy,vz,vt,px,py,pz,m,q
0,0,0,0,144.02629089355469,-87.55194091796875,0,1,0,-4.3711388286737929e-08,0,-1
