particle_id,geometry_id,tx,ty,tz,tt,tpx,tpy,tpz,te,deltapx,deltapy,deltapz,deltae,index
0,255,20,-145.48298645019531,140.27513122558594,0,0.99953794479370117,0.00012504617916420102,6.7516739363782108e-05,0,0,0,0,0,0
0,511,40,-145.48049926757812,140.27650451660156,0,0.99926114082336426,-0.0010410972172394395,-0.00045639730524271727,0,0,0,0,0,0
0,767,60,-145.50128173828125,140.26724243164062,0,0.9990723729133606,0.00010275904787704349,-0.0014884213451296091,0,0,0,0,0,0
0,1023,80,-145.49903869628906,140.23745727539062,0,0.99882203340530396,0.00064500264124944806,-0.0015228167176246643,0,0,0,0,0,0
0,1279,100,-145.48594665527344,140.20704650878906,0,0.99861568212509155,0.001119977911002934,-0.0010707289911806583,0,0,0,0,0,0
0,1535,120,-145.46339416503906,140.18572998046875,0,0.99833303689956665,0.0014121942222118378,0.00079875631490722299,0,0,0,0,0,0
0,1791,140,-145.43519592285156,140.201904296875,0,0.99807870388031006,0.0017295082798227668,0.00093633262440562248,0,0,0,0,0,0
0,2047,160,-145.40065002441406,140.22087097167969,0,0.99779635667800903,0.0016646587755531073,0.00095438549760729074,0,0,0,0,0,0
0,2303,180,-145.36740112304688,140.24020385742188,0,0.9976353645324707,0.0016142871463671327,0.00097611406818032265,0,0,0,0,0,0
