particle_id,geometry_id,tx,ty,tz,tt,tpx,tpy,tpz,te,deltapx,deltapy,deltapz,deltae,index
0,255,20,-132.48487854003906,-453.82089233398438,0,0.99975305795669556,-0.00070033641532063484,-0.00053420796757563949,0,0,0,0,0,0
0,511,40,-132.49882507324219,-453.8316650390625,0,0.99955320358276367,-0.0011856058845296502,-0.00089514465071260929,0,0,0,0,0,0
0,767,60,-132.52244567871094,-453.8497314453125,0,0.99932658672332764,-0.0030377681832760572,-0.0011544096050783992,0,0,0,0,0,0
0,1023,80,-132.58309936523438,-453.87319946289062,0,0.99896693229675293,-0.0039475462399423122,-0.0008951023337431252,0,0,0,0,0,0
0,1279,100,-132.66201782226562,-453.8916015625,0,0.99872606992721558,-0.0035641782451421022,0.00088646385120227933,0,0,0,0,0,0
0,1535,120,-132.73348999023438,-453.874267578125,0,0.998421311378479,-0.0033427157904952765,0.0027398441452533007,0,0,0,0,0,0
0,1791,140,-132.80078125,-453.81979370117188,0,0.99826276302337646,-0.0020727179944515228,0.0020708399824798107,0,0,0,0,0,0
0,2047,160,-132.84255981445312,-453.778564453125,0,0.99813222885131836,-0.0022118471097201109,0.00041783848428167403,0,0,0,0,0,0
0,2303,180,-132.88693237304688,-453.77044677734375,0,0.99794179201126099,-0.0021453218068927526,-0.0003986927040386945,0,0,0,0,0,0
