measurement_id,geometry_id,local_key,local0,local1,phi,theta,time,var_local0,var_local1,var_phi,var_theta,var_time
0,255,unknown,339.10464477539062,210.97434997558594,0.00067476695403456688,1.5700263977050781,0,0.0025000001769512892,0.0025000001769512892,0,0,0
1,511,unknown,339.0791015625,210.85194396972656,0.00036779436049982905,1.5698755979537964,0,0.0025000001769512892,0.0025000001769512892,0,0,0
2,767,unknown,339.10812377929688,211.04747009277344,-0.00087157858069986105,1.57073974609375,0,0.0025000001769512892,0.0025000001769512892,0,0,0
3,1023,unknown,339.09396362304688,211.02317810058594,-0.00081491062883287668,1.5701382160186768,0,0.0025000001769512892,0.0025000001769512892,0,0,0
4,1279,unknown,339.16326904296875,211.16691589355469,0.0012797632953152061,1.5700833797454834,0,0.0025000001769512892,0.0025000001769512892,0,0,0
5,1535,unknown,339.09976196289062,211.0902099609375,0.0023000859655439854,1.5714321136474609,0,0.0025000001769512892,0.0025000001769512892,0,0,0
6,1791,unknown,339.150390625,211.06758117675781,0.0023080755490809679,1.5714080333709717,0,0.0025000001769512892,0.0025000001769512892,0,0,0
7,2047,unknown,339.13394165039062,211.06893920898438,0.0023668708745390177,1.5713018178939819,0,0.0025000001769512892,0.0025000001769512892,0,0,0
8,2303,unknown,339.38897705078125,211.06887817382812,0.0024136586580425501,1.5713552236557007,0,0.0025000001769512892,0.0025000001769512892,0,0,0
