particle_id,geometry_id,tx,ty,tz,tt,tpx,tpy,tpz,te,deltapx,deltapy,deltapz,deltae,index
0,255,20,167.54331970214844,-169.83811950683594,0,0.9997827410697937,0.00079969677608460188,0.00055249076103791595,0,0,0,0,0,0
0,511,40,167.55924987792969,-169.82696533203125,0,0.99955570697784424,0.0010339920409023762,-0.00096115941414609551,0,0,0,0,0,0
0,767,60,167.58004760742188,-169.8460693359375,0,0.99941229820251465,0.00095926545327529311,-0.0010721785947680473,0,0,0,0,0,0
0,1023,80,167.599365234375,-169.86741638183594,0,0.99925732612609863,0.0020250561647117138,-0.0026097523514181376,0,0,0,0,0,0
0,1279,100,167.64021301269531,-169.91940307617188,0,0.99891412258148193,0.0021983066108077765,-0.0011348777916282415,0,0,0,0,0,0
0,1535,120,167.68435668945312,-169.94186401367188,0,0.99877452850341797,0.0019298766274005175,-0.0009704108233563602,0,0,0,0,0,0
0,1791,140,167.72311401367188,-169.9610595703125,0,0.99861055612564087,0.0026710857637226582,0.00058589136460795999,0,0,0,0,0,0
0,2047,160,167.77653503417969,-169.94900512695312,0,0.99842500686645508,0.0029971350450068712,0.0025100181810557842,0,0,0,0,0,0
0,2303,180,167.83627319335938,-169.89836120605469,0,0.99814778566360474,0.0038067328277975321,0.0016235675429925323,0,0,0,0,0,0
