measurement_id,geometry_id,local_key,local0,local1,phi,theta,time,var_local0,var_local1,var_phi,var_theta,var_time
0,255,unknown,299.04678344726562,-20.851650238037109,-2.080449485220015e-05,1.5707626342773438,0,0.0025000001769512892,0.0025000001769512892,0,0,0
1,511,unknown,299.056396484375,-20.869419097900391,0.00097485783044248819,1.5711325407028198,0,0.0025000001769512892,0.0025000001769512892,0,0,0
2,767,unknown,299.078857421875,-20.758655548095703,0.00090258033014833927,1.5712789297103882,0,0.0025000001769512892,0.0025000001769512892,0,0,0
3,1023,unknown,299.16693115234375,-20.766353607177734,0.0011328719556331635,1.5716562271118164,0,0.0025000001769512892,0.0025000001769512892,0,0,0
4,1279,unknown,299.14157104492188,-20.73289680480957,0.00038921606028452516,1.5705028772354126,0,0.0025000001769512892,0.0025000001769512892,0,0,0
5,1535,unknown,299.18743896484375,-20.835971832275391,0.00026864698156714439,1.5704828500747681,0,0.0025000001769512892,0.0025000001769512892,0,0,0
6,1791,unknown,299.22714233398438,-20.846981048583984,0.0010430942056700587,1.5701254606246948,0,0.0025000001769512892,0.0025000001769512892,0,0,0
7,2047,unknown,299.17047119140625,-20.802602767944336,0.0012004852760583162,1.5694149732589722,0,0.0025000001769512892,0.0025000001769512892,0,0,0
8,2303,unknown,299.32830810546875,-20.741107940673828,0.00080143456580117345,1.5700211524963379,0,0.0025000001769512892,0.0025000001769512892,0,0,0
