particle_id,geometry_id,tx,ty,tz,tt,tpx,tpy,tpz,te,deltapx,deltapy,deltapz,deltae,index
0,255,20,-56.523235321044922,-101.53466796875,0,0.99986451864242554,-0.00048041561967693269,0.0011288351379334927,0,0,0,0,0,0
0,511,40,-56.532981872558594,-101.51214599609375,0,0.99968832731246948,-0.00049751781625673175,0.0004181313852313906,0,0,0,0,0,0
0,767,60,-56.542984008789062,-101.50383758544922,0,0.9995388388633728,-0.0012441665166988969,0.00097249489044770598,0,0,0,0,0,0
0,1023,80,-56.5679931640625,-101.48452758789062,0,0.99939650297164917,-0.0012787673622369766,0.00092446315102279186,0,0,0,0,0,0
0,1279,100,-56.593692779541016,-101.46617889404297,0,0.99925023317337036,-0.00087466614786535501,0.0004468944389373064,0,0,0,0,0,0
0,1535,120,-56.611251831054688,-101.45733642578125,0,0.99912023544311523,-0.0012022290611639619,0.0010400962783023715,0,0,0,0,0,0
0,1791,140,-56.635440826416016,-101.43666076660156,0,0.99898380041122437,-0.0017393387388437986,0.00055895705008879304,0,0,0,0,0,0
0,2047,160,-56.670330047607422,-101.42568206787109,0,0.99842196702957153,-0.0019376878626644611,-0.00075582967838272452,0,0,0,0,0,0
0,2303,180,-56.709053039550781,-101.44105529785156,0,0.99824899435043335,-0.0019368772627785802,-0.00083400128642097116,0,0,0,0,0,0
