particle_id,geometry_id,tx,ty,tz,tt,tpx,tpy,tpz,te,deltapx,deltapy,deltapz,deltae,index
0,255,20,-427.9749755859375,-128.93168640136719,0,0.99983561038970947,-0.0024035961832851171,-0.00094879668904468417,0,0,0,0,0,0
0,511,40,-428.02294921875,-128.95095825195312,0,0.99969089031219482,-0.0044365767389535904,-0.00056373490951955318,0,0,0,0,0,0
0,767,60,-428.11163330078125,-128.9627685546875,0,0.99954485893249512,-0.0035804768558591604,-0.0011682476615533233,0,0,0,0,0,0
0,1023,80,-428.18313598632812,-128.986572265625,0,0.99935948848724365,-0.0036928129848092794,-0.0016810225788503885,0,0,0,0,0,0
0,1279,100,-428.2568359375,-129.02066040039062,0,0.99825829267501831,-0.003561811987310648,-0.0019629909656941891,0,0,0,0,0,0
0,1535,120,-428.32797241210938,-129.06040954589844,0,0.99809169769287109,-0.004124137107282877,-0.0017677731812000275,0,0,0,0,0,0
0,1791,140,-428.410400390625,-129.09632873535156,0,0.99793142080307007,-0.0038725275080651045,-0.0019553315360099077,0,0,0,0,0,0
0,2047,160,-428.48776245117188,-129.135986328125,0,0.99778914451599121,-0.0049238861538469791,-0.0025718060787767172,0,0,0,0,0,0
0,2303,180,-428.58615112304688,-129.18812561035156,0,0.99764615297317505,-0.004700896330177784,-0.0019981893710792065,0,0,0,0,0,0
