particle_id,geometry_id,tx,ty,tz,tt,tpx,tpy,tpz,te,deltapx,deltapy,deltapz,deltae,index
0,255,20,-404.9608154296875,145.26887512207031,0,0.99980723857879639,0.00083117146277800202,0.00030662279459647834,0,0,0,0,0,0
0,511,40,-404.9442138671875,145.27510070800781,0,0.99943608045578003,0.0017631688388064504,-0.00044372945558279753,0,0,0,0,0,0
0,767,60,-404.90887451171875,145.26643371582031,0,0.99926966428756714,0.0010679933475330472,3.9743168599670753e-05,0,0,0,0,0,0
0,1023,80,-404.88751220703125,145.26736450195312,0,0.9991304874420166,3.6323493986856192e-05,-0.00024456754908896983,0,0,0,0,0,0
0,1279,100,-404.88674926757812,145.26246643066406,0,0.99896246194839478,-8.8886983576230705e-05,0.00025468046078458428,0,0,0,0,0,0
0,1535,120,-404.8885498046875,145.26754760742188,0,0.99877208471298218,-0.00025075036683119833,0.00059610442258417606,0,0,0,0,0,0
0,1791,140,-404.89364624023438,145.27944946289062,0,0.99862658977508545,-0.00036671260022558272,0.0017400472424924374,0,0,0,0,0,0
0,2047,160,-404.90121459960938,145.31425476074219,0,0.99842590093612671,6.3370076532009989e-05,0.0038731780368834734,0,0,0,0,0,0
0,2303,180,-404.90042114257812,145.391845703125,0,0.99824827909469604,0.0010300346184521914,0.0038548787124454975,0,0,0,0,0,0
