particle_id,particle_type,process,vx,vy,vz,vt,px,py,pz,m,q
0,0,0,0,107.84791564941406,-49.415317535400391,0,1,0,-4.3711388286737929e-08,0,-1
