particle_id,particle_type,process,vx,vy,vz,vt,px,py,pz,m,q
0,0,0,0,-54.418819427490234,65.306488037109375,0,1,0,-4.3711388286737929e-08,0,-1
