particle_id,geometry_id,tx,ty,tz,tt,tpx,tpy,tpz,te,deltapx,deltapy,deltapz,deltae,index
0,255,20,108.08346557617188,-175.6829833984375,0,0.9940306544303894,-0.00012501399032771587,1.773120129655581e-05,0,0,0,0,0,0
0,511,40,108.08094787597656,-175.68264770507812,0,0.99386757612228394,-0.00034950408735312521,-0.00057276739971712232,0,0,0,0,0,0
0,767,60,108.07398223876953,-175.6942138671875,0,0.99361306428909302,-0.00045839766971766949,-0.00065553432796150446,0,0,0,0,0,0
0,1023,80,108.06483459472656,-175.70745849609375,0,0.99345970153808594,0.00017441016098018736,-0.0010835565626621246,0,0,0,0,0,0
0,1279,100,108.06847381591797,-175.729248046875,0,0.99333274364471436,-0.00029717531288042665,-0.00084007607074454427,0,0,0,0,0,0
0,1535,120,108.06259155273438,-175.74620056152344,0,0.99314993619918823,-0.0010985513217747211,-0.00056726322509348392,0,0,0,0,0,0
0,1791,140,108.04053497314453,-175.75775146484375,0,0.99297565221786499,-0.0016808900982141495,-0.00049081415636464953,0,0,0,0,0,0
0,2047,160,108.00673675537109,-175.76783752441406,0,0.99284183979034424,-0.0020699775777757168,-0.00028741234564222395,0,0,0,0,0,0
0,2303,180,107.96507263183594,-175.77388000488281,0,0.99255651235580444,-0.0029801873024553061,-0.001348329009488225,0,0,0,0,0,0
