measurement_id,geometry_id,local_key,local0,local1,phi,theta,time,var_local0,var_local1,var_phi,var_theta,var_time
0,255,unknown,-243.70611572265625,100.20187377929688,0.00037319218972697854,1.5705413818359375,0,0.0025000001769512892,0.0025000001769512892,0,0,0
1,511,unknown,-243.69851684570312,100.22034454345703,-0.00060574890812858939,1.568665623664856,0,0.0025000001769512892,0.0025000001769512892,0,0,0
2,767,unknown,-243.66313171386719,100.22687530517578,-0.0009744822746142745,1.5683445930480957,0,0.0025000001769512892,0.0025000001769512892,0,0,0
3,1023,unknown,-243.79269409179688,100.37388610839844,-0.0018518859287723899,1.5692627429962158,0,0.0025000001769512892,0.0025000001769512892,0,0,0
4,1279,unknown,-243.72532653808594,100.32916259765625,-0.0024642972275614738,1.5692546367645264,0,0.0025000001769512892,0.0025000001769512892,0,0,0
5,1535,unknown,-243.85740661621094,100.40038299560547,-0.0021788023877888918,1.5703251361846924,0,0.0025000001769512892,0.0025000001769512892,0,0,0
6,1791,unknown,-243.8004150390625,100.31363677978516,-0.0038129822351038456,1.5695977210998535,0,0.0025000001769512892,0.0025000001769512892,0,0,0
7,2047,unknown,-243.86880493164062,100.40489196777344,-0.0038167089223861694,1.5696266889572144,0,0.0025000001769512892,0.0025000001769512892,0,0,0
8,2303,unknown,-244.0672607421875,100.40895080566406,-0.0046339193359017372,1.5701990127563477,0,0.0025000001769512892,0.0025000001769512892,0,0,0
