measurement_id,geometry_id,local_key,local0,local1,phi,theta,time,var_local0,var_local1,var_phi,var_theta,var_time
0,255,unknown,-9.5142755508422852,-148.82470703125,0.00015227340918499976,1.5705718994140625,0,0.0025000001769512892,0.0025000001769512892,0,0,0
1,511,unknown,-9.5397529602050781,-148.73304748535156,-0.00036297074984759092,1.5707201957702637,0,0.0025000001769512892,0.0025000001769512892,0,0,0
2,767,unknown,-9.5307245254516602,-148.62350463867188,-0.00024795479839667678,1.570963978767395,0,0.0025000001769512892,0.0025000001769512892,0,0,0
3,1023,unknown,-9.416630744934082,-148.68701171875,-0.0011815761681646109,1.5706204175949097,0,0.0025000001769512892,0.0025000001769512892,0,0,0
4,1279,unknown,-9.5368785858154297,-148.78619384765625,-0.0015123512130230665,1.5726228952407837,0,0.0025000001769512892,0.0025000001769512892,0,0,0
5,1535,unknown,-9.4964208602905273,-148.73600769042969,-0.0014148812042549253,1.5725668668746948,0,0.0025000001769512892,0.0025000001769512892,0,0,0
6,1791,unknown,-9.5431489944458008,-148.83717346191406,-0.0011362734949216247,1.5730749368667603,0,0.0025000001769512892,0.0025000001769512892,0,0,0
7,2047,unknown,-9.6220541000366211,-148.81610107421875,-0.0013299647253006697,1.5727012157440186,0,0.0025000001769512892,0.0025000001769512892,0,0,0
8,2303,unknown,-9.626978874206543,-148.8701171875,-0.001546449726447463,1.5721545219421387,0,0.0025000001769512892,0.0025000001769512892,0,0,0
