particle_id,geometry_id,tx,ty,tz,tt,tpx,tpy,tpz,te,deltapx,deltapy,deltapz,deltae,index
0,255,20,198.00309753417969,-197.72642517089844,0,0.99976205825805664,0.00039586360799148679,0.00015524905757047236,0,0,0,0,0,0
0,511,40,198.01100158691406,-197.7232666015625,0,0.999481201171875,0.00029945082496851683,6.4415078668389469e-05,0,0,0,0,0,0
0,767,60,198.01698303222656,-197.72193908691406,0,0.99927955865859985,0.0012768288142979145,0.0017591741634532809,0,0,0,0,0,0
0,1023,80,198.04232788085938,-197.68658447265625,0,0.99737840890884399,0.0011673213448375463,0.0011282879859209061,0,0,0,0,0,0
0,1279,100,198.06559753417969,-197.663818359375,0,0.99681192636489868,0.00081521918764337897,0.0011126743629574776,0,0,0,0,0,0
0,1535,120,198.08181762695312,-197.64140319824219,0,0.9965859055519104,0.00078117323573678732,0.0011117091635242105,0,0,0,0,0,0
0,1791,140,198.09736633300781,-197.61900329589844,0,0.99644374847412109,0.00058674748288467526,0.00024120953457895666,0,0,0,0,0,0
0,2047,160,198.10911560058594,-197.61408996582031,0,0.9962957501411438,0.00066085770959034562,0.00012608779070433229,0,0,0,0,0,0
0,2303,180,198.12236022949219,-197.61148071289062,0,0.9961426854133606,-0.00010723073501139879,-0.00047587265726178885,0,0,0,0,0,0
