particle_id,geometry_id,tx,ty,tz,tt,tpx,tpy,tpz,te,deltapx,deltapy,deltapz,deltae,index
0,255,20,21.178003311157227,-23.599702835083008,0,0.99985682964324951,3.9978873246582225e-05,-3.6194719541526865e-06,0,0,0,0,0,0
0,511,40,21.178802490234375,-23.599769592285156,0,0.99950748682022095,0.00058780936524271965,-3.9839989767642692e-05,0,0,0,0,0,0
0,767,60,21.190568923950195,-23.600496292114258,0,0.99926120042800903,0.00061177689349278808,-0.00039469238254241645,0,0,0,0,0,0
0,1023,80,21.202859878540039,-23.608322143554688,0,0.99891471862792969,0.00068196171196177602,-0.00019331040675751865,0,0,0,0,0,0
0,1279,100,21.216537475585938,-23.612110137939453,0,0.99862802028656006,-0.00074599118670448661,-0.0010495515307411551,0,0,0,0,0,0
0,1535,120,21.201723098754883,-23.633218765258789,0,0.99847632646560669,-0.000192299485206604,-0.0021309989970177412,0,0,0,0,0,0
0,1791,140,21.198127746582031,-23.675926208496094,0,0.99829691648483276,2.6118927053175867e-05,-0.00020568646141327918,0,0,0,0,0,0
0,2047,160,21.198675155639648,-23.680044174194336,0,0.9981188178062439,-0.00023607526964042336,-0.00065755500691011548,0,0,0,0,0,0
0,2303,180,21.194023132324219,-23.693248748779297,0,0.99796926975250244,-0.00012928670912515372,-0.00073740252992138267,0,0,0,0,0,0
